bay,species,year,pred_total,obs_total,pred_mean,obs_mean,pred_median,obs_median,n,month
AP,Archosargus probatocephalus_A,2010.0,19.98988730796223,94.00000252499652,0.012071187987899898,0.05676328654891094,1.2462617178243818e-06,0.0,1656,
AP,Archosargus probatocephalus_A,2011.0,19.435977449395022,64.00000108238659,0.011736701358330328,0.03864734364878417,5.03265391671448e-06,0.0,1656,
AP,Archosargus probatocephalus_A,2012.0,13.10086563961977,101.00000123623045,0.007911150748562662,0.060990338910767175,1.6740585238039787e-06,0.0,1656,
AP,Archosargus probatocephalus_A,2013.0,21.614753428949314,125.00000165886097,0.013052387336322049,0.07548309278916725,3.189742983522592e-06,0.0,1656,
AP,Archosargus probatocephalus_A,2014.0,24.659775903846437,130.00000184732417,0.014891169024061858,0.07850241657447111,8.373316404686193e-07,0.0,1656,
AP,Archosargus probatocephalus_A,2015.0,33.48224867546636,112.00000209736238,0.020218749200160844,0.06763285150806907,5.779252023785375e-05,0.0,1656,
AP,Archosargus probatocephalus_A,2016.0,58.4953666279752,90.00000171108019,0.03532328902655507,0.054347827120217504,6.729248707415536e-05,0.0,1656,
AP,Archosargus probatocephalus_A,2017.0,31.237410103738064,70.00000088247062,0.01886317035249883,0.04227053193385907,3.581874261726625e-05,0.0,1656,
AP,Archosargus probatocephalus_A,2018.0,8.165173461417163,81.00000101437456,0.0049306603027881426,0.04891304409080589,2.91681442377012e-06,0.0,1656,
AP,Archosargus probatocephalus_A,2019.0,8.557336350434593,87.00000151203915,0.005167473641566783,0.05253623279712509,6.169205880723894e-05,0.0,1656,
AP,Archosargus probatocephalus_A,,4.032760586542119,53.000001715752845,0.002922290280102985,0.038405798344748436,7.114707614164217e-07,0.0,1380,1.0
AP,Archosargus probatocephalus_A,,1.7812179901395544,34.000000483595684,0.00129073767401417,0.024637681509851947,7.558682000308181e-07,0.0,1380,2.0
AP,Archosargus probatocephalus_A,,14.077258936836312,46.00000085203719,0.010200912273069792,0.03333333395075159,1.080063896097272e-06,0.0,1380,3.0
AP,Archosargus probatocephalus_A,,8.290256261618127,92.00000288758545,0.0060074320736363245,0.06666666875911989,1.4201381873135688e-05,0.0,1380,4.0
AP,Archosargus probatocephalus_A,,52.72367469112204,132.00000304259413,0.03820556137037829,0.09565217611782183,9.623266305425204e-05,0.0,1380,5.0
AP,Archosargus probatocephalus_A,,51.9394184742391,111.0000018010159,0.037637259763941375,0.08043478391377963,4.477053334994707e-05,0.0,1380,6.0
AP,Archosargus probatocephalus_A,,19.33552877750932,85.0000010653833,0.014011252737325595,0.06159420367056761,3.0711347790202126e-05,0.0,1380,7.0
AP,Archosargus probatocephalus_A,,13.210279788016543,85.0000005723619,0.009572666513055465,0.06159420331330572,1.9424865968176164e-05,0.0,1380,8.0
AP,Archosargus probatocephalus_A,,14.356169328282558,72.00000089770785,0.010403021252378665,0.05217391369399119,2.2167264432937372e-05,0.0,1380,9.0
AP,Archosargus probatocephalus_A,,26.694158296932034,92.99999992662396,0.019343592968791328,0.06739130429465504,5.154052087164018e-05,0.0,1380,10.0
AP,Archosargus probatocephalus_A,,19.625871291133596,94.00000148274924,0.014221645863140286,0.06811594310344148,4.874313844993594e-06,0.0,1380,11.0
AP,Archosargus probatocephalus_A,,12.672200526432853,57.000000839718126,0.009182754004661488,0.04130434843457835,3.596760848267877e-06,0.0,1380,12.0
AP,Archosargus probatocephalus_R,2010.0,6.189315748362018e-07,0.0,3.7375095098804457e-10,0.0,0.0,0.0,1656,
AP,Archosargus probatocephalus_R,2011.0,3.876106250414073e-07,0.0,2.3406438710229913e-10,0.0,3.475816509612706e-11,0.0,1656,
AP,Archosargus probatocephalus_R,2012.0,3.4512844087358544e-06,0.0,2.084108942473342e-09,0.0,1.1388512355381408e-09,0.0,1656,
AP,Archosargus probatocephalus_R,2013.0,4.6704967010701913e-07,0.0,2.820348249438521e-10,0.0,1.404952335026799e-10,0.0,1656,
AP,Archosargus probatocephalus_R,2014.0,3.343309085240148e-06,0.0,2.0189064524397027e-09,0.0,2.6136474928772913e-11,0.0,1656,
AP,Archosargus probatocephalus_R,2015.0,3.2238940190318113e-07,0.0,1.9467959052124463e-10,0.0,0.0,0.0,1656,
AP,Archosargus probatocephalus_R,2016.0,0.0008974918039582403,0.0,5.41963649733237e-07,0.0,8.625696157338325e-09,0.0,1656,
AP,Archosargus probatocephalus_R,2017.0,2.489643695208818e-08,0.0,1.5034080285077405e-11,0.0,4.355870048336485e-12,0.0,1656,
AP,Archosargus probatocephalus_R,2018.0,4.6923355707793545e-09,0.0,2.833535972692847e-12,0.0,1.5393239017702596e-14,0.0,1656,
AP,Archosargus probatocephalus_R,2019.0,1.6168637115441494e-05,0.0,9.763669755701386e-09,0.0,4.962439348332737e-10,0.0,1656,
AP,Archosargus probatocephalus_R,,2.8806655631083536e-06,0.0,2.087438813846633e-09,0.0,2.3514946934088954e-11,0.0,1380,1.0
AP,Archosargus probatocephalus_R,,1.5088732119478862e-06,0.0,1.0933863854694827e-09,0.0,6.542114723215309e-12,0.0,1380,2.0
AP,Archosargus probatocephalus_R,,1.5664696669465545e-06,0.0,1.1351229470627205e-09,0.0,1.1127483049572229e-11,0.0,1380,3.0
AP,Archosargus probatocephalus_R,,1.8549881689027858e-06,0.0,1.3441943252918738e-09,0.0,2.6239727404786528e-11,0.0,1380,4.0
AP,Archosargus probatocephalus_R,,1.8423935151365786e-06,0.0,1.3350677645917236e-09,0.0,3.625061362200199e-11,0.0,1380,5.0
AP,Archosargus probatocephalus_R,,5.868008533937327e-06,0.0,4.2521800970560345e-09,0.0,4.519708045325199e-11,0.0,1380,6.0
AP,Archosargus probatocephalus_R,,1.620339806966887e-05,0.0,1.1741592804107876e-08,0.0,2.0942287834446738e-11,0.0,1380,7.0
AP,Archosargus probatocephalus_R,,0.000534357226727959,0.0,3.872153816869268e-07,0.0,2.089624480394736e-11,0.0,1380,8.0
AP,Archosargus probatocephalus_R,,0.0003500254432712092,0.0,2.5364162555884725e-07,0.0,1.2871550179871516e-11,0.0,1380,9.0
AP,Archosargus probatocephalus_R,,2.1104517056692234e-06,0.0,1.5293128301950895e-09,0.0,1.1529048549174803e-11,0.0,1380,10.0
AP,Archosargus probatocephalus_R,,2.0979244526784785e-06,0.0,1.5202351106365786e-09,0.0,1.2381806951261565e-11,0.0,1380,11.0
AP,Archosargus probatocephalus_R,,1.964761724904377e-06,0.0,1.4237403803654905e-09,0.0,9.18617265588395e-12,0.0,1380,12.0
AP,Callinectes sapidus_R,2010.0,397.43417304905245,406.0000033090395,0.23999648130981427,0.24516908412381613,0.0017500272369943,0.0,1656,
AP,Callinectes sapidus_R,2011.0,256.44026142884843,529.0000043602366,0.1548552303314302,0.3194444470774376,0.00088795169722285,0.0,1656,
AP,Callinectes sapidus_R,2012.0,466.9297366854273,381.9999998229755,0.28196240138008893,0.2306763283955166,0.002271146280691,0.0,1656,
AP,Callinectes sapidus_R,2013.0,201.5811430331499,359.0000023092015,0.12172774337750598,0.2167874410079719,0.00058842872385865,0.0,1656,
AP,Callinectes sapidus_R,2014.0,252.49853114594038,524.0000025225588,0.15247495842146158,0.31642512229623115,0.0008098515681922,0.0,1656,
AP,Callinectes sapidus_R,2015.0,243.25414793535705,493.00000405655976,0.14689260141023977,0.2977053164592752,0.00191757269203655,0.0,1656,
AP,Callinectes sapidus_R,2016.0,222.0082461295988,452.0000054196367,0.13406295056135192,0.2729468631761091,0.00210138806141905,0.0,1656,
AP,Callinectes sapidus_R,2017.0,370.3349567294836,473.0000080198228,0.22363222024727272,0.2856280241665597,0.00239322427660225,0.0,1656,
AP,Callinectes sapidus_R,2018.0,243.3353468872388,472.0000073716667,0.14694163459374324,0.28502415904086154,0.00131939776474605,0.0,1656,
AP,Callinectes sapidus_R,2019.0,169.81198732425392,569.0000073221836,0.10254347060643353,0.34359903823803356,0.0021168591920286,0.0,1656,
AP,Callinectes sapidus_R,,409.0379939718887,550.0000054200832,0.29640434345789035,0.3985507285652777,0.02637460269033905,0.0,1380,1.0
AP,Callinectes sapidus_R,,316.5771483078056,540.0000077423721,0.22940373065783015,0.3913043534365015,0.015986385755240848,0.0,1380,2.0
AP,Callinectes sapidus_R,,189.32449936318835,439.0000029039253,0.13719166620520895,0.3181159441332792,0.0061019801069051,0.0,1380,3.0
AP,Callinectes sapidus_R,,37.48078447266886,254.0000030996136,0.027159988748310767,0.18405797326058956,0.0013319619465619,0.0,1380,4.0
AP,Callinectes sapidus_R,,66.22351834347691,123.00000119526074,0.047988056770635446,0.08913043564873967,9.902685997076333e-05,0.0,1380,5.0
AP,Callinectes sapidus_R,,81.3870384794471,254.00000338015644,0.058976114840179054,0.18405797346388147,5.192076423554681e-05,0.0,1380,6.0
AP,Callinectes sapidus_R,,247.0941843972026,359.0000002519315,0.17905375680956712,0.26014492771879094,9.89591317193117e-05,0.0,1380,7.0
AP,Callinectes sapidus_R,,292.8015214361758,347.0000047519158,0.21217501553346071,0.2514492788057361,0.0010158602381125001,0.0,1380,8.0
AP,Callinectes sapidus_R,,160.66206315394967,430.00000391256947,0.11642178489416644,0.31159420573374597,0.0025984172243624,0.0,1380,9.0
AP,Callinectes sapidus_R,,190.01864246959445,359.0000036877411,0.13769466845622785,0.26014493020850804,0.00051794058526865,0.0,1380,10.0
AP,Callinectes sapidus_R,,330.23674318894643,409.000007326033,0.23930198781807713,0.2963768169029225,0.001213114534039,0.0,1380,11.0
AP,Callinectes sapidus_R,,502.78439276400627,595.0000008422794,0.36433651649565674,0.4311594209002025,0.00456332042813295,0.0,1380,12.0
AP,Centropomus undecimalis_A,2010.0,0.004231785616872682,0.0,2.5554260971453397e-06,0.0,1.1813892442091857e-07,0.0,1656,
AP,Centropomus undecimalis_A,2011.0,0.00012079373800097197,0.0,7.29430785030024e-08,0.0,0.0,0.0,1656,
AP,Centropomus undecimalis_A,2012.0,0.00023722783626964057,0.0,1.432535243174158e-07,0.0,0.0,0.0,1656,
AP,Centropomus undecimalis_A,2013.0,0.0005924309656304809,0.0,3.577481676512566e-07,0.0,5.7758887450631846e-08,0.0,1656,
AP,Centropomus undecimalis_A,2014.0,0.002959554726975334,0.0,1.7871707288498395e-06,0.0,3.515359878747404e-07,0.0,1656,
AP,Centropomus undecimalis_A,2015.0,0.030720362051444385,0.0,1.8550943267780427e-05,0.0,1.932840287821591e-08,0.0,1656,
AP,Centropomus undecimalis_A,2016.0,0.007803504382694875,0.0,4.712261100661156e-06,0.0,5.832913929637584e-09,0.0,1656,
AP,Centropomus undecimalis_A,2017.0,0.051816057893819045,0.0,3.128989003249942e-05,0.0,8.025577535875072e-09,0.0,1656,
AP,Centropomus undecimalis_A,2018.0,0.031923084371761626,0.0,1.9277224862174896e-05,0.0,1.5991341939525228e-07,0.0,1656,
AP,Centropomus undecimalis_A,2019.0,0.009523900071544548,0.0,5.7511473861983984e-06,0.0,1.1836291502476117e-08,0.0,1656,
AP,Centropomus undecimalis_A,,0.0013359774957183964,0.0,9.680996345785481e-07,0.0,2.0761890873188804e-08,0.0,1380,1.0
AP,Centropomus undecimalis_A,,0.00253618673335466,0.0,1.8378164734454059e-06,0.0,1.7536453178479405e-08,0.0,1380,2.0
AP,Centropomus undecimalis_A,,0.002388090073780635,0.0,1.7305000534642283e-06,0.0,2.8061610812812887e-08,0.0,1380,3.0
AP,Centropomus undecimalis_A,,0.002369036111388098,0.0,1.7166928343392016e-06,0.0,3.17639887725818e-08,0.0,1380,4.0
AP,Centropomus undecimalis_A,,0.01934798129861768,0.0,1.4020276303346144e-05,0.0,3.819271832128379e-08,0.0,1380,5.0
AP,Centropomus undecimalis_A,,0.00687977383938479,0.0,4.985343361873036e-06,0.0,2.004771548769213e-08,0.0,1380,6.0
AP,Centropomus undecimalis_A,,0.03125940405202397,0.0,2.2651742066684038e-05,0.0,3.0880032753088926e-08,0.0,1380,7.0
AP,Centropomus undecimalis_A,,0.038314588813786785,0.0,2.7764194792599118e-05,0.0,2.0878617945641054e-08,0.0,1380,8.0
AP,Centropomus undecimalis_A,,0.007518232878113716,0.0,5.447994839212838e-06,0.0,2.199793058821342e-08,0.0,1380,9.0
AP,Centropomus undecimalis_A,,0.01717960263340093,0.0,1.2448987415507921e-05,0.0,3.2806319438805076e-08,0.0,1380,10.0
AP,Centropomus undecimalis_A,,0.001558355359550374,0.0,1.1292430141669378e-06,0.0,8.749483360048771e-09,0.0,1380,11.0
AP,Centropomus undecimalis_A,,0.009241472365893549,0.0,6.696719105719963e-06,0.0,1.0358010449351696e-08,0.0,1380,12.0
AP,Centropomus undecimalis_SA,2010.0,8.983445520864402e-07,0.0,5.424785942550968e-10,0.0,0.0,0.0,1656,
AP,Centropomus undecimalis_SA,2011.0,1.1680590359163093e-06,0.0,7.053496593697519e-10,0.0,4.564533646889135e-11,0.0,1656,
AP,Centropomus undecimalis_SA,2012.0,1.9385253396523126e-06,0.0,1.1706070891620245e-09,0.0,8.947407537096552e-10,0.0,1656,
AP,Centropomus undecimalis_SA,2013.0,7.183471067322527e-07,0.0,4.3378448474169853e-10,0.0,1.2782672142996887e-10,0.0,1656,
AP,Centropomus undecimalis_SA,2014.0,6.92018630395192e-07,0.0,4.1788564637390825e-10,0.0,1.3639345902705102e-10,0.0,1656,
AP,Centropomus undecimalis_SA,2015.0,1.0593252564269161e-06,0.0,6.396891645090073e-10,0.0,2.2994070189574778e-11,0.0,1656,
AP,Centropomus undecimalis_SA,2016.0,1.6815402448642996e-08,0.0,1.0154228531789249e-11,0.0,5.123200691806162e-12,0.0,1656,
AP,Centropomus undecimalis_SA,2017.0,6.360973844856309e-08,0.0,3.8411677807103315e-11,0.0,2.494067371247924e-13,0.0,1656,
AP,Centropomus undecimalis_SA,2018.0,5.818082558988608e-06,0.0,3.513334878616309e-09,0.0,3.517420382737057e-10,0.0,1656,
AP,Centropomus undecimalis_SA,2019.0,3.732271875632053e-06,0.0,2.253787364512109e-09,0.0,0.0,0.0,1656,
AP,Centropomus undecimalis_SA,,6.298488740741732e-07,0.0,4.564122275899806e-10,0.0,3.403698503601227e-11,0.0,1380,1.0
AP,Centropomus undecimalis_SA,,3.8741746510509776e-07,0.0,2.8073729355441864e-10,0.0,2.642831700011561e-11,0.0,1380,2.0
AP,Centropomus undecimalis_SA,,5.553478383752738e-07,0.0,4.0242596983715493e-10,0.0,2.3791068941292348e-11,0.0,1380,3.0
AP,Centropomus undecimalis_SA,,3.9896449227788775e-07,0.0,2.8910470454919405e-10,0.0,4.002814746328908e-11,0.0,1380,4.0
AP,Centropomus undecimalis_SA,,4.17277570494151e-07,0.0,3.023750510827181e-10,0.0,4.614847393114019e-11,0.0,1380,5.0
AP,Centropomus undecimalis_SA,,1.2035612232377415e-06,0.0,8.721458139403924e-10,0.0,3.6233223019155325e-11,0.0,1380,6.0
AP,Centropomus undecimalis_SA,,4.689300005354485e-06,0.0,3.3980434821409314e-09,0.0,1.7399808156792762e-11,0.0,1380,7.0
AP,Centropomus undecimalis_SA,,4.772359462959608e-06,0.0,3.4582314948982664e-09,0.0,3.8953378717065945e-11,0.0,1380,8.0
AP,Centropomus undecimalis_SA,,1.717705789346635e-06,0.0,1.2447143401062572e-09,0.0,2.0554908469749833e-11,0.0,1380,9.0
AP,Centropomus undecimalis_SA,,4.736615589451086e-07,0.0,3.432330137283396e-10,0.0,2.3808965216032263e-11,0.0,1380,10.0
AP,Centropomus undecimalis_SA,,3.97258968683004e-07,0.0,2.878688178862348e-10,0.0,2.7203793905028473e-11,0.0,1380,11.0
AP,Centropomus undecimalis_SA,,4.6269624787412516e-07,0.0,3.3528713614067043e-10,0.0,2.7056904459976657e-11,0.0,1380,12.0
AP,Cynoscion nebulosus_A,2010.0,38.783363297215686,167.00000627141154,0.023419905372714787,0.10084541441510358,1.4576233297702856e-05,0.0,1656,
AP,Cynoscion nebulosus_A,2011.0,27.759654989210574,115.00000304974444,0.016763076684305902,0.06944444628607756,2.29502427373518e-06,0.0,1656,
AP,Cynoscion nebulosus_A,2012.0,29.71221843069166,148.00000455648745,0.01794216088809883,0.08937198342783059,4.883851261183736e-06,0.0,1656,
AP,Cynoscion nebulosus_A,2013.0,35.7163253126253,77.00000085872364,0.02156782929506359,0.04649758505961572,4.0833638195181265e-06,0.0,1656,
AP,Cynoscion nebulosus_A,2014.0,15.82245987074677,99.00000245167513,0.009554625525813267,0.059782610176132324,1.5189907998092167e-07,0.0,1656,
AP,Cynoscion nebulosus_A,2015.0,10.169159551809805,44.00000023239265,0.006140796830803022,0.02657004844951247,3.851077110539336e-07,0.0,1656,
AP,Cynoscion nebulosus_A,2016.0,11.500394187136646,41.00000109343364,0.006944682480154979,0.024758454766566206,1.7326343026979885e-07,0.0,1656,
AP,Cynoscion nebulosus_A,2017.0,4.909178701773026,70.00000063363022,0.002964479892375016,0.04227053178359313,2.139751043017668e-08,0.0,1656,
AP,Cynoscion nebulosus_A,2018.0,12.629627252956492,101.00000332736538,0.00762658650540851,0.06099034017352982,1.3699616374651669e-07,0.0,1656,
AP,Cynoscion nebulosus_A,2019.0,4.957840860780741,110.00000330559064,0.0029938652540946503,0.06642512276907647,2.0478811393331853e-06,0.0,1656,
AP,Cynoscion nebulosus_A,,15.33021319698752,169.00000587105404,0.01110885014274458,0.12246377237032902,8.033102574245277e-07,0.0,1380,1.0
AP,Cynoscion nebulosus_A,,8.377810858164903,69.00000133094866,0.006070877433452828,0.05000000096445555,1.2122703196837392e-06,0.0,1380,2.0
AP,Cynoscion nebulosus_A,,5.794155120611297,42.000000847615084,0.004198663130877751,0.030434783222909483,2.5106453449552646e-07,0.0,1380,3.0
AP,Cynoscion nebulosus_A,,16.626310148335484,86.00000188914886,0.012048050832127163,0.062318841948658596,1.4233352203518734e-06,0.0,1380,4.0
AP,Cynoscion nebulosus_A,,5.588324873278761,23.000000746401312,0.004049510777738233,0.01666666720753718,2.716355282927907e-07,0.0,1380,5.0
AP,Cynoscion nebulosus_A,,9.681091974346153,57.0000013771544,0.00701528403938127,0.04130434882402492,6.331001145554183e-07,0.0,1380,6.0
AP,Cynoscion nebulosus_A,,10.64036990293918,68.00000169690875,0.007710412973144332,0.04927536354848461,1.8391637581771647e-06,0.0,1380,7.0
AP,Cynoscion nebulosus_A,,16.683413430714378,65.00000084965833,0.012089430022256795,0.04710144989105677,1.5310642993426882e-06,0.0,1380,8.0
AP,Cynoscion nebulosus_A,,16.274628461287904,74.00000067189798,0.011793209029918771,0.053623188892679696,4.043208036819124e-06,0.0,1380,9.0
AP,Cynoscion nebulosus_A,,39.70721194189136,117.00000346124159,0.028773341986877796,0.08478261120379825,4.305531319914735e-06,0.0,1380,10.0
AP,Cynoscion nebulosus_A,,18.730084110551065,85.00000203268785,0.013572524717790626,0.06159420437151293,3.616918604620878e-07,0.0,1380,11.0
AP,Cynoscion nebulosus_A,,28.526608435838696,117.00000500573785,0.02067145538828891,0.08478261232299844,1.0251998219246161e-06,0.0,1380,12.0
AP,Cynoscion nebulosus_R,2010.0,40.99810257926096,155.0000002948756,0.024757308320809756,0.0935990339944901,1.6913378431127057e-06,0.0,1656,
AP,Cynoscion nebulosus_R,2011.0,32.347769192662426,164.00000091677128,0.019533677048709196,0.09903381697872662,2.4205630388962618e-08,0.0,1656,
AP,Cynoscion nebulosus_R,2012.0,20.176488473662406,98.00000068259621,0.012183869851245414,0.059178744373548434,1.0582789755630985e-07,0.0,1656,
AP,Cynoscion nebulosus_R,2013.0,33.0711363999088,130.00000218605518,0.01997049299511401,0.07850241677901883,3.1408761225551474e-12,0.0,1656,
AP,Cynoscion nebulosus_R,2014.0,48.607016148331894,181.00000502225998,0.029352062891504768,0.10929951994097825,0.0,0.0,1656,
AP,Cynoscion nebulosus_R,2015.0,46.599917238712536,226.00000394298218,0.028140046641734622,0.1364734323327187,5.559356566209317e-07,0.0,1656,
AP,Cynoscion nebulosus_R,2016.0,42.654587992049585,169.0000020869326,0.025757601444474386,0.10205314135684336,2.3796579995405412e-07,0.0,1656,
AP,Cynoscion nebulosus_R,2017.0,76.52347745325321,95.00000194080059,0.04620982937998382,0.05736715093043514,8.236758120006017e-08,0.0,1656,
AP,Cynoscion nebulosus_R,2018.0,27.929322826389406,146.0000010813602,0.016865533107723072,0.08816425186072477,5.379661993654139e-11,0.0,1656,
AP,Cynoscion nebulosus_R,2019.0,14.48348963743717,200.00000388252727,0.008746068621640804,0.12077294920442468,3.7741569940408226e-06,0.0,1656,
AP,Cynoscion nebulosus_R,,0.0018184547349120621,3.000000011427926,1.317720822400045e-06,0.0021739130517593667,3.933820824641998e-09,0.0,1380,1.0
AP,Cynoscion nebulosus_R,,0.0012431857807266382,0.0,9.008592613961147e-07,0.0,5.073658715382123e-10,0.0,1380,2.0
AP,Cynoscion nebulosus_R,,0.0008535026992242825,0.0,6.184802168291902e-07,0.0,3.0084601476687563e-09,0.0,1380,3.0
AP,Cynoscion nebulosus_R,,0.0052520777417023505,1.0000000038093086,3.805853436016196e-06,0.0007246376839197888,3.157970240863506e-08,0.0,1380,4.0
AP,Cynoscion nebulosus_R,,0.21206357052684957,4.000000019046543,0.00015366925400496346,0.002898550738439524,3.7817891040958784e-08,0.0,1380,5.0
AP,Cynoscion nebulosus_R,,33.57988080532739,163.000000499905,0.02433324696038217,0.11811594239123552,1.435804108496086e-06,0.0,1380,6.0
AP,Cynoscion nebulosus_R,,43.19738647424856,239.00000534619213,0.031302453966846784,0.1731884096711537,3.1705614674137905e-05,0.0,1380,7.0
AP,Cynoscion nebulosus_R,,189.4849319408316,450.00000474800896,0.13730792169625478,0.32608695996232534,0.00330633402336385,0.0,1380,8.0
AP,Cynoscion nebulosus_R,,91.98250731496847,466.00000764799415,0.06665399080794816,0.3376811649623146,0.0005514728254638001,0.0,1380,9.0
AP,Cynoscion nebulosus_R,,23.130841947537046,199.00000388246363,0.016761479672128293,0.14420290136410407,2.0304651116020977e-05,0.0,1380,10.0
AP,Cynoscion nebulosus_R,,1.778868303601576,37.999999874504155,0.0012890350026098377,0.027536231793118954,3.791061544689001e-07,0.0,1380,11.0
AP,Cynoscion nebulosus_R,,0.015660363670315654,1.0000000038093086,1.1348089616170764e-05,0.0007246376839197888,3.574879947620957e-08,0.0,1380,12.0
AP,Lutjanus griseus_R,2010.0,0.7397800376549696,46.00000199159799,0.00044672707587860484,0.02777777898043357,4.095964817318886e-10,0.0,1656,
AP,Lutjanus griseus_R,2011.0,17.271546337664695,37.000001443774764,0.010429677740135685,0.02234299604092679,2.145575606071759e-09,0.0,1656,
AP,Lutjanus griseus_R,2012.0,5.746773253679658,43.000000590281154,0.0034702737039128367,0.025966183931329198,7.119314903228369e-12,0.0,1656,
AP,Lutjanus griseus_R,2013.0,13.815903649511304,19.000000287530064,0.00834293698641987,0.011473430125320087,0.0,0.0,1656,
AP,Lutjanus griseus_R,2014.0,8.552147246030465,63.00000135025732,0.005164340124414532,0.038043479076242344,0.0,0.0,1656,
AP,Lutjanus griseus_R,2015.0,10.824126468406696,20.000000823312565,0.006536308253868778,0.012077295183159762,1.0641550834966651e-10,0.0,1656,
AP,Lutjanus griseus_R,2016.0,7.271058579521213,32.999999999680625,0.0043907358571988,0.0199275362316912,0.0,0.0,1656,
AP,Lutjanus griseus_R,2017.0,3.6811223924579926,16.00000026699581,0.0022228999954456478,0.009661835910021623,2.513159927559905e-12,0.0,1656,
AP,Lutjanus griseus_R,2018.0,1.1239854104024931,7.000000082358115,0.000678735151209235,0.004227053189829779,0.0,0.0,1656,
AP,Lutjanus griseus_R,2019.0,0.3743343519238945,40.99999996041717,0.00022604731396370443,0.024758454082377517,1.710044432445823e-11,0.0,1656,
AP,Lutjanus griseus_R,,4.375261526337627e-05,0.0,3.1704793669113235e-08,0.0,0.0,0.0,1380,1.0
AP,Lutjanus griseus_R,,5.113253167860265e-06,0.0,3.7052559187393227e-09,0.0,0.0,0.0,1380,2.0
AP,Lutjanus griseus_R,,1.9198913423453008e-06,0.0,1.3912256103951455e-09,0.0,0.0,0.0,1380,3.0
AP,Lutjanus griseus_R,,0.0001782355133281719,0.0,1.2915616907838543e-07,0.0,5.126236451112858e-14,0.0,1380,4.0
AP,Lutjanus griseus_R,,7.344796116784484e-05,0.0,5.322316026655423e-08,0.0,3.3401872889828846e-15,0.0,1380,5.0
AP,Lutjanus griseus_R,,0.00029530957910540285,0.0,2.139924486271035e-07,0.0,9.119080002836094e-13,0.0,1380,6.0
AP,Lutjanus griseus_R,,1.700725837862009,15.000000196065617,0.0012324100274362384,0.010869565359467839,3.121966227204176e-11,0.0,1380,7.0
AP,Lutjanus griseus_R,,37.76681047336513,114.00000400662358,0.02736725396620662,0.08260869855552434,1.3846732827005326e-07,0.0,1380,8.0
AP,Lutjanus griseus_R,,25.673406713985976,142.00000172011104,0.01860391790868549,0.10289855197109496,3.66129793150094e-08,0.0,1380,9.0
AP,Lutjanus griseus_R,,4.195725823111823,46.00000084293086,0.003040381031240451,0.0333333339441528,1.832454799011174e-09,0.0,1380,10.0
AP,Lutjanus griseus_R,,0.06005994500084823,8.00000003047447,4.352169927597698e-05,0.005797101471358311,3.0644280515912392e-12,0.0,1380,11.0
AP,Lutjanus griseus_R,,0.0034511551142205597,0.0,2.5008370392902605e-06,0.0,0.0,0.0,1380,12.0
AP,Lutjanus griseus_SA,2010.0,7.27232871678584e-06,0.0,4.391502848300628e-09,0.0,0.0,0.0,1656,
AP,Lutjanus griseus_SA,2011.0,0.0007061368657916066,0.0,4.2641115084034214e-07,0.0,4.085707239198655e-08,0.0,1656,
AP,Lutjanus griseus_SA,2012.0,5.2649422350831085e-06,0.0,3.179312943890766e-09,0.0,3.6618212628791724e-10,0.0,1656,
AP,Lutjanus griseus_SA,2013.0,0.00021952423236354626,0.0,1.3256294224851827e-07,0.0,1.7125830267805675e-11,0.0,1656,
AP,Lutjanus griseus_SA,2014.0,0.00017245783690264033,0.0,1.0414120585908233e-07,0.0,0.0,0.0,1656,
AP,Lutjanus griseus_SA,2015.0,8.04531924958832e-06,0.0,4.85828457100744e-09,0.0,5.66801161561159e-10,0.0,1656,
AP,Lutjanus griseus_SA,2016.0,0.0012778427758812923,0.0,7.716441883341137e-07,0.0,2.7197410545909406e-08,0.0,1656,
AP,Lutjanus griseus_SA,2017.0,3.0337759561376544e-06,0.0,1.8319903116773276e-09,0.0,6.907690348542661e-12,0.0,1656,
AP,Lutjanus griseus_SA,2018.0,7.475133846635007e-05,0.0,4.5139697141515745e-08,0.0,9.495205954834773e-09,0.0,1656,
AP,Lutjanus griseus_SA,2019.0,0.0003546356664762489,0.0,2.1415197250981217e-07,0.0,1.3823657329936623e-08,0.0,1656,
AP,Lutjanus griseus_SA,,3.341243080527973e-05,0.0,2.4211906380637487e-08,0.0,4.6319310886833155e-10,0.0,1380,1.0
AP,Lutjanus griseus_SA,,0.00013676286667056408,0.0,9.910352657287252e-08,0.0,1.2143024780142397e-10,0.0,1380,2.0
AP,Lutjanus griseus_SA,,5.806262542124537e-05,0.0,4.207436624727925e-08,0.0,1.70155126100191e-10,0.0,1380,3.0
AP,Lutjanus griseus_SA,,3.3633082435611785e-05,0.0,2.437179886638535e-08,0.0,8.013795183003936e-10,0.0,1380,4.0
AP,Lutjanus griseus_SA,,4.7053317268100014e-05,0.0,3.4096606716014504e-08,0.0,2.9562302605867785e-10,0.0,1380,5.0
AP,Lutjanus griseus_SA,,0.00022939688478433638,0.0,1.6622962665531622e-07,0.0,1.9820818319971067e-09,0.0,1380,6.0
AP,Lutjanus griseus_SA,,0.00015550022380133934,0.0,1.1268132159517343e-07,0.0,1.5802475439308239e-09,0.0,1380,7.0
AP,Lutjanus griseus_SA,,0.0008358279593672194,0.0,6.05672434324072e-07,0.0,2.769073637054475e-09,0.0,1380,8.0
AP,Lutjanus griseus_SA,,0.0008903745559613154,0.0,6.45198953595156e-07,0.0,1.555244766304753e-09,0.0,1380,9.0
AP,Lutjanus griseus_SA,,0.00032913254269502937,0.0,2.3850184253262997e-07,0.0,1.0336230205076902e-09,0.0,1380,10.0
AP,Lutjanus griseus_SA,,3.4690025871075676e-05,0.0,2.5137699906576577e-08,0.0,6.014038156365586e-10,0.0,1380,11.0
AP,Lutjanus griseus_SA,,4.511856695816261e-05,0.0,3.269461373779899e-08,0.0,5.648118917012113e-10,0.0,1380,12.0
AP,Mycteroperca microlepis_SA,2010.0,1.1438210894173318e-05,0.0,6.9071321824718106e-09,0.0,2.1645067682651842e-10,0.0,1656,
AP,Mycteroperca microlepis_SA,2011.0,1.244203940514808e-05,0.0,7.513308819533865e-09,0.0,0.0,0.0,1656,
AP,Mycteroperca microlepis_SA,2012.0,1.042006971425827e-07,0.0,6.292312629383014e-11,0.0,2.0228195407221393e-14,0.0,1656,
AP,Mycteroperca microlepis_SA,2013.0,2.599855914982367e-07,0.0,1.5699613013178546e-10,0.0,8.186912519442258e-13,0.0,1656,
AP,Mycteroperca microlepis_SA,2014.0,1.0622595931008501e-07,0.0,6.414611069449577e-11,0.0,6.562423401999112e-13,0.0,1656,
AP,Mycteroperca microlepis_SA,2015.0,5.238741730279051e-07,0.0,3.16349138301875e-10,0.0,1.989545195257847e-10,0.0,1656,
AP,Mycteroperca microlepis_SA,2016.0,0.00016654673470249757,0.0,1.0057169969957583e-07,0.0,0.0,0.0,1656,
AP,Mycteroperca microlepis_SA,2017.0,3.1246056893310884e-10,0.0,1.8868391843786766e-13,0.0,0.0,0.0,1656,
AP,Mycteroperca microlepis_SA,2018.0,6.157180610413166e-10,0.0,3.718104233341284e-13,0.0,0.0,0.0,1656,
AP,Mycteroperca microlepis_SA,2019.0,1.9983918237132084e-09,0.0,1.2067583476529035e-12,0.0,0.0,0.0,1656,
AP,Mycteroperca microlepis_SA,,1.902649454787336e-07,0.0,1.3787314889763305e-10,0.0,0.0,0.0,1380,1.0
AP,Mycteroperca microlepis_SA,,4.334907449143578e-07,0.0,3.1412372819881e-10,0.0,0.0,0.0,1380,2.0
AP,Mycteroperca microlepis_SA,,7.766482634791525e-07,0.0,5.627885967240236e-10,0.0,0.0,0.0,1380,3.0
AP,Mycteroperca microlepis_SA,,5.149968630493152e-07,0.0,3.731861326444313e-10,0.0,0.0,0.0,1380,4.0
AP,Mycteroperca microlepis_SA,,3.0049966737174564e-07,0.0,2.1775338215343887e-10,0.0,0.0,0.0,1380,5.0
AP,Mycteroperca microlepis_SA,,6.294432672658142e-05,0.0,4.561183096129088e-08,0.0,0.0,0.0,1380,6.0
AP,Mycteroperca microlepis_SA,,8.117727397461941e-05,0.0,5.882411157581117e-08,0.0,0.0,0.0,1380,7.0
AP,Mycteroperca microlepis_SA,,2.2111432611452695e-06,0.0,1.6022777254675867e-09,0.0,0.0,0.0,1380,8.0
AP,Mycteroperca microlepis_SA,,2.510064970292516e-05,0.0,1.818887659632258e-08,0.0,0.0,0.0,1380,9.0
AP,Mycteroperca microlepis_SA,,1.4344321912728194e-05,0.0,1.0394436168643618e-08,0.0,0.0,0.0,1380,10.0
AP,Mycteroperca microlepis_SA,,2.8352021823991842e-06,0.0,2.0544943350718725e-09,0.0,0.0,0.0,1380,11.0
AP,Mycteroperca microlepis_SA,,5.953797485595388e-07,0.0,4.314346004054629e-10,0.0,0.0,0.0,1380,12.0
AP,Sciaenops ocellatus_R,2010.0,7.354496739283932e-05,0.0,4.4411212193743555e-08,0.0,0.0,0.0,1656,
AP,Sciaenops ocellatus_R,2011.0,3.059022775047365e-06,0.0,1.8472359752701478e-09,0.0,0.0,0.0,1656,
AP,Sciaenops ocellatus_R,2012.0,0.000116823078059274,0.0,7.054533699231522e-08,0.0,0.0,0.0,1656,
AP,Sciaenops ocellatus_R,2013.0,7.44944747462991e-08,0.0,4.4984586199455974e-11,0.0,2.1930993533789828e-13,0.0,1656,
AP,Sciaenops ocellatus_R,2014.0,0.00021580140720606715,0.0,1.303148594239536e-07,0.0,8.535721018887443e-09,0.0,1656,
AP,Sciaenops ocellatus_R,2015.0,0.0009673081104804742,0.0,5.841232551210593e-07,0.0,6.650872214075676e-11,0.0,1656,
AP,Sciaenops ocellatus_R,2016.0,6.267636808226715e-06,0.0,3.7848048358856976e-09,0.0,2.6540180053657987e-09,0.0,1656,
AP,Sciaenops ocellatus_R,2017.0,0.00010846822112787777,0.0,6.550013353132716e-08,0.0,1.603797650240324e-09,0.0,1656,
AP,Sciaenops ocellatus_R,2018.0,7.950267243081615e-08,0.0,4.800886016353632e-11,0.0,0.0,0.0,1656,
AP,Sciaenops ocellatus_R,2019.0,0.00013386470475880842,0.0,8.083617437126112e-08,0.0,6.500606442028101e-10,0.0,1656,
AP,Sciaenops ocellatus_R,,0.000542417810088284,0.0,3.930563841219449e-07,0.0,3.6363498323588317e-10,0.0,1380,1.0
AP,Sciaenops ocellatus_R,,1.3323561873216361e-05,0.0,9.654754980591566e-09,0.0,2.8990180048205083e-11,0.0,1380,2.0
AP,Sciaenops ocellatus_R,,6.2219652386411745e-06,0.0,4.50867046278346e-09,0.0,2.5179264055708028e-11,0.0,1380,3.0
AP,Sciaenops ocellatus_R,,2.5988059267742403e-06,0.0,1.8831927005610435e-09,0.0,7.38785985512913e-12,0.0,1380,4.0
AP,Sciaenops ocellatus_R,,2.063078896157156e-05,0.0,1.494984707360258e-08,0.0,1.7455997584903127e-11,0.0,1380,5.0
AP,Sciaenops ocellatus_R,,5.2600675146774065e-06,0.0,3.811643126577831e-09,0.0,1.0957311447068463e-11,0.0,1380,6.0
AP,Sciaenops ocellatus_R,,0.00011290946744447443,0.0,8.1818454669909e-08,0.0,4.697386403462733e-11,0.0,1380,7.0
AP,Sciaenops ocellatus_R,,2.910591304894089e-05,0.0,2.109124133981224e-08,0.0,3.6208131978798797e-11,0.0,1380,8.0
AP,Sciaenops ocellatus_R,,8.579726473608433e-06,0.0,6.217193096817705e-09,0.0,5.084301382685119e-11,0.0,1380,9.0
AP,Sciaenops ocellatus_R,,2.24313941041277e-05,0.0,1.6254633408788186e-08,0.0,1.2796438908502236e-10,0.0,1380,10.0
AP,Sciaenops ocellatus_R,,0.0001519527858389664,0.0,1.101107143760626e-07,0.0,1.1228076454705692e-10,0.0,1380,11.0
AP,Sciaenops ocellatus_R,,0.0007098588592425095,0.0,5.143904777119634e-07,0.0,1.0969975622332484e-10,0.0,1380,12.0
AP,Sciaenops ocellatus_SA,2010.0,72.06098211407374,257.00000727718026,0.04351508581767738,0.15519324110940838,0.00050010395352725,0.0,1656,
AP,Sciaenops ocellatus_SA,2011.0,111.54066503301644,229.0000060200241,0.06735547405375389,0.13828502778986962,0.00047233220539055,0.0,1656,
AP,Sciaenops ocellatus_SA,2012.0,86.89471133018365,318.00000737577307,0.052472651769434574,0.19202898996121562,0.00042841907998075,0.0,1656,
AP,Sciaenops ocellatus_SA,2013.0,92.21059643709769,327.0000101613809,0.055682727317087975,0.1974637742520416,0.0006078334408811501,0.0,1656,
AP,Sciaenops ocellatus_SA,2014.0,87.25765311630337,289.00000724582003,0.05269181951467595,0.17451691258805557,0.0004347439971752,0.0,1656,
AP,Sciaenops ocellatus_SA,2015.0,69.82240695610552,215.00000369041177,0.0421632892247014,0.12983092010290567,0.0014436307828873001,0.0,1656,
AP,Sciaenops ocellatus_SA,2016.0,93.58619421993454,250.0000047746967,0.056513402306723755,0.1509661864581502,0.00114946695975955,0.0,1656,
AP,Sciaenops ocellatus_SA,2017.0,99.21653153493926,197.00000550518268,0.05991336445346574,0.11896135598139052,0.0004691250069299,0.0,1656,
AP,Sciaenops ocellatus_SA,2018.0,43.983359649728826,295.00000855638865,0.02655999978848359,0.17814010178525885,0.00030759541550645,0.0,1656,
AP,Sciaenops ocellatus_SA,2019.0,50.583293719349804,369.00001217050743,0.030545467221829593,0.22282609430586198,0.0017648881184867998,0.0,1656,
AP,Sciaenops ocellatus_SA,,53.500158585722204,248.0000086678467,0.03876823085921899,0.17971015120858458,9.641030555940235e-05,0.0,1380,1.0
AP,Sciaenops ocellatus_SA,,42.05908341945414,212.00000686836518,0.030477596680763868,0.1536231933828733,6.903957910253666e-05,0.0,1380,2.0
AP,Sciaenops ocellatus_SA,,54.7938671274068,280.00000991114973,0.039705700816961446,0.20289855790663025,0.00038487081474155,0.0,1380,3.0
AP,Sciaenops ocellatus_SA,,54.9340847049149,266.00000971131715,0.03980730775718471,0.19275363022559214,0.0014312632847577,0.0,1380,4.0
AP,Sciaenops ocellatus_SA,,70.32701814376392,298.0000101727875,0.050961607350553564,0.2159420363570924,0.0009071647655218499,0.0,1380,5.0
AP,Sciaenops ocellatus_SA,,48.18259830001597,186.0000038362,0.0349149263043594,0.13478261147550724,0.0003579665935831,0.0,1380,6.0
AP,Sciaenops ocellatus_SA,,61.54898646623953,155.00000192510686,0.04460071483060836,0.11231884197471512,0.0006720971432514001,0.0,1380,7.0
AP,Sciaenops ocellatus_SA,,30.099364629666354,179.00000181559818,0.021811133789613302,0.12971014624318708,0.0007778828148729501,0.0,1380,8.0
AP,Sciaenops ocellatus_SA,,57.37079669498857,222.0000039748066,0.04157304108332505,0.16086956809768593,0.0016832943074405,0.0,1380,9.0
AP,Sciaenops ocellatus_SA,,176.2846680246198,246.00000515351138,0.1277425130613187,0.17826087329964593,0.0025333276716992,0.0,1380,10.0
AP,Sciaenops ocellatus_SA,,101.57751513379566,256.0000057438399,0.07360689502448961,0.1855072505390144,0.0012671168078668,0.0,1380,11.0
AP,Sciaenops ocellatus_SA,,56.478252880144986,198.0000049968366,0.040926270203003615,0.1434782644904613,0.0018323418335057001,0.0,1380,12.0
CH,Archosargus probatocephalus_A,2010.0,75.1328831670929,397.00000759100476,0.035174570771110907,0.18586142677481496,1.0115577424585354e-05,0.0,2136,
CH,Archosargus probatocephalus_A,2011.0,91.50926148799273,232.00000494088414,0.042841414554303715,0.10861423452288584,8.322393478010781e-05,0.0,2136,
CH,Archosargus probatocephalus_A,2012.0,55.88563582094862,221.00000308664016,0.026017521331912766,0.10288640739601497,5.113993211125489e-05,0.0,2148,
CH,Archosargus probatocephalus_A,2013.0,123.41569260093065,366.0000008614646,0.05745609525182992,0.17039106185356825,0.0001858389587141,0.0,2148,
CH,Archosargus probatocephalus_A,2014.0,59.182991744718,271.00000594508936,0.02755260323310894,0.12616387613830976,1.2172328297310742e-05,0.0,2148,
CH,Archosargus probatocephalus_A,2015.0,84.6982078914358,342.00000753635936,0.03943119548018426,0.15921788060351927,0.00014970495249135002,0.0,2148,
CH,Archosargus probatocephalus_A,2016.0,147.61066686902012,486.0000114884904,0.0668526570964765,0.22010870085529455,0.0001409781398251,0.0,2208,
CH,Archosargus probatocephalus_A,2017.0,116.48900327769942,454.0000108624407,0.052757700759827636,0.20561594694856916,3.341839874337893e-05,0.0,2208,
CH,Archosargus probatocephalus_A,2018.0,57.29984299698103,487.0000153517446,0.02595101585008199,0.22056160115568144,6.471917913586367e-06,0.0,2208,
CH,Archosargus probatocephalus_A,2019.0,47.05028848305683,305.0000078050052,0.02130900746515255,0.13813406150589005,0.00016757784032955,0.0,2208,
CH,Archosargus probatocephalus_A,,47.26271997314499,343.0000087802282,0.02614088494089878,0.18971239423685188,7.90311105447472e-06,0.0,1808,1.0
CH,Archosargus probatocephalus_A,,190.03579533759267,434.00000789523153,0.10510829388141188,0.24004425215444222,1.0998347079294035e-05,0.0,1808,2.0
CH,Archosargus probatocephalus_A,,71.96789628999818,233.00000505142182,0.039805252372786606,0.1288716842098572,1.6962602785497438e-05,0.0,1808,3.0
CH,Archosargus probatocephalus_A,,48.99020715674957,287.00000816462205,0.02709635351590131,0.15873894256892812,1.112718155127368e-05,0.0,1808,4.0
CH,Archosargus probatocephalus_A,,46.86353472667038,279.00000789190506,0.02592009664085751,0.15431416365702713,0.0001271279834327,0.0,1808,5.0
CH,Archosargus probatocephalus_A,,32.68884135838835,202.00000405628816,0.018080111370790016,0.11172566596033637,3.602882134146057e-05,0.0,1808,6.0
CH,Archosargus probatocephalus_A,,75.18071152468944,205.0000051603223,0.04158225194949637,0.11338495860637296,0.00012101039828845,0.0,1808,7.0
CH,Archosargus probatocephalus_A,,35.28611867724391,245.0000053499938,0.019516658560422517,0.1355088525165895,6.455576294683851e-05,0.0,1808,8.0
CH,Archosargus probatocephalus_A,,47.14231142308222,342.0000026146325,0.026074287291527776,0.1891592934815445,0.000199172682187,0.0,1808,9.0
CH,Archosargus probatocephalus_A,,92.43967141351351,375.00000497312635,0.05112813684375747,0.20741150717540174,0.00023898283689045,0.0,1808,10.0
CH,Archosargus probatocephalus_A,,75.21000872337825,321.00000831104944,0.04159845615231098,0.17754425238443,0.0002180088195018,0.0,1808,11.0
CH,Archosargus probatocephalus_A,,95.20665773542467,295.00000722030194,0.05265854963242515,0.16316372080768912,4.119261029700283e-05,0.0,1808,12.0
CH,Archosargus probatocephalus_R,2010.0,17.96903737105047,7.000000078548807,0.008412470679330744,0.0032771535948262205,0.0,0.0,2136,
CH,Archosargus probatocephalus_R,2011.0,7.981825666243248,41.25000085649857,0.003736809768840472,0.019311798153791467,9.555579660869284e-10,0.0,2136,
CH,Archosargus probatocephalus_R,2012.0,0.9521064050021726,44.25000104583671,0.00044325251629523865,0.020600559146106475,1.7672266428014891e-09,0.0,2148,
CH,Archosargus probatocephalus_R,2013.0,8.328092114821573,78.50000269183327,0.003877137856062185,0.03654562508930786,7.397767398664712e-10,0.0,2148,
CH,Archosargus probatocephalus_R,2014.0,16.01900697802946,150.75000345668167,0.007457638257928054,0.07018156585506595,2.5819227311707493e-10,0.0,2148,
CH,Archosargus probatocephalus_R,2015.0,19.898729935072236,11.00000009378604,0.009263840751895827,0.005121042874202067,2.2630513999213897e-12,0.0,2148,
CH,Archosargus probatocephalus_R,2016.0,11.32041574630779,123.50000253501824,0.005126999885103165,0.05593297216259884,1.1792890219908259e-08,0.0,2208,
CH,Archosargus probatocephalus_R,2017.0,8.556682139046206,66.50000140346133,0.0038753089397854192,0.030117754258814005,3.9408870264323603e-11,0.0,2208,
CH,Archosargus probatocephalus_R,2018.0,7.767278714279705,44.00000088719589,0.0035177892727716055,0.01992753663369379,3.272388870295684e-13,0.0,2208,
CH,Archosargus probatocephalus_R,2019.0,2.033867824637447,4.00000006712088,0.0009211357901437713,0.0018115942332975002,2.1015931217505113e-08,0.0,2208,
CH,Archosargus probatocephalus_R,,0.01837480019471649,1.0000000038093086,1.0163053205042306e-05,0.0005530973472396618,1.44748560360064e-10,0.0,1808,1.0
CH,Archosargus probatocephalus_R,,0.00016522063685726074,0.0,9.1383095606892e-08,0.0,1.619923084561492e-10,0.0,1808,2.0
CH,Archosargus probatocephalus_R,,0.3253700692856929,7.000000026665161,0.00017996132150757351,0.003871681430677633,3.280449245579575e-10,0.0,1808,3.0
CH,Archosargus probatocephalus_R,,5.631771601732911,43.250001138176074,0.003114917921312451,0.023921460806513316,7.250867906094527e-09,0.0,1808,4.0
CH,Archosargus probatocephalus_R,,35.27980164226142,184.50000565875663,0.01951316462514459,0.10204646330683442,4.722794074041303e-05,0.0,1808,5.0
CH,Archosargus probatocephalus_R,,41.743052838291,204.75000388833644,0.02308797170259458,0.11324668356655776,1.036580670188414e-05,0.0,1808,6.0
CH,Archosargus probatocephalus_R,,17.25490467859327,103.25000168007972,0.00954364196824849,0.057107301814203384,1.4099927447830396e-08,0.0,1808,7.0
CH,Archosargus probatocephalus_R,,0.5053872676369708,22.00000064922788,0.0002795283559938998,0.01216814195200657,6.861008705616456e-10,0.0,1808,8.0
CH,Archosargus probatocephalus_R,,0.0677006480872202,5.00000007093019,3.744504872080763e-05,0.0027654867648950164,2.2725966247749696e-10,0.0,1808,9.0
CH,Archosargus probatocephalus_R,,0.00010267193303239673,0.0,5.6787573579865446e-08,0.0,1.0982813269944101e-10,0.0,1808,10.0
CH,Archosargus probatocephalus_R,,0.0003568346775580669,0.0,1.973643128086653e-07,0.0,8.985626825941395e-11,0.0,1808,11.0
CH,Archosargus probatocephalus_R,,5.462115965788936e-05,0.0,3.021081839485031e-08,0.0,1.0448916384908635e-10,0.0,1808,12.0
CH,Callinectes sapidus_R,2010.0,14.803247021029435,192.00000210663836,0.006930359092242245,0.08988764143569211,3.8640982893412e-05,0.0,2136,
CH,Callinectes sapidus_R,2011.0,9.670579483528375,326.0000012871853,0.0045274248518391265,0.15262172344905678,4.614378440237488e-06,0.0,2136,
CH,Callinectes sapidus_R,2012.0,50.92599414077905,161.0000036357034,0.023708563380250958,0.07495344675777625,1.0622818990668748e-05,0.0,2148,
CH,Callinectes sapidus_R,2013.0,59.557306347878,290.00000104413573,0.027726865152643387,0.13500931147306133,5.4571041800954845e-06,0.0,2148,
CH,Callinectes sapidus_R,2014.0,71.2819951528994,224.00000114733803,0.03318528638403138,0.10428305453786686,8.824068117974093e-06,0.0,2148,
CH,Callinectes sapidus_R,2015.0,42.75506481469043,201.0000032429423,0.019904592558049546,0.09357542050416309,1.0001806003856473e-05,0.0,2148,
CH,Callinectes sapidus_R,2016.0,74.88401290859912,335.00000465448824,0.0339148609187496,0.1517210166007646,0.0001336033965344,0.0,2208,
CH,Callinectes sapidus_R,2017.0,64.71603381360111,542.0000047287022,0.02930979792282659,0.24547101663437598,0.00025682515115475,0.0,2208,
CH,Callinectes sapidus_R,2018.0,100.56502153466141,635.0000031387447,0.045545752506640134,0.28759058113167785,0.00012037452324870001,0.0,2208,
CH,Callinectes sapidus_R,2019.0,108.36366617155645,414.0000037740058,0.04907774736030636,0.18750000170924175,0.00164808385306965,0.0,2208,
CH,Callinectes sapidus_R,,164.2903185330154,650.0000030979236,0.09086853901162356,0.3595132760497365,0.0029341165209188502,0.0,1808,1.0
CH,Callinectes sapidus_R,,83.57422407818196,390.00000276657397,0.046224681459171434,0.21570796613195464,0.00215974345337595,0.0,1808,2.0
CH,Callinectes sapidus_R,,93.99028703834324,475.00000194196895,0.05198577822917214,0.26272124001215097,0.00098179717315355,0.0,1808,3.0
CH,Callinectes sapidus_R,,14.727412251003683,213.0000010941,0.008145692616705577,0.11780973511841815,9.22089493542444e-05,0.0,1808,4.0
CH,Callinectes sapidus_R,,1.6626821032005727,83.00000104951705,0.0009196250570799628,0.04590708022650279,1.1215223366889404e-05,0.0,1808,5.0
CH,Callinectes sapidus_R,,0.8351789195330745,28.000000262311584,0.00046193524310457663,0.015486725808800655,4.6422978812188376e-06,0.0,1808,6.0
CH,Callinectes sapidus_R,,0.7887169704297309,43.00000038657209,0.0004362372624058246,0.023783186054519963,2.6093523501913296e-06,0.0,1808,7.0
CH,Callinectes sapidus_R,,0.9315019760070049,65.00000067728244,0.0005152112699153788,0.03595132780823144,2.8890773364764755e-06,0.0,1808,8.0
CH,Callinectes sapidus_R,,3.7925482707954603,114.00000140879499,0.0020976483798647457,0.0630530981243335,8.28734528113273e-06,0.0,1808,9.0
CH,Callinectes sapidus_R,,9.629094772892902,208.0000015002191,0.00532582675491864,0.11504424861737782,2.8139481401012745e-05,0.0,1808,10.0
CH,Callinectes sapidus_R,,85.42378620206411,525.0000086465009,0.04724766935954873,0.29037611097704696,0.000397109935875,0.0,1808,11.0
CH,Callinectes sapidus_R,,137.87717027375567,526.0000059281192,0.07625949683282947,0.29092920681865,0.0011753641883842,0.0,1808,12.0
CH,Centropomus undecimalis_A,2010.0,75.2083067333872,112.0000034896157,0.035209881429488395,0.052434458562554166,0.00035716811544255,0.0,2136,
CH,Centropomus undecimalis_A,2011.0,52.35257314045796,357.0000065850148,0.02450963162006459,0.16713483454354625,2.231913367722882e-05,0.0,2136,
CH,Centropomus undecimalis_A,2012.0,46.412764821002284,555.0000047712294,0.021607432412012236,0.2583798904893992,4.8065614464576356e-05,0.0,2148,
CH,Centropomus undecimalis_A,2013.0,84.72333361613211,635.0000008188632,0.039442892744940464,0.2956238365078507,0.000169423277839,0.0,2148,
CH,Centropomus undecimalis_A,2014.0,173.03840489455825,596.0000050639285,0.08055791661757833,0.27746741390313245,0.00024216974270524998,0.0,2148,
CH,Centropomus undecimalis_A,2015.0,243.64005911324372,704.0000074473389,0.1134264707231116,0.32774674462166614,0.0007069893763400001,0.0,2148,
CH,Centropomus undecimalis_A,2016.0,199.1917825931082,795.9999804704944,0.09021366965267581,0.3605072375319268,0.00158481521066275,0.0,2208,
CH,Centropomus undecimalis_A,2017.0,244.78892051098,1001.9999787225901,0.11086454733287138,0.4538043381895788,0.0004806825018022,0.0,2208,
CH,Centropomus undecimalis_A,2018.0,161.9240838912487,777.00000551513,0.07333518292176118,0.3519021764108379,0.00019968862034145,0.0,2208,
CH,Centropomus undecimalis_A,2019.0,71.12943155891548,764.9999965070847,0.03221441646690013,0.34646738972241153,0.0002218204244854,0.0,2208,
CH,Centropomus undecimalis_A,,25.852004054190694,264.00000261394007,0.01429867480873379,0.14601770056080757,8.018879725568695e-06,0.0,1808,1.0
CH,Centropomus undecimalis_A,,66.32410646312914,454.99998608675423,0.03668368720305815,0.25165928434001894,6.078705882828217e-05,0.0,1808,2.0
CH,Centropomus undecimalis_A,,81.8739953729426,527.99999597016,0.04528428947618507,0.29203539600119466,0.00021103831386420002,0.0,1808,3.0
CH,Centropomus undecimalis_A,,86.74292940221446,495.00000433913294,0.0479772839614018,0.2737831882406709,0.00034404227335465003,0.0,1808,4.0
CH,Centropomus undecimalis_A,,97.40181078083975,460.00000684314955,0.05387268295400429,0.25442478254598977,0.0004992790636606,0.0,1808,5.0
CH,Centropomus undecimalis_A,,70.86879862733237,443.99999655525346,0.03919734437352454,0.2455752193336579,0.00027553022664500004,0.0,1808,6.0
CH,Centropomus undecimalis_A,,100.75461648283255,395.00000107513597,0.05572711088652243,0.21847345192208847,0.0003962786722695,0.0,1808,7.0
CH,Centropomus undecimalis_A,,102.19723291414236,606.999997757069,0.056525018204724754,0.335730087255016,0.00038547460280819997,0.0,1808,8.0
CH,Centropomus undecimalis_A,,135.8211913526766,721.000002942802,0.07512234034993175,0.39878318746836394,0.00067035382380705,0.0,1808,9.0
CH,Centropomus undecimalis_A,,131.09574653996134,644.9999916196357,0.07250870936944764,0.3567477829754622,0.0009667522681411,0.0,1808,10.0
CH,Centropomus undecimalis_A,,87.12161851554578,586.0000050409544,0.04818673590461603,0.32411504703592614,0.0005694436258636,0.0,1808,11.0
CH,Centropomus undecimalis_A,,366.35561036722623,698.9999985473025,0.20263031546859858,0.38661504344430453,0.00011705756696755,0.0,1808,12.0
CH,Centropomus undecimalis_SA,2010.0,0.007202233602981256,4.000000019046543,3.3718322111335467e-06,0.0018726591849468834,6.76683925907029e-12,0.0,2136,
CH,Centropomus undecimalis_SA,2011.0,0.021981235359048824,1.0000000038093086,1.0290840523899262e-05,0.00046816479579087485,2.810198341390846e-11,0.0,2136,
CH,Centropomus undecimalis_SA,2012.0,0.04304189815096779,1.0000000038093086,2.003812763080437e-05,0.0004655493500043336,1.7743626012922675e-09,0.0,2148,
CH,Centropomus undecimalis_SA,2013.0,0.042178936401722794,3.000000011427926,1.9636376350895157e-05,0.001396648050013001,2.124426190519557e-10,0.0,2148,
CH,Centropomus undecimalis_SA,2014.0,0.054153476617055316,0.0,2.521111574350806e-05,0.0,2.7165443505783315e-10,0.0,2148,
CH,Centropomus undecimalis_SA,2015.0,0.036922241998015935,0.0,1.718912569740034e-05,0.0,4.124249899928323e-11,0.0,2148,
CH,Centropomus undecimalis_SA,2016.0,0.012385230417906096,145.00000381578886,5.60925290666037e-06,0.06567029158323771,9.129781132488635e-12,0.0,2208,
CH,Centropomus undecimalis_SA,2017.0,0.38140202788993993,201.00000670756188,0.00017273642567479163,0.09103261173349723,6.498953111777617e-11,0.0,2208,
CH,Centropomus undecimalis_SA,2018.0,25.45924434745501,128.0000045506597,0.011530454867506798,0.0579710165537408,2.451071736686572e-06,0.0,2208,
CH,Centropomus undecimalis_SA,2019.0,0.2797849420348629,98.0000019694937,0.00012671419476216619,0.04438405886299533,1.038441643785859e-08,0.0,2208,
CH,Centropomus undecimalis_SA,,4.814076789585045,97.00000414101606,0.002662653091584649,0.0536504447682611,2.3282709787908473e-10,0.0,1808,1.0
CH,Centropomus undecimalis_SA,,3.1370300459692504,82.00000273425236,0.0017350829900272403,0.04535398381319268,2.4650291530203816e-10,0.0,1808,2.0
CH,Centropomus undecimalis_SA,,5.245755946730184,52.00000111627328,0.0029014136873507655,0.028761062564310443,2.3030909124255317e-10,0.0,1808,3.0
CH,Centropomus undecimalis_SA,,0.5913270706946185,37.00000022797055,0.0003270614329063156,0.02046460189600141,1.4870603359806722e-10,0.0,1808,4.0
CH,Centropomus undecimalis_SA,,3.47985533476458,38.00000101869414,0.0019246987471043032,0.021017699678481272,1.3899545403539548e-10,0.0,1808,5.0
CH,Centropomus undecimalis_SA,,1.161881459430212,30.000000936336026,0.0006426335505698075,0.01659292087186727,1.0734325581185367e-10,0.0,1808,6.0
CH,Centropomus undecimalis_SA,,0.8099041670795389,37.00000027302305,0.0004479558446236388,0.02046460192091983,9.392859753876159e-11,0.0,1808,7.0
CH,Centropomus undecimalis_SA,,2.0925447003563624,31.000000618712363,0.001157380918338696,0.01714601804132321,1.0615794354684738e-10,0.0,1808,8.0
CH,Centropomus undecimalis_SA,,0.793631706278967,26.0000007682324,0.0004389555897560658,0.01438053139835863,1.642883676322704e-10,0.0,1808,9.0
CH,Centropomus undecimalis_SA,,1.5279300708913106,29.000000544585664,0.0008450940657584682,0.016039823310058442,1.8881757962718737e-10,0.0,1808,10.0
CH,Centropomus undecimalis_SA,,0.9558005113940519,54.00000108724548,0.0005286507253285686,0.02986725723852073,2.2144723554884393e-10,0.0,1808,11.0
CH,Centropomus undecimalis_SA,,1.7285587667533873,68.00000361525586,0.0009560612647972275,0.03761062146861497,2.347942534841607e-10,0.0,1808,12.0
CH,Cynoscion nebulosus_A,2010.0,1.7742369448517166,50.00000073299162,0.0008306352738069834,0.023408240043535405,9.678609558250173e-07,0.0,2136,
CH,Cynoscion nebulosus_A,2011.0,1.271360160085807,52.000001335936034,0.0005952060674559022,0.024344569913827732,5.2434318220662135e-08,0.0,2136,
CH,Cynoscion nebulosus_A,2012.0,1.8196254650447097,27.000000453121217,0.0008471254492759356,0.012569832613184924,9.793532029789277e-08,0.0,2148,
CH,Cynoscion nebulosus_A,2013.0,3.576478128402701,33.00000050032064,0.0016650270616399912,0.015363128724544059,9.383000154628007e-09,0.0,2148,
CH,Cynoscion nebulosus_A,2014.0,1.023326578058882,49.000001017803,0.0004764090214426825,0.022811918537152236,3.299413720014855e-08,0.0,2148,
CH,Cynoscion nebulosus_A,2015.0,1.998694378232195,37.000001125657946,0.0009304908650987873,0.017225326408593086,1.925466097674189e-08,0.0,2148,
CH,Cynoscion nebulosus_A,2016.0,5.16116439122908,25.000000386000337,0.002337483872839257,0.011322463942934935,9.120521671235338e-09,0.0,2208,
CH,Cynoscion nebulosus_A,2017.0,10.45844572375439,39.00000063307468,0.004736614911120648,0.017663043764979472,6.2786891241728435e-09,0.0,2208,
CH,Cynoscion nebulosus_A,2018.0,2.5918317063555776,35.99999998208075,0.0011738368235306058,0.016304347817971354,9.54494761007396e-10,0.0,2208,
CH,Cynoscion nebulosus_A,2019.0,0.548647895091072,15.00000019225631,0.00024848183654486956,0.006793478347942169,3.6616755494378594e-07,0.0,2208,
CH,Cynoscion nebulosus_A,,7.002969809115821,65.0000014734367,0.003873324009466715,0.03595132824858224,1.1258549292847421e-07,0.0,1808,1.0
CH,Cynoscion nebulosus_A,,1.6856066745177685,60.00000077872815,0.00093230457661381,0.03318584113867708,9.748419316224502e-08,0.0,1808,2.0
CH,Cynoscion nebulosus_A,,9.463596853078165,29.000000233283785,0.005234290294844118,0.0160398231378782,2.754455863396288e-08,0.0,1808,3.0
CH,Cynoscion nebulosus_A,,0.552864223044093,29.000000304213977,0.0003057877339845647,0.0160398231771095,1.603734300914539e-08,0.0,1808,4.0
CH,Cynoscion nebulosus_A,,0.7138503437600225,18.00000035933517,0.0003948287299557647,0.00995575241113671,1.6138547387356542e-08,0.0,1808,5.0
CH,Cynoscion nebulosus_A,,0.5292719246344401,13.000000264674213,0.00029273889636860625,0.007190265633116268,1.5600869929244254e-08,0.0,1808,6.0
CH,Cynoscion nebulosus_A,,0.34687358938225343,21.00000069730221,0.00019185486138398973,0.011615044633463611,1.7671311525191413e-08,0.0,1808,7.0
CH,Cynoscion nebulosus_A,,0.5037923895597406,6.000000157972531,0.0002786462331635733,0.003318584158170648,1.8544889179850088e-08,0.0,1808,8.0
CH,Cynoscion nebulosus_A,,0.8642803928866346,18.000000390684562,0.000478031190755882,0.009955752428475975,1.952119266235286e-08,0.0,1808,9.0
CH,Cynoscion nebulosus_A,,3.098527934339094,30.00000042028411,0.0017137875743025962,0.016592920586440327,5.936017011265449e-08,0.0,1808,10.0
CH,Cynoscion nebulosus_A,,1.908278842903239,48.0000007544008,0.001055463961782765,0.02654867298362876,8.822545538578197e-08,0.0,1808,11.0
CH,Cynoscion nebulosus_A,,3.553898393884859,26.00000052492632,0.0019656517665292365,0.014380531263786682,1.386462997743365e-07,0.0,1808,12.0
CH,Cynoscion nebulosus_R,2010.0,158.35743489179617,318.0000081255455,0.07413737588567236,0.14887640829847634,0.0003123971837339,0.0,2136,
CH,Cynoscion nebulosus_R,2011.0,103.09815269321825,405.00000492237393,0.04826692541817334,0.1896067438775159,4.6419597765634535e-06,0.0,2136,
CH,Cynoscion nebulosus_R,2012.0,92.93765994227309,352.00000440288875,0.04326706701223142,0.16387337262704318,7.156985930123483e-06,0.0,2148,
CH,Cynoscion nebulosus_R,2013.0,143.06771822865113,374.00000501668137,0.06660508297423237,0.174115458573874,9.858235898718704e-06,0.0,2148,
CH,Cynoscion nebulosus_R,2014.0,175.31627302862188,346.000006631574,0.08161837664274761,0.1610800775752207,8.657624493935145e-05,0.0,2148,
CH,Cynoscion nebulosus_R,2015.0,186.19944755431771,375.00000429674424,0.08668503144986858,0.17458100758693865,0.00013706218305735,0.0,2148,
CH,Cynoscion nebulosus_R,2016.0,96.106755171045,352.0000076678542,0.04352661013181386,0.15942029332783253,6.582923742826097e-05,0.0,2208,
CH,Cynoscion nebulosus_R,2017.0,123.57654453066522,401.00000490165445,0.05596763792149693,0.1816123210605319,0.00019885844812955001,0.0,2208,
CH,Cynoscion nebulosus_R,2018.0,61.764862345870554,221.99999906448244,0.027973216642151518,0.10054347783717502,1.4881244624120882e-05,0.0,2208,
CH,Cynoscion nebulosus_R,2019.0,28.784361697134806,307.0000040027145,0.013036395696166126,0.13903985688528736,0.00011278583042435,0.0,2208,
CH,Cynoscion nebulosus_R,,0.051866138508822233,7.000000026665161,2.8687023511516723e-05,0.003871681430677633,6.304170696580515e-08,0.0,1808,1.0
CH,Cynoscion nebulosus_R,,0.05009705606142839,4.00000006712088,2.7708548706542252e-05,0.0022123894176553542,4.650362050995227e-08,0.0,1808,2.0
CH,Cynoscion nebulosus_R,,0.06478198757291836,1.0000000038093086,3.583074533900352e-05,0.0005530973472396618,5.32786081919312e-08,0.0,1808,3.0
CH,Cynoscion nebulosus_R,,5.8227324697630065,64.00000114657307,0.0032205378704441407,0.03539823072266209,1.4441798725783883e-06,0.0,1808,4.0
CH,Cynoscion nebulosus_R,,33.13544588557556,251.0000047506765,0.018327127149101525,0.13882743625590516,0.0003516516735544,0.0,1808,5.0
CH,Cynoscion nebulosus_R,,108.12927568999267,431.0000079297718,0.05980601531526143,0.23838496013814814,0.002964268438518,0.0,1808,6.0
CH,Cynoscion nebulosus_R,,236.22692259997297,682.0000046057884,0.1306564837389231,0.3772123919279803,0.009741215966641851,0.0,1808,7.0
CH,Cynoscion nebulosus_R,,307.52898434551923,706.0000087280758,0.17009346479287568,0.39048673049119237,0.01241786545142525,0.0,1808,8.0
CH,Cynoscion nebulosus_R,,377.44451683726095,699.0000122480232,0.2087635601976001,0.3866150510221367,0.0236417427659034,0.0,1808,9.0
CH,Cynoscion nebulosus_R,,90.14027801465552,373.0000083150712,0.04985634845943336,0.2063053143335571,0.0009881090372800502,0.0,1808,10.0
CH,Cynoscion nebulosus_R,,8.21154434473896,171.0000001857323,0.004541783376514912,0.09457964612042716,5.337008951755706e-05,0.0,1808,11.0
CH,Cynoscion nebulosus_R,,2.4027647139718393,63.00000102520592,0.00132896278427646,0.0348451333104015,2.108693252012017e-06,0.0,1808,12.0
CH,Lutjanus griseus_R,2010.0,15.680017414923064,43.000000664424064,0.007340832123091322,0.020131086453382054,1.588532398955067e-07,0.0,2136,
CH,Lutjanus griseus_R,2011.0,23.28591245034061,18.99999983496439,0.010901644405590173,0.008895131008878461,5.8675668768159994e-09,0.0,2136,
CH,Lutjanus griseus_R,2012.0,9.238060609093733,238.00000628610525,0.004300773095481254,0.11080074780544936,9.656188001971877e-11,0.0,2148,
CH,Lutjanus griseus_R,2013.0,44.32742851757135,91.00000153053676,0.020636605455107704,0.04236499140155343,6.179200682785718e-18,0.0,2148,
CH,Lutjanus griseus_R,2014.0,46.98762133004765,79.00000020823794,0.021875056485124604,0.036778398607187124,3.1614343304689485e-12,0.0,2148,
CH,Lutjanus griseus_R,2015.0,46.7274645131734,75.00000272120309,0.02175394064859097,0.03491620238417276,1.8519931421767666e-10,0.0,2148,
CH,Lutjanus griseus_R,2016.0,21.17048300029168,247.0000037325969,0.00958808106897268,0.11186594371947323,0.0,0.0,2208,
CH,Lutjanus griseus_R,2017.0,28.041747502014875,111.00000230985489,0.012700066803448765,0.050271740176564716,1.4758052419017176e-11,0.0,2208,
CH,Lutjanus griseus_R,2018.0,30.25997937010348,113.0000045524133,0.013704700801677301,0.05117753829366545,0.0,0.0,2208,
CH,Lutjanus griseus_R,2019.0,12.6874680688187,64.00000137696352,0.0057461359007331065,0.028985507870001596,2.4748268755495073e-12,0.0,2208,
CH,Lutjanus griseus_R,,0.3558903524475715,11.000000145669688,0.00019684200909710813,0.006084070877029695,8.66225407375465e-12,0.0,1808,1.0
CH,Lutjanus griseus_R,,0.10404167706201277,7.000000138051069,5.754517536615751e-05,0.0038716814922848835,2.0827907439371646e-14,0.0,1808,2.0
CH,Lutjanus griseus_R,,0.04237170125671111,5.0000001228138355,2.343567547384464e-05,0.0027654867935917233,1.5915771101764932e-14,0.0,1808,3.0
CH,Lutjanus griseus_R,,0.16242041248162564,3.000000011427926,8.983429893895224e-05,0.0016592920417189856,1.0737722521418233e-16,0.0,1808,4.0
CH,Lutjanus griseus_R,,0.00027808518287514327,0.0,1.5380817636899516e-07,0.0,0.0,0.0,1808,5.0
CH,Lutjanus griseus_R,,0.012587854383305345,0.0,6.962308840323753e-06,0.0,3.391783517459404e-14,0.0,1808,6.0
CH,Lutjanus griseus_R,,2.646905437221255,39.000000605096474,0.0014639963701444994,0.021570796794854245,4.3048771491971394e-10,0.0,1808,7.0
CH,Lutjanus griseus_R,,60.19071126803748,209.00000322258458,0.03329132260400303,0.11559734691514634,4.925753671614075e-07,0.0,1808,8.0
CH,Lutjanus griseus_R,,115.74083138202096,413.00000997454623,0.0640159465608523,0.22842920905671804,0.00017516248044549998,0.0,1808,9.0
CH,Lutjanus griseus_R,,81.8190004642511,254.00000591643922,0.045253871938191984,0.14048672893608363,5.94728453506832e-06,0.0,1808,10.0
CH,Lutjanus griseus_R,,9.298947385631259,87.00000233009573,0.0051432231115217135,0.048119470315318436,8.236567872188516e-09,0.0,1808,11.0
CH,Lutjanus griseus_R,,8.03219675640238,52.00000075057529,0.004442586701549989,0.028761062362043854,1.1230435470466205e-09,0.0,1808,12.0
CH,Lutjanus griseus_SA,2010.0,101.63797145073156,117.0000030240978,0.04758331996757095,0.05477528231465253,2.7971673866034052e-08,0.0,2136,
CH,Lutjanus griseus_SA,2011.0,64.171203611719,109.99999837992793,0.030042698320093163,0.05149812658236326,4.10867940559001e-07,0.0,2136,
CH,Lutjanus griseus_SA,2012.0,25.573656461779322,188.00000489181593,0.011905799097662626,0.08752327974479326,1.5470278391660486e-08,0.0,2148,
CH,Lutjanus griseus_SA,2013.0,48.61330775578956,408.9999987771107,0.022631893741056595,0.1904096828571279,2.065121584848839e-08,0.0,2148,
CH,Lutjanus griseus_SA,2014.0,69.49437024540674,194.99999974913584,0.03235305877346683,0.09078212278823829,4.3622891965355854e-08,0.0,2148,
CH,Lutjanus griseus_SA,2015.0,85.54600588016959,531.9999978026872,0.03982588728127076,0.24767225223588787,5.676894545558753e-07,0.0,2148,
CH,Lutjanus griseus_SA,2016.0,199.29092894451776,372.9999995068752,0.09025857289153884,0.16893115919695437,1.938218883879017e-05,0.0,2208,
CH,Lutjanus griseus_SA,2017.0,144.62435427104293,619.9999798072489,0.06550016044884191,0.2807970923040077,2.0927978461315888e-08,0.0,2208,
CH,Lutjanus griseus_SA,2018.0,109.18851111233931,295.0000005760986,0.049451318438559475,0.13360507272468233,9.295028462474874e-07,0.0,2208,
CH,Lutjanus griseus_SA,2019.0,43.78816775401765,553.9999937534913,0.019831597714681907,0.2509057942724145,2.354025241402269e-06,0.0,2208,
CH,Lutjanus griseus_SA,,1.2515135387125538,65.9999992047426,0.0006922088156595983,0.0365044243389063,1.8882075458748204e-08,0.0,1808,1.0
CH,Lutjanus griseus_SA,,1.2966697692112221,28.999999539496336,0.0007171846068646141,0.016039822754146203,6.780182415511149e-09,0.0,1808,2.0
CH,Lutjanus griseus_SA,,6.790817957729091,88.99999769666219,0.0037559833836997188,0.04922566244284413,7.745263985725614e-09,0.0,1808,3.0
CH,Lutjanus griseus_SA,,9.56468435256505,146.00000095968207,0.005290201522436422,0.08075221292017813,2.5514863111197883e-08,0.0,1808,4.0
CH,Lutjanus griseus_SA,,22.481686483487636,124.99999695811495,0.012434561108123693,0.06913716645913437,4.152178689764696e-07,0.0,1808,5.0
CH,Lutjanus griseus_SA,,35.54882695442288,287.0000016586685,0.019661961811074602,0.1587389389705025,8.005750089523644e-07,0.0,1808,6.0
CH,Lutjanus griseus_SA,,135.87963115344203,450.0000075520477,0.07515466324858519,0.24889380948675205,0.00019193720800099998,0.0,1808,7.0
CH,Lutjanus griseus_SA,,126.37616114744546,432.9999989882022,0.06989831921871983,0.2394911498828552,0.0001951745944097,0.0,1808,8.0
CH,Lutjanus griseus_SA,,215.5242360154907,701.000001669202,0.11920588275193068,0.38772123986128426,0.0001906167599372,0.0,1808,9.0
CH,Lutjanus griseus_SA,,241.96617822666144,549.9999887712968,0.13383085078908266,0.3042035336124429,2.083069375657942e-05,0.0,1808,10.0
CH,Lutjanus griseus_SA,,46.68166669933446,288.99999395515124,0.025819505917773482,0.15984512939997303,5.706418164663773e-07,0.0,1808,11.0
CH,Lutjanus griseus_SA,,48.56640518901091,227.99998931522296,0.026861949772683025,0.12610618878054367,8.441628551736358e-08,0.0,1808,12.0
CH,Mycteroperca microlepis_SA,2010.0,27.157127706112593,56.09999999611151,0.012714011098367319,0.02626404494199977,1.2716022679271077e-09,0.0,2136,
CH,Mycteroperca microlepis_SA,2011.0,15.502581219633507,3.0000000152372346,0.007257762743274114,0.0014044943891560087,0.0,0.0,2136,
CH,Mycteroperca microlepis_SA,2012.0,2.2413317327028626,21.00000015854429,0.0010434505273290795,0.009776536386659353,1.732986909357137e-12,0.0,2148,
CH,Mycteroperca microlepis_SA,2013.0,2.9464831662902284,36.19999838996121,0.0013717333176397712,0.01685288565640652,1.88971702869134e-11,0.0,2148,
CH,Mycteroperca microlepis_SA,2014.0,10.633339321454473,5.000000022855852,0.004950344190621263,0.0023277467517950896,1.411779894378018e-11,0.0,2148,
CH,Mycteroperca microlepis_SA,2015.0,5.641948615097015,11.000000180828383,0.0026266055005107146,0.005121042914724573,5.356826926483648e-10,0.0,2148,
CH,Mycteroperca microlepis_SA,2016.0,4.749482486183242,32.099999135318654,0.0021510337346844393,0.014538043086647941,0.0,0.0,2208,
CH,Mycteroperca microlepis_SA,2017.0,2.751170672075406,57.09999990206334,0.0012460012101790788,0.02586050720202144,0.0,0.0,2208,
CH,Mycteroperca microlepis_SA,2018.0,3.0534927090120805,2.0000000076186173,0.0013829224225598191,0.0009057971048997361,0.0,0.0,2208,
CH,Mycteroperca microlepis_SA,2019.0,0.09289244629527757,40.99999983490714,4.207085430039745e-05,0.01856884050493983,0.0,0.0,2208,
CH,Mycteroperca microlepis_SA,,0.370744493856632,9.000000053330321,0.00020505779527468584,0.004977876135691549,0.0,0.0,1808,1.0
CH,Mycteroperca microlepis_SA,,0.025557784028391227,4.000000019046543,1.4135942493579218e-05,0.0022123893910655657,0.0,0.0,1808,2.0
CH,Mycteroperca microlepis_SA,,0.15985822212163153,2.000000059502263,8.841715825311479e-05,0.0011061947231760306,0.0,0.0,1808,3.0
CH,Mycteroperca microlepis_SA,,0.11613878787718114,5.000000022855851,6.423605524180373e-05,0.0027654867383052274,2.6055027272095857e-16,0.0,1808,4.0
CH,Mycteroperca microlepis_SA,,0.15631704741127742,7.0000001617818395,8.645854392216671e-05,0.0038716815054103096,9.745578655732294e-15,0.0,1808,5.0
CH,Mycteroperca microlepis_SA,,2.0360933025338532,16.000000172334847,0.001126157800074034,0.00884955761744184,9.37630615510665e-12,0.0,1808,6.0
CH,Mycteroperca microlepis_SA,,9.038986664146154,51.19999913853427,0.0049994395266295105,0.02831858359432205,2.8835772311608384e-11,0.0,1808,7.0
CH,Mycteroperca microlepis_SA,,7.1305419804769885,30.099999223848712,0.003943883838759397,0.01664822965920836,6.061563750936472e-11,0.0,1808,8.0
CH,Mycteroperca microlepis_SA,,13.115593809582986,60.099999693041035,0.0072542001159197934,0.033241150272699686,2.572466822892139e-10,0.0,1808,9.0
CH,Mycteroperca microlepis_SA,,18.91905232082998,21.999999702169305,0.010464077611078529,0.012168141428190987,6.59323429186287e-11,0.0,1808,10.0
CH,Mycteroperca microlepis_SA,,7.7732856568094535,37.10000009551394,0.004299383659739742,0.020519911557253287,1.3287419775576126e-11,0.0,1808,11.0
CH,Mycteroperca microlepis_SA,,15.927680005182157,20.999999301487282,0.008809557524990132,0.011615043861442081,1.0141603268981614e-12,0.0,1808,12.0
CH,Sciaenops ocellatus_R,2010.0,1.5898260986812311,172.25000459702778,0.0007443006079968311,0.08064138791995683,0.0,0.0,2136,
CH,Sciaenops ocellatus_R,2011.0,21.178898616083195,71.24999956181914,0.009915214707904118,0.03335674136789286,4.148570202644475e-11,0.0,2136,
CH,Sciaenops ocellatus_R,2012.0,8.238487847172735,47.00000156944091,0.00383542264765956,0.02188082009750508,0.0,0.0,2148,
CH,Sciaenops ocellatus_R,2013.0,9.049254900313791,127.2499984064412,0.004212874720816476,0.05924115382050335,2.682593188384208e-12,0.0,2148,
CH,Sciaenops ocellatus_R,2014.0,21.954963759179535,176.4999979439567,0.010221119068519337,0.08216945900556644,8.50451398193286e-09,0.0,2148,
CH,Sciaenops ocellatus_R,2015.0,142.75665048530806,112.25000259155922,0.06646026558906334,0.052257915545418636,4.029558110796305e-11,0.0,2148,
CH,Sciaenops ocellatus_R,2016.0,136.17581947474235,415.00000603903584,0.061673831283850705,0.18795290128579523,2.2474124783400384e-09,0.0,2208,
CH,Sciaenops ocellatus_R,2017.0,124.71099047801911,396.4999993842114,0.056481426846928945,0.17957427508342907,2.5922829438584927e-09,0.0,2208,
CH,Sciaenops ocellatus_R,2018.0,64.29405211071013,205.5000029049538,0.02911868302115495,0.09307065348956241,3.0873401708417236e-12,0.0,2208,
CH,Sciaenops ocellatus_R,2019.0,52.46035910934706,184.5000009296988,0.023759220611117328,0.08355978302975489,2.000240471033976e-07,0.0,2208,
CH,Sciaenops ocellatus_R,,35.351633293992556,152.00000465226432,0.01955289452101358,0.08407079903333203,3.0389807337272146e-09,0.0,1808,1.0
CH,Sciaenops ocellatus_R,,1.003644768197612,14.000000712117533,0.0005551132567464667,0.0077433632257287235,2.8000390894789007e-10,0.0,1808,2.0
CH,Sciaenops ocellatus_R,,0.00892523187183289,1.0000000038093086,4.9365220530049165e-06,0.0005530973472396618,1.3970586493217138e-10,0.0,1808,3.0
CH,Sciaenops ocellatus_R,,0.0001258130634169129,0.0,6.9586871358912e-08,0.0,6.091160562049502e-11,0.0,1808,4.0
CH,Sciaenops ocellatus_R,,0.00026066080071652305,0.0,1.4417079685648398e-07,0.0,1.0171515019141707e-10,0.0,1808,5.0
CH,Sciaenops ocellatus_R,,0.00018419467277316112,0.0,1.0187758449842982e-07,0.0,1.128073676137653e-10,0.0,1808,6.0
CH,Sciaenops ocellatus_R,,0.0008242413165000459,0.0,4.558856839048926e-07,0.0,1.895022472275798e-10,0.0,1808,7.0
CH,Sciaenops ocellatus_R,,0.0011246266807370343,0.0,6.220280313811031e-07,0.0,1.163509115442718e-10,0.0,1808,8.0
CH,Sciaenops ocellatus_R,,0.01944592295570378,2.000000059502263,1.075548836045563e-05,0.0011061947231760306,1.6311958728199016e-10,0.0,1808,9.0
CH,Sciaenops ocellatus_R,,13.479194820652951,189.50000214016495,0.007455306869830172,0.10481194808637442,7.981997840467159e-10,0.0,1808,10.0
CH,Sciaenops ocellatus_R,,205.47702378815734,972.2499946039533,0.11364879634300738,0.5377488908207706,5.985294038168831e-09,0.0,1808,11.0
CH,Sciaenops ocellatus_R,,327.066915517195,577.2500117563332,0.18089984265331582,0.31927544898027277,3.8512408817581445e-09,0.0,1808,12.0
CH,Sciaenops ocellatus_SA,2010.0,10.729688505035364,66.0000009434606,0.005023262408724421,0.030898876846189423,1.1248136502217676e-06,0.0,2136,
CH,Sciaenops ocellatus_SA,2011.0,10.585450441019312,107.00000221540104,0.004955735225196307,0.05009363399597427,4.998986469217925e-06,0.0,2136,
CH,Sciaenops ocellatus_SA,2012.0,11.005959006499019,107.00000196003802,0.005123817042131759,0.04981378117320206,2.5066623265956878e-06,0.0,2148,
CH,Sciaenops ocellatus_SA,2013.0,13.581829715206684,151.00000285782795,0.006323011971697712,0.07029795291332773,1.4223301604943117e-05,0.0,2148,
CH,Sciaenops ocellatus_SA,2014.0,20.558170659160886,98.00000080056438,0.009570842951192218,0.045623836499331646,7.793005806888686e-06,0.0,2148,
CH,Sciaenops ocellatus_SA,2015.0,16.18186332701533,113.00000388731675,0.007533455925053691,0.05260707815983089,5.365634024201427e-06,0.0,2148,
CH,Sciaenops ocellatus_SA,2016.0,20.87736199227947,89.00000144715241,0.009455326989257006,0.04030797166990598,2.3955527694852208e-06,0.0,2208,
CH,Sciaenops ocellatus_SA,2017.0,11.970667206587194,84.00000190440232,0.005421497829070287,0.03804347912337062,1.358583688215731e-06,0.0,2208,
CH,Sciaenops ocellatus_SA,2018.0,5.782580938374306,66.00000042756713,0.0026189225264376384,0.02989130454147062,3.932018728391995e-07,0.0,2208,
CH,Sciaenops ocellatus_SA,2019.0,1.6393350466706003,119.00000287189684,0.0007424524667892211,0.0538949288369098,8.31923557598202e-07,0.0,2208,
CH,Sciaenops ocellatus_SA,,2.2283791457126245,81.00000076550936,0.0012325105894428234,0.0448008853791534,7.68732263622951e-07,0.0,1808,1.0
CH,Sciaenops ocellatus_SA,,9.847467962694417,75.00000137009133,0.005446608386446027,0.04148230164274963,1.6117185737130058e-06,0.0,1808,2.0
CH,Sciaenops ocellatus_SA,,10.941727814893344,106.00000000515655,0.006051840605582602,0.05862831858692287,3.122589646409324e-06,0.0,1808,3.0
CH,Sciaenops ocellatus_SA,,4.106622979775747,47.000001319401974,0.0022713622675750817,0.025995575950996667,1.1902316146006342e-06,0.0,1808,4.0
CH,Sciaenops ocellatus_SA,,7.511971828196674,57.00000087660183,0.004154851674887541,0.031526549157412515,2.2675840227748267e-06,0.0,1808,5.0
CH,Sciaenops ocellatus_SA,,10.92248990558363,55.000000792493886,0.0060412001690174945,0.030420354420627148,1.4365703577823297e-06,0.0,1808,6.0
CH,Sciaenops ocellatus_SA,,6.250516476700465,76.00000195545209,0.003457144068971496,0.04203539931164386,4.061449544678908e-06,0.0,1808,7.0
CH,Sciaenops ocellatus_SA,,11.541490651480883,69.00000179305744,0.006383567838208453,0.0381637178058946,2.665824354153301e-06,0.0,1808,8.0
CH,Sciaenops ocellatus_SA,,13.038358726568738,95.0000030707479,0.007211481596553506,0.052544249486033125,4.263451501174131e-06,0.0,1808,9.0
CH,Sciaenops ocellatus_SA,,13.090691922878719,112.00000242318151,0.007240426948494866,0.06194690399512252,8.393535608774982e-06,0.0,1808,10.0
CH,Sciaenops ocellatus_SA,,14.231604760056246,133.00000207024584,0.007871462809765624,0.07356194804770234,1.4657176052423893e-05,0.0,1808,11.0
CH,Sciaenops ocellatus_SA,,19.20158466330667,94.00000287368772,0.01062034549961652,0.05199115203190693,2.835873260664812e-06,0.0,1808,12.0
CK,Archosargus probatocephalus_A,2010.0,4.777948858870095,98.00000095479885,0.005170940323452484,0.10606060709393815,1.3602849691096708e-07,0.0,924,
CK,Archosargus probatocephalus_A,2011.0,11.387412881474575,99.00000276655277,0.012324039915015773,0.10714286013696186,6.300671429926297e-06,0.0,924,
CK,Archosargus probatocephalus_A,2012.0,20.112697535309344,123.00000201145244,0.02176698867457721,0.13311688529377969,1.7141423995781224e-06,0.0,924,
CK,Archosargus probatocephalus_A,2013.0,17.082870552237054,124.00000245993942,0.018487955143113695,0.1341991368614063,8.652300493849907e-06,0.0,924,
CK,Archosargus probatocephalus_A,2014.0,6.171740783358658,117.00000198861281,0.006679373142163049,0.126623378775555,2.585071001703909e-07,0.0,924,
CK,Archosargus probatocephalus_A,2015.0,14.158484926965667,137.00000260176603,0.015323035635244227,0.14826840108416237,2.949717213596159e-06,0.0,924,
CK,Archosargus probatocephalus_A,2016.0,26.156986842538423,60.000000623690006,0.028308427318764526,0.06493506561005412,1.3224177109805169e-05,0.0,924,
CK,Archosargus probatocephalus_A,2017.0,15.37293611108649,73.00000162026959,0.016637376743600097,0.07900433075786752,4.24351082983776e-06,0.0,924,
CK,Archosargus probatocephalus_A,2018.0,4.8992272136818045,142.00000202322377,0.005302193954201087,0.1536796558692898,2.2112219255632226e-07,0.0,924,
CK,Archosargus probatocephalus_A,2019.0,6.663684388670772,127.00000110373738,0.007211779641418585,0.1374458886404084,2.66416818703874e-05,0.0,924,
CK,Archosargus probatocephalus_A,,0.7402547810599468,20.000000473655476,0.0009613698455323984,0.025974026589162955,1.0293740260181039e-07,0.0,770,1.0
CK,Archosargus probatocephalus_A,,0.39346711735274426,26.999999450125117,0.0005109962563022652,0.03506493435081184,1.1838833913202509e-07,0.0,770,2.0
CK,Archosargus probatocephalus_A,,5.1379728421738164,79.00000226446255,0.0066726920028231385,0.10259740553826305,6.893895374560088e-07,0.0,770,3.0
CK,Archosargus probatocephalus_A,,5.010917518171356,59.00000102349712,0.006507685088534228,0.07662337795259366,2.4966120690805838e-06,0.0,770,4.0
CK,Archosargus probatocephalus_A,,10.342754978053062,94.0000012896018,0.013432149322146834,0.1220779237527296,8.907412848202512e-06,0.0,770,5.0
CK,Archosargus probatocephalus_A,,10.65442135938859,115.00000073998902,0.013836910856348817,0.14935065031167405,1.086954762286041e-05,0.0,770,6.0
CK,Archosargus probatocephalus_A,,16.352780665079287,105.00000194583549,0.021237377487115957,0.13636363889069544,4.134038363190484e-06,0.0,770,7.0
CK,Archosargus probatocephalus_A,,10.70478154391702,115.00000162197728,0.013902313693398729,0.14935065145711335,7.891107543400722e-06,0.0,770,8.0
CK,Archosargus probatocephalus_A,,14.713323106334817,123.00000303387951,0.019108211826408854,0.159740263680363,3.478392682154663e-05,0.0,770,9.0
CK,Archosargus probatocephalus_A,,24.959428616962953,133.00000213336654,0.03241484235969214,0.1727272754978786,8.232457912527025e-05,0.0,770,10.0
CK,Archosargus probatocephalus_A,,22.132784109143845,140.00000311821208,0.028743875466420578,0.1818181858678079,0.0001502564482507,0.0,770,11.0
CK,Archosargus probatocephalus_A,,5.641103456555442,90.00000105944106,0.0073261083851369375,0.11688311825901436,3.3800240544223925e-06,0.0,770,12.0
CK,Archosargus probatocephalus_R,2010.0,4.422480567365624e-08,0.0,4.7862343802658273e-11,0.0,0.0,0.0,924,
CK,Archosargus probatocephalus_R,2011.0,2.50606474382827e-07,0.0,2.712191281199426e-10,0.0,4.2852783821434315e-11,0.0,924,
CK,Archosargus probatocephalus_R,2012.0,1.4862428690240966e-06,0.0,1.608487953489282e-09,0.0,1.1415015044313748e-09,0.0,924,
CK,Archosargus probatocephalus_R,2013.0,5.243002347816426e-07,0.0,5.674244965169293e-10,0.0,2.0930601002389082e-10,0.0,924,
CK,Archosargus probatocephalus_R,2014.0,3.5214071597394556e-08,0.0,3.811046709674736e-11,0.0,2.4918518637395692e-11,0.0,924,
CK,Archosargus probatocephalus_R,2015.0,4.7045002713538664e-05,0.0,5.091450510123232e-08,0.0,0.0,0.0,924,
CK,Archosargus probatocephalus_R,2016.0,7.808464863812148e-06,0.0,8.450719549580247e-09,0.0,8.022825070952422e-09,0.0,924,
CK,Archosargus probatocephalus_R,2017.0,3.5290616706812312e-09,0.0,3.819330812425575e-12,0.0,2.6372276758224178e-12,0.0,924,
CK,Archosargus probatocephalus_R,2018.0,9.145703062172732e-10,0.0,9.897947036983476e-13,0.0,3.272372984192758e-15,0.0,924,
CK,Archosargus probatocephalus_R,2019.0,4.788685435645697e-06,0.0,5.182559995287551e-09,0.0,1.9369329751217634e-10,0.0,924,
CK,Archosargus probatocephalus_R,,7.997511197370751e-07,0.0,1.0386378178403574e-09,0.0,2.7284834114293943e-11,0.0,770,1.0
CK,Archosargus probatocephalus_R,,7.584983039633437e-07,0.0,9.850627324199269e-10,0.0,5.590567722299489e-12,0.0,770,2.0
CK,Archosargus probatocephalus_R,,7.825092564911238e-07,0.0,1.01624578765081e-09,0.0,8.087422658648036e-12,0.0,770,3.0
CK,Archosargus probatocephalus_R,,8.355549646394241e-07,0.0,1.0851363177135377e-09,0.0,1.3628538401977419e-11,0.0,770,4.0
CK,Archosargus probatocephalus_R,,1.006703990143892e-06,0.0,1.3074077794076518e-09,0.0,5.0693949038560504e-11,0.0,770,5.0
CK,Archosargus probatocephalus_R,,4.865830299478519e-05,0.0,6.319260129192882e-08,0.0,1.931591171733249e-11,0.0,770,6.0
CK,Archosargus probatocephalus_R,,1.8658386392884817e-06,0.0,2.423167064011015e-09,0.0,1.4987260564536253e-11,0.0,770,7.0
CK,Archosargus probatocephalus_R,,1.4171761320479296e-06,0.0,1.8404884831791293e-09,0.0,1.2311995607056092e-11,0.0,770,8.0
CK,Archosargus probatocephalus_R,,1.5677396506262001e-06,0.0,2.0360255202937665e-09,0.0,1.0844841084184376e-11,0.0,770,9.0
CK,Archosargus probatocephalus_R,,1.3857886266701256e-06,0.0,1.7997254891819814e-09,0.0,1.4211427173949076e-11,0.0,770,10.0
CK,Archosargus probatocephalus_R,,1.821684428656336e-06,0.0,2.365823933319917e-09,0.0,1.0108204204217763e-11,0.0,770,11.0
CK,Archosargus probatocephalus_R,,1.0876369933839029e-06,0.0,1.4125155758232505e-09,0.0,4.2929973811944855e-12,0.0,770,12.0
CK,Callinectes sapidus_R,2010.0,132.64664268184004,526.0000083641278,0.14355697259939398,0.5692640783161556,0.0018329046433791,0.0,924,
CK,Callinectes sapidus_R,2011.0,105.7763624034728,677.0000051280115,0.11447658268774112,0.7326839882337787,0.0010149622103198998,0.0,924,
CK,Callinectes sapidus_R,2012.0,433.3474000553969,387.0000047003617,0.46899069270064603,0.4188311739181404,0.0070741472300141495,0.0,924,
CK,Callinectes sapidus_R,2013.0,278.64620382350506,384.0000034554695,0.301565155653144,0.4155844193241012,0.00737671321257945,0.0,924,
CK,Callinectes sapidus_R,2014.0,169.60029311219188,418.0000044170181,0.18355010077077044,0.45238095716127497,0.00244003965053705,0.0,924,
CK,Callinectes sapidus_R,2015.0,128.68345366649856,301.0000042626916,0.13926780699837507,0.3257575803708784,0.0041897480841725995,0.0,924,
CK,Callinectes sapidus_R,2016.0,163.00085002929336,569.0000037808524,0.1764078463520491,0.6158008698926973,0.0035429688869044003,0.0,924,
CK,Callinectes sapidus_R,2017.0,206.19003997121268,582.0000034044168,0.22314939390823885,0.6298701335545637,0.0085117351263761,0.0,924,
CK,Callinectes sapidus_R,2018.0,167.11517603616534,544.0000048082122,0.18086058012572007,0.5887445939482816,0.0035871597938239,0.0,924,
CK,Callinectes sapidus_R,2019.0,111.22254819747603,447.99999996963174,0.12037072315744159,0.48484848481561876,0.00768315256573255,0.0,924,
CK,Callinectes sapidus_R,,312.22514466628945,647.0000080273305,0.405487200865311,0.8402597506848448,0.04986200481653205,0.0,770,1.0
CK,Callinectes sapidus_R,,261.0419146314491,629.0000040407024,0.3390154735473365,0.8168831221307823,0.0319155100733041,0.0,770,2.0
CK,Callinectes sapidus_R,,180.04715124009795,556.0000027658589,0.23382746914298436,0.7220779256699466,0.038344796746969154,0.0,770,3.0
CK,Callinectes sapidus_R,,38.86187248649096,316.0000027966771,0.050469964268170076,0.4103896140216586,0.00581033248454325,0.0,770,4.0
CK,Callinectes sapidus_R,,10.92077238358192,158.00000113797284,0.014182821277379116,0.205194806672692,0.00039352063322435,0.0,770,5.0
CK,Callinectes sapidus_R,,47.80978225142789,168.00000294203116,0.0620906263005557,0.21818182200263786,0.00019871158292515,0.0,770,6.0
CK,Callinectes sapidus_R,,74.15307281718454,324.0000026105434,0.09630269197036953,0.4207792241695369,0.0007804187189321501,0.0,770,7.0
CK,Callinectes sapidus_R,,31.342859634388187,259.00000458914815,0.040705012512192454,0.336363642323569,0.0003769253089558,0.0,770,8.0
CK,Callinectes sapidus_R,,51.5111109726586,205.00000241708779,0.06689754671773844,0.26623376937284127,0.0005290621775202,0.0,770,9.0
CK,Callinectes sapidus_R,,184.23440085267015,329.00000436920516,0.23926545565281837,0.4272727329470197,0.0030079615535213997,0.0,770,10.0
CK,Callinectes sapidus_R,,356.40499271969713,533.000003598469,0.4628636269086976,0.6922077968811285,0.00334589404519645,0.0,770,11.0
CK,Callinectes sapidus_R,,347.6758953211166,712.000002995767,0.45152713678067097,0.9246753285659312,0.024201279506087303,0.0,770,12.0
CK,Centropomus undecimalis_A,2010.0,0.14875284662210386,9.000000173209767,0.00016098792924470115,0.009740259927716198,2.734982871288594e-07,0.0,924,
CK,Centropomus undecimalis_A,2011.0,0.11551456329202295,10.000000153288305,0.00012501576113855298,0.010822510988407256,3.518954757171207e-15,0.0,924,
CK,Centropomus undecimalis_A,2012.0,0.09130669571104519,4.000000015237235,9.881677025004891e-05,0.004329004345494843,0.0,0.0,924,
CK,Centropomus undecimalis_A,2013.0,0.15482943350733064,18.99999894248566,0.00016756432197763055,0.020562769418274524,2.669323251325295e-08,0.0,924,
CK,Centropomus undecimalis_A,2014.0,0.09129205422139366,52.000001004696486,9.880092448202777e-05,0.056277057364390135,2.2672760024988747e-07,0.0,924,
CK,Centropomus undecimalis_A,2015.0,3.1937120420857164,44.99999978458265,0.0034563983139455803,0.04870129846816304,5.467353902943728e-09,0.0,924,
CK,Centropomus undecimalis_A,2016.0,3.129183183081098,52.999999426653105,0.003386561886451405,0.05735930673880206,1.1160620871919491e-08,0.0,924,
CK,Centropomus undecimalis_A,2017.0,10.152000238406437,120.00000468298695,0.01098701324502861,0.12987013493829758,3.0489699653912794e-08,0.0,924,
CK,Centropomus undecimalis_A,2018.0,6.581968239731907,220.0000014269165,0.007123342250792107,0.23809523963952,1.210387523542522e-07,0.0,924,
CK,Centropomus undecimalis_A,2019.0,7.421250575507468,304.0000067489602,0.008031656466999425,0.3290043363083985,2.744037601587479e-07,0.0,924,
CK,Centropomus undecimalis_A,,0.005740635023398901,0.0,7.455370160258313e-06,0.0,1.458520992869694e-08,0.0,770,1.0
CK,Centropomus undecimalis_A,,0.0005048406045642988,5.000000022855851,6.556371487848037e-07,0.006493506523189418,1.1266427346612318e-08,0.0,770,2.0
CK,Centropomus undecimalis_A,,0.03160727838800015,71.99999575224903,4.104841349090928e-05,0.09350648798993381,1.9097280201663125e-08,0.0,770,3.0
CK,Centropomus undecimalis_A,,0.444925991337956,82.00000157909255,0.0005778259627765663,0.10649350854427604,5.071802355871569e-08,0.0,770,4.0
CK,Centropomus undecimalis_A,,2.1770318661847754,33.00000008672296,0.0028273141119282796,0.042857142969770085,6.708450683845513e-08,0.0,770,5.0
CK,Centropomus undecimalis_A,,7.186711244453437,78.00000107696107,0.009333391226562905,0.10129870269735204,4.0433004500073366e-08,0.0,770,6.0
CK,Centropomus undecimalis_A,,7.295081887800844,60.000000232447874,0.009474132321819278,0.07792207822395827,4.8818696640751114e-08,0.0,770,7.0
CK,Centropomus undecimalis_A,,1.4174769105247504,111.00000449222833,0.001840879104577598,0.1441558499899069,5.933963898030471e-08,0.0,770,8.0
CK,Centropomus undecimalis_A,,5.837142626527685,139.00000541311545,0.007580704709776214,0.1805194875495006,1.852370257182656e-08,0.0,770,9.0
CK,Centropomus undecimalis_A,,5.382332412959417,150.00000232970729,0.006990042094752489,0.19480519783078867,5.761576282736769e-08,0.0,770,10.0
CK,Centropomus undecimalis_A,,1.2224332772407442,72.00000169045848,0.0015875756847282393,0.09350649570189412,7.59643761227835e-08,0.0,770,11.0
CK,Centropomus undecimalis_A,,0.07882090112095327,33.99999968317799,0.00010236480665058866,0.044155843744387,2.4282792665530906e-08,0.0,770,12.0
CK,Centropomus undecimalis_SA,2010.0,6.894002909400453e-07,0.0,7.46104210974075e-10,0.0,0.0,0.0,924,
CK,Centropomus undecimalis_SA,2011.0,3.890440743862662e-07,0.0,4.210433705479071e-10,0.0,1.5031209783800126e-11,0.0,924,
CK,Centropomus undecimalis_SA,2012.0,1.3930143306387623e-06,0.0,1.5075912669250674e-09,0.0,7.797541778931105e-10,0.0,924,
CK,Centropomus undecimalis_SA,2013.0,4.0324343699333573e-07,0.0,4.364106460966837e-10,0.0,1.200276822377333e-10,0.0,924,
CK,Centropomus undecimalis_SA,2014.0,1.7348912448332902e-07,0.0,1.8775879273087555e-10,0.0,1.0422321339298434e-10,0.0,924,
CK,Centropomus undecimalis_SA,2015.0,6.575121664578505e-07,0.0,7.115932537422624e-10,0.0,1.749012826929297e-12,0.0,924,
CK,Centropomus undecimalis_SA,2016.0,1.9979025202001808e-08,0.0,2.1622321647188103e-11,0.0,8.526753955684363e-12,0.0,924,
CK,Centropomus undecimalis_SA,2017.0,0.0001302015544764453,0.0,1.4091077324290616e-07,0.0,3.762440412969205e-16,0.0,924,
CK,Centropomus undecimalis_SA,2018.0,4.945465044081665e-05,0.0,5.352234896192278e-08,0.0,4.190149338612059e-10,0.0,924,
CK,Centropomus undecimalis_SA,2019.0,5.555075224055944e-06,0.0,6.011986173220719e-09,0.0,0.0,0.0,924,
CK,Centropomus undecimalis_SA,,7.137273171594304e-07,0.0,9.26918593713546e-10,0.0,3.077645256699402e-11,0.0,770,1.0
CK,Centropomus undecimalis_SA,,2.1765510028434977e-07,0.0,2.8266896140824644e-10,0.0,1.4265885348030416e-11,0.0,770,2.0
CK,Centropomus undecimalis_SA,,2.3665029474284975e-07,0.0,3.073380451205841e-10,0.0,1.0633552632172139e-11,0.0,770,3.0
CK,Centropomus undecimalis_SA,,1.024438672638675e-06,0.0,1.330439834595682e-09,0.0,2.375961320050246e-11,0.0,770,4.0
CK,Centropomus undecimalis_SA,,2.9440869451461876e-07,0.0,3.823489539150893e-10,0.0,2.4610107354772204e-11,0.0,770,5.0
CK,Centropomus undecimalis_SA,,3.3927249789531033e-07,0.0,4.406136336302732e-10,0.0,2.187629331157348e-11,0.0,770,6.0
CK,Centropomus undecimalis_SA,,4.1115842029121683e-07,0.0,5.339719744041777e-10,0.0,1.45462721728995e-11,0.0,770,7.0
CK,Centropomus undecimalis_SA,,0.0001792151328097961,0.0,2.3274692572700793e-07,0.0,2.5297638116261734e-11,0.0,770,8.0
CK,Centropomus undecimalis_SA,,2.667693866484998e-07,0.0,3.464537488941556e-10,0.0,1.6715037340353508e-11,0.0,770,9.0
CK,Centropomus undecimalis_SA,,1.2611523978342177e-06,0.0,1.6378602569275554e-09,0.0,1.3433044173533082e-11,0.0,770,10.0
CK,Centropomus undecimalis_SA,,3.5673281146299395e-06,0.0,4.6328936553635574e-09,0.0,1.9918855627409915e-11,0.0,770,11.0
CK,Centropomus undecimalis_SA,,1.389268883984273e-06,0.0,1.804245303875679e-09,0.0,1.8975003859833528e-11,0.0,770,12.0
CK,Cynoscion nebulosus_A,2010.0,3.6349639701841556,47.00000117198245,0.003933943690675493,0.05086580213418014,1.1230483210056263e-06,0.0,924,
CK,Cynoscion nebulosus_A,2011.0,2.9060011031196584,51.00000119102899,0.003145022838874089,0.05519480648379761,6.402112546766148e-07,0.0,924,
CK,Cynoscion nebulosus_A,2012.0,8.421908420565588,54.000000984178435,0.00911461950277661,0.05844155950668662,1.92380774421963e-07,0.0,924,
CK,Cynoscion nebulosus_A,2013.0,3.3793124646493653,69.00000068871039,0.003657264572131348,0.07467532542068224,8.119736705225478e-08,0.0,924,
CK,Cynoscion nebulosus_A,2014.0,3.3571548515745717,63.000001022647034,0.0036332844714010515,0.06818181928857904,5.9284792186531377e-08,0.0,924,
CK,Cynoscion nebulosus_A,2015.0,3.010625718703464,39.00000018580603,0.003258252942319766,0.042207792408880986,1.1348689454848683e-07,0.0,924,
CK,Cynoscion nebulosus_A,2016.0,4.588623098025886,89.00000240520077,0.004966042313880829,0.09632034892337746,1.1425311896573476e-07,0.0,924,
CK,Cynoscion nebulosus_A,2017.0,10.541013772788851,69.00000122573468,0.011408023563624298,0.07467532600187736,6.508235017577135e-08,0.0,924,
CK,Cynoscion nebulosus_A,2018.0,10.172452372131586,84.00000210112177,0.011009147588886997,0.09090909318303221,4.180826351785072e-08,0.0,924,
CK,Cynoscion nebulosus_A,2019.0,3.3322383474832824,127.00000462773701,0.0036063185578823404,0.13744589245426084,1.916751671160455e-06,0.0,924,
CK,Cynoscion nebulosus_A,,3.7259678491691695,86.00000183468151,0.004838919284635285,0.11168831407101495,4.3923454029481945e-07,0.0,770,1.0
CK,Cynoscion nebulosus_A,,6.83881257509886,95.00000339155187,0.008881574772855663,0.1233766277812362,6.791378268644621e-07,0.0,770,2.0
CK,Cynoscion nebulosus_A,,10.672414887292886,84.00000227608137,0.013860279074406345,0.10909091204685893,1.0939240837615216e-06,0.0,770,3.0
CK,Cynoscion nebulosus_A,,1.2928034580588101,36.00000039125632,0.0016789655299465067,0.046753247261371846,1.0190609600613246e-07,0.0,770,4.0
CK,Cynoscion nebulosus_A,,1.3977859287141812,17.000000220409184,0.001815306400927508,0.022077922364167772,5.9421205733656286e-08,0.0,770,5.0
CK,Cynoscion nebulosus_A,,2.5301886365884227,38.000000471292836,0.003285959268296653,0.04935064996271797,1.706849133142896e-07,0.0,770,6.0
CK,Cynoscion nebulosus_A,,0.5288329042284471,26.000000414153213,0.0006867959795174638,0.03376623430409508,4.25551753835407e-08,0.0,770,7.0
CK,Cynoscion nebulosus_A,,0.9467056589240562,19.000000183762772,0.0012294878687325406,0.024675324913977625,1.43899363536093e-08,0.0,770,8.0
CK,Cynoscion nebulosus_A,,2.5565050360723163,48.00000097866034,0.003320136410483528,0.06233766360864979,5.163944649666519e-07,0.0,770,9.0
CK,Cynoscion nebulosus_A,,7.6743668485216805,88.00000212647389,0.0099667101928853,0.11428571704736869,2.6648747279978124e-06,0.0,770,10.0
CK,Cynoscion nebulosus_A,,7.173196780659107,76.00000266870666,0.009315839974881958,0.0987013021671515,3.4576524967633304e-06,0.0,770,11.0
CK,Cynoscion nebulosus_A,,8.006713555898477,79.00000064711762,0.010398329293374645,0.10259740343781508,2.8910669698234415e-06,0.0,770,12.0
CK,Cynoscion nebulosus_R,2010.0,5.609178602125807,48.00000024294566,0.006070539612690267,0.05194805221098015,1.2986027968509006e-06,0.0,924,
CK,Cynoscion nebulosus_R,2011.0,2.597368649027393,78.00000048501508,0.0028110050314149276,0.0844155849404925,8.624605030149723e-09,0.0,924,
CK,Cynoscion nebulosus_R,2012.0,3.7444512696862873,80.99999962147781,0.004052436439054423,0.08766233725268162,1.3476450533289608e-07,0.0,924,
CK,Cynoscion nebulosus_R,2013.0,3.0670983051345404,19.000000366953792,0.0033193704601023164,0.0205627709599067,0.0,0.0,924,
CK,Cynoscion nebulosus_R,2014.0,4.5146874845510965,40.00000098124404,0.00488602541618084,0.04329004435199572,0.0,0.0,924,
CK,Cynoscion nebulosus_R,2015.0,2.5140152845397754,89.00000037981998,0.002720795762488934,0.09632034673140691,8.514328797559757e-08,0.0,924,
CK,Cynoscion nebulosus_R,2016.0,7.523500894683311,110.00000152820014,0.008142316985587999,0.11904762070151531,8.510589566412818e-08,0.0,924,
CK,Cynoscion nebulosus_R,2017.0,47.83804988640456,50.99999985307876,0.0517727812623426,0.05519480503579953,1.8996883177635482e-08,0.0,924,
CK,Cynoscion nebulosus_R,2018.0,14.389809117182148,87.0000009575373,0.01557338649045687,0.09415584519213993,1.108154485464667e-14,0.0,924,
CK,Cynoscion nebulosus_R,2019.0,3.298103464949129,77.00000065091965,0.0035693760443172395,0.08333333403779182,1.6761079677962698e-05,0.0,924,
CK,Cynoscion nebulosus_R,,0.005069140698522521,1.0000000038093086,6.583299608470806e-06,0.0012987013036484527,1.8470251994529008e-09,0.0,770,1.0
CK,Cynoscion nebulosus_R,,0.0011238676112398822,2.000000059502263,1.4595683262855613e-06,0.0025974026746782637,2.0527365918177054e-10,0.0,770,2.0
CK,Cynoscion nebulosus_R,,0.00019464728067326365,1.0000000038093086,2.527886761990437e-07,0.0012987013036484527,4.398937464289432e-10,0.0,770,3.0
CK,Cynoscion nebulosus_R,,0.00032751347587161515,0.0,4.2534217645664306e-07,0.0,1.7123858997436514e-09,0.0,770,4.0
CK,Cynoscion nebulosus_R,,0.05509633910386348,7.000000026665161,7.155368714787465e-05,0.00909090912553917,8.695923536805594e-09,0.0,770,5.0
CK,Cynoscion nebulosus_R,,2.378579950871398,66.00000036425556,0.003089064871261556,0.08571428618734488,9.172533452783682e-07,0.0,770,6.0
CK,Cynoscion nebulosus_R,,34.31379129061458,193.9999998222449,0.04456336531248647,0.25194805171720114,0.0002369853173149,0.0,770,7.0
CK,Cynoscion nebulosus_R,,39.782268435363115,160.00000202223003,0.05166528368228976,0.20779221041848056,0.0006738294032402,0.0,770,8.0
CK,Cynoscion nebulosus_R,,13.81427812047025,168.00000154130362,0.01794062093567565,0.2181818201835112,8.073181743384339e-05,0.0,770,9.0
CK,Cynoscion nebulosus_R,,4.121319493531396,54.00000090536751,0.005352362978612203,0.07012987130567208,1.32998079607205e-05,0.0,770,10.0
CK,Cynoscion nebulosus_R,,0.6100723641978035,25.00000031038592,0.0007923017716854592,0.03246753287063107,1.6830522753252808e-07,0.0,770,11.0
CK,Cynoscion nebulosus_R,,0.014141795065341918,2.0000000076186173,1.8365967617327166e-05,0.0025974026072969054,3.367798595554916e-09,0.0,770,12.0
CK,Lutjanus griseus_R,2010.0,2.3447355485464336e-06,0.0,2.5375925850069628e-09,0.0,1.538321553473665e-12,0.0,924,
CK,Lutjanus griseus_R,2011.0,1.2351553552646419e-06,0.0,1.3367482199833787e-09,0.0,5.279825465720478e-10,0.0,924,
CK,Lutjanus griseus_R,2012.0,4.255736467651966e-06,0.0,4.605775397891739e-09,0.0,0.0,0.0,924,
CK,Lutjanus griseus_R,2013.0,5.832188918510579e-10,0.0,6.311892768950844e-13,0.0,0.0,0.0,924,
CK,Lutjanus griseus_R,2014.0,4.639909200163672e-10,0.0,5.021546753423888e-13,0.0,0.0,0.0,924,
CK,Lutjanus griseus_R,2015.0,0.00011971251774822321,0.0,1.2955900189201646e-07,0.0,3.5017246047264194e-11,0.0,924,
CK,Lutjanus griseus_R,2016.0,0.00014416690920742012,0.0,1.5602479351452393e-07,0.0,0.0,0.0,924,
CK,Lutjanus griseus_R,2017.0,4.661124121526375e-08,0.0,5.044506625028544e-11,0.0,5.948925434293845e-13,0.0,924,
CK,Lutjanus griseus_R,2018.0,1.2661725712082072e-05,0.0,1.3703166355067177e-08,0.0,0.0,0.0,924,
CK,Lutjanus griseus_R,2019.0,1.4250234840546124e-06,0.0,1.5422332078513121e-09,0.0,0.0,0.0,924,
CK,Lutjanus griseus_R,,9.771201244142548e-06,0.0,1.2689871745639672e-08,0.0,0.0,0.0,770,1.0
CK,Lutjanus griseus_R,,1.739552507231471e-05,0.0,2.2591591003006117e-08,0.0,0.0,0.0,770,2.0
CK,Lutjanus griseus_R,,5.234972965830705e-05,0.0,6.798666189390526e-08,0.0,0.0,0.0,770,3.0
CK,Lutjanus griseus_R,,3.3304771487012693e-07,0.0,4.325294998313337e-10,0.0,0.0,0.0,770,4.0
CK,Lutjanus griseus_R,,1.1794277239882798e-07,0.0,1.531724316867896e-10,0.0,0.0,0.0,770,5.0
CK,Lutjanus griseus_R,,3.695596763675265e-06,0.0,4.799476316461383e-09,0.0,0.0,0.0,770,6.0
CK,Lutjanus griseus_R,,1.130604395880662e-06,0.0,1.4683173972476131e-09,0.0,0.0,0.0,770,7.0
CK,Lutjanus griseus_R,,1.4566379784708911e-05,0.0,1.8917376343777805e-08,0.0,0.0,0.0,770,8.0
CK,Lutjanus griseus_R,,4.956879479116482e-05,0.0,6.437505817034392e-08,0.0,0.0,0.0,770,9.0
CK,Lutjanus griseus_R,,0.00012457424308683627,0.0,1.6178473128160555e-07,0.0,0.0,0.0,770,10.0
CK,Lutjanus griseus_R,,3.1180998097321165e-07,0.0,4.049480272379372e-10,0.0,0.0,0.0,770,11.0
CK,Lutjanus griseus_R,,1.2034586708997753e-05,0.0,1.562933338830877e-08,0.0,0.0,0.0,770,12.0
CK,Lutjanus griseus_SA,2010.0,4.43364492383122e-06,0.0,4.798317017133355e-09,0.0,0.0,0.0,924,
CK,Lutjanus griseus_SA,2011.0,2.6639193022622137e-05,0.0,2.883029547902829e-08,0.0,1.4372023571240788e-08,0.0,924,
CK,Lutjanus griseus_SA,2012.0,1.1776565767866164e-06,0.0,1.2745201047474204e-09,0.0,7.067170113006505e-11,0.0,924,
CK,Lutjanus griseus_SA,2013.0,0.00019676908907557218,0.0,2.129535596055976e-07,0.0,1.6261491393894378e-12,0.0,924,
CK,Lutjanus griseus_SA,2014.0,1.2764182631940089e-05,0.0,1.3814050467467628e-08,0.0,0.0,0.0,924,
CK,Lutjanus griseus_SA,2015.0,2.2049807603528396e-05,0.0,2.386342814234675e-08,0.0,1.3231835765958877e-10,0.0,924,
CK,Lutjanus griseus_SA,2016.0,0.00011691419130210878,0.0,1.2653051006721728e-07,0.0,2.3113437386257374e-08,0.0,924,
CK,Lutjanus griseus_SA,2017.0,7.195289162454018e-07,0.0,7.787109483175344e-10,0.0,1.1222202637647951e-13,0.0,924,
CK,Lutjanus griseus_SA,2018.0,3.505114326030068e-05,0.0,3.7934137727598133e-08,0.0,6.3798717420127105e-09,0.0,924,
CK,Lutjanus griseus_SA,2019.0,0.0028986913176653603,0.0,3.137111815655152e-06,0.0,1.0781234571766163e-08,0.0,924,
CK,Lutjanus griseus_SA,,4.427957807208739e-05,0.0,5.750594554816544e-08,0.0,1.7952356268224887e-10,0.0,770,1.0
CK,Lutjanus griseus_SA,,5.742557915077965e-05,0.0,7.457867422179176e-08,0.0,2.0641359455009223e-10,0.0,770,2.0
CK,Lutjanus griseus_SA,,1.9426672257831603e-05,0.0,2.5229444490690395e-08,0.0,1.0180130696757494e-10,0.0,770,3.0
CK,Lutjanus griseus_SA,,7.921435542376827e-06,0.0,1.0287578626463411e-08,0.0,8.288378317011791e-11,0.0,770,4.0
CK,Lutjanus griseus_SA,,3.2722538813613955e-05,0.0,4.2496803654044094e-08,0.0,1.1382440129326099e-10,0.0,770,5.0
CK,Lutjanus griseus_SA,,7.67190129336988e-05,0.0,9.963508173207636e-08,0.0,1.4475930176782725e-10,0.0,770,6.0
CK,Lutjanus griseus_SA,,9.931597169335007e-05,0.0,1.2898178141993515e-07,0.0,4.213292909005517e-10,0.0,770,7.0
CK,Lutjanus griseus_SA,,0.00022545205287383748,0.0,2.927948738621266e-07,0.0,3.9951100760937663e-10,0.0,770,8.0
CK,Lutjanus griseus_SA,,0.0006753341258604417,0.0,8.770573063122619e-07,0.0,8.568007692222323e-10,0.0,770,9.0
CK,Lutjanus griseus_SA,,0.0020197608474326555,0.0,2.623066035626825e-06,0.0,3.3508536223525454e-10,0.0,770,10.0
CK,Lutjanus griseus_SA,,4.006659237171304e-05,0.0,5.203453554767928e-08,0.0,2.0451193516457522e-10,0.0,770,11.0
CK,Lutjanus griseus_SA,,1.678534797590946e-05,0.0,2.179915321546683e-08,0.0,2.8879834634842894e-10,0.0,770,12.0
CK,Mycteroperca microlepis_SA,2010.0,9.460189185386062e-07,0.0,1.023829998418405e-09,0.0,1.2010577254972787e-10,0.0,924,
CK,Mycteroperca microlepis_SA,2011.0,8.228088689524942e-11,0.0,8.904857889096257e-14,0.0,0.0,0.0,924,
CK,Mycteroperca microlepis_SA,2012.0,2.078153872300446e-08,0.0,2.249084277381435e-11,0.0,7.678737881005107e-14,0.0,924,
CK,Mycteroperca microlepis_SA,2013.0,1.6605471861956526e-07,0.0,1.7971289893892346e-10,0.0,2.0067527148467587e-13,0.0,924,
CK,Mycteroperca microlepis_SA,2014.0,4.194263055376396e-09,0.0,4.539245730926835e-12,0.0,4.903927402501694e-14,0.0,924,
CK,Mycteroperca microlepis_SA,2015.0,1.9715854278692935e-07,0.0,2.133750463062006e-10,0.0,1.928992590660705e-10,0.0,924,
CK,Mycteroperca microlepis_SA,2016.0,9.048033891690088e-10,0.0,9.79224447152607e-13,0.0,0.0,0.0,924,
CK,Mycteroperca microlepis_SA,2017.0,0.0,0.0,0.0,0.0,0.0,0.0,924,
CK,Mycteroperca microlepis_SA,2018.0,0.0,0.0,0.0,0.0,0.0,0.0,924,
CK,Mycteroperca microlepis_SA,2019.0,0.0,0.0,0.0,0.0,0.0,0.0,924,
CK,Mycteroperca microlepis_SA,,7.871947851121851e-08,0.0,1.0223308897560846e-10,0.0,0.0,0.0,770,1.0
CK,Mycteroperca microlepis_SA,,2.4283118430544163e-07,0.0,3.153651744226515e-10,0.0,0.0,0.0,770,2.0
CK,Mycteroperca microlepis_SA,,8.442965547980884e-08,0.0,1.0964890322053096e-10,0.0,0.0,0.0,770,3.0
CK,Mycteroperca microlepis_SA,,2.041324988303171e-07,0.0,2.6510714133807414e-10,0.0,0.0,0.0,770,4.0
CK,Mycteroperca microlepis_SA,,5.334250940037331e-08,0.0,6.927598623425105e-11,0.0,0.0,0.0,770,5.0
CK,Mycteroperca microlepis_SA,,7.98290029906932e-08,0.0,1.0367402985804312e-10,0.0,0.0,0.0,770,6.0
CK,Mycteroperca microlepis_SA,,6.715570679809901e-08,0.0,8.721520363389482e-11,0.0,0.0,0.0,770,7.0
CK,Mycteroperca microlepis_SA,,1.4114799315485161e-07,0.0,1.8330908201928782e-10,0.0,0.0,0.0,770,8.0
CK,Mycteroperca microlepis_SA,,1.1740944496099136e-07,0.0,1.5247979865063812e-10,0.0,0.0,0.0,770,9.0
CK,Mycteroperca microlepis_SA,,8.856420244769895e-08,0.0,1.1501844473727137e-10,0.0,0.0,0.0,770,10.0
CK,Mycteroperca microlepis_SA,,9.781614554932349e-08,0.0,1.2703395525886166e-10,0.0,0.0,0.0,770,11.0
CK,Mycteroperca microlepis_SA,,7.981724357072883e-08,0.0,1.0365875788406341e-10,0.0,0.0,0.0,770,12.0
CK,Sciaenops ocellatus_R,2010.0,1.7182988202793466,26.000000528735633,0.0018596307578780807,0.02813852871075285,8.508174720311956e-11,0.0,924,
CK,Sciaenops ocellatus_R,2011.0,2.6959757191025426,48.000001178535264,0.0029177226397213664,0.051948053223523014,3.367216505623105e-10,0.0,924,
CK,Sciaenops ocellatus_R,2012.0,1.8007625122952597,70.00000351071512,0.0019488771778087227,0.075757579557051,0.0,0.0,924,
CK,Sciaenops ocellatus_R,2013.0,2.5181781288947023,79.99999738754043,0.0027253010052972967,0.08658008375274938,3.8653229922358534e-11,0.0,924,
CK,Sciaenops ocellatus_R,2014.0,4.941405061108679,26.000000191977975,0.005347840975225842,0.02813852834629651,9.262716815783278e-09,0.0,924,
CK,Sciaenops ocellatus_R,2015.0,24.26291756326868,3.000000063311572,0.02625856879141632,0.0032467533152722643,4.361321546964003e-11,0.0,924,
CK,Sciaenops ocellatus_R,2016.0,4.099997988247913,8.000000169400458,0.0044372272600085635,0.008658008841342487,2.4033192103090073e-09,0.0,924,
CK,Sciaenops ocellatus_R,2017.0,1.869233139690863,20.000000358460255,0.002022979588410025,0.021645022032965644,1.6263286828355204e-09,0.0,924,
CK,Sciaenops ocellatus_R,2018.0,0.06996113963296748,166.24999965497938,7.571551908329813e-05,0.17992424205084348,0.0,0.0,924,
CK,Sciaenops ocellatus_R,2019.0,1.7045163861101555,38.000000956025566,0.0018447147035824194,0.041125542160200826,2.9848807869825578e-09,0.0,924,
CK,Sciaenops ocellatus_R,,1.0137657987673923,17.00000037606012,0.0013165789594381718,0.022077922566311848,3.037990969900761e-09,0.0,770,1.0
CK,Sciaenops ocellatus_R,,0.09357364434536455,12.000000372250817,0.00012152421343553838,0.015584416067858204,5.354566234849755e-10,0.0,770,2.0
CK,Sciaenops ocellatus_R,,0.007395460116192381,2.0000000076186173,9.604493657392703e-06,0.0025974026072969054,1.0355100457659638e-10,0.0,770,3.0
CK,Sciaenops ocellatus_R,,2.2494528678607723e-05,0.0,2.9213673608581457e-08,0.0,5.117550654076819e-11,0.0,770,4.0
CK,Sciaenops ocellatus_R,,1.6063412800769519e-06,0.0,2.086157506593444e-09,0.0,4.692126548411224e-11,0.0,770,5.0
CK,Sciaenops ocellatus_R,,2.945326505825995e-06,0.0,3.825099358215578e-09,0.0,6.276304823082945e-11,0.0,770,6.0
CK,Sciaenops ocellatus_R,,3.93555739738733e-06,0.0,5.1111135031004285e-09,0.0,1.4322724256610186e-10,0.0,770,7.0
CK,Sciaenops ocellatus_R,,1.5124701172317883e-05,0.0,1.964246905495829e-08,0.0,1.2679806510318414e-10,0.0,770,8.0
CK,Sciaenops ocellatus_R,,0.34775005591994457,8.000000217474794,0.00045162344924668126,0.010389610672045187,2.2142372657629747e-10,0.0,770,9.0
CK,Sciaenops ocellatus_R,,4.007873827287255,43.00000103754981,0.005205030944528902,0.055844157191623126,2.730907833203844e-09,0.0,770,10.0
CK,Sciaenops ocellatus_R,,30.54208588227278,258.25000215708064,0.03966504660035426,0.33538961319101385,5.9069824587254516e-09,0.0,770,11.0
CK,Sciaenops ocellatus_R,,9.668755683467152,144.99999983164685,0.012556825562944353,0.18831168809304785,9.158378500018216e-09,0.0,770,12.0
CK,Sciaenops ocellatus_SA,2010.0,11.352567666421272,92.00000289673446,0.012286328643313065,0.09956710270209357,1.7020082850649487e-05,0.0,924,
CK,Sciaenops ocellatus_SA,2011.0,12.296358935147408,81.00000159373806,0.013307747765311047,0.0876623393871624,5.725593837269116e-05,0.0,924,
CK,Sciaenops ocellatus_SA,2012.0,11.033058936315706,109.00000303684499,0.011940539974367647,0.11796537125199674,7.866271971579408e-06,0.0,924,
CK,Sciaenops ocellatus_SA,2013.0,8.474525719467174,102.00000333367095,0.00917156463145798,0.11038961399747937,5.69585790799465e-06,0.0,924,
CK,Sciaenops ocellatus_SA,2014.0,12.252747269606623,173.0000049794063,0.01326054899308076,0.18722944261840507,5.182166660233634e-06,0.0,924,
CK,Sciaenops ocellatus_SA,2015.0,17.77004112404937,227.00000812076476,0.01923164623814867,0.24567100445970214,6.197036327648675e-06,0.0,924,
CK,Sciaenops ocellatus_SA,2016.0,37.92751490955518,235.0000071068574,0.04104709405796015,0.2543290120204084,8.032574623939581e-05,0.0,924,
CK,Sciaenops ocellatus_SA,2017.0,57.42094778339268,133.00000183970556,0.06214388288245961,0.14393939593041727,0.00023475485795639998,0.0,924,
CK,Sciaenops ocellatus_SA,2018.0,21.880605331373076,183.0000058912389,0.023680308800187313,0.19805195442774773,0.00028022180777040003,0.0,924,
CK,Sciaenops ocellatus_SA,2019.0,18.496774769161195,225.00000683110594,0.020018154512079216,0.2435065008994653,0.0003771124320337,0.0,924,
CK,Sciaenops ocellatus_SA,,3.71712466201514,84.0000028160139,0.0048274346259936885,0.10909091274807,4.562263029583846e-06,0.0,770,1.0
CK,Sciaenops ocellatus_SA,,7.935617704400769,129.0000043003316,0.010305997018702297,0.16753247311731376,1.5722853277111426e-05,0.0,770,2.0
CK,Sciaenops ocellatus_SA,,11.096531425173566,119.00000412547566,0.014411079772952683,0.15454545990321514,2.610901719890535e-05,0.0,770,3.0
CK,Sciaenops ocellatus_SA,,19.112962072335208,127.00000471992652,0.0248220286653704,0.16493507106483965,6.0791293435613625e-05,0.0,770,4.0
CK,Sciaenops ocellatus_SA,,21.923324207174154,134.0000044255545,0.028471849619706693,0.1740259797734474,2.164566012652358e-05,0.0,770,5.0
CK,Sciaenops ocellatus_SA,,19.736081196702095,121.00000272465198,0.025631274281431294,0.1571428606813662,1.2883566341770347e-05,0.0,770,6.0
CK,Sciaenops ocellatus_SA,,11.305356586805292,91.00000269605583,0.014682281281565315,0.11818182168318939,4.8376978156738915e-06,0.0,770,7.0
CK,Sciaenops ocellatus_SA,,15.004439649173332,125.00000274794596,0.019486285258666664,0.16233766590642332,5.36632305738749e-05,0.0,770,8.0
CK,Sciaenops ocellatus_SA,,13.250634849968547,115.00000310863388,0.01720861668827084,0.1493506533878362,2.472014784871135e-05,0.0,770,9.0
CK,Sciaenops ocellatus_SA,,36.80807060309515,179.0000032921947,0.04780268909492877,0.23246753674311,0.00015615715528835,0.0,770,10.0
CK,Sciaenops ocellatus_SA,,20.953199895728602,145.000004423218,0.027211947916530654,0.18831169405612727,0.00020762217172885,0.0,770,11.0
CK,Sciaenops ocellatus_SA,,28.061799591917815,191.00000625006473,0.03644389557391924,0.24805195616891523,0.00029803148936475004,0.0,770,12.0
TB,Archosargus probatocephalus_A,2010.0,55.7496408795085,376.0000057999574,0.02407152024158398,0.1623488798790835,4.5583547034766525e-06,0.0,2316,
TB,Archosargus probatocephalus_A,2011.0,126.87551538297902,215.0000043168825,0.054782174172270735,0.09283247163941385,2.5631230528233573e-05,0.0,2316,
TB,Archosargus probatocephalus_A,2012.0,86.71135255322316,286.00000640704224,0.03744013495389601,0.12348877651426694,4.689139359470573e-06,0.0,2316,
TB,Archosargus probatocephalus_A,2013.0,106.41488190474942,543.0000154319112,0.045947703758527386,0.23445596521239687,2.0994638362026308e-05,0.0,2316,
TB,Archosargus probatocephalus_A,2014.0,95.08182695675735,466.0000131496339,0.041054329428651705,0.20120898667946197,5.8555108353175456e-06,0.0,2316,
TB,Archosargus probatocephalus_A,2015.0,117.82509028495582,520.0000122560486,0.05087439131474776,0.22452504846979648,0.00019786308257605,0.0,2316,
TB,Archosargus probatocephalus_A,2016.0,215.83899945500417,534.0000139670908,0.09130245323815743,0.2258883307813413,0.0013958750059827499,0.0,2364,
TB,Archosargus probatocephalus_A,2017.0,193.4515997191042,458.00001246175054,0.08183231798608469,0.19373942997535978,0.00062594443443225,0.0,2364,
TB,Archosargus probatocephalus_A,2018.0,135.5794364951831,521.0000133378329,0.05735170748527204,0.2203891765388464,5.287283784127794e-05,0.0,2364,
TB,Archosargus probatocephalus_A,2019.0,170.37676920823316,438.0000045884191,0.0720713913740411,0.1852791897582145,0.00092675175983455,0.0,2364,
TB,Archosargus probatocephalus_A,,137.71899730562083,436.0000090094989,0.0707702966627034,0.2240493365927538,3.078034751524683e-05,0.0,1946,1.0
TB,Archosargus probatocephalus_A,,186.8320826295441,395.00001285322537,0.09600826445505863,0.20298047936959165,3.939858106605243e-05,0.0,1946,2.0
TB,Archosargus probatocephalus_A,,105.87914612199268,341.00000429429656,0.05440860540698493,0.1752312457832973,4.357710531621706e-05,0.0,1946,3.0
TB,Archosargus probatocephalus_A,,111.27202661429128,283.0000085192469,0.05717986979151659,0.14542652030793776,4.592136792780366e-05,0.0,1946,4.0
TB,Archosargus probatocephalus_A,,92.63750314894413,309.0000050044915,0.04760406122761775,0.15878725848123923,8.012776743271388e-05,0.0,1946,5.0
TB,Archosargus probatocephalus_A,,96.12101375898067,349.0000103882121,0.04939414889978452,0.1793422458315581,5.269914800010156e-05,0.0,1946,6.0
TB,Archosargus probatocephalus_A,,107.06680479371471,305.00000368737506,0.05501891304918536,0.15673175934603034,0.00016820731980255003,0.0,1946,7.0
TB,Archosargus probatocephalus_A,,78.721267039389,367.0000109741899,0.040452860760220456,0.18859198919536993,5.73991837882204e-05,0.0,1946,8.0
TB,Archosargus probatocephalus_A,,71.67386000131977,332.00001055021454,0.036831377184645304,0.1706063774667084,5.973910629109014e-05,0.0,1946,9.0
TB,Archosargus probatocephalus_A,,126.31796830703428,352.0000079755205,0.06491159728007928,0.18088386843551926,0.00029291352257125,0.0,1946,10.0
TB,Archosargus probatocephalus_A,,100.59544118483434,464.00000687165743,0.05169344356877407,0.23843782470280445,0.0001668629556661,0.0,1946,11.0
TB,Archosargus probatocephalus_A,,89.06900193403219,424.0000115886407,0.04577029904112651,0.21788284254298082,6.832118742750026e-05,0.0,1946,12.0
TB,Archosargus probatocephalus_R,2010.0,5.965377588630333e-07,0.0,2.5757243474224236e-10,0.0,0.0,0.0,2316,
TB,Archosargus probatocephalus_R,2011.0,1.2607312620667561e-06,0.0,5.44357194329342e-10,0.0,1.2248842912176983e-10,0.0,2316,
TB,Archosargus probatocephalus_R,2012.0,9.105305656020832e-06,0.0,3.931479126088442e-09,0.0,1.240100022670276e-09,0.0,2316,
TB,Archosargus probatocephalus_R,2013.0,1.0056326402451877e-05,0.0,4.342109845618254e-09,0.0,1.8177443578126784e-10,0.0,2316,
TB,Archosargus probatocephalus_R,2014.0,0.003992467108213506,0.0,1.7238631728037592e-06,0.0,4.733713074300816e-11,0.0,2316,
TB,Archosargus probatocephalus_R,2015.0,8.326256903446572e-05,0.0,3.595102289916482e-08,0.0,0.0,0.0,2316,
TB,Archosargus probatocephalus_R,2016.0,0.0022649588099557688,0.0,9.581044035345891e-07,0.0,8.257008854428705e-09,0.0,2364,
TB,Archosargus probatocephalus_R,2017.0,0.003554940162295465,0.0,1.503781794541229e-06,0.0,9.263579920509857e-12,0.0,2364,
TB,Archosargus probatocephalus_R,2018.0,0.01440823692341778,0.0,6.094854874542208e-06,0.0,1.792356410859619e-13,0.0,2364,
TB,Archosargus probatocephalus_R,2019.0,0.0001465848209918133,0.0,6.200711547877043e-08,0.0,6.93291691417075e-12,0.0,2364,
TB,Archosargus probatocephalus_R,,2.0759463438531015e-06,0.0,1.066776127365417e-09,0.0,3.3927733886218725e-11,0.0,1946,1.0
TB,Archosargus probatocephalus_R,,2.4479800545293456e-06,0.0,1.2579548070551623e-09,0.0,1.131060479650503e-11,0.0,1946,2.0
TB,Archosargus probatocephalus_R,,0.0022550984162964046,0.0,1.1588378295459427e-06,0.0,1.7073231717290582e-11,0.0,1946,3.0
TB,Archosargus probatocephalus_R,,0.002695042201079796,0.0,1.3849137723945508e-06,0.0,1.751817180900561e-11,0.0,1946,4.0
TB,Archosargus probatocephalus_R,,1.1007949113387157e-05,0.0,5.656705608112619e-09,0.0,4.963290022030886e-11,0.0,1946,5.0
TB,Archosargus probatocephalus_R,,0.0034911445432036,0.0,1.7940105566308325e-06,0.0,2.5807793402332635e-10,0.0,1946,6.0
TB,Archosargus probatocephalus_R,,0.015259707444246417,0.0,7.841576281729917e-06,0.0,5.5423670861087786e-11,0.0,1946,7.0
TB,Archosargus probatocephalus_R,,6.487808206901413e-05,0.0,3.333919941881507e-08,0.0,2.0068087816516034e-11,0.0,1946,8.0
TB,Archosargus probatocephalus_R,,0.0006406031556015303,0.0,3.291896996924616e-07,0.0,2.103105363471247e-11,0.0,1946,9.0
TB,Archosargus probatocephalus_R,,4.387092857825687e-05,0.0,2.254415651503436e-08,0.0,1.6752150881760297e-11,0.0,1946,10.0
TB,Archosargus probatocephalus_R,,3.2978873431191764e-06,0.0,1.6947005874199262e-09,0.0,8.884362429767423e-12,0.0,1946,11.0
TB,Archosargus probatocephalus_R,,2.2947610582929857e-06,0.0,1.1792194544157172e-09,0.0,1.2024682898709171e-11,0.0,1946,12.0
TB,Callinectes sapidus_R,2010.0,43.907487543062906,346.00000161797533,0.018958327954690372,0.1493955101977441,5.374540160119068e-05,0.0,2316,
TB,Callinectes sapidus_R,2011.0,19.714464071399895,479.0000030843121,0.008512290186269384,0.2068221084129154,4.384119392852881e-06,0.0,2316,
TB,Callinectes sapidus_R,2012.0,119.5963284208552,234.00000106263388,0.0516391746204038,0.10103626988887474,2.0058841073478106e-05,0.0,2316,
TB,Callinectes sapidus_R,2013.0,104.47593471332691,311.00000284597184,0.0451105072164624,0.13428324820637816,3.887000093527604e-05,0.0,2316,
TB,Callinectes sapidus_R,2014.0,81.43117373123226,274.00000415404793,0.035160264996214274,0.1183074283912124,1.6153317119460553e-05,0.0,2316,
TB,Callinectes sapidus_R,2015.0,61.82932639619962,252.0000019404373,0.02669660034378222,0.10880829099328035,3.487459980533458e-05,0.0,2316,
TB,Callinectes sapidus_R,2016.0,104.07620404643637,269.00000327142783,0.04402546702471928,0.11379018750906422,0.0001595264402567,0.0,2364,
TB,Callinectes sapidus_R,2017.0,69.58393654716357,291.00000317764096,0.029434829334671564,0.12309644804468738,8.724862345843576e-05,0.0,2364,
TB,Callinectes sapidus_R,2018.0,53.018017742551734,468.0000032514656,0.02242724946808449,0.1979695445226166,7.284158346010372e-05,0.0,2364,
TB,Callinectes sapidus_R,2019.0,52.52844024148596,251.00000202049137,0.022220152386415382,0.10617597378193375,0.00038427155232050004,0.0,2364,
TB,Callinectes sapidus_R,,134.23380190830963,494.00000751434624,0.0689793432211252,0.25385406347088707,0.0007768343493807499,0.0,1946,1.0
TB,Callinectes sapidus_R,,162.31022616385425,542.0000046674572,0.08340710491462192,0.27852004350845694,0.0014911222388036501,0.0,1946,2.0
TB,Callinectes sapidus_R,,131.85061514274142,470.0000018593525,0.06775468404046321,0.2415210698146724,0.00096867006504905,0.0,1946,3.0
TB,Callinectes sapidus_R,,31.516688858408187,239.0000043949498,0.016195626340394752,0.12281603514642847,0.00010546417615835,0.0,1946,4.0
TB,Callinectes sapidus_R,,6.868196107590963,123.00000060547785,0.0035293916277445853,0.0632065779062065,8.743312264414271e-06,0.0,1946,5.0
TB,Callinectes sapidus_R,,1.2388467442246378,55.00000080540953,0.0006366118932295158,0.02826310421655166,9.70885685092071e-06,0.0,1946,6.0
TB,Callinectes sapidus_R,,2.032369387630411,47.000000529307385,0.0010443830357813005,0.024152107157917463,5.334123443390126e-06,0.0,1946,7.0
TB,Callinectes sapidus_R,,0.9390456098667075,79.0000003264986,0.00048255170085647866,0.04059609472070842,3.209106466783851e-06,0.0,1946,8.0
TB,Callinectes sapidus_R,,7.802907519505906,148.00000105535898,0.004009716094299027,0.07605344350223997,1.2919217624585144e-05,0.0,1946,9.0
TB,Callinectes sapidus_R,,16.08226726107853,204.0000005485886,0.008264268890585062,0.10483042165908972,7.380119859590195e-05,0.0,1946,10.0
TB,Callinectes sapidus_R,,61.25163415717622,310.0000000915407,0.03147565989577401,0.15930113057119255,0.0001782029867172,0.0,1946,11.0
TB,Callinectes sapidus_R,,154.03471459332758,464.00000402811685,0.079154529595749,0.2384378232415811,0.0008834437758195499,0.0,1946,12.0
TB,Centropomus undecimalis_A,2010.0,124.08859310705789,294.99999163785867,0.053578839856242615,0.12737478049993897,0.00018584654026189998,0.0,2316,
TB,Centropomus undecimalis_A,2011.0,40.609231665266975,276.99999526686616,0.017534210563586776,0.11960276134147935,7.964420547068585e-06,0.0,2316,
TB,Centropomus undecimalis_A,2012.0,59.36685748227584,483.9999885728938,0.025633358152968844,0.20898099679313203,2.1985722924000584e-05,0.0,2316,
TB,Centropomus undecimalis_A,2013.0,121.00814316575469,913.9999690785974,0.05224876647916869,0.3946459279268555,6.589392069145106e-05,0.0,2316,
TB,Centropomus undecimalis_A,2014.0,198.21676362850786,939.9999821576996,0.0855858219466787,0.4058721857330309,0.0002966718166135,0.0,2316,
TB,Centropomus undecimalis_A,2015.0,301.52710751539234,1367.9999682037396,0.13019305160422812,0.5906735614005785,0.0011096781818196,0.0,2316,
TB,Centropomus undecimalis_A,2016.0,531.1939749979891,1251.9999784620275,0.22470134306175513,0.5296108199923975,0.004022026201710049,0.0,2364,
TB,Centropomus undecimalis_A,2017.0,843.8092756143546,1227.9999909167034,0.35694131794177436,0.5194585409969135,0.00641379575245075,0.0,2364,
TB,Centropomus undecimalis_A,2018.0,527.6504314703724,1385.999954206507,0.22320238217866853,0.5862943968724649,0.0028878891607745996,0.0,2364,
TB,Centropomus undecimalis_A,2019.0,333.4716446335268,1471.99997109661,0.14106245542873386,0.6226734226296996,0.00997711718082425,0.0,2364,
TB,Centropomus undecimalis_A,,50.38083560119252,490.9999825784638,0.02588943247748845,0.252312426813188,7.272273251146544e-06,0.0,1946,1.0
TB,Centropomus undecimalis_A,,65.89544505255647,501.9999748772573,0.03386199642988513,0.2579650436162679,3.913302680302877e-05,0.0,1946,2.0
TB,Centropomus undecimalis_A,,264.37444820075956,814.9999862825273,0.13585531767767706,0.4188078038450808,0.0004363736370578,0.0,1946,3.0
TB,Centropomus undecimalis_A,,250.85437868019844,940.9999916269728,0.1289076971635141,0.48355600803030463,0.0032981622498481997,0.0,1946,4.0
TB,Centropomus undecimalis_A,,230.62601384725676,713.0000108238744,0.11851285398111858,0.36639260576766414,0.0012736354838125,0.0,1946,5.0
TB,Centropomus undecimalis_A,,255.8762587510488,871.9999731231012,0.1314883138494598,0.44809865011464606,0.00137371337041255,0.0,1946,6.0
TB,Centropomus undecimalis_A,,448.3228516798563,753.9999958887097,0.23038173262068667,0.3874614572912177,0.0014977650134824,0.0,1946,7.0
TB,Centropomus undecimalis_A,,331.4664875216805,830.9999705361636,0.1703322135260434,0.4270297895869289,0.0015058412682264501,0.0,1946,8.0
TB,Centropomus undecimalis_A,,365.62760930498473,1021.9999788721636,0.1878867468165389,0.5251798452580492,0.0030824143905191998,0.0,1946,9.0
TB,Centropomus undecimalis_A,,365.17116890564705,1002.9999657666283,0.18765219368224412,0.5154162208461605,0.00242904049810015,0.0,1946,10.0
TB,Centropomus undecimalis_A,,294.78364115365133,895.9999917902297,0.1514818299864601,0.4604316504574665,0.0006409870111383,0.0,1946,11.0
TB,Centropomus undecimalis_A,,157.56288458166608,775.999967433411,0.08096756658872872,0.39876668418983097,5.469621464726515e-05,0.0,1946,12.0
TB,Centropomus undecimalis_SA,2010.0,0.7561517038235499,78.00000089362021,0.0003264903729808074,0.033678756862530315,1.1129915739038764e-10,0.0,2316,
TB,Centropomus undecimalis_SA,2011.0,2.226211297398106,103.00000263955037,0.0009612311301373514,0.04447323084609256,4.848323478801042e-11,0.0,2316,
TB,Centropomus undecimalis_SA,2012.0,8.204823562589437,111.00000249489918,0.0035426699320334357,0.04792746221714127,2.1235928571172735e-09,0.0,2316,
TB,Centropomus undecimalis_SA,2013.0,13.950192096042311,142.00000528841764,0.006023399005199616,0.061312610228159606,6.603921576253668e-10,0.0,2316,
TB,Centropomus undecimalis_SA,2014.0,16.367835309210427,133.00000158167137,0.007067286402940599,0.05742659826497037,4.16950071691069e-10,0.0,2316,
TB,Centropomus undecimalis_SA,2015.0,26.454547347901272,86.00000110365106,0.011422516126036819,0.037132988386723256,7.517913375165719e-11,0.0,2316,
TB,Centropomus undecimalis_SA,2016.0,14.5536313504674,144.0000031002578,0.00615635843928401,0.06091370689520211,2.4610713640627058e-11,0.0,2364,
TB,Centropomus undecimalis_SA,2017.0,14.0113299119365,149.00000297508262,0.005926958507587352,0.06302876606390974,1.8927128093981782e-11,0.0,2364,
TB,Centropomus undecimalis_SA,2018.0,8.55820700461079,154.00000411432492,0.0036202229291923812,0.06514382576748093,1.9006438645163826e-09,0.0,2364,
TB,Centropomus undecimalis_SA,2019.0,1.1450126042316906,142.0000013948759,0.0004843538934990231,0.06006768248514209,0.0,0.0,2364,
TB,Centropomus undecimalis_SA,,4.312713996012486,122.00000311699894,0.0022161942425552345,0.0626927045822194,2.779369095984307e-10,0.0,1946,1.0
TB,Centropomus undecimalis_SA,,4.620591278269385,124.00000433089352,0.002374404562317259,0.06372045443519708,2.900989309884139e-10,0.0,1946,2.0
TB,Centropomus undecimalis_SA,,2.8682287007772493,68.00000196836773,0.0014739099181794704,0.03494347480388886,2.3752658173670227e-10,0.0,1946,3.0
TB,Centropomus undecimalis_SA,,3.6411209173667682,84.00000138999657,0.0018710796081021419,0.043165468340183234,2.711668667387812e-10,0.0,1946,4.0
TB,Centropomus undecimalis_SA,,6.814506307344215,93.00000053484057,0.0035018018023351568,0.047790339432086625,1.483954070735649e-10,0.0,1946,5.0
TB,Centropomus undecimalis_SA,,5.741473368330293,81.00000172208621,0.002950397414352669,0.04162384466705355,2.0093419983435723e-10,0.0,1946,6.0
TB,Centropomus undecimalis_SA,,9.414871757710314,104.00000151867918,0.0048380635959456905,0.05344296069819074,3.416332633454644e-10,0.0,1946,7.0
TB,Centropomus undecimalis_SA,,16.029755580711434,147.00000470669153,0.008237284471074736,0.07553957076397304,3.762584410704761e-10,0.0,1946,8.0
TB,Centropomus undecimalis_SA,,5.390565617324811,81.00000133742888,0.0027700748290466655,0.04162384446938792,3.4252541081247756e-10,0.0,1946,9.0
TB,Centropomus undecimalis_SA,,8.543884901603484,110.00000127570758,0.004390485560947319,0.056526208260898034,3.645983098765626e-10,0.0,1946,10.0
TB,Centropomus undecimalis_SA,,20.223832119036384,113.00000180664604,0.01039251393578437,0.05806783237751595,4.152925225930914e-10,0.0,1946,11.0
TB,Centropomus undecimalis_SA,,18.62639764372466,115.00000187801436,0.009571632910444326,0.05909558164337839,4.054765828653828e-10,0.0,1946,12.0
TB,Cynoscion nebulosus_A,2010.0,8.22780265898265,118.00000375761452,0.003552591821667811,0.05094991526667294,7.054795503336209e-07,0.0,2316,
TB,Cynoscion nebulosus_A,2011.0,35.30525547875955,77.00000224212211,0.015244065405336592,0.03324697851559676,9.608314144315955e-08,0.0,2316,
TB,Cynoscion nebulosus_A,2012.0,9.557848393819693,94.00000415644418,0.004126877544827156,0.040587221138361045,3.944039939085542e-08,0.0,2316,
TB,Cynoscion nebulosus_A,2013.0,8.039543369057803,75.00000219404777,0.003471305427054319,0.03238342063646277,1.7947733077505745e-08,0.0,2316,
TB,Cynoscion nebulosus_A,2014.0,7.066182034328511,81.0000030288455,0.003051028512231654,0.03497409457204037,3.4822619454644155e-08,0.0,2316,
TB,Cynoscion nebulosus_A,2015.0,3.1625761346349144,48.000001270452714,0.001365533736888996,0.020725389149590982,4.658717145389347e-08,0.0,2316,
TB,Cynoscion nebulosus_A,2016.0,10.888902848086477,58.00000171389584,0.004606134876517122,0.024534687696233435,3.513572011115684e-08,0.0,2364,
TB,Cynoscion nebulosus_A,2017.0,2.0234659736820664,45.00000152623631,0.0008559500734695712,0.019035533640539896,2.002597732086997e-08,0.0,2364,
TB,Cynoscion nebulosus_A,2018.0,4.981659445452446,74.00000337107485,0.0021073009498529804,0.031302877906546046,2.718579139582289e-09,0.0,2364,
TB,Cynoscion nebulosus_A,2019.0,1.2749194012901541,35.00000108479026,0.00053930600731394,0.014805415010486574,2.8050268952029e-07,0.0,2364,
TB,Cynoscion nebulosus_A,,16.605402228401964,96.00000364731063,0.008533094670299056,0.0493319648752881,2.7873110752807406e-07,0.0,1946,1.0
TB,Cynoscion nebulosus_A,,7.779257747254612,100.00000445014619,0.0039975630766981565,0.051387463746221065,1.796164781353582e-07,0.0,1946,2.0
TB,Cynoscion nebulosus_A,,10.42785403715145,87.00000446542447,0.005358609474384096,0.04470709376434968,1.008723877760076e-07,0.0,1946,3.0
TB,Cynoscion nebulosus_A,,6.553027133905373,61.00000251922766,0.003367434292859904,0.03134635278480352,1.841207897257391e-08,0.0,1946,4.0
TB,Cynoscion nebulosus_A,,1.277517617956843,20.00000031887945,0.0006564838735646676,0.010277492455744835,3.709181761735181e-08,0.0,1946,5.0
TB,Cynoscion nebulosus_A,,0.6473351186830463,25.00000028604235,0.00033264908462643695,0.01284686551184088,3.380814206366267e-08,0.0,1946,6.0
TB,Cynoscion nebulosus_A,,17.46768265626425,45.00000084923643,0.008976198692838772,0.0231243580931328,3.370241330458157e-08,0.0,1946,7.0
TB,Cynoscion nebulosus_A,,1.3420231696564102,37.00000011719743,0.0006896316390834585,0.01901336080020423,1.0811557427103935e-08,0.0,1946,8.0
TB,Cynoscion nebulosus_A,,0.15967710467320567,13.000000257055596,8.20540106234356e-05,0.006680370121816853,1.1955868739477182e-08,0.0,1946,9.0
TB,Cynoscion nebulosus_A,,2.3137485338049784,32.999999955415596,0.0011889766360765562,0.016957862258692495,1.0271573458453531e-07,0.0,1946,10.0
TB,Cynoscion nebulosus_A,,20.310347453059418,96.00000420261884,0.01043697196971193,0.04933196516064688,1.3754024053014294e-07,0.0,1946,11.0
TB,Cynoscion nebulosus_A,,5.644282937282712,92.00000327696945,0.0029004537190558646,0.04727646622660301,1.4187997265935337e-07,0.0,1946,12.0
TB,Cynoscion nebulosus_R,2010.0,113.39611403727247,389.9999962950171,0.04896205269312283,0.16839378078368616,9.308802691521122e-05,0.0,2316,
TB,Cynoscion nebulosus_R,2011.0,58.326418298170886,496.00000806176047,0.025184118436170504,0.21416235235827308,4.383982513900264e-06,0.0,2316,
TB,Cynoscion nebulosus_R,2012.0,122.07563651022406,357.00000654515856,0.052709687612359266,0.1541450805462688,1.7617031517147552e-05,0.0,2316,
TB,Cynoscion nebulosus_R,2013.0,77.7297643681174,293.00000210968074,0.03356207442492116,0.12651122716307459,6.382305173247005e-06,0.0,2316,
TB,Cynoscion nebulosus_R,2014.0,138.40241015777465,420.0000059300942,0.05975924445499769,0.18134715281955707,2.7438984488981077e-06,0.0,2316,
TB,Cynoscion nebulosus_R,2015.0,152.75710199742548,485.99999964725674,0.06595729792634952,0.2098445594331851,1.9750692445086315e-05,0.0,2316,
TB,Cynoscion nebulosus_R,2016.0,114.90626737459895,360.0000047692384,0.048606712087393804,0.1522842659768352,1.4579464277630905e-05,0.0,2364,
TB,Cynoscion nebulosus_R,2017.0,222.23996343387736,363.99999813336,0.09401013681636099,0.15397631054710662,6.241937080631033e-05,0.0,2364,
TB,Cynoscion nebulosus_R,2018.0,127.87759584569258,369.0000031327777,0.05409373766738265,0.15609137188357772,2.3978541321412195e-06,0.0,2364,
TB,Cynoscion nebulosus_R,2019.0,56.37848544763429,312.99999711745284,0.02384876710982838,0.13240270605645213,3.678124812722672e-05,0.0,2364,
TB,Cynoscion nebulosus_R,,0.02366616191377574,11.000000112832584,1.2161439832361634e-05,0.00565262081851623,1.3752779803866135e-08,0.0,1946,1.0
TB,Cynoscion nebulosus_R,,0.004117136512476332,5.000000022855851,2.115691938579821e-06,0.0025693730847152372,3.949966576044517e-09,0.0,1946,2.0
TB,Cynoscion nebulosus_R,,0.016984241414617567,1.0000000038093086,8.72777051110872e-06,0.000513874616551546,1.8789910072314342e-08,0.0,1946,3.0
TB,Cynoscion nebulosus_R,,3.878507990613294,46.00000044667093,0.0019930667988763075,0.02363823250085865,3.9122845407746354e-07,0.0,1946,4.0
TB,Cynoscion nebulosus_R,,34.97604902019931,309.999999424699,0.01797330371027714,0.15930113022851952,5.45947696082294e-05,0.0,1946,5.0
TB,Cynoscion nebulosus_R,,185.84180064096864,610.0000062747116,0.09549938367984,0.3134635181267788,0.00676060095429415,0.0,1946,6.0
TB,Cynoscion nebulosus_R,,274.5138017961936,752.0000023380333,0.14106567409876342,0.38643371137617333,0.00761983473785215,0.0,1946,7.0
TB,Cynoscion nebulosus_R,,236.38811318617246,716.000001949051,0.12147385055815646,0.3679342250508998,0.006512813735753249,0.0,1946,8.0
TB,Cynoscion nebulosus_R,,204.71014594799345,619.0000003237976,0.10519534735251462,0.3180883866001016,0.010262589901685649,0.0,1946,9.0
TB,Cynoscion nebulosus_R,,215.61771665529847,521.000006050148,0.11080047104588822,0.2677286773125118,0.00263163354247805,0.0,1946,10.0
TB,Cynoscion nebulosus_R,,26.626861432038133,221.00000416504716,0.013682868156237479,0.11356629196559463,5.269777830108069e-05,0.0,1946,11.0
TB,Cynoscion nebulosus_R,,1.4919932614700044,36.000000630140285,0.0007666974622148019,0.0184994864491985,6.360053248499753e-07,0.0,1946,12.0
TB,Lutjanus griseus_R,2010.0,0.0005684834334698626,0.0,2.4545916816488023e-07,0.0,1.9864313527406807e-09,0.0,2316,
TB,Lutjanus griseus_R,2011.0,2.188279557008998e-05,0.0,9.448530038898954e-09,0.0,9.348947727083612e-10,0.0,2316,
TB,Lutjanus griseus_R,2012.0,1.290575077711094e-05,0.0,5.57243125091146e-09,0.0,1.565583464735107e-13,0.0,2316,
TB,Lutjanus griseus_R,2013.0,0.0010812757265319275,0.0,4.668720753592088e-07,0.0,0.0,0.0,2316,
TB,Lutjanus griseus_R,2014.0,0.0001686339107328007,0.0,7.281256940103658e-08,0.0,0.0,0.0,2316,
TB,Lutjanus griseus_R,2015.0,3.604517725725643e-05,0.0,1.5563548038539047e-08,0.0,1.3329468171591197e-11,0.0,2316,
TB,Lutjanus griseus_R,2016.0,6.971082258891405e-05,0.0,2.9488503633212374e-08,0.0,0.0,0.0,2364,
TB,Lutjanus griseus_R,2017.0,7.644753510111144e-08,0.0,3.233821281772904e-11,0.0,2.144828707543491e-13,0.0,2364,
TB,Lutjanus griseus_R,2018.0,0.0007760005608972401,0.0,3.2825742846752967e-07,0.0,0.0,0.0,2364,
TB,Lutjanus griseus_R,2019.0,3.789394792290596e-06,0.0,1.6029588799875619e-09,0.0,0.0,0.0,2364,
TB,Lutjanus griseus_R,,3.427763960188963e-05,0.0,1.7614408839614404e-08,0.0,5.1748938590742095e-17,0.0,1946,1.0
TB,Lutjanus griseus_R,,1.6689046288368991e-06,0.0,8.576077229377694e-10,0.0,0.0,0.0,1946,2.0
TB,Lutjanus griseus_R,,3.0006148698134974e-06,0.0,1.5419398097705537e-09,0.0,0.0,0.0,1946,3.0
TB,Lutjanus griseus_R,,6.311319872345858e-06,0.0,3.2432270669814274e-09,0.0,0.0,0.0,1946,4.0
TB,Lutjanus griseus_R,,4.5127646041415856e-05,0.0,2.3189951717068787e-08,0.0,0.0,0.0,1946,5.0
TB,Lutjanus griseus_R,,0.0008072457479137877,0.0,4.1482309759187445e-07,0.0,0.0,0.0,1946,6.0
TB,Lutjanus griseus_R,,4.002074834207276e-05,0.0,2.0565646630047667e-08,0.0,0.0,0.0,1946,7.0
TB,Lutjanus griseus_R,,0.0003238028245065114,0.0,1.663940516477448e-07,0.0,1.4910592868093517e-14,0.0,1946,8.0
TB,Lutjanus griseus_R,,0.001075544890871408,0.0,5.526952162751325e-07,0.0,6.931331932567322e-14,0.0,1946,9.0
TB,Lutjanus griseus_R,,0.000292238745614664,0.0,1.5017407277218089e-07,0.0,7.543246617817251e-15,0.0,1946,10.0
TB,Lutjanus griseus_R,,9.871627976620434e-05,0.0,5.072779021901559e-08,0.0,1.6190044817008848e-16,0.0,1946,11.0
TB,Lutjanus griseus_R,,1.0848658123644408e-05,0.0,5.574850012150261e-09,0.0,0.0,0.0,1946,12.0
TB,Lutjanus griseus_SA,2010.0,29.896144437601038,21.00000033030738,0.0129085252321248,0.009067357655573134,1.9971186510092662e-10,0.0,2316,
TB,Lutjanus griseus_SA,2011.0,4.196916416592456,26.000000292786048,0.0018121400762489018,0.011226252285313492,5.848908202210624e-08,0.0,2316,
TB,Lutjanus griseus_SA,2012.0,3.350199675037154,139.00000379333875,0.0014465456282543843,0.06001727279505127,2.0826388391625983e-09,0.0,2316,
TB,Lutjanus griseus_SA,2013.0,47.930262027433216,288.9999999292324,0.020695277213917625,0.1247841105048499,2.688609612722104e-10,0.0,2316,
TB,Lutjanus griseus_SA,2014.0,158.71643736047443,196.00000517120253,0.0685304133680805,0.0846286723537144,2.965256651332737e-10,0.0,2316,
TB,Lutjanus griseus_SA,2015.0,139.531458535134,264.00000043679603,0.060246743754375644,0.1139896374942988,1.1976096558896643e-08,0.0,2316,
TB,Lutjanus griseus_SA,2016.0,135.5657910423855,110.99999872056075,0.057345935297117394,0.046954314179594225,6.246170585200161e-07,0.0,2364,
TB,Lutjanus griseus_SA,2017.0,101.1320023145263,203.00000070801366,0.04278003482001959,0.08587140469882135,7.602676266316166e-09,0.0,2364,
TB,Lutjanus griseus_SA,2018.0,76.57962073056757,140.00000248720107,0.032394086603454976,0.05922165925854529,6.754487102966777e-08,0.0,2364,
TB,Lutjanus griseus_SA,2019.0,40.30126340253429,244.9999950795795,0.017047911760801306,0.10363789977985596,1.6548146390960028e-06,0.0,2364,
TB,Lutjanus griseus_SA,,0.06572272645959121,7.000000213665486,3.3773240729491886e-05,0.003597122411955543,2.017973677048701e-09,0.0,1946,1.0
TB,Lutjanus griseus_SA,,0.001126242262329065,0.0,5.787473084938668e-07,0.0,1.1012554201883518e-09,0.0,1946,2.0
TB,Lutjanus griseus_SA,,0.28271558065057945,7.0000001617818395,0.00014528036004654647,0.0035971223852938536,1.5502631400821085e-09,0.0,1946,3.0
TB,Lutjanus griseus_SA,,0.7622215365488412,8.000000086167425,0.000391686298329312,0.004110996961031565,7.946904023725665e-09,0.0,1946,4.0
TB,Lutjanus griseus_SA,,1.9651992549018882,28.00000042177183,0.0010098660097132004,0.01438848942537093,1.3927116793155392e-08,0.0,1946,5.0
TB,Lutjanus griseus_SA,,27.61950364533191,149.0000031337068,0.014192961791023593,0.07656731918484419,4.0184215066574325e-08,0.0,1946,6.0
TB,Lutjanus griseus_SA,,129.2586050250389,290.0000022324716,0.06642271584020498,0.14902363937948182,6.57666618053554e-07,0.0,1946,7.0
TB,Lutjanus griseus_SA,,202.73789015311706,395.00000217667184,0.10418185516604166,0.20298047388318183,1.0304184343112865e-05,0.0,1946,8.0
TB,Lutjanus griseus_SA,,183.10292052380464,319.9999988752621,0.09409194271521307,0.16443987609211824,3.022690179932397e-06,0.0,1946,9.0
TB,Lutjanus griseus_SA,,171.1336081217566,301.999997283585,0.08794121691765498,0.15519013221150307,8.654965029109007e-07,0.0,1946,10.0
TB,Lutjanus griseus_SA,,18.382058441250262,111.00000138970739,0.009446073196942581,0.057040082934073685,3.1902789743298854e-08,0.0,1946,11.0
TB,Lutjanus griseus_SA,,1.8885246911634532,17.000000974226655,0.0009704648978229462,0.008735868948729011,9.632402875325852e-09,0.0,1946,12.0
TB,Mycteroperca microlepis_SA,2010.0,2.9532858557592985e-05,0.0,1.275166604386571e-08,0.0,1.6425896753879954e-10,0.0,2316,
TB,Mycteroperca microlepis_SA,2011.0,3.425584880407534e-08,0.0,1.4790953715058435e-11,0.0,0.0,0.0,2316,
TB,Mycteroperca microlepis_SA,2012.0,1.0056081880365968e-07,0.0,4.342004266133838e-11,0.0,0.0,0.0,2316,
TB,Mycteroperca microlepis_SA,2013.0,0.00029772330036745027,0.0,1.2855064782705106e-07,0.0,4.2873777444940586e-13,0.0,2316,
TB,Mycteroperca microlepis_SA,2014.0,2.2899171773517963e-06,0.0,9.887379867667513e-10,0.0,3.580773373125512e-13,0.0,2316,
TB,Mycteroperca microlepis_SA,2015.0,7.2785039984533e-05,0.0,3.142704662544603e-08,0.0,2.561982570536969e-10,0.0,2316,
TB,Mycteroperca microlepis_SA,2016.0,1.7137142292969122e-07,0.0,7.24921416792264e-11,0.0,0.0,0.0,2364,
TB,Mycteroperca microlepis_SA,2017.0,3.775085643438092e-10,0.0,1.596905940540648e-13,0.0,0.0,0.0,2364,
TB,Mycteroperca microlepis_SA,2018.0,1.353980725266313e-11,0.0,5.727498837843964e-15,0.0,0.0,0.0,2364,
TB,Mycteroperca microlepis_SA,2019.0,0.0001618083756882654,0.0,6.844685942820026e-08,0.0,0.0,0.0,2364,
TB,Mycteroperca microlepis_SA,,9.381120969644021e-07,0.0,4.82071992273588e-10,0.0,0.0,0.0,1946,1.0
TB,Mycteroperca microlepis_SA,,5.893677012598971e-07,0.0,3.0286110033910436e-10,0.0,0.0,0.0,1946,2.0
TB,Mycteroperca microlepis_SA,,5.3918455830021e-07,0.0,2.770732570915776e-10,0.0,0.0,0.0,1946,3.0
TB,Mycteroperca microlepis_SA,,3.999808966002834e-07,0.0,2.0554002908544882e-10,0.0,0.0,0.0,1946,4.0
TB,Mycteroperca microlepis_SA,,8.022372079923068e-07,0.0,4.122493360700446e-10,0.0,0.0,0.0,1946,5.0
TB,Mycteroperca microlepis_SA,,1.2183932797825755e-05,0.0,6.261013770722382e-09,0.0,0.0,0.0,1946,6.0
TB,Mycteroperca microlepis_SA,,2.9856405283279928e-05,0.0,1.5342448758108904e-08,0.0,0.0,0.0,1946,7.0
TB,Mycteroperca microlepis_SA,,2.4746836576554585e-05,0.0,1.2716771108198656e-08,0.0,0.0,0.0,1946,8.0
TB,Mycteroperca microlepis_SA,,0.0001474136013994475,0.0,7.575210760506038e-08,0.0,0.0,0.0,1946,9.0
TB,Mycteroperca microlepis_SA,,0.00034356045916307667,0.0,1.7654699854217713e-07,0.0,0.0,0.0,1946,10.0
TB,Mycteroperca microlepis_SA,,2.5549871075434386e-06,0.0,1.3129430151816231e-09,0.0,0.0,0.0,1946,11.0
TB,Mycteroperca microlepis_SA,,8.609661252574767e-07,0.0,4.4242863579520896e-10,0.0,0.0,0.0,1946,12.0
TB,Sciaenops ocellatus_R,2010.0,9.987351250756845,112.00000246387077,0.0043123278284787755,0.048359241132932114,0.0,0.0,2316,
TB,Sciaenops ocellatus_R,2011.0,21.40948613996331,255.25000546299856,0.009244164999984157,0.11021157403410992,4.9893086623981064e-12,0.0,2316,
TB,Sciaenops ocellatus_R,2012.0,49.00892495242435,80.00000269217263,0.021161021136625366,0.034542315497483864,0.0,0.0,2316,
TB,Sciaenops ocellatus_R,2013.0,27.890293426820094,310.50000663725245,0.012042441030578624,0.13406736037877912,2.617552355421715e-11,0.0,2316,
TB,Sciaenops ocellatus_R,2014.0,39.475374349543145,498.75000073576723,0.017044634865951272,0.21534974125033127,8.191929357082017e-09,0.0,2316,
TB,Sciaenops ocellatus_R,2015.0,63.53849339681429,304.50000008654507,0.027434582641111524,0.13147668397519216,5.741532943526195e-11,0.0,2316,
TB,Sciaenops ocellatus_R,2016.0,119.06009758754783,306.0000097417125,0.0503638314668138,0.12944162848634203,2.4998972891765447e-09,0.0,2364,
TB,Sciaenops ocellatus_R,2017.0,164.22675115824686,363.00000350204965,0.06946986089604351,0.15355330097379427,8.972371179361005e-10,0.0,2364,
TB,Sciaenops ocellatus_R,2018.0,16.979980672787832,157.0000002376558,0.007182732941111604,0.0664128596605989,1.8438319074950017e-15,0.0,2364,
TB,Sciaenops ocellatus_R,2019.0,32.46294406799686,236.25000089707575,0.013732209842638265,0.09993654860282392,3.2180574649487426e-08,0.0,2364,
TB,Sciaenops ocellatus_R,,35.99058342155538,265.24999594908974,0.018494647184766382,0.13630523943940892,9.475921713963942e-10,0.0,1946,1.0
TB,Sciaenops ocellatus_R,,4.276242311190121,57.000000349018336,0.002197452369573546,0.02929085321121189,3.3398997456579593e-10,0.0,1946,2.0
TB,Sciaenops ocellatus_R,,0.06396200058928621,3.000000011427926,3.286844840148315e-05,0.0015416238496546383,1.1301718588763165e-10,0.0,1946,3.0
TB,Sciaenops ocellatus_R,,0.00013566164298996837,0.0,6.971307450666411e-08,0.0,3.6924139093508224e-11,0.0,1946,4.0
TB,Sciaenops ocellatus_R,,0.0010643693739573392,0.0,5.469524018280263e-07,0.0,3.503010208294466e-11,0.0,1946,5.0
TB,Sciaenops ocellatus_R,,0.00010518139334577416,0.0,5.405004796802372e-08,0.0,2.4774773378644088e-11,0.0,1946,6.0
TB,Sciaenops ocellatus_R,,0.0006075581896129201,0.0,3.122087305307914e-07,0.0,2.1268791415562927e-11,0.0,1946,7.0
TB,Sciaenops ocellatus_R,,0.0014436091424314859,0.0,7.41834091691411e-07,0.0,6.36301393519556e-11,0.0,1946,8.0
TB,Sciaenops ocellatus_R,,0.2893551845151509,3.000000011427926,0.00014869228392351024,0.0015416238496546383,4.118118068774379e-10,0.0,1946,9.0
TB,Sciaenops ocellatus_R,,41.053954028235424,301.5000085311308,0.021096584803820876,0.15493320068403432,1.7716580980042804e-09,0.0,1946,10.0
TB,Sciaenops ocellatus_R,,192.57838057628993,996.2500236560064,0.09896114109778517,0.5119475969455326,1.952435546570541e-09,0.0,1946,11.0
TB,Sciaenops ocellatus_R,,269.7838631007838,997.2500039489994,0.13863507867460625,0.512461461433196,3.036968565517384e-09,0.0,1946,12.0
TB,Sciaenops ocellatus_SA,2010.0,8.606556355787804,114.00000381800791,0.0037161296873004335,0.049222799575996505,1.207285265536484e-06,0.0,2316,
TB,Sciaenops ocellatus_SA,2011.0,20.961528643591397,126.00000266296175,0.009050746391878842,0.05440414622753098,3.560490085874335e-06,0.0,2316,
TB,Sciaenops ocellatus_SA,2012.0,36.503405023488455,126.00000311139361,0.015761401132767035,0.05440414642115441,5.6309231695195194e-06,0.0,2316,
TB,Sciaenops ocellatus_SA,2013.0,18.62949354689251,204.00000479264838,0.008043822774996765,0.08808290362376874,9.977045920095406e-06,0.0,2316,
TB,Sciaenops ocellatus_SA,2014.0,16.49779709893991,177.00000375664263,0.007123401165345384,0.07642487208836038,1.1980709132330958e-05,0.0,2316,
TB,Sciaenops ocellatus_SA,2015.0,42.574297303136746,137.00000305662175,0.018382684500490822,0.05915371461857589,3.4003769542323425e-06,0.0,2316,
TB,Sciaenops ocellatus_SA,2016.0,30.310509735887997,127.00000443209332,0.012821704626010151,0.053722506104946416,4.8914653234533034e-06,0.0,2364,
TB,Sciaenops ocellatus_SA,2017.0,26.02387083977114,82.00000206092818,0.011008405600580008,0.03468697210699161,7.278105385921663e-06,0.0,2364,
TB,Sciaenops ocellatus_SA,2018.0,23.614507707318996,148.00000270447376,0.009989216458256766,0.06260575410510734,3.231252549085184e-06,0.0,2364,
TB,Sciaenops ocellatus_SA,2019.0,9.653998538227043,105.00000196874859,0.004083755726830391,0.04441624448762631,2.5657470359874424e-05,0.0,2364,
TB,Sciaenops ocellatus_SA,,7.186106748655841,115.0000036743977,0.0036927578358971432,0.05909558256649419,2.109481897605292e-06,0.0,1946,1.0
TB,Sciaenops ocellatus_SA,,16.739265536462803,97.00000336383711,0.008601883626137103,0.04984583934421229,3.5354134979570517e-06,0.0,1946,2.0
TB,Sciaenops ocellatus_SA,,41.15600248314024,98.00000293421476,0.021149024914255007,0.05035971373803431,7.1542294790560845e-06,0.0,1946,3.0
TB,Sciaenops ocellatus_SA,,20.79892588883043,116.00000239198198,0.010688040025092717,0.05960945652208735,7.515438483096659e-06,0.0,1946,4.0
TB,Sciaenops ocellatus_SA,,9.750665940241278,79.00000145332434,0.00501061970207671,0.04059609529975557,4.8129670631169574e-06,0.0,1946,5.0
TB,Sciaenops ocellatus_SA,,8.51390947440425,107.00000211881422,0.004375081949848021,0.05498458485036702,5.4559668569709174e-06,0.0,1946,6.0
TB,Sciaenops ocellatus_SA,,16.50504312944368,79.00000190969934,0.008481522677000863,0.040596095534275095,9.751679954206338e-06,0.0,1946,7.0
TB,Sciaenops ocellatus_SA,,34.231344006001294,116.00000177570996,0.017590618708119884,0.059609456205400806,7.1928411671251524e-06,0.0,1946,8.0
TB,Sciaenops ocellatus_SA,,11.076692503609411,143.00000448461995,0.005692031091268968,0.07348407219147993,1.2752634575008415e-05,0.0,1946,9.0
TB,Sciaenops ocellatus_SA,,13.516626237878384,103.00000169658938,0.006945851098601431,0.052929086175020235,1.3478792425303254e-05,0.0,1946,10.0
TB,Sciaenops ocellatus_SA,,33.210684073827764,139.00000292148025,0.017066127478842633,0.07142857292984596,9.045872047863668e-06,0.0,1946,11.0
TB,Sciaenops ocellatus_SA,,20.69069877054662,154.00000363985092,0.010632424856396002,0.079136692517909,3.6629304531743405e-06,0.0,1946,12.0
