year,species,common,group,rel_mse_increase,delta_mse_count,delta_rmse_count,baseline_mse_count,baseline_rmse_count
2010,Archosargus probatocephalus_A,Sheepshead (Adult),env,0.01141170430789277,0.0018438398838043213,0.04293995672802106,0.16157445311546326,0.40196324846366643
2010,Archosargus probatocephalus_R,Sheepshead (Recruit),env,0.006303366379288344,5.1328291495641075e-05,0.007164376560151,0.008142996579408646,0.0902385537307012
2010,Callinectes sapidus_R,Blue Crab (Recruit),env,-0.0011429764269014016,-0.00021545092264811197,0.0,0.18849988281726837,0.4341657319702562
2010,Centropomus undecimalis_A,Common Snook (Adult),env,0.012432606765127497,0.0012384628256162007,0.0351918005452435,0.09961409121751785,0.31561700083727723
2010,Centropomus undecimalis_SA,Common Snook (Sub-adult),env,0.0005768073540063385,3.3332034945487976e-06,0.0018257063001887236,0.0057787117548286915,0.07601783839881723
2010,Cynoscion nebulosus_A,Spotted Seatrout (Adult),env,0.007798971344468078,0.0003671695788701375,0.01916166952199462,0.04707923159003258,0.21697749097552166
2010,Cynoscion nebulosus_R,Spotted Seatrout (Recruit),env,0.006824850152866195,0.0008440737922986349,0.029052948082744286,0.12367653101682663,0.3516767422176602
2010,Lutjanus griseus_R,Gray Snapper (Recruit),env,0.00016136138333252065,2.89951761563619e-06,0.0017027969977763614,0.01796909235417843,0.13404884316613266
2010,Lutjanus griseus_SA,Gray Snapper (Sub-adult),env,-0.016915053269981436,-0.0006699686249097189,0.0,0.039607834070920944,0.19901717029171365
2010,Mycteroperca microlepis_SA,Gag Grouper (Sub-adult),env,-0.010127046557952296,-0.00011675556500752766,0.0,0.011529083363711834,0.10737356920449201
2010,Sciaenops ocellatus_R,Red Drum (Recruit),env,0.0069115368335748205,0.0002401098608970642,0.015495478724359057,0.03474044427275658,0.18638788660413685
2010,Sciaenops ocellatus_SA,Red Drum (Sub-adult),env,0.015313280185360267,0.0008941702544689178,0.02990267972053538,0.058391816914081573,0.24164398795352135
2010,Archosargus probatocephalus_A,Sheepshead (Adult),restoration,3.0065263737679947e-05,4.857778549194336e-06,0.0022040368756430406,0.16157445311546326,0.40196324846366643
2010,Archosargus probatocephalus_R,Sheepshead (Recruit),restoration,8.044092814986334e-06,6.550302108128865e-08,0.0002559355799440333,0.008142996579408646,0.0902385537307012
2010,Callinectes sapidus_R,Blue Crab (Recruit),restoration,0.0001382343769717067,2.605716387430827e-05,0.005104621815013162,0.18849988281726837,0.4341657319702562
2010,Centropomus undecimalis_A,Common Snook (Adult),restoration,-0.0006481187906781314,-6.456176439921062e-05,0.0,0.09961409121751785,0.31561700083727723
2010,Centropomus undecimalis_SA,Common Snook (Sub-adult),restoration,0.002477768202026389,1.4318308482567469e-05,0.003783954080398898,0.0057787117548286915,0.07601783839881723
2010,Cynoscion nebulosus_A,Spotted Seatrout (Adult),restoration,-0.0004651677420186382,-2.1899739901224773e-05,0.0,0.04707923159003258,0.21697749097552166
2010,Cynoscion nebulosus_R,Spotted Seatrout (Recruit),restoration,0.0010796455942402837,0.00013352682193120322,0.011555380648477281,0.12367653101682663,0.3516767422176602
2010,Lutjanus griseus_R,Gray Snapper (Recruit),restoration,0.0006641385758103597,1.1933967471122742e-05,0.003454557492808991,0.01796909235417843,0.13404884316613266
2010,Lutjanus griseus_SA,Gray Snapper (Sub-adult),restoration,-0.013573457894782705,-0.0005376152694225311,0.0,0.039607834070920944,0.19901717029171365
2010,Mycteroperca microlepis_SA,Gag Grouper (Sub-adult),restoration,-0.006628560397268561,-7.642122606436412e-05,0.0,0.011529083363711834,0.10737356920449201
2010,Sciaenops ocellatus_R,Red Drum (Recruit),restoration,2.5878676614371856e-05,8.99036725362142e-07,0.0009481754718205602,0.03474044427275658,0.18638788660413685
2010,Sciaenops ocellatus_SA,Red Drum (Sub-adult),restoration,0.005009282410592929,0.00029250110189119977,0.017102663590540503,0.058391816914081573,0.24164398795352135
2010,Archosargus probatocephalus_A,Sheepshead (Adult),habitat_structured,0.0016004065748298762,0.00025858481725056964,0.016080572665504472,0.16157445311546326,0.40196324846366643
2010,Archosargus probatocephalus_R,Sheepshead (Recruit),habitat_structured,0.00697110233025747,5.676566312710444e-05,0.007534299113195894,0.008142996579408646,0.0902385537307012
2010,Callinectes sapidus_R,Blue Crab (Recruit),habitat_structured,-0.0032133300293922516,-0.0006057123343149821,0.0,0.18849988281726837,0.4341657319702562
2010,Centropomus undecimalis_A,Common Snook (Adult),habitat_structured,0.0007368000700458077,7.339566946029663e-05,0.008567127258322748,0.09961409121751785,0.31561700083727723
2010,Centropomus undecimalis_SA,Common Snook (Sub-adult),habitat_structured,0.00014518225521115112,8.389664192994436e-07,0.0009159511009324917,0.0057787117548286915,0.07601783839881723
2010,Cynoscion nebulosus_A,Spotted Seatrout (Adult),habitat_structured,-0.00030327164310106045,-1.4277795950571695e-05,0.0,0.04707923159003258,0.21697749097552166
2010,Cynoscion nebulosus_R,Spotted Seatrout (Recruit),habitat_structured,0.002500343932320928,0.0003092338641484578,0.017585046606377188,0.12367653101682663,0.3516767422176602
2010,Lutjanus griseus_R,Gray Snapper (Recruit),habitat_structured,0.002545190761810879,4.573476811250051e-05,0.006762748561975412,0.01796909235417843,0.13404884316613266
2010,Lutjanus griseus_SA,Gray Snapper (Sub-adult),habitat_structured,-0.019003029161456412,-0.0007526688277721405,0.0,0.039607834070920944,0.19901717029171365
2010,Mycteroperca microlepis_SA,Gag Grouper (Sub-adult),habitat_structured,-0.002517221189333608,-2.902125318845113e-05,0.0,0.011529083363711834,0.10737356920449201
2010,Sciaenops ocellatus_R,Red Drum (Recruit),habitat_structured,0.004418712543847048,0.0001535080373287201,0.012389836049307516,0.03474044427275658,0.18638788660413685
2010,Sciaenops ocellatus_SA,Red Drum (Sub-adult),habitat_structured,0.008663236777849926,0.0005058621366818746,0.02249137916362344,0.058391816914081573,0.24164398795352135
2010,Archosargus probatocephalus_A,Sheepshead (Adult),habitat_open,0.0008722615473342857,0.00014093518257141113,0.011871612467201375,0.16157445311546326,0.40196324846366643
2010,Archosargus probatocephalus_R,Sheepshead (Recruit),habitat_open,0.0097399476997685,7.931236177682877e-05,0.008905748804947777,0.008142996579408646,0.0902385537307012
2010,Callinectes sapidus_R,Blue Crab (Recruit),habitat_open,-0.005964078189219443,-0.001124228040377299,0.0,0.18849988281726837,0.4341657319702562
2010,Centropomus undecimalis_A,Common Snook (Adult),habitat_open,0.0036934743131640164,0.0003679220875104268,0.019181295251114477,0.09961409121751785,0.31561700083727723
2010,Centropomus undecimalis_SA,Common Snook (Sub-adult),habitat_open,0.0006477196858763549,3.742985427379608e-06,0.0019346796704828445,0.0057787117548286915,0.07601783839881723
2010,Cynoscion nebulosus_A,Spotted Seatrout (Adult),habitat_open,0.000810430031824942,3.8154423236846924e-05,0.006176926682165406,0.04707923159003258,0.21697749097552166
2010,Cynoscion nebulosus_R,Spotted Seatrout (Recruit),habitat_open,0.015944998926739496,0.0019720221559206643,0.04440745608476874,0.12367653101682663,0.3516767422176602
2010,Lutjanus griseus_R,Gray Snapper (Recruit),habitat_open,0.0016175874005807183,2.9066577553749084e-05,0.005391342834002405,0.01796909235417843,0.13404884316613266
2010,Lutjanus griseus_SA,Gray Snapper (Sub-adult),habitat_open,0.03620287909502377,0.001433917631705602,0.03786710487620623,0.039607834070920944,0.19901717029171365
2010,Mycteroperca microlepis_SA,Gag Grouper (Sub-adult),habitat_open,0.005213289915567154,6.010445455710093e-05,0.007752706273108825,0.011529083363711834,0.10737356920449201
2010,Sciaenops ocellatus_R,Red Drum (Recruit),habitat_open,0.00307695320303173,0.00010689472158749898,0.010338990356292,0.03474044427275658,0.18638788660413685
2010,Sciaenops ocellatus_SA,Red Drum (Sub-adult),habitat_open,-8.478775040451183e-05,-4.950910806655884e-06,0.0,0.058391816914081573,0.24164398795352135
2010,Archosargus probatocephalus_A,Sheepshead (Adult),shoreline,0.01390521522025545,0.002246727546056112,0.04739965765758348,0.16157445311546326,0.40196324846366643
2010,Archosargus probatocephalus_R,Sheepshead (Recruit),shoreline,0.008074286755789506,6.574889024098714e-05,0.008108568939152403,0.008142996579408646,0.0902385537307012
2010,Callinectes sapidus_R,Blue Crab (Recruit),shoreline,0.00017169942820199034,3.236532211303711e-05,0.005689052830923361,0.18849988281726837,0.4341657319702562
2010,Centropomus undecimalis_A,Common Snook (Adult),shoreline,0.025177829375627864,0.0025080665946006775,0.050080600980825674,0.09961409121751785,0.31561700083727723
2010,Centropomus undecimalis_SA,Common Snook (Sub-adult),shoreline,-0.0011125446491379591,-6.429074952999751e-06,0.0,0.0057787117548286915,0.07601783839881723
2010,Cynoscion nebulosus_A,Spotted Seatrout (Adult),shoreline,-0.0004045292390190437,-1.9044925769170124e-05,0.0,0.04707923159003258,0.21697749097552166
2010,Cynoscion nebulosus_R,Spotted Seatrout (Recruit),shoreline,0.006702497681821722,0.0008289416631062826,0.028791347017919855,0.12367653101682663,0.3516767422176602
2010,Lutjanus griseus_R,Gray Snapper (Recruit),shoreline,0.0012572021268851743,2.259078125158946e-05,0.004752976041554329,0.01796909235417843,0.13404884316613266
2010,Lutjanus griseus_SA,Gray Snapper (Sub-adult),shoreline,-0.03040530438964778,-0.001204288254181544,0.0,0.039607834070920944,0.19901717029171365
2010,Mycteroperca microlepis_SA,Gag Grouper (Sub-adult),shoreline,-0.010072492943113503,-0.00011612661182880402,0.0,0.011529083363711834,0.10737356920449201
2010,Sciaenops ocellatus_R,Red Drum (Recruit),shoreline,0.0020287595680642512,7.048000892003377e-05,0.008395237275981767,0.03474044427275658,0.18638788660413685
2010,Sciaenops ocellatus_SA,Red Drum (Sub-adult),shoreline,-0.0007242366761414746,-4.228949546813965e-05,0.0,0.058391816914081573,0.24164398795352135
2010,Archosargus probatocephalus_A,Sheepshead (Adult),water_effort,0.029866734623960195,0.004825701316197713,0.069467267948277,0.16157445311546326,0.40196324846366643
2010,Archosargus probatocephalus_R,Sheepshead (Recruit),water_effort,-0.006808733651115163,-5.544349551200867e-05,0.0,0.008142996579408646,0.0902385537307012
2010,Callinectes sapidus_R,Blue Crab (Recruit),water_effort,0.011873927185185401,0.0022382338841756186,0.04730997658185447,0.18849988281726837,0.4341657319702562
2010,Centropomus undecimalis_A,Common Snook (Adult),water_effort,0.025467408532179894,0.002536912759145101,0.05036777500689405,0.09961409121751785,0.31561700083727723
2010,Centropomus undecimalis_SA,Common Snook (Sub-adult),water_effort,0.001983477016014252,1.1461942146221796e-05,0.0033855490169574856,0.0057787117548286915,0.07601783839881723
2010,Cynoscion nebulosus_A,Spotted Seatrout (Adult),water_effort,0.018825709894058112,0.0008862999578317007,0.029770790346104362,0.04707923159003258,0.21697749097552166
2010,Cynoscion nebulosus_R,Spotted Seatrout (Recruit),water_effort,-0.002425683422335149,-0.0003000001112620036,0.0,0.12367653101682663,0.3516767422176602
2010,Lutjanus griseus_R,Gray Snapper (Recruit),water_effort,-0.002339049003146678,-4.2030587792396545e-05,0.0,0.01796909235417843,0.13404884316613266
2010,Lutjanus griseus_SA,Gray Snapper (Sub-adult),water_effort,0.000266330653584587,1.054878036181132e-05,0.003247888600585205,0.039607834070920944,0.19901717029171365
2010,Mycteroperca microlepis_SA,Gag Grouper (Sub-adult),water_effort,0.0036552268279969754,4.214141517877579e-05,0.006491641947826127,0.011529083363711834,0.10737356920449201
2010,Sciaenops ocellatus_R,Red Drum (Recruit),water_effort,0.0022585936711449293,7.846454779307048e-05,0.008858021663614877,0.03474044427275658,0.18638788660413685
2010,Sciaenops ocellatus_SA,Red Drum (Sub-adult),water_effort,0.019494462520520114,0.001138317088286082,0.03373895505622665,0.058391816914081573,0.24164398795352135
2010,Archosargus probatocephalus_A,Sheepshead (Adult),bycatch,0.002439313509530846,0.00039413074652353924,0.01985272642544442,0.16157445311546326,0.40196324846366643
2010,Archosargus probatocephalus_R,Sheepshead (Recruit),bycatch,-0.001622047473929969,-1.3208327194054922e-05,0.0,0.008142996579408646,0.0902385537307012
2010,Callinectes sapidus_R,Blue Crab (Recruit),bycatch,-0.001283134385557999,-0.00024187068144480386,0.0,0.18849988281726837,0.4341657319702562
2010,Centropomus undecimalis_A,Common Snook (Adult),bycatch,0.004666001539920923,0.00046479950348536175,0.02155920925000177,0.09961409121751785,0.31561700083727723
2010,Centropomus undecimalis_SA,Common Snook (Sub-adult),bycatch,0.0004329681353836346,2.501998096704483e-06,0.00158177055754129,0.0057787117548286915,0.07601783839881723
2010,Cynoscion nebulosus_A,Spotted Seatrout (Adult),bycatch,-0.0009848811230991127,-4.636744658152262e-05,0.0,0.04707923159003258,0.21697749097552166
2010,Cynoscion nebulosus_R,Spotted Seatrout (Recruit),bycatch,0.001512025933404829,0.00018700212240219116,0.013674871933666916,0.12367653101682663,0.3516767422176602
2010,Lutjanus griseus_R,Gray Snapper (Recruit),bycatch,-4.3674687051885676e-05,-7.847944895426432e-07,0.0,0.01796909235417843,0.13404884316613266
2010,Lutjanus griseus_SA,Gray Snapper (Sub-adult),bycatch,-0.0009537114163676448,-3.777444362640381e-05,0.0,0.039607834070920944,0.19901717029171365
2010,Mycteroperca microlepis_SA,Gag Grouper (Sub-adult),bycatch,0.0016376316620265645,1.8880392114321392e-05,0.004345157317557259,0.011529083363711834,0.10737356920449201
2010,Sciaenops ocellatus_R,Red Drum (Recruit),bycatch,0.0013069446570827244,4.540383815765381e-05,0.006738237021480753,0.03474044427275658,0.18638788660413685
2010,Sciaenops ocellatus_SA,Red Drum (Sub-adult),bycatch,0.002463374430864572,0.00014384090900421143,0.01199336937662688,0.058391816914081573,0.24164398795352135
2010,Archosargus probatocephalus_A,Sheepshead (Adult),na_indicators,-0.0001417494182969758,-2.2903084754943848e-05,0.0,0.16157445311546326,0.40196324846366643
2010,Archosargus probatocephalus_R,Sheepshead (Recruit),na_indicators,0.0167534054192082,0.00013642292469739914,0.011680022461339668,0.008142996579408646,0.0902385537307012
2010,Callinectes sapidus_R,Blue Crab (Recruit),na_indicators,-0.0016525147699250186,-0.00031149884064992267,0.0,0.18849988281726837,0.4341657319702562
2010,Centropomus undecimalis_A,Common Snook (Adult),na_indicators,0.0019529577331200978,0.00019454210996627808,0.01394783531471024,0.09961409121751785,0.31561700083727723
2010,Centropomus undecimalis_SA,Common Snook (Sub-adult),na_indicators,-0.0011375788511466163,-6.573740392923355e-06,0.0,0.0057787117548286915,0.07601783839881723
2010,Cynoscion nebulosus_A,Spotted Seatrout (Adult),na_indicators,-0.0002641559841413394,-1.243626077969869e-05,0.0,0.04707923159003258,0.21697749097552166
2010,Cynoscion nebulosus_R,Spotted Seatrout (Recruit),na_indicators,0.004744637256027369,0.0005868002772331238,0.024223960808115667,0.12367653101682663,0.3516767422176602
2010,Lutjanus griseus_R,Gray Snapper (Recruit),na_indicators,0.005117090806130545,9.19494777917862e-05,0.00958902903279504,0.01796909235417843,0.13404884316613266
2010,Lutjanus griseus_SA,Gray Snapper (Sub-adult),na_indicators,-0.012369185609262852,-0.0004899166524410248,0.0,0.039607834070920944,0.19901717029171365
2010,Mycteroperca microlepis_SA,Gag Grouper (Sub-adult),na_indicators,-0.012174234232663,-0.00014035776257514954,0.0,0.011529083363711834,0.10737356920449201
2010,Sciaenops ocellatus_R,Red Drum (Recruit),na_indicators,-0.0029480602363584907,-0.00010241692264874776,0.0,0.03474044427275658,0.18638788660413685
2010,Sciaenops ocellatus_SA,Red Drum (Sub-adult),na_indicators,-0.0036874909316883787,-0.000215319295724233,0.0,0.058391816914081573,0.24164398795352135
2010,Archosargus probatocephalus_A,Sheepshead (Adult),prey_community,0.06199189930976973,0.010016307234764099,0.10008150296015793,0.16157445311546326,0.40196324846366643
2010,Archosargus probatocephalus_R,Sheepshead (Recruit),prey_community,0.062448503695171464,0.0005085179582238197,0.02255034275180357,0.008142996579408646,0.0902385537307012
2010,Callinectes sapidus_R,Blue Crab (Recruit),prey_community,0.19213930178389868,0.036218235890070595,0.1903108927257465,0.18849988281726837,0.4341657319702562
2010,Centropomus undecimalis_A,Common Snook (Adult),prey_community,0.03112949754878812,0.0031009366114934287,0.055686054012593036,0.09961409121751785,0.31561700083727723
2010,Centropomus undecimalis_SA,Common Snook (Sub-adult),prey_community,0.02123066866871109,0.00012268591672182083,0.011076367487665838,0.0057787117548286915,0.07601783839881723
2010,Cynoscion nebulosus_A,Spotted Seatrout (Adult),prey_community,0.013144153836150042,0.0006188166638215383,0.024876025884806002,0.04707923159003258,0.21697749097552166
2010,Cynoscion nebulosus_R,Spotted Seatrout (Recruit),prey_community,0.1383546601628307,0.017111224432786305,0.13080987895715793,0.12367653101682663,0.3516767422176602
2010,Lutjanus griseus_R,Gray Snapper (Recruit),prey_community,0.01957165002960878,0.0003516847888628642,0.018753260752809475,0.01796909235417843,0.13404884316613266
2010,Lutjanus griseus_SA,Gray Snapper (Sub-adult),prey_community,-0.09388135160407629,-0.003718437006076177,0.0,0.039607834070920944,0.19901717029171365
2010,Mycteroperca microlepis_SA,Gag Grouper (Sub-adult),prey_community,-0.027683536122329263,-0.00031916579852501553,0.0,0.011529083363711834,0.10737356920449201
2010,Sciaenops ocellatus_R,Red Drum (Recruit),prey_community,0.05290727436874503,0.0018380222221215565,0.042872161388499606,0.03474044427275658,0.18638788660413685
2010,Sciaenops ocellatus_SA,Red Drum (Sub-adult),prey_community,0.01797342939788848,0.0010495012005170186,0.032396005934636735,0.058391816914081573,0.24164398795352135
2010,Archosargus probatocephalus_A,Sheepshead (Adult),nonprey_community,0.09381235346984523,0.015157679716746012,0.12311652901518143,0.16157445311546326,0.40196324846366643
2010,Archosargus probatocephalus_R,Sheepshead (Recruit),nonprey_community,0.04887945344448158,0.00039802522708972293,0.019950569593114954,0.008142996579408646,0.0902385537307012
2010,Callinectes sapidus_R,Blue Crab (Recruit),nonprey_community,-0.0004008428026102938,-7.555882136027019e-05,0.0,0.18849988281726837,0.4341657319702562
2010,Centropomus undecimalis_A,Common Snook (Adult),nonprey_community,0.15267515653049832,0.01520859698454539,0.12332314050714646,0.09961409121751785,0.31561700083727723
2010,Centropomus undecimalis_SA,Common Snook (Sub-adult),nonprey_community,0.004912827840540156,2.8389816482861836e-05,0.005328209500654215,0.0057787117548286915,0.07601783839881723
2010,Cynoscion nebulosus_A,Spotted Seatrout (Adult),nonprey_community,0.0656300356225429,0.0030898116528987885,0.055586074271338756,0.04707923159003258,0.21697749097552166
2010,Cynoscion nebulosus_R,Spotted Seatrout (Recruit),nonprey_community,0.058689566632222946,0.007258522013823192,0.0851969601207883,0.12367653101682663,0.3516767422176602
2010,Lutjanus griseus_R,Gray Snapper (Recruit),nonprey_community,0.011593487141233545,0.00020832444230715433,0.014433448732273044,0.01796909235417843,0.13404884316613266
2010,Lutjanus griseus_SA,Gray Snapper (Sub-adult),nonprey_community,-0.12669658002900838,-0.005018177131811778,0.0,0.039607834070920944,0.19901717029171365
2010,Mycteroperca microlepis_SA,Gag Grouper (Sub-adult),nonprey_community,0.007023845227393689,8.097849786281586e-05,0.008998805357535847,0.011529083363711834,0.10737356920449201
2010,Sciaenops ocellatus_R,Red Drum (Recruit),nonprey_community,-0.0067247027967470285,-0.00023361916343371073,0.0,0.03474044427275658,0.18638788660413685
2010,Sciaenops ocellatus_SA,Red Drum (Sub-adult),nonprey_community,0.11526557600564907,0.006730566422144572,0.08204002938897921,0.058391816914081573,0.24164398795352135
2011,Archosargus probatocephalus_A,Sheepshead (Adult),env,-0.04537945539449854,-0.004165351390838623,0.0,0.0917893648147583,0.30296759697162057
2011,Archosargus probatocephalus_R,Sheepshead (Recruit),env,-0.03762830353567227,-0.0003232623760898908,0.0,0.008590936660766602,0.09268730582321724
2011,Callinectes sapidus_R,Blue Crab (Recruit),env,0.08983297512785911,0.0266035000483195,0.1631057940366298,0.296144038438797,0.5441911782074357
2011,Centropomus undecimalis_A,Common Snook (Adult),env,-0.009800855209230226,-0.0007814268271128336,0.0,0.07973047345876694,0.2823658503763636
2011,Centropomus undecimalis_SA,Common Snook (Sub-adult),env,0.0007872292982200095,5.2228569984436035e-06,0.0022853570833555976,0.006634479854255915,0.08145231644499691
2011,Cynoscion nebulosus_A,Spotted Seatrout (Adult),env,-0.011434999822178875,-0.0003957413136959076,0.0,0.0346078984439373,0.1860319823147012
2011,Cynoscion nebulosus_R,Spotted Seatrout (Recruit),env,0.011867851959077635,0.0018614580233891804,0.043144617548301206,0.15684877336025238,0.39604137834354175
2011,Lutjanus griseus_R,Gray Snapper (Recruit),env,0.016872892786787084,0.00012779034053285918,0.011304438974706316,0.007573706563562155,0.08702704501223832
2011,Lutjanus griseus_SA,Gray Snapper (Sub-adult),env,-0.026456810874120117,-0.0005647136519352595,0.0,0.021344736218452454,0.14609837856202393
2011,Mycteroperca microlepis_SA,Gag Grouper (Sub-adult),env,-0.07450494519877887,-0.00032748856271306675,0.0,0.0043955277651548386,0.06629877649817408
2011,Sciaenops ocellatus_R,Red Drum (Recruit),env,0.011154062979497892,0.0007138202587763468,0.026717414896960872,0.06399643421173096,0.2529751652074388
2011,Sciaenops ocellatus_SA,Red Drum (Sub-adult),env,0.03412415107730127,0.0018594898283481598,0.043121802239101274,0.05449189990758896,0.2334350014620536
2011,Archosargus probatocephalus_A,Sheepshead (Adult),restoration,-0.0005576948462617303,-5.1190455754597984e-05,0.0,0.0917893648147583,0.30296759697162057
2011,Archosargus probatocephalus_R,Sheepshead (Recruit),restoration,0.00015997343683759203,1.3743216792742412e-06,0.0011723146673458629,0.008590936660766602,0.09268730582321724
2011,Callinectes sapidus_R,Blue Crab (Recruit),restoration,0.006830402433586409,0.0020227829615275064,0.044975359493032475,0.296144038438797,0.5441911782074357
2011,Centropomus undecimalis_A,Common Snook (Adult),restoration,-0.003014852258396712,-0.00024037559827168783,0.0,0.07973047345876694,0.2823658503763636
2011,Centropomus undecimalis_SA,Common Snook (Sub-adult),restoration,0.004351308875102486,2.8868671506643295e-05,0.0053729574264685265,0.006634479854255915,0.08145231644499691
2011,Cynoscion nebulosus_A,Spotted Seatrout (Adult),restoration,-0.006698143548194927,-0.00023180867234865823,0.0,0.0346078984439373,0.1860319823147012
2011,Cynoscion nebulosus_R,Spotted Seatrout (Recruit),restoration,0.013368651775612994,0.002096856633822123,0.0457914471688996,0.15684877336025238,0.39604137834354175
2011,Lutjanus griseus_R,Gray Snapper (Recruit),restoration,-0.011791962881473458,-8.930886785189311e-05,0.0,0.007573706563562155,0.08702704501223832
2011,Lutjanus griseus_SA,Gray Snapper (Sub-adult),restoration,0.01162705186206116,0.00024817635615666706,0.015753614066513977,0.021344736218452454,0.14609837856202393
2011,Mycteroperca microlepis_SA,Gag Grouper (Sub-adult),restoration,-0.014266522715993319,-6.270889813701312e-05,0.0,0.0043955277651548386,0.06629877649817408
2011,Sciaenops ocellatus_R,Red Drum (Recruit),restoration,0.0020693976396438866,0.00013243407011032104,0.011508000265481447,0.06399643421173096,0.2529751652074388
2011,Sciaenops ocellatus_SA,Red Drum (Sub-adult),restoration,-0.0023493098850541467,-0.00012801835934321085,0.0,0.05449189990758896,0.2334350014620536
2011,Archosargus probatocephalus_A,Sheepshead (Adult),habitat_structured,-0.04257986081670175,-0.003908378382523854,0.0,0.0917893648147583,0.30296759697162057
2011,Archosargus probatocephalus_R,Sheepshead (Recruit),habitat_structured,-0.011228530833969219,-9.646359831094742e-05,0.0,0.008590936660766602,0.09268730582321724
2011,Callinectes sapidus_R,Blue Crab (Recruit),habitat_structured,0.030081780657844264,0.00890854001045227,0.09438506243284618,0.296144038438797,0.5441911782074357
2011,Centropomus undecimalis_A,Common Snook (Adult),habitat_structured,-0.008186899399454559,-0.0006527453660964966,0.0,0.07973047345876694,0.2823658503763636
2011,Centropomus undecimalis_SA,Common Snook (Sub-adult),habitat_structured,0.004972052091352287,3.298697993159294e-05,0.0057434292832412364,0.006634479854255915,0.08145231644499691
2011,Cynoscion nebulosus_A,Spotted Seatrout (Adult),habitat_structured,-0.007391398911708772,-0.0002558007836341858,0.0,0.0346078984439373,0.1860319823147012
2011,Cynoscion nebulosus_R,Spotted Seatrout (Recruit),habitat_structured,0.01099806448944225,0.001725032925605774,0.041533515690412894,0.15684877336025238,0.39604137834354175
2011,Lutjanus griseus_R,Gray Snapper (Recruit),habitat_structured,0.024103239571593996,0.00018255086615681648,0.013511138595870316,0.007573706563562155,0.08702704501223832
2011,Lutjanus griseus_SA,Gray Snapper (Sub-adult),habitat_structured,-0.019867180482093096,-0.00042405972878138226,0.0,0.021344736218452454,0.14609837856202393
2011,Mycteroperca microlepis_SA,Gag Grouper (Sub-adult),habitat_structured,-0.0612270172650356,-0.0002691250604887803,0.0,0.0043955277651548386,0.06629877649817408
2011,Sciaenops ocellatus_R,Red Drum (Recruit),habitat_structured,0.008648588053840346,0.0005534787972768148,0.02352613009563653,0.06399643421173096,0.2529751652074388
2011,Sciaenops ocellatus_SA,Red Drum (Sub-adult),habitat_structured,0.008215338001927903,0.000447669376929601,0.02115819881108978,0.05449189990758896,0.2334350014620536
2011,Archosargus probatocephalus_A,Sheepshead (Adult),habitat_open,0.04180335759562346,0.0038371036450068154,0.061944359267061724,0.0917893648147583,0.30296759697162057
2011,Archosargus probatocephalus_R,Sheepshead (Recruit),habitat_open,-0.022673298633385953,-0.0001947848747173945,0.0,0.008590936660766602,0.09268730582321724
2011,Callinectes sapidus_R,Blue Crab (Recruit),habitat_open,0.03239949500488182,0.009594917297363281,0.09795364871898996,0.296144038438797,0.5441911782074357
2011,Centropomus undecimalis_A,Common Snook (Adult),habitat_open,0.013414983644418422,0.001069582998752594,0.03270447979639172,0.07973047345876694,0.2823658503763636
2011,Centropomus undecimalis_SA,Common Snook (Sub-adult),habitat_open,0.013323308405493657,8.839322254061699e-05,0.009401766990338411,0.006634479854255915,0.08145231644499691
2011,Cynoscion nebulosus_A,Spotted Seatrout (Adult),habitat_open,-0.0007442780397167694,-2.5757898886998493e-05,0.0,0.0346078984439373,0.1860319823147012
2011,Cynoscion nebulosus_R,Spotted Seatrout (Recruit),habitat_open,0.022178028754082407,0.0034785966078440347,0.05897962875301976,0.15684877336025238,0.39604137834354175
2011,Lutjanus griseus_R,Gray Snapper (Recruit),habitat_open,0.001691177112827663,1.2808479368686676e-05,0.0035788935956083795,0.007573706563562155,0.08702704501223832
2011,Lutjanus griseus_SA,Gray Snapper (Sub-adult),habitat_open,0.035428771589433694,0.0007562177876631419,0.02749941431491118,0.021344736218452454,0.14609837856202393
2011,Mycteroperca microlepis_SA,Gag Grouper (Sub-adult),habitat_open,0.017684387448611085,7.77322178085645e-05,0.008816587651045302,0.0043955277651548386,0.06629877649817408
2011,Sciaenops ocellatus_R,Red Drum (Recruit),habitat_open,0.02620433699739441,0.0016769841313362122,0.04095099670748213,0.06399643421173096,0.2529751652074388
2011,Sciaenops ocellatus_SA,Red Drum (Sub-adult),habitat_open,0.005781621227876915,0.00031505152583122253,0.0177496908657932,0.05449189990758896,0.2334350014620536
2011,Archosargus probatocephalus_A,Sheepshead (Adult),shoreline,-0.035979299341093285,-0.003302517036596934,0.0,0.0917893648147583,0.30296759697162057
2011,Archosargus probatocephalus_R,Sheepshead (Recruit),shoreline,0.019449763416188252,0.00016709168752034506,0.012926394993204604,0.008590936660766602,0.09268730582321724
2011,Callinectes sapidus_R,Blue Crab (Recruit),shoreline,0.12648129442623118,0.03745668133099874,0.19353728666848344,0.296144038438797,0.5441911782074357
2011,Centropomus undecimalis_A,Common Snook (Adult),shoreline,-0.02431026000191877,-0.0019382685422897339,0.0,0.07973047345876694,0.2823658503763636
2011,Centropomus undecimalis_SA,Common Snook (Sub-adult),shoreline,0.007786874111307285,5.1661860197782516e-05,0.007187618534520493,0.006634479854255915,0.08145231644499691
2011,Cynoscion nebulosus_A,Spotted Seatrout (Adult),shoreline,-0.006789281099218433,-0.00023496275146802267,0.0,0.0346078984439373,0.1860319823147012
2011,Cynoscion nebulosus_R,Spotted Seatrout (Recruit),shoreline,0.021380918858276962,0.003353570898373922,0.05791002416139991,0.15684877336025238,0.39604137834354175
2011,Lutjanus griseus_R,Gray Snapper (Recruit),shoreline,0.01823689338746975,0.00013812088097135225,0.011752484034081996,0.007573706563562155,0.08702704501223832
2011,Lutjanus griseus_SA,Gray Snapper (Sub-adult),shoreline,-0.012743343784972576,-0.00027200331290562946,0.0,0.021344736218452454,0.14609837856202393
2011,Mycteroperca microlepis_SA,Gag Grouper (Sub-adult),shoreline,-0.08428128065463864,-0.00037046071762839955,0.0,0.0043955277651548386,0.06629877649817408
2011,Sciaenops ocellatus_R,Red Drum (Recruit),shoreline,0.008823841682356648,0.0005646944046020508,0.023763299531042628,0.06399643421173096,0.2529751652074388
2011,Sciaenops ocellatus_SA,Red Drum (Sub-adult),shoreline,-0.01659474987015637,-0.0009042794505755106,0.0,0.05449189990758896,0.2334350014620536
2011,Archosargus probatocephalus_A,Sheepshead (Adult),water_effort,-0.04046761729044935,-0.003714496890703837,0.0,0.0917893648147583,0.30296759697162057
2011,Archosargus probatocephalus_R,Sheepshead (Recruit),water_effort,-0.006545721322709521,-5.6233877936999e-05,0.0,0.008590936660766602,0.09268730582321724
2011,Callinectes sapidus_R,Blue Crab (Recruit),water_effort,0.0064966311723439725,0.0019239385922749837,0.04386272440552438,0.296144038438797,0.5441911782074357
2011,Centropomus undecimalis_A,Common Snook (Adult),water_effort,0.01600854528006422,0.0012763688961664836,0.035726305380860246,0.07973047345876694,0.2823658503763636
2011,Centropomus undecimalis_SA,Common Snook (Sub-adult),water_effort,-0.003968082059100235,-2.632616087794304e-05,0.0,0.006634479854255915,0.08145231644499691
2011,Cynoscion nebulosus_A,Spotted Seatrout (Adult),water_effort,-0.028989957957437407,-0.0010032815237840016,0.0,0.0346078984439373,0.1860319823147012
2011,Cynoscion nebulosus_R,Spotted Seatrout (Recruit),water_effort,-0.0052241716773760325,-0.0008194049199422201,0.0,0.15684877336025238,0.39604137834354175
2011,Lutjanus griseus_R,Gray Snapper (Recruit),water_effort,-0.01797343472650609,-0.0001361255223552386,0.0,0.007573706563562155,0.08702704501223832
2011,Lutjanus griseus_SA,Gray Snapper (Sub-adult),water_effort,-0.04756210500554617,-0.0010152005900939305,0.0,0.021344736218452454,0.14609837856202393
2011,Mycteroperca microlepis_SA,Gag Grouper (Sub-adult),water_effort,-0.08176814170595537,-0.00035941414535045624,0.0,0.0043955277651548386,0.06629877649817408
2011,Sciaenops ocellatus_R,Red Drum (Recruit),water_effort,-0.0031118773169763517,-0.00019914905230204263,0.0,0.06399643421173096,0.2529751652074388
2011,Sciaenops ocellatus_SA,Red Drum (Sub-adult),water_effort,0.039345893024464514,0.002144032468398412,0.04630369821513625,0.05449189990758896,0.2334350014620536
2011,Archosargus probatocephalus_A,Sheepshead (Adult),bycatch,-0.01536087822548192,-0.0014099652568499248,0.0,0.0917893648147583,0.30296759697162057
2011,Archosargus probatocephalus_R,Sheepshead (Recruit),bycatch,0.000537918360235914,4.621222615242004e-06,0.0021497029132515042,0.008590936660766602,0.09268730582321724
2011,Callinectes sapidus_R,Blue Crab (Recruit),bycatch,0.005256176150285276,0.0015565852324167888,0.03945358326460081,0.296144038438797,0.5441911782074357
2011,Centropomus undecimalis_A,Common Snook (Adult),bycatch,-0.0067764713478344904,-0.0005402912696202596,0.0,0.07973047345876694,0.2823658503763636
2011,Centropomus undecimalis_SA,Common Snook (Sub-adult),bycatch,0.0006084837015010105,4.0369729200998945e-06,0.002009221968847617,0.006634479854255915,0.08145231644499691
2011,Cynoscion nebulosus_A,Spotted Seatrout (Adult),bycatch,0.010767937534352887,0.0003726556897163391,0.019304292002462538,0.0346078984439373,0.1860319823147012
2011,Cynoscion nebulosus_R,Spotted Seatrout (Recruit),bycatch,0.004621406997515845,0.0007248620192209879,0.02692326167500862,0.15684877336025238,0.39604137834354175
2011,Lutjanus griseus_R,Gray Snapper (Recruit),bycatch,0.0045943665393129805,3.4796384473641716e-05,0.005898846028982424,0.007573706563562155,0.08702704501223832
2011,Lutjanus griseus_SA,Gray Snapper (Sub-adult),bycatch,0.009718947805692072,0.00020744837820529938,0.014403068360779913,0.021344736218452454,0.14609837856202393
2011,Mycteroperca microlepis_SA,Gag Grouper (Sub-adult),bycatch,0.02638871819631709,0.00011599234615763028,0.010769974287695876,0.0043955277651548386,0.06629877649817408
2011,Sciaenops ocellatus_R,Red Drum (Recruit),bycatch,-0.0012630213892142507,-8.082886536916097e-05,0.0,0.06399643421173096,0.2529751652074388
2011,Sciaenops ocellatus_SA,Red Drum (Sub-adult),bycatch,-0.004242471633755751,-0.000231180340051651,0.0,0.05449189990758896,0.2334350014620536
2011,Archosargus probatocephalus_A,Sheepshead (Adult),na_indicators,-0.012673785839163695,-0.0011633187532424927,0.0,0.0917893648147583,0.30296759697162057
2011,Archosargus probatocephalus_R,Sheepshead (Recruit),na_indicators,-0.04798646612937263,-0.00041224869589010876,0.0,0.008590936660766602,0.09268730582321724
2011,Callinectes sapidus_R,Blue Crab (Recruit),na_indicators,-0.024760862946333072,-0.007332781950632731,0.0,0.296144038438797,0.5441911782074357
2011,Centropomus undecimalis_A,Common Snook (Adult),na_indicators,0.0008089091447111646,6.44947091738383e-05,0.008030859802900204,0.07973047345876694,0.2823658503763636
2011,Centropomus undecimalis_SA,Common Snook (Sub-adult),na_indicators,-0.010416399648799656,-6.910739466547966e-05,0.0,0.006634479854255915,0.08145231644499691
2011,Cynoscion nebulosus_A,Spotted Seatrout (Adult),na_indicators,0.010862412011457176,0.00037592525283495587,0.019388791938513235,0.0346078984439373,0.1860319823147012
2011,Cynoscion nebulosus_R,Spotted Seatrout (Recruit),na_indicators,-0.006849900918207304,-0.0010743985573450725,0.0,0.15684877336025238,0.39604137834354175
2011,Lutjanus griseus_R,Gray Snapper (Recruit),na_indicators,-0.001635452173180817,-1.2386435021956762e-05,0.0,0.007573706563562155,0.08702704501223832
2011,Lutjanus griseus_SA,Gray Snapper (Sub-adult),na_indicators,-0.009415353402955299,-0.00020096823573112488,0.0,0.021344736218452454,0.14609837856202393
2011,Mycteroperca microlepis_SA,Gag Grouper (Sub-adult),na_indicators,-0.10636229287452557,-0.00046751842213173706,0.0,0.0043955277651548386,0.06629877649817408
2011,Sciaenops ocellatus_R,Red Drum (Recruit),na_indicators,-0.0017093437943440086,-0.00010939190785090129,0.0,0.06399643421173096,0.2529751652074388
2011,Sciaenops ocellatus_SA,Red Drum (Sub-adult),na_indicators,-0.0014650428978420771,-7.983297109603882e-05,0.0,0.05449189990758896,0.2334350014620536
2011,Archosargus probatocephalus_A,Sheepshead (Adult),prey_community,-0.08810474653327756,-0.008087078730265299,0.0,0.0917893648147583,0.30296759697162057
2011,Archosargus probatocephalus_R,Sheepshead (Recruit),prey_community,-0.1663005904321079,-0.0014286778556803863,0.0,0.008590936660766602,0.09268730582321724
2011,Callinectes sapidus_R,Blue Crab (Recruit),prey_community,0.22087093493948226,0.06540961066881816,0.2557530267050972,0.296144038438797,0.5441911782074357
2011,Centropomus undecimalis_A,Common Snook (Adult),prey_community,0.01555688435363995,0.001240357756614685,0.03521871315955035,0.07973047345876694,0.2823658503763636
2011,Centropomus undecimalis_SA,Common Snook (Sub-adult),prey_community,0.0919496594548171,0.0006100381724536419,0.02469895083710322,0.006634479854255915,0.08145231644499691
2011,Cynoscion nebulosus_A,Spotted Seatrout (Adult),prey_community,-0.02576853257616125,-0.000891794761021932,0.0,0.0346078984439373,0.1860319823147012
2011,Cynoscion nebulosus_R,Spotted Seatrout (Recruit),prey_community,0.18097859090808366,0.0283862700064977,0.16848225427770636,0.15684877336025238,0.39604137834354175
2011,Lutjanus griseus_R,Gray Snapper (Recruit),prey_community,0.42008310310906277,0.003181586197266976,0.056405551121028644,0.007573706563562155,0.08702704501223832
2011,Lutjanus griseus_SA,Gray Snapper (Sub-adult),prey_community,-0.07094588429232064,-0.001514321193099022,0.0,0.021344736218452454,0.14609837856202393
2011,Mycteroperca microlepis_SA,Gag Grouper (Sub-adult),prey_community,-0.1798533766517724,-0.0007905505287150542,0.0,0.0043955277651548386,0.06629877649817408
2011,Sciaenops ocellatus_R,Red Drum (Recruit),prey_community,0.10814072492467042,0.006920620799064636,0.08319026865604316,0.06399643421173096,0.2529751652074388
2011,Sciaenops ocellatus_SA,Red Drum (Sub-adult),prey_community,-0.030242459645110856,-0.001647969086964925,0.0,0.05449189990758896,0.2334350014620536
2011,Archosargus probatocephalus_A,Sheepshead (Adult),nonprey_community,0.01498468042117263,0.0013754342993100483,0.037086848063835894,0.0917893648147583,0.30296759697162057
2011,Archosargus probatocephalus_R,Sheepshead (Recruit),nonprey_community,-0.029685461592124304,-0.0002550259232521057,0.0,0.008590936660766602,0.09268730582321724
2011,Callinectes sapidus_R,Blue Crab (Recruit),nonprey_community,-0.013610554681309386,-0.004030684630076091,0.0,0.296144038438797,0.5441911782074357
2011,Centropomus undecimalis_A,Common Snook (Adult),nonprey_community,0.04466443752380206,0.0035611167550086975,0.05967509325513198,0.07973047345876694,0.2823658503763636
2011,Centropomus undecimalis_SA,Common Snook (Sub-adult),nonprey_community,0.026463636534555468,0.0001755724661052227,0.01325037607410532,0.006634479854255915,0.08145231644499691
2011,Cynoscion nebulosus_A,Spotted Seatrout (Adult),nonprey_community,0.11376302215990153,0.003937099128961563,0.06274630769185995,0.0346078984439373,0.1860319823147012
2011,Cynoscion nebulosus_R,Spotted Seatrout (Recruit),nonprey_community,0.05058666316109179,0.007934456070264181,0.08907556382231988,0.15684877336025238,0.39604137834354175
2011,Lutjanus griseus_R,Gray Snapper (Recruit),nonprey_community,-0.01792574368768365,-0.0001357643244167169,0.0,0.007573706563562155,0.08702704501223832
2011,Lutjanus griseus_SA,Gray Snapper (Sub-adult),nonprey_community,0.18530672808931703,0.003955323249101639,0.06289136068731252,0.021344736218452454,0.14609837856202393
2011,Mycteroperca microlepis_SA,Gag Grouper (Sub-adult),nonprey_community,-0.20909886715366063,-0.000919099897146225,0.0,0.0043955277651548386,0.06629877649817408
2011,Sciaenops ocellatus_R,Red Drum (Recruit),nonprey_community,0.0071349881262448385,0.00045661379893620807,0.02136852355536545,0.06399643421173096,0.2529751652074388
2011,Sciaenops ocellatus_SA,Red Drum (Sub-adult),nonprey_community,0.1418566468528375,0.00773003821571668,0.08792063589235852,0.05449189990758896,0.2334350014620536
2012,Archosargus probatocephalus_A,Sheepshead (Adult),env,-0.01976026106677685,-0.0013688206672668457,0.0,0.06927138566970825,0.2631945775841673
2012,Archosargus probatocephalus_R,Sheepshead (Recruit),env,0.008930335987914092,2.2973166778683662e-05,0.004793033150175749,0.00257248617708683,0.05071968234410415
2012,Callinectes sapidus_R,Blue Crab (Recruit),env,0.04345793135198658,0.010155389706293741,0.10077395351128059,0.23368322849273682,0.48340793176440205
2012,Centropomus undecimalis_A,Common Snook (Adult),env,0.009776404609285609,0.0007846032579739889,0.02801077039236852,0.08025478571653366,0.2832927562020139
2012,Centropomus undecimalis_SA,Common Snook (Sub-adult),env,0.009731291763832839,6.702883789936702e-05,0.008187114137433716,0.006887969095259905,0.08299378949812995
2012,Cynoscion nebulosus_A,Spotted Seatrout (Adult),env,0.021225227470787405,0.0006131144861380259,0.024761148724120736,0.02888612076640129,0.16995917382242504
2012,Cynoscion nebulosus_R,Spotted Seatrout (Recruit),env,-0.00386812052512989,-0.0004057586193084717,0.0,0.1048981323838234,0.32387981163361107
2012,Lutjanus griseus_R,Gray Snapper (Recruit),env,-0.0017853833632043162,-6.459156672159831e-05,0.0,0.03617798164486885,0.19020510415041142
2012,Lutjanus griseus_SA,Gray Snapper (Sub-adult),env,-0.02727881475065737,-0.0007684466739495596,0.0,0.028170090168714523,0.16783947738453706
2012,Mycteroperca microlepis_SA,Gag Grouper (Sub-adult),env,0.037616095710969126,0.00011876854114234447,0.010898098051602604,0.003157386090606451,0.05619062279959576
2012,Sciaenops ocellatus_R,Red Drum (Recruit),env,0.02765506105528484,0.001037320743004481,0.03220746408838301,0.0375092551112175,0.19367306243052362
2012,Sciaenops ocellatus_SA,Red Drum (Sub-adult),env,0.0003725767237023167,1.5909473101298015e-05,0.003988668086128252,0.042701199650764465,0.20664268593580676
2012,Archosargus probatocephalus_A,Sheepshead (Adult),restoration,-0.006677387878592522,-0.00046255191167195636,0.0,0.06927138566970825,0.2631945775841673
2012,Archosargus probatocephalus_R,Sheepshead (Recruit),restoration,-0.003684098851811415,-9.477293739716211e-06,0.0,0.00257248617708683,0.05071968234410415
2012,Callinectes sapidus_R,Blue Crab (Recruit),restoration,0.005388757981047023,0.0012592623631159465,0.03548608689495006,0.23368322849273682,0.48340793176440205
2012,Centropomus undecimalis_A,Common Snook (Adult),restoration,0.0227658526316102,0.0018270686268806458,0.042744223315913064,0.08025478571653366,0.2832927562020139
2012,Centropomus undecimalis_SA,Common Snook (Sub-adult),restoration,0.004352929418931623,2.998284374674161e-05,0.005475659206592537,0.006887969095259905,0.08299378949812995
2012,Cynoscion nebulosus_A,Spotted Seatrout (Adult),restoration,0.006215669302982614,0.00017954657475153604,0.013399499048529242,0.02888612076640129,0.16995917382242504
2012,Cynoscion nebulosus_R,Spotted Seatrout (Recruit),restoration,-0.011922088209293717,-0.001250604788462321,0.0,0.1048981323838234,0.32387981163361107
2012,Lutjanus griseus_R,Gray Snapper (Recruit),restoration,0.006858156702459397,0.00024811426798502606,0.015751643342363553,0.03617798164486885,0.19020510415041142
2012,Lutjanus griseus_SA,Gray Snapper (Sub-adult),restoration,-0.0010907161889403326,-3.072557349999746e-05,0.0,0.028170090168714523,0.16783947738453706
2012,Mycteroperca microlepis_SA,Gag Grouper (Sub-adult),restoration,-0.009800182126283476,-3.094295971095562e-05,0.0,0.003157386090606451,0.05619062279959576
2012,Sciaenops ocellatus_R,Red Drum (Recruit),restoration,0.005204419626147454,0.00019521390398343405,0.013971896935757651,0.0375092551112175,0.19367306243052362
2012,Sciaenops ocellatus_SA,Red Drum (Sub-adult),restoration,-0.006124426187839739,-0.00026152034600575763,0.0,0.042701199650764465,0.20664268593580676
2012,Archosargus probatocephalus_A,Sheepshead (Adult),habitat_structured,-0.015517914140710664,-0.0010749474167823792,0.0,0.06927138566970825,0.2631945775841673
2012,Archosargus probatocephalus_R,Sheepshead (Recruit),habitat_structured,0.0040488461790498965,1.0415601233641306e-05,0.0032273210614441983,0.00257248617708683,0.05071968234410415
2012,Callinectes sapidus_R,Blue Crab (Recruit),habitat_structured,0.010484742712996561,0.002450108528137207,0.04949857097065739,0.23368322849273682,0.48340793176440205
2012,Centropomus undecimalis_A,Common Snook (Adult),habitat_structured,0.005539095105576604,0.0004445388913154602,0.0210840909530257,0.08025478571653366,0.2832927562020139
2012,Centropomus undecimalis_SA,Common Snook (Sub-adult),habitat_structured,0.0015345663229551557,1.0570045560598373e-05,0.0032511606482298555,0.006887969095259905,0.08299378949812995
2012,Cynoscion nebulosus_A,Spotted Seatrout (Adult),habitat_structured,-0.0007710370331163715,-2.2272268931070965e-05,0.0,0.02888612076640129,0.16995917382242504
2012,Cynoscion nebulosus_R,Spotted Seatrout (Recruit),habitat_structured,-0.0008391345071133474,-8.802364269892375e-05,0.0,0.1048981323838234,0.32387981163361107
2012,Lutjanus griseus_R,Gray Snapper (Recruit),habitat_structured,0.013180622883742048,0.0004768483340740204,0.021836857238943987,0.03617798164486885,0.19020510415041142
2012,Lutjanus griseus_SA,Gray Snapper (Sub-adult),habitat_structured,0.010974054682125332,0.0003091401110092799,0.0175823806979965,0.028170090168714523,0.16783947738453706
2012,Mycteroperca microlepis_SA,Gag Grouper (Sub-adult),habitat_structured,-0.03922186775782105,-0.00012383858362833658,0.0,0.003157386090606451,0.05619062279959576
2012,Sciaenops ocellatus_R,Red Drum (Recruit),habitat_structured,0.008889196525832052,0.00033342714111010235,0.018259987434554887,0.0375092551112175,0.19367306243052362
2012,Sciaenops ocellatus_SA,Red Drum (Sub-adult),habitat_structured,-0.004797317901633141,-0.00020485122998555502,0.0,0.042701199650764465,0.20664268593580676
2012,Archosargus probatocephalus_A,Sheepshead (Adult),habitat_open,-0.022550740055837088,-0.0015621210138003032,0.0,0.06927138566970825,0.2631945775841673
2012,Archosargus probatocephalus_R,Sheepshead (Recruit),habitat_open,0.008529325113335606,2.1941571806867916e-05,0.004684183152575048,0.00257248617708683,0.05071968234410415
2012,Callinectes sapidus_R,Blue Crab (Recruit),habitat_open,0.004402609085165084,0.0010288159052530925,0.03207516025296043,0.23368322849273682,0.48340793176440205
2012,Centropomus undecimalis_A,Common Snook (Adult),habitat_open,0.008863016351869485,0.000711299479007721,0.026670198330865875,0.08025478571653366,0.2832927562020139
2012,Centropomus undecimalis_SA,Common Snook (Sub-adult),habitat_open,-0.0003613938957844227,-2.4892700215180716e-06,0.0,0.006887969095259905,0.08299378949812995
2012,Cynoscion nebulosus_A,Spotted Seatrout (Adult),habitat_open,0.0031910168916273562,9.217609961827596e-05,0.009600838485167634,0.02888612076640129,0.16995917382242504
2012,Cynoscion nebulosus_R,Spotted Seatrout (Recruit),habitat_open,0.00012280536885695206,1.2882053852081299e-05,0.0035891578193332904,0.1048981323838234,0.32387981163361107
2012,Lutjanus griseus_R,Gray Snapper (Recruit),habitat_open,0.013157625981762908,0.0004760163525740306,0.021817798985553756,0.03617798164486885,0.19020510415041142
2012,Lutjanus griseus_SA,Gray Snapper (Sub-adult),habitat_open,-0.009456745411427363,-0.0002663973718881607,0.0,0.028170090168714523,0.16783947738453706
2012,Mycteroperca microlepis_SA,Gag Grouper (Sub-adult),habitat_open,-0.05115205081707108,-0.0001615067788710197,0.0,0.003157386090606451,0.05619062279959576
2012,Sciaenops ocellatus_R,Red Drum (Recruit),habitat_open,-0.0017648553198643874,-6.619840860366821e-05,0.0,0.0375092551112175,0.19367306243052362
2012,Sciaenops ocellatus_SA,Red Drum (Sub-adult),habitat_open,0.016602928439764172,0.0007089649637540182,0.026626395996342016,0.042701199650764465,0.20664268593580676
2012,Archosargus probatocephalus_A,Sheepshead (Adult),shoreline,0.015737293336348244,0.001090144117673238,0.03301733056552631,0.06927138566970825,0.2631945775841673
2012,Archosargus probatocephalus_R,Sheepshead (Recruit),shoreline,0.01821398512299856,4.685522677997748e-05,0.006845087784680156,0.00257248617708683,0.05071968234410415
2012,Callinectes sapidus_R,Blue Crab (Recruit),shoreline,0.059710885221787975,0.013953432440757751,0.11812464789686254,0.23368322849273682,0.48340793176440205
2012,Centropomus undecimalis_A,Common Snook (Adult),shoreline,0.012750827042078769,0.001023314893245697,0.03198929341585552,0.08025478571653366,0.2832927562020139
2012,Centropomus undecimalis_SA,Common Snook (Sub-adult),shoreline,0.014314866972086253,9.860036273797353e-05,0.009929771535034103,0.006887969095259905,0.08299378949812995
2012,Cynoscion nebulosus_A,Spotted Seatrout (Adult),shoreline,0.027790713558838286,0.00080276591082414,0.028333123915730507,0.02888612076640129,0.16995917382242504
2012,Cynoscion nebulosus_R,Spotted Seatrout (Recruit),shoreline,0.00333288609795636,0.00034961352745691937,0.018697955167796272,0.1048981323838234,0.32387981163361107
2012,Lutjanus griseus_R,Gray Snapper (Recruit),shoreline,0.01681018616700182,0.0006081586082776388,0.024660872009676357,0.03617798164486885,0.19020510415041142
2012,Lutjanus griseus_SA,Gray Snapper (Sub-adult),shoreline,0.02769451984572484,0.0007801571240027746,0.0279312929167766,0.028170090168714523,0.16783947738453706
2012,Mycteroperca microlepis_SA,Gag Grouper (Sub-adult),shoreline,0.002426392920061337,7.661059498786926e-06,0.0027678619002376053,0.003157386090606451,0.05619062279959576
2012,Sciaenops ocellatus_R,Red Drum (Recruit),shoreline,0.022583725623207068,0.000847098728020986,0.029104960539759986,0.0375092551112175,0.19367306243052362
2012,Sciaenops ocellatus_SA,Red Drum (Sub-adult),shoreline,-0.010443286016176423,-0.0004459408422311147,0.0,0.042701199650764465,0.20664268593580676
2012,Archosargus probatocephalus_A,Sheepshead (Adult),water_effort,0.02026427033827106,0.0014037340879440308,0.0374664394884813,0.06927138566970825,0.2631945775841673
2012,Archosargus probatocephalus_R,Sheepshead (Recruit),water_effort,-0.008348520255424917,-2.1476453791062038e-05,0.0,0.00257248617708683,0.05071968234410415
2012,Callinectes sapidus_R,Blue Crab (Recruit),water_effort,0.02095632827184826,0.0048971424500147505,0.06997958595200997,0.23368322849273682,0.48340793176440205
2012,Centropomus undecimalis_A,Common Snook (Adult),water_effort,0.03927309564439057,0.003151853879292806,0.056141374041724396,0.08025478571653366,0.2832927562020139
2012,Centropomus undecimalis_SA,Common Snook (Sub-adult),water_effort,-0.007008679909559184,-4.8275571316480637e-05,0.0,0.006887969095259905,0.08299378949812995
2012,Cynoscion nebulosus_A,Spotted Seatrout (Adult),water_effort,0.022665054013421393,0.0006547054896752039,0.025587213401916276,0.02888612076640129,0.16995917382242504
2012,Cynoscion nebulosus_R,Spotted Seatrout (Recruit),water_effort,-0.0004723993685758152,-4.955381155014038e-05,0.0,0.1048981323838234,0.32387981163361107
2012,Lutjanus griseus_R,Gray Snapper (Recruit),water_effort,-0.00041384126442160947,-1.4971941709518433e-05,0.0,0.03617798164486885,0.19020510415041142
2012,Lutjanus griseus_SA,Gray Snapper (Sub-adult),water_effort,0.0120391378173801,0.00033914359907309216,0.018415851842179122,0.028170090168714523,0.16783947738453706
2012,Mycteroperca microlepis_SA,Gag Grouper (Sub-adult),water_effort,0.0049678964451620525,1.5685567632317543e-05,0.003960500931993015,0.003157386090606451,0.05619062279959576
2012,Sciaenops ocellatus_R,Red Drum (Recruit),water_effort,0.0042224436648303,0.00015838071703910828,0.012584940088816802,0.0375092551112175,0.19367306243052362
2012,Sciaenops ocellatus_SA,Red Drum (Sub-adult),water_effort,0.019299224197253644,0.0008241000274817148,0.028707142447163124,0.042701199650764465,0.20664268593580676
2012,Archosargus probatocephalus_A,Sheepshead (Adult),bycatch,0.009328222813557588,0.0006461789210637411,0.02542004958814481,0.06927138566970825,0.2631945775841673
2012,Archosargus probatocephalus_R,Sheepshead (Recruit),bycatch,0.011701027885261298,3.0100733662645023e-05,0.005486413551915771,0.00257248617708683,0.05071968234410415
2012,Callinectes sapidus_R,Blue Crab (Recruit),bycatch,0.011277742885591954,0.0026354193687438965,0.05133633575493966,0.23368322849273682,0.48340793176440205
2012,Centropomus undecimalis_A,Common Snook (Adult),bycatch,0.005087445098225054,0.0004082918167114258,0.02020623212554547,0.08025478571653366,0.2832927562020139
2012,Centropomus undecimalis_SA,Common Snook (Sub-adult),bycatch,0.002840402332122702,1.956460376580556e-05,0.004423189320592729,0.006887969095259905,0.08299378949812995
2012,Cynoscion nebulosus_A,Spotted Seatrout (Adult),bycatch,0.00430441225055432,0.00012433777252833048,0.011150684845709274,0.02888612076640129,0.16995917382242504
2012,Cynoscion nebulosus_R,Spotted Seatrout (Recruit),bycatch,-0.0141851446942678,-0.001487995187441508,0.0,0.1048981323838234,0.32387981163361107
2012,Lutjanus griseus_R,Gray Snapper (Recruit),bycatch,0.008471234919491656,0.00030647218227386475,0.017506346914015637,0.03617798164486885,0.19020510415041142
2012,Lutjanus griseus_SA,Gray Snapper (Sub-adult),bycatch,0.010704874557738558,0.0003015572826067607,0.01736540476368923,0.028170090168714523,0.16783947738453706
2012,Mycteroperca microlepis_SA,Gag Grouper (Sub-adult),bycatch,0.005718610301345631,1.8055861194928486e-05,0.004249218892329328,0.003157386090606451,0.05619062279959576
2012,Sciaenops ocellatus_R,Red Drum (Recruit),bycatch,0.00696507054485591,0.00026125460863113403,0.016163372439906655,0.0375092551112175,0.19367306243052362
2012,Sciaenops ocellatus_SA,Red Drum (Sub-adult),bycatch,-0.010476873755473659,-0.0004473750789960225,0.0,0.042701199650764465,0.20664268593580676
2012,Archosargus probatocephalus_A,Sheepshead (Adult),na_indicators,-0.0020159295295808758,-0.0001396462321281433,0.0,0.06927138566970825,0.2631945775841673
2012,Archosargus probatocephalus_R,Sheepshead (Recruit),na_indicators,-0.017369032402240237,-4.4681597501039505e-05,0.0,0.00257248617708683,0.05071968234410415
2012,Callinectes sapidus_R,Blue Crab (Recruit),na_indicators,0.001403521882616236,0.0003279795249303182,0.01811020499415504,0.23368322849273682,0.48340793176440205
2012,Centropomus undecimalis_A,Common Snook (Adult),na_indicators,0.002748117773405572,0.00022054960330327353,0.0148509125410957,0.08025478571653366,0.2832927562020139
2012,Centropomus undecimalis_SA,Common Snook (Sub-adult),na_indicators,-0.005195355558864845,-3.5785449047883354e-05,0.0,0.006887969095259905,0.08299378949812995
2012,Cynoscion nebulosus_A,Spotted Seatrout (Adult),na_indicators,0.010795657651930806,0.00031184467176596325,0.017659124320474198,0.02888612076640129,0.16995917382242504
2012,Cynoscion nebulosus_R,Spotted Seatrout (Recruit),na_indicators,0.022779176629250192,0.0023894930879275003,0.04888244150947762,0.1048981323838234,0.32387981163361107
2012,Lutjanus griseus_R,Gray Snapper (Recruit),na_indicators,0.011379004394215145,0.00041166941324869793,0.020289638075842997,0.03617798164486885,0.19020510415041142
2012,Lutjanus griseus_SA,Gray Snapper (Sub-adult),na_indicators,-0.025896106562382237,-0.0007294956594705582,0.0,0.028170090168714523,0.16783947738453706
2012,Mycteroperca microlepis_SA,Gag Grouper (Sub-adult),na_indicators,-0.04578533533138716,-0.00014456198550760746,0.0,0.003157386090606451,0.05619062279959576
2012,Sciaenops ocellatus_R,Red Drum (Recruit),na_indicators,-0.000410376037235771,-1.539289951324463e-05,0.0,0.0375092551112175,0.19367306243052362
2012,Sciaenops ocellatus_SA,Red Drum (Sub-adult),na_indicators,0.013767192673677089,0.0005878756443659464,0.024246147000419396,0.042701199650764465,0.20664268593580676
2012,Archosargus probatocephalus_A,Sheepshead (Adult),prey_community,0.06230214991939668,0.004315756261348724,0.06569441575467982,0.06927138566970825,0.2631945775841673
2012,Archosargus probatocephalus_R,Sheepshead (Recruit),prey_community,0.19301532528046164,0.0004965292755514383,0.0222829368699783,0.00257248617708683,0.05071968234410415
2012,Callinectes sapidus_R,Blue Crab (Recruit),prey_community,0.19165144339595772,0.04478572805722555,0.21162638790383762,0.23368322849273682,0.48340793176440205
2012,Centropomus undecimalis_A,Common Snook (Adult),prey_community,0.030326712035254555,0.0024338637789090476,0.049334204958720554,0.08025478571653366,0.2832927562020139
2012,Centropomus undecimalis_SA,Common Snook (Sub-adult),prey_community,0.06461831926055894,0.00044508899251619977,0.02109713232921005,0.006887969095259905,0.08299378949812995
2012,Cynoscion nebulosus_A,Spotted Seatrout (Adult),prey_community,0.062299177544002333,0.0017995815724134445,0.04242147536818403,0.02888612076640129,0.16995917382242504
2012,Cynoscion nebulosus_R,Spotted Seatrout (Recruit),prey_community,0.27067214806907086,0.028393002847830456,0.16850223395501454,0.1048981323838234,0.32387981163361107
2012,Lutjanus griseus_R,Gray Snapper (Recruit),prey_community,0.22025615810743018,0.007968423267205557,0.08926602526832679,0.03617798164486885,0.19020510415041142
2012,Lutjanus griseus_SA,Gray Snapper (Sub-adult),prey_community,0.03356790541084695,0.0009456109255552292,0.03075078739732089,0.028170090168714523,0.16783947738453706
2012,Mycteroperca microlepis_SA,Gag Grouper (Sub-adult),prey_community,-0.13827583387184217,-0.0004365902083615462,0.0,0.003157386090606451,0.05619062279959576
2012,Sciaenops ocellatus_R,Red Drum (Recruit),prey_community,0.07905436176937694,0.0029652702311674752,0.054454294882658016,0.0375092551112175,0.19367306243052362
2012,Sciaenops ocellatus_SA,Red Drum (Sub-adult),prey_community,0.02284472269323477,0.0009754970669746399,0.031232948419491872,0.042701199650764465,0.20664268593580676
2012,Archosargus probatocephalus_A,Sheepshead (Adult),nonprey_community,0.1116962416461849,0.007737353444099426,0.08796222737118146,0.06927138566970825,0.2631945775841673
2012,Archosargus probatocephalus_R,Sheepshead (Recruit),nonprey_community,0.0015677196122928436,4.032937188943227e-06,0.0020082174157553825,0.00257248617708683,0.05071968234410415
2012,Callinectes sapidus_R,Blue Crab (Recruit),nonprey_community,0.0080151512566556,0.0018730064233144124,0.04327824422633631,0.23368322849273682,0.48340793176440205
2012,Centropomus undecimalis_A,Common Snook (Adult),nonprey_community,0.12164421630683846,0.009762530525525412,0.09880551869974374,0.08025478571653366,0.2832927562020139
2012,Centropomus undecimalis_SA,Common Snook (Sub-adult),nonprey_community,0.030876158580648527,0.00021267402917146683,0.0145833476668242,0.006887969095259905,0.08299378949812995
2012,Cynoscion nebulosus_A,Spotted Seatrout (Adult),nonprey_community,0.1676445410289621,0.00484260047475497,0.06958879561218867,0.02888612076640129,0.16995917382242504
2012,Cynoscion nebulosus_R,Spotted Seatrout (Recruit),nonprey_community,0.09254292502865352,0.009707580010096232,0.09852705217399042,0.1048981323838234,0.32387981163361107
2012,Lutjanus griseus_R,Gray Snapper (Recruit),nonprey_community,0.038337380167268016,0.0013869690398375194,0.037242033239842307,0.03617798164486885,0.19020510415041142
2012,Lutjanus griseus_SA,Gray Snapper (Sub-adult),nonprey_community,-0.09073140040682907,-0.002555911739667257,0.0,0.028170090168714523,0.16783947738453706
2012,Mycteroperca microlepis_SA,Gag Grouper (Sub-adult),nonprey_community,-0.05526796163736234,-0.00017450229885677496,0.0,0.003157386090606451,0.05619062279959576
2012,Sciaenops ocellatus_R,Red Drum (Recruit),nonprey_community,0.03844954652069362,0.0014422138532002766,0.037976490796284436,0.0375092551112175,0.19367306243052362
2012,Sciaenops ocellatus_SA,Red Drum (Sub-adult),nonprey_community,0.02496618828389442,0.001066086192925771,0.03265097537479962,0.042701199650764465,0.20664268593580676
2013,Archosargus probatocephalus_A,Sheepshead (Adult),env,0.028899501661911155,0.002972133457660675,0.0545172766896942,0.1028437614440918,0.32069262767343404
2013,Archosargus probatocephalus_R,Sheepshead (Recruit),env,-0.03638390527570338,-0.00022462491566936174,0.0,0.006173743866384029,0.07857317523419828
2013,Callinectes sapidus_R,Blue Crab (Recruit),env,0.06502968778494429,0.01552484929561615,0.12459875318644305,0.23873479664325714,0.4886049494665984
2013,Centropomus undecimalis_A,Common Snook (Adult),env,0.017397040594667092,0.0029540210962295532,0.05435090704146117,0.16980020701885223,0.4120682067556926
2013,Centropomus undecimalis_SA,Common Snook (Sub-adult),env,0.00860591707602732,0.00016094185411930084,0.012686286064853686,0.018701301887631416,0.13675270340154674
2013,Cynoscion nebulosus_A,Spotted Seatrout (Adult),env,-0.009158312483592492,-0.00022346340119838715,0.0,0.02440006285905838,0.15620519472494626
2013,Cynoscion nebulosus_R,Spotted Seatrout (Recruit),env,0.03334811182777176,0.0032588069637616477,0.05708596117927461,0.09772088378667831,0.3126033969531974
2013,Lutjanus griseus_R,Gray Snapper (Recruit),env,-0.06427230157982994,-0.001445192222793897,0.0,0.022485459223389626,0.14995152291120495
2013,Lutjanus griseus_SA,Gray Snapper (Sub-adult),env,0.004676391531618075,0.0004273056983947754,0.02067137388745062,0.09137509018182755,0.3022831291716882
2013,Mycteroperca microlepis_SA,Gag Grouper (Sub-adult),env,0.0025611063611361757,1.3318223257859548e-05,0.003649414097887433,0.005200183484703302,0.07211229773556867
2013,Sciaenops ocellatus_R,Red Drum (Recruit),env,0.01676013898348262,0.001487739384174347,0.03857122482076952,0.08876653015613556,0.2979371245013544
2013,Sciaenops ocellatus_SA,Red Drum (Sub-adult),env,0.0010746608994580532,6.426870822906494e-05,0.008016776673268685,0.059803709387779236,0.2445479695024664
2013,Archosargus probatocephalus_A,Sheepshead (Adult),restoration,0.06019209965910822,0.006190381944179535,0.07867898031990206,0.1028437614440918,0.32069262767343404
2013,Archosargus probatocephalus_R,Sheepshead (Recruit),restoration,-0.004108684688194377,-2.536596730351448e-05,0.0,0.006173743866384029,0.07857317523419828
2013,Callinectes sapidus_R,Blue Crab (Recruit),restoration,-0.00497161441690177,-0.0011868973573048909,0.0,0.23873479664325714,0.4886049494665984
2013,Centropomus undecimalis_A,Common Snook (Adult),restoration,0.017402101249834084,0.002954880396525065,0.05435881158124288,0.16980020701885223,0.4120682067556926
2013,Centropomus undecimalis_SA,Common Snook (Sub-adult),restoration,0.0011448328165138979,2.140986422697703e-05,0.004627079448958817,0.018701301887631416,0.13675270340154674
2013,Cynoscion nebulosus_A,Spotted Seatrout (Adult),restoration,0.00732152518133989,0.0001786456753810247,0.013365839868149876,0.02440006285905838,0.15620519472494626
2013,Cynoscion nebulosus_R,Spotted Seatrout (Recruit),restoration,-0.009295478434231154,-0.0009083623687426249,0.0,0.09772088378667831,0.3126033969531974
2013,Lutjanus griseus_R,Gray Snapper (Recruit),restoration,0.04174081663392148,0.0009385614345471064,0.030635950035001466,0.022485459223389626,0.14995152291120495
2013,Lutjanus griseus_SA,Gray Snapper (Sub-adult),restoration,0.008743473621218354,0.0007989356915156046,0.02826545049199826,0.09137509018182755,0.3022831291716882
2013,Mycteroperca microlepis_SA,Gag Grouper (Sub-adult),restoration,-0.012496594358561238,-6.498458484808604e-05,0.0,0.005200183484703302,0.07211229773556867
2013,Sciaenops ocellatus_R,Red Drum (Recruit),restoration,-0.002393702039537794,-0.00021248062451680502,0.0,0.08876653015613556,0.2979371245013544
2013,Sciaenops ocellatus_SA,Red Drum (Sub-adult),restoration,-0.0022149359971209027,-0.0001324613889058431,0.0,0.059803709387779236,0.2445479695024664
2013,Archosargus probatocephalus_A,Sheepshead (Adult),habitat_structured,-0.007196362024849338,-0.0007401009400685629,0.0,0.1028437614440918,0.32069262767343404
2013,Archosargus probatocephalus_R,Sheepshead (Recruit),habitat_structured,0.004658088232497204,2.8757844120264053e-05,0.005362634065481632,0.006173743866384029,0.07857317523419828
2013,Callinectes sapidus_R,Blue Crab (Recruit),habitat_structured,0.03354792162479566,0.008009056250254313,0.08949333075852252,0.23873479664325714,0.4886049494665984
2013,Centropomus undecimalis_A,Common Snook (Adult),habitat_structured,0.005414754766968576,0.0009194264809290568,0.030322046120422955,0.16980020701885223,0.4120682067556926
2013,Centropomus undecimalis_SA,Common Snook (Sub-adult),habitat_structured,0.0004900308085649489,9.164214134216309e-06,0.003027245304598937,0.018701301887631416,0.13675270340154674
2013,Cynoscion nebulosus_A,Spotted Seatrout (Adult),habitat_structured,0.0157986507525792,0.0003854880730311076,0.019633850183576006,0.02440006285905838,0.15620519472494626
2013,Cynoscion nebulosus_R,Spotted Seatrout (Recruit),habitat_structured,0.017419984034578423,0.0017022962371508281,0.04125889282507261,0.09772088378667831,0.3126033969531974
2013,Lutjanus griseus_R,Gray Snapper (Recruit),habitat_structured,0.0791771898168979,0.0017803354809681575,0.0421940218629151,0.022485459223389626,0.14995152291120495
2013,Lutjanus griseus_SA,Gray Snapper (Sub-adult),habitat_structured,0.013773334208659492,0.001258539656798045,0.03547590248038864,0.09137509018182755,0.3022831291716882
2013,Mycteroperca microlepis_SA,Gag Grouper (Sub-adult),habitat_structured,-0.006669287880167132,-3.4681521356105804e-05,0.0,0.005200183484703302,0.07211229773556867
2013,Sciaenops ocellatus_R,Red Drum (Recruit),habitat_structured,-0.007641095543458408,-0.0006782735387484232,0.0,0.08876653015613556,0.2979371245013544
2013,Sciaenops ocellatus_SA,Red Drum (Sub-adult),habitat_structured,-0.00029821237804344546,-1.7834206422170002e-05,0.0,0.059803709387779236,0.2445479695024664
2013,Archosargus probatocephalus_A,Sheepshead (Adult),habitat_open,-0.030050952427903777,-0.0030905529856681824,0.0,0.1028437614440918,0.32069262767343404
2013,Archosargus probatocephalus_R,Sheepshead (Recruit),habitat_open,-0.024723964038447677,-0.00015263942380746207,0.0,0.006173743866384029,0.07857317523419828
2013,Callinectes sapidus_R,Blue Crab (Recruit),habitat_open,0.013391530307009536,0.0031970242659250894,0.05654223435561323,0.23873479664325714,0.4886049494665984
2013,Centropomus undecimalis_A,Common Snook (Adult),habitat_open,0.015308452627800779,0.0025993784268697104,0.050984099745604125,0.16980020701885223,0.4120682067556926
2013,Centropomus undecimalis_SA,Common Snook (Sub-adult),habitat_open,0.0026952026470264978,5.0403798619906105e-05,0.00709956326966005,0.018701301887631416,0.13675270340154674
2013,Cynoscion nebulosus_A,Spotted Seatrout (Adult),habitat_open,0.005493694838114124,0.00013404649992783865,0.011577845219549217,0.02440006285905838,0.15620519472494626
2013,Cynoscion nebulosus_R,Spotted Seatrout (Recruit),habitat_open,-0.00890559467417445,-0.0008702625830968221,0.0,0.09772088378667831,0.3126033969531974
2013,Lutjanus griseus_R,Gray Snapper (Recruit),habitat_open,0.11097159341576666,0.0024952472498019538,0.04995244988788792,0.022485459223389626,0.14995152291120495
2013,Lutjanus griseus_SA,Gray Snapper (Sub-adult),habitat_open,0.039769875700891445,0.0036339759826660156,0.06028246828611131,0.09137509018182755,0.3022831291716882
2013,Mycteroperca microlepis_SA,Gag Grouper (Sub-adult),habitat_open,-0.025266396876879583,-0.000131389902283748,0.0,0.005200183484703302,0.07211229773556867
2013,Sciaenops ocellatus_R,Red Drum (Recruit),habitat_open,-0.003669507512011069,-0.0003257294495900472,0.0,0.08876653015613556,0.2979371245013544
2013,Sciaenops ocellatus_SA,Red Drum (Sub-adult),habitat_open,0.021328518046072314,0.0012755244970321655,0.03571448581503261,0.059803709387779236,0.2445479695024664
2013,Archosargus probatocephalus_A,Sheepshead (Adult),shoreline,-0.0069115299753362515,-0.000710807740688324,0.0,0.1028437614440918,0.32069262767343404
2013,Archosargus probatocephalus_R,Sheepshead (Recruit),shoreline,0.052285884505152265,0.000322799663990736,0.017966626394254878,0.006173743866384029,0.07857317523419828
2013,Callinectes sapidus_R,Blue Crab (Recruit),shoreline,0.042741124394524564,0.01020379364490509,0.10101382897853685,0.23873479664325714,0.4886049494665984
2013,Centropomus undecimalis_A,Common Snook (Adult),shoreline,0.08187923592857926,0.013903111219406128,0.11791145499656142,0.16980020701885223,0.4120682067556926
2013,Centropomus undecimalis_SA,Common Snook (Sub-adult),shoreline,0.009418020301522386,0.00017612924178441366,0.013271369250548854,0.018701301887631416,0.13675270340154674
2013,Cynoscion nebulosus_A,Spotted Seatrout (Adult),shoreline,-0.015342711003025809,-0.00037436311443646747,0.0,0.02440006285905838,0.15620519472494626
2013,Cynoscion nebulosus_R,Spotted Seatrout (Recruit),shoreline,-0.003485902894002853,-0.0003406455119450887,0.0,0.09772088378667831,0.3126033969531974
2013,Lutjanus griseus_R,Gray Snapper (Recruit),shoreline,0.046418057630724784,0.0010437313467264175,0.032306831270281174,0.022485459223389626,0.14995152291120495
2013,Lutjanus griseus_SA,Gray Snapper (Sub-adult),shoreline,0.02614211475351518,0.0023887380957603455,0.04887471837013842,0.09137509018182755,0.3022831291716882
2013,Mycteroperca microlepis_SA,Gag Grouper (Sub-adult),shoreline,0.026015816440631546,0.00013528702159722647,0.011631294923490956,0.005200183484703302,0.07211229773556867
2013,Sciaenops ocellatus_R,Red Drum (Recruit),shoreline,-0.004256461963919332,-0.0003778313597043355,0.0,0.08876653015613556,0.2979371245013544
2013,Sciaenops ocellatus_SA,Red Drum (Sub-adult),shoreline,0.015510241312222305,0.0009275699655214945,0.030456033318892572,0.059803709387779236,0.2445479695024664
2013,Archosargus probatocephalus_A,Sheepshead (Adult),water_effort,0.004490952599580143,0.00046186645825703937,0.02149107857360908,0.1028437614440918,0.32069262767343404
2013,Archosargus probatocephalus_R,Sheepshead (Recruit),water_effort,0.014085065604490627,8.695758879184723e-05,0.009325105296555489,0.006173743866384029,0.07857317523419828
2013,Callinectes sapidus_R,Blue Crab (Recruit),water_effort,0.030400263071667297,0.007257600625356038,0.08519155254692826,0.23873479664325714,0.4886049494665984
2013,Centropomus undecimalis_A,Common Snook (Adult),water_effort,0.020815966571269492,0.003534555435180664,0.05945212725530235,0.16980020701885223,0.4120682067556926
2013,Centropomus undecimalis_SA,Common Snook (Sub-adult),water_effort,-0.0017682277008244697,-3.306816021601359e-05,0.0,0.018701301887631416,0.13675270340154674
2013,Cynoscion nebulosus_A,Spotted Seatrout (Adult),water_effort,-0.03266368854747806,-0.0007969960570335388,0.0,0.02440006285905838,0.15620519472494626
2013,Cynoscion nebulosus_R,Spotted Seatrout (Recruit),water_effort,0.011898863006874963,0.0011627674102783203,0.03409937551155916,0.09772088378667831,0.3126033969531974
2013,Lutjanus griseus_R,Gray Snapper (Recruit),water_effort,0.037064680140624154,0.0008334163576364517,0.02886895144677845,0.022485459223389626,0.14995152291120495
2013,Lutjanus griseus_SA,Gray Snapper (Sub-adult),water_effort,-0.016641801506887446,-0.0015206461151440938,0.0,0.09137509018182755,0.3022831291716882
2013,Mycteroperca microlepis_SA,Gag Grouper (Sub-adult),water_effort,0.006258923433500385,3.2547550896803536e-05,0.005705046090681787,0.005200183484703302,0.07211229773556867
2013,Sciaenops ocellatus_R,Red Drum (Recruit),water_effort,0.0016660452691850552,0.0001478890577952067,0.012160964509248709,0.08876653015613556,0.2979371245013544
2013,Sciaenops ocellatus_SA,Red Drum (Sub-adult),water_effort,0.015124404909993972,0.0009044955174128214,0.030074831959843458,0.059803709387779236,0.2445479695024664
2013,Archosargus probatocephalus_A,Sheepshead (Adult),bycatch,-0.010688386047900582,-0.0010992338260014851,0.0,0.1028437614440918,0.32069262767343404
2013,Archosargus probatocephalus_R,Sheepshead (Recruit),bycatch,-0.01924762858147054,-0.00011882993082205455,0.0,0.006173743866384029,0.07857317523419828
2013,Callinectes sapidus_R,Blue Crab (Recruit),bycatch,0.021738584501192603,0.005189756552378337,0.0720399649665263,0.23873479664325714,0.4886049494665984
2013,Centropomus undecimalis_A,Common Snook (Adult),bycatch,0.009207320908010018,0.0015634049971898396,0.03953991650458862,0.16980020701885223,0.4120682067556926
2013,Centropomus undecimalis_SA,Common Snook (Sub-adult),bycatch,0.0017127174357891995,3.203004598617554e-05,0.005659509341469059,0.018701301887631416,0.13675270340154674
2013,Cynoscion nebulosus_A,Spotted Seatrout (Adult),bycatch,-0.006844007303221856,-0.00016699420909086862,0.0,0.02440006285905838,0.15620519472494626
2013,Cynoscion nebulosus_R,Spotted Seatrout (Recruit),bycatch,-0.0019077390293107722,-0.0001864259441693624,0.0,0.09772088378667831,0.3126033969531974
2013,Lutjanus griseus_R,Gray Snapper (Recruit),bycatch,0.021539198996129712,0.0004843187828858693,0.022007243873003936,0.022485459223389626,0.14995152291120495
2013,Lutjanus griseus_SA,Gray Snapper (Sub-adult),bycatch,-0.006458440906019844,-0.0005901406208674113,0.0,0.09137509018182755,0.3022831291716882
2013,Mycteroperca microlepis_SA,Gag Grouper (Sub-adult),bycatch,0.021875397970596802,0.00011375608543554942,0.010665649789654142,0.005200183484703302,0.07211229773556867
2013,Sciaenops ocellatus_R,Red Drum (Recruit),bycatch,0.003153281924892551,0.00027990589539210003,0.01673038838138852,0.08876653015613556,0.2979371245013544
2013,Sciaenops ocellatus_SA,Red Drum (Sub-adult),bycatch,0.005871100316202225,0.00035111357768376666,0.01873802491416229,0.059803709387779236,0.2445479695024664
2013,Archosargus probatocephalus_A,Sheepshead (Adult),na_indicators,-0.004926785480428994,-0.0005066891511281332,0.0,0.1028437614440918,0.32069262767343404
2013,Archosargus probatocephalus_R,Sheepshead (Recruit),na_indicators,-0.03270225789301804,-0.0002018953673541546,0.0,0.006173743866384029,0.07857317523419828
2013,Callinectes sapidus_R,Blue Crab (Recruit),na_indicators,-0.002010833006205053,-0.0004800558090209961,0.0,0.23873479664325714,0.4886049494665984
2013,Centropomus undecimalis_A,Common Snook (Adult),na_indicators,0.003943215702370893,0.0006695588429768881,0.025875835116511467,0.16980020701885223,0.4120682067556926
2013,Centropomus undecimalis_SA,Common Snook (Sub-adult),na_indicators,0.001047391053428659,1.9587576389312744e-05,0.004425785398018384,0.018701301887631416,0.13675270340154674
2013,Cynoscion nebulosus_A,Spotted Seatrout (Adult),na_indicators,0.027789296177531727,0.0006780605763196945,0.02603959631637354,0.02440006285905838,0.15620519472494626
2013,Cynoscion nebulosus_R,Spotted Seatrout (Recruit),na_indicators,0.0339833725321833,0.003320885201295217,0.05762712209797759,0.09772088378667831,0.3126033969531974
2013,Lutjanus griseus_R,Gray Snapper (Recruit),na_indicators,0.04291609120205463,0.0009649880230426788,0.031064256357471023,0.022485459223389626,0.14995152291120495
2013,Lutjanus griseus_SA,Gray Snapper (Sub-adult),na_indicators,0.02066232515799292,0.0018880218267440796,0.04345137312840734,0.09137509018182755,0.3022831291716882
2013,Mycteroperca microlepis_SA,Gag Grouper (Sub-adult),na_indicators,0.01977166827634123,0.0001028163048128287,0.010139837514123621,0.005200183484703302,0.07211229773556867
2013,Sciaenops ocellatus_R,Red Drum (Recruit),na_indicators,-0.0038413775343225445,-0.0003409857551256816,0.0,0.08876653015613556,0.2979371245013544
2013,Sciaenops ocellatus_SA,Red Drum (Sub-adult),na_indicators,-0.003169311121199087,-0.0001895365615685781,0.0,0.059803709387779236,0.2445479695024664
2013,Archosargus probatocephalus_A,Sheepshead (Adult),prey_community,-0.07149651500612529,-0.007352970540523529,0.0,0.1028437614440918,0.32069262767343404
2013,Archosargus probatocephalus_R,Sheepshead (Recruit),prey_community,0.2631496147780794,0.0016246183464924495,0.04030655463435754,0.006173743866384029,0.07857317523419828
2013,Callinectes sapidus_R,Blue Crab (Recruit),prey_community,0.09163723118970561,0.021876995762189228,0.14790874133123177,0.23873479664325714,0.4886049494665984
2013,Centropomus undecimalis_A,Common Snook (Adult),prey_community,0.11195269117439859,0.01900959014892578,0.13787527025875881,0.16980020701885223,0.4120682067556926
2013,Centropomus undecimalis_SA,Common Snook (Sub-adult),prey_community,0.011953962935765278,0.00022355467081069946,0.014951744741357091,0.018701301887631416,0.13675270340154674
2013,Cynoscion nebulosus_A,Spotted Seatrout (Adult),prey_community,-0.01792961817786935,-0.00043748381237188977,0.0,0.02440006285905838,0.15620519472494626
2013,Cynoscion nebulosus_R,Spotted Seatrout (Recruit),prey_community,0.3389028178029543,0.033117882907390594,0.18198319402458732,0.09772088378667831,0.3126033969531974
2013,Lutjanus griseus_R,Gray Snapper (Recruit),prey_community,0.4430608401301043,0.009962426498532295,0.09981195568934763,0.022485459223389626,0.14995152291120495
2013,Lutjanus griseus_SA,Gray Snapper (Sub-adult),prey_community,0.13827320797323958,0.01263472686211268,0.11240430090576019,0.09137509018182755,0.3022831291716882
2013,Mycteroperca microlepis_SA,Gag Grouper (Sub-adult),prey_community,0.03520006408355351,0.00018304679542779922,0.013529478756692706,0.005200183484703302,0.07211229773556867
2013,Sciaenops ocellatus_R,Red Drum (Recruit),prey_community,0.10548689789053223,0.00936370591322581,0.0967662436659903,0.08876653015613556,0.2979371245013544
2013,Sciaenops ocellatus_SA,Red Drum (Sub-adult),prey_community,0.02231158899987171,0.0013343157867590587,0.03652828748735778,0.059803709387779236,0.2445479695024664
2013,Archosargus probatocephalus_A,Sheepshead (Adult),nonprey_community,0.03810294558275292,0.003918650249640147,0.062599123393544,0.1028437614440918,0.32069262767343404
2013,Archosargus probatocephalus_R,Sheepshead (Recruit),nonprey_community,0.129581748732442,0.0008000045393904051,0.028284351493191515,0.006173743866384029,0.07857317523419828
2013,Callinectes sapidus_R,Blue Crab (Recruit),nonprey_community,0.0697343645779986,0.016648019353548687,0.1290272039282751,0.23873479664325714,0.4886049494665984
2013,Centropomus undecimalis_A,Common Snook (Adult),nonprey_community,0.16914780633892415,0.028721332550048828,0.1694736927964008,0.16980020701885223,0.4120682067556926
2013,Centropomus undecimalis_SA,Common Snook (Sub-adult),nonprey_community,0.006588391181333322,0.00012321149309476218,0.011100067256317061,0.018701301887631416,0.13675270340154674
2013,Cynoscion nebulosus_A,Spotted Seatrout (Adult),nonprey_community,0.12138287662638579,0.0029617498318354287,0.05442196093339001,0.02440006285905838,0.15620519472494626
2013,Cynoscion nebulosus_R,Spotted Seatrout (Recruit),nonprey_community,0.16801242751589016,0.016418322920799255,0.12813400376480574,0.09772088378667831,0.3126033969531974
2013,Lutjanus griseus_R,Gray Snapper (Recruit),nonprey_community,0.2054764201866491,0.0046202316880226135,0.06797228617622489,0.022485459223389626,0.14995152291120495
2013,Lutjanus griseus_SA,Gray Snapper (Sub-adult),nonprey_community,0.18096805709823793,0.016535972555478413,0.12859227253407732,0.09137509018182755,0.3022831291716882
2013,Mycteroperca microlepis_SA,Gag Grouper (Sub-adult),nonprey_community,-0.03362770679834372,-0.00017487024888396263,0.0,0.005200183484703302,0.07211229773556867
2013,Sciaenops ocellatus_R,Red Drum (Recruit),nonprey_community,0.04284266689325997,0.003802994887034098,0.06166842698686337,0.08876653015613556,0.2979371245013544
2013,Sciaenops ocellatus_SA,Red Drum (Sub-adult),nonprey_community,0.10353621475307347,0.006191849708557129,0.07868830731790542,0.059803709387779236,0.2445479695024664
2014,Archosargus probatocephalus_A,Sheepshead (Adult),env,-0.003094572139596199,-0.0002921571334203084,0.0,0.09440954029560089,0.30726135503118657
2014,Archosargus probatocephalus_R,Sheepshead (Recruit),env,0.05944218209427401,0.0005691122884551684,0.023856074456103802,0.009574215859174728,0.09784792209942288
2014,Callinectes sapidus_R,Blue Crab (Recruit),env,0.07874211535611171,0.015781169136365254,0.1256231234143032,0.20041586458683014,0.4476783047980214
2014,Centropomus undecimalis_A,Common Snook (Adult),env,0.05400910268177841,0.013957838217417399,0.11814329527068981,0.258434921503067,0.508364949129134
2014,Centropomus undecimalis_SA,Common Snook (Sub-adult),env,0.0010167020137348218,2.7505680918693542e-05,0.005244585867224746,0.027053827419877052,0.16448047732140447
2014,Cynoscion nebulosus_A,Spotted Seatrout (Adult),env,0.02221521950053114,0.00045001010100046795,0.021213441517124655,0.02025683782994747,0.14232651836515733
2014,Cynoscion nebulosus_R,Spotted Seatrout (Recruit),env,-0.0014161784316713722,-0.00011826058228810628,0.0,0.08350683748722076,0.2889754963439301
2014,Lutjanus griseus_R,Gray Snapper (Recruit),env,-0.0361449233141635,-0.000986317793528239,0.0,0.027287865057587624,0.16519039033063523
2014,Lutjanus griseus_SA,Gray Snapper (Sub-adult),env,0.00016201867276747573,1.2119611104329428e-05,0.003481323182976471,0.07480379194021225,0.27350281888896916
2014,Mycteroperca microlepis_SA,Gag Grouper (Sub-adult),env,-0.007076409130659823,-1.572437273959319e-05,0.0,0.0022220835089683533,0.04713898077990606
2014,Sciaenops ocellatus_R,Red Drum (Recruit),env,0.024931730555344478,0.00438082218170166,0.06618777970064912,0.1757127195596695,0.4191810104950718
2014,Sciaenops ocellatus_SA,Red Drum (Sub-adult),env,0.043119627774077164,0.002673895408709844,0.05170972257428814,0.06201109662652016,0.2490202735251091
2014,Archosargus probatocephalus_A,Sheepshead (Adult),restoration,-0.009574054512811984,-0.0009038820862770081,0.0,0.09440954029560089,0.30726135503118657
2014,Archosargus probatocephalus_R,Sheepshead (Recruit),restoration,0.05416986479527854,0.0005186339840292931,0.022773536924011014,0.009574215859174728,0.09784792209942288
2014,Callinectes sapidus_R,Blue Crab (Recruit),restoration,0.012887839737377005,0.0025829275449117026,0.050822510218521307,0.20041586458683014,0.4476783047980214
2014,Centropomus undecimalis_A,Common Snook (Adult),restoration,-0.015531400428148911,-0.004013856252034505,0.0,0.258434921503067,0.508364949129134
2014,Centropomus undecimalis_SA,Common Snook (Sub-adult),restoration,0.00220456412810923,5.9641897678375244e-05,0.0077228166933040205,0.027053827419877052,0.16448047732140447
2014,Cynoscion nebulosus_A,Spotted Seatrout (Adult),restoration,0.016145383218441677,0.0003270544111728668,0.018084645729813643,0.02025683782994747,0.14232651836515733
2014,Cynoscion nebulosus_R,Spotted Seatrout (Recruit),restoration,0.007865295244066728,0.0006568059325218201,0.025628225309642882,0.08350683748722076,0.2889754963439301
2014,Lutjanus griseus_R,Gray Snapper (Recruit),restoration,0.022582954805051906,0.0006162406255801519,0.024824194359135843,0.027287865057587624,0.16519039033063523
2014,Lutjanus griseus_SA,Gray Snapper (Sub-adult),restoration,-0.01389984090099376,-0.0010397608081499736,0.0,0.07480379194021225,0.27350281888896916
2014,Mycteroperca microlepis_SA,Gag Grouper (Sub-adult),restoration,-0.0018065874440832685,-4.014388347665469e-06,0.0,0.0022220835089683533,0.04713898077990606
2014,Sciaenops ocellatus_R,Red Drum (Recruit),restoration,0.01137720662126047,0.0019991199175516763,0.04471151884639658,0.1757127195596695,0.4191810104950718
2014,Sciaenops ocellatus_SA,Red Drum (Sub-adult),restoration,-0.007740208527595507,-0.0004799788196881612,0.0,0.06201109662652016,0.2490202735251091
2014,Archosargus probatocephalus_A,Sheepshead (Adult),habitat_structured,0.006513548499134087,0.0006149411201477051,0.024798006374458916,0.09440954029560089,0.30726135503118657
2014,Archosargus probatocephalus_R,Sheepshead (Recruit),habitat_structured,0.037333318935936756,0.00035743725796540576,0.01890601115955996,0.009574215859174728,0.09784792209942288
2014,Callinectes sapidus_R,Blue Crab (Recruit),habitat_structured,-0.031459829155467946,-0.0063050488630930586,0.0,0.20041586458683014,0.4476783047980214
2014,Centropomus undecimalis_A,Common Snook (Adult),habitat_structured,0.00746890888555473,0.0019302268822987874,0.04393434740950168,0.258434921503067,0.508364949129134
2014,Centropomus undecimalis_SA,Common Snook (Sub-adult),habitat_structured,0.0011064130399348947,2.993270754814148e-05,0.00547107919410252,0.027053827419877052,0.16448047732140447
2014,Cynoscion nebulosus_A,Spotted Seatrout (Adult),habitat_structured,-0.003314327876481713,-6.713780264059703e-05,0.0,0.02025683782994747,0.14232651836515733
2014,Cynoscion nebulosus_R,Spotted Seatrout (Recruit),habitat_structured,0.02075734286537582,0.0017333800594011943,0.041633881147464434,0.08350683748722076,0.2889754963439301
2014,Lutjanus griseus_R,Gray Snapper (Recruit),habitat_structured,0.10790774142215155,0.0029445718973875046,0.05426390971343204,0.027287865057587624,0.16519039033063523
2014,Lutjanus griseus_SA,Gray Snapper (Sub-adult),habitat_structured,-0.009534599689079735,-0.0007132242123285929,0.0,0.07480379194021225,0.27350281888896916
2014,Mycteroperca microlepis_SA,Gag Grouper (Sub-adult),habitat_structured,-0.005431218314495524,-1.206862119336923e-05,0.0,0.0022220835089683533,0.04713898077990606
2014,Sciaenops ocellatus_R,Red Drum (Recruit),habitat_structured,0.003364207399205989,0.0005911340316136678,0.024313248067949864,0.1757127195596695,0.4191810104950718
2014,Sciaenops ocellatus_SA,Red Drum (Sub-adult),habitat_structured,0.016199649895295657,0.0010045580565929413,0.03169476386712703,0.06201109662652016,0.2490202735251091
2014,Archosargus probatocephalus_A,Sheepshead (Adult),habitat_open,0.015073247942131647,0.0014230584104855855,0.03772344642905239,0.09440954029560089,0.30726135503118657
2014,Archosargus probatocephalus_R,Sheepshead (Recruit),habitat_open,-0.028667564660497774,-0.00027446945508321124,0.0,0.009574215859174728,0.09784792209942288
2014,Callinectes sapidus_R,Blue Crab (Recruit),habitat_open,0.032608257879710036,0.0065352121988932295,0.08084065931753173,0.20041586458683014,0.4476783047980214
2014,Centropomus undecimalis_A,Common Snook (Adult),habitat_open,-0.02706536261944356,-0.0069946348667144775,0.0,0.258434921503067,0.508364949129134
2014,Centropomus undecimalis_SA,Common Snook (Sub-adult),habitat_open,0.007116019051369692,0.0001925155520439148,0.013874997370951636,0.027053827419877052,0.16448047732140447
2014,Cynoscion nebulosus_A,Spotted Seatrout (Adult),habitat_open,-0.0008737224570389031,-1.7698854207992554e-05,0.0,0.02025683782994747,0.14232651836515733
2014,Cynoscion nebulosus_R,Spotted Seatrout (Recruit),habitat_open,0.04456313635033204,0.0037213265895843506,0.061002676905069914,0.08350683748722076,0.2889754963439301
2014,Lutjanus griseus_R,Gray Snapper (Recruit),habitat_open,0.09995867329836894,0.0027276587982972464,0.052226993004549346,0.027287865057587624,0.16519039033063523
2014,Lutjanus griseus_SA,Gray Snapper (Sub-adult),habitat_open,0.02873092396437582,0.002149182061354319,0.046359271579203214,0.07480379194021225,0.27350281888896916
2014,Mycteroperca microlepis_SA,Gag Grouper (Sub-adult),habitat_open,0.0782751990806425,0.00017393403686583042,0.01318840539511242,0.0022220835089683533,0.04713898077990606
2014,Sciaenops ocellatus_R,Red Drum (Recruit),habitat_open,-0.0070935813055662995,-0.0012464324633280437,0.0,0.1757127195596695,0.4191810104950718
2014,Sciaenops ocellatus_SA,Red Drum (Sub-adult),habitat_open,0.016284915742475703,0.0010098454852898915,0.031778066103680565,0.06201109662652016,0.2490202735251091
2014,Archosargus probatocephalus_A,Sheepshead (Adult),shoreline,0.019248360767612115,0.001817228893438975,0.04262896777355716,0.09440954029560089,0.30726135503118657
2014,Archosargus probatocephalus_R,Sheepshead (Recruit),shoreline,0.19015179349150546,0.0018205543359120686,0.04266795443786904,0.009574215859174728,0.09784792209942288
2014,Callinectes sapidus_R,Blue Crab (Recruit),shoreline,0.09757520142511315,0.01955561836560567,0.13984140433221368,0.20041586458683014,0.4476783047980214
2014,Centropomus undecimalis_A,Common Snook (Adult),shoreline,0.07809083026322526,0.020181397596995037,0.14206124593637434,0.258434921503067,0.508364949129134
2014,Centropomus undecimalis_SA,Common Snook (Sub-adult),shoreline,0.021413074124491477,0.0005793056140343348,0.02406876843617751,0.027053827419877052,0.16448047732140447
2014,Cynoscion nebulosus_A,Spotted Seatrout (Adult),shoreline,0.030694213814112737,0.0006217677146196365,0.024935270494214345,0.02025683782994747,0.14232651836515733
2014,Cynoscion nebulosus_R,Spotted Seatrout (Recruit),shoreline,-0.009851002361665832,-0.0008226260542869568,0.0,0.08350683748722076,0.2889754963439301
2014,Lutjanus griseus_R,Gray Snapper (Recruit),shoreline,0.05791256866148948,0.0015803103645642598,0.03975311767099858,0.027287865057587624,0.16519039033063523
2014,Lutjanus griseus_SA,Gray Snapper (Sub-adult),shoreline,0.03536714903994575,0.0026455968618392944,0.05143536586668063,0.07480379194021225,0.27350281888896916
2014,Mycteroperca microlepis_SA,Gag Grouper (Sub-adult),shoreline,0.05082285860143285,0.00011293264105916023,0.010626977042374761,0.0022220835089683533,0.04713898077990606
2014,Sciaenops ocellatus_R,Red Drum (Recruit),shoreline,0.020337298168419327,0.0035735219717025757,0.05977894254419842,0.1757127195596695,0.4191810104950718
2014,Sciaenops ocellatus_SA,Red Drum (Sub-adult),shoreline,3.724623667329132e-06,2.3096799850463867e-07,0.0004805913009040412,0.06201109662652016,0.2490202735251091
2014,Archosargus probatocephalus_A,Sheepshead (Adult),water_effort,0.0312229854632816,0.0029477477073669434,0.05429316446263695,0.09440954029560089,0.30726135503118657
2014,Archosargus probatocephalus_R,Sheepshead (Recruit),water_effort,0.004035931947474596,3.864088406165441e-05,0.006216179217304984,0.009574215859174728,0.09784792209942288
2014,Callinectes sapidus_R,Blue Crab (Recruit),water_effort,0.028775626708684766,0.0057670921087265015,0.0759413728393588,0.20041586458683014,0.4476783047980214
2014,Centropomus undecimalis_A,Common Snook (Adult),water_effort,0.0625382112347211,0.016162057717641194,0.12713008187538147,0.258434921503067,0.508364949129134
2014,Centropomus undecimalis_SA,Common Snook (Sub-adult),water_effort,-0.008898535143710353,-0.00024073943495750427,0.0,0.027053827419877052,0.16448047732140447
2014,Cynoscion nebulosus_A,Spotted Seatrout (Adult),water_effort,0.014147064161696947,0.00028657478590806323,0.016928519897145857,0.02025683782994747,0.14232651836515733
2014,Cynoscion nebulosus_R,Spotted Seatrout (Recruit),water_effort,0.012249506250057466,0.0010229175289471943,0.03198308191758878,0.08350683748722076,0.2889754963439301
2014,Lutjanus griseus_R,Gray Snapper (Recruit),water_effort,-0.01054887526409127,-0.00028785628577073413,0.0,0.027287865057587624,0.16519039033063523
2014,Lutjanus griseus_SA,Gray Snapper (Sub-adult),water_effort,0.014709834663188042,0.0011003514130910237,0.03317154523218693,0.07480379194021225,0.27350281888896916
2014,Mycteroperca microlepis_SA,Gag Grouper (Sub-adult),water_effort,-0.11559265958812641,-0.00025685655418783426,0.0,0.0022220835089683533,0.04713898077990606
2014,Sciaenops ocellatus_R,Red Drum (Recruit),water_effort,-0.0006244126781647167,-0.00010971724987030029,0.0,0.1757127195596695,0.4191810104950718
2014,Sciaenops ocellatus_SA,Red Drum (Sub-adult),water_effort,0.03889149906647199,0.002411704510450363,0.049109108222918925,0.06201109662652016,0.2490202735251091
2014,Archosargus probatocephalus_A,Sheepshead (Adult),bycatch,0.020536218162656324,0.001938814918200175,0.0440319760878407,0.09440954029560089,0.30726135503118657
2014,Archosargus probatocephalus_R,Sheepshead (Recruit),bycatch,0.05116270299369716,0.0004898427675167719,0.022132391816447945,0.009574215859174728,0.09784792209942288
2014,Callinectes sapidus_R,Blue Crab (Recruit),bycatch,0.023822498083049693,0.004774406552314758,0.06909708063525374,0.20041586458683014,0.4476783047980214
2014,Centropomus undecimalis_A,Common Snook (Adult),bycatch,-2.7714874739375995e-05,-7.16249148050944e-06,0.0,0.258434921503067,0.508364949129134
2014,Centropomus undecimalis_SA,Common Snook (Sub-adult),bycatch,0.002156690707629989,5.834673841794332e-05,0.0076385036766334884,0.027053827419877052,0.16448047732140447
2014,Cynoscion nebulosus_A,Spotted Seatrout (Adult),bycatch,0.010766316704621559,0.00021809153258800507,0.01476792241948762,0.02025683782994747,0.14232651836515733
2014,Cynoscion nebulosus_R,Spotted Seatrout (Recruit),bycatch,-0.0053203496194083495,-0.0004442855715751648,0.0,0.08350683748722076,0.2889754963439301
2014,Lutjanus griseus_R,Gray Snapper (Recruit),bycatch,0.01465445542376319,0.0003998888035615285,0.01999721989581373,0.027287865057587624,0.16519039033063523
2014,Lutjanus griseus_SA,Gray Snapper (Sub-adult),bycatch,-0.00509986973083327,-0.0003814895947774251,0.0,0.07480379194021225,0.27350281888896916
2014,Mycteroperca microlepis_SA,Gag Grouper (Sub-adult),bycatch,0.06369002226987275,0.00014152455454071364,0.01189640931292773,0.0022220835089683533,0.04713898077990606
2014,Sciaenops ocellatus_R,Red Drum (Recruit),bycatch,0.005437413530279305,0.0009554227193196615,0.030909912962020152,0.1757127195596695,0.4191810104950718
2014,Sciaenops ocellatus_SA,Red Drum (Sub-adult),bycatch,-0.0035424174805064883,-0.0002196691930294037,0.0,0.06201109662652016,0.2490202735251091
2014,Archosargus probatocephalus_A,Sheepshead (Adult),na_indicators,-0.0049570027564995066,-0.00046798835198084515,0.0,0.09440954029560089,0.30726135503118657
2014,Archosargus probatocephalus_R,Sheepshead (Recruit),na_indicators,0.08698292438619888,0.000832793302834034,0.02885815834099664,0.009574215859174728,0.09784792209942288
2014,Callinectes sapidus_R,Blue Crab (Recruit),na_indicators,-0.010369837019213258,-0.0020782798528671265,0.0,0.20041586458683014,0.4476783047980214
2014,Centropomus undecimalis_A,Common Snook (Adult),na_indicators,-0.020981543999469877,-0.005422363678614299,0.0,0.258434921503067,0.508364949129134
2014,Centropomus undecimalis_SA,Common Snook (Sub-adult),na_indicators,0.0015389491644661735,4.163446525732676e-05,0.0064524774511288885,0.027053827419877052,0.16448047732140447
2014,Cynoscion nebulosus_A,Spotted Seatrout (Adult),na_indicators,0.027640782785814392,0.0005599148571491241,0.023662520092947077,0.02025683782994747,0.14232651836515733
2014,Cynoscion nebulosus_R,Spotted Seatrout (Recruit),na_indicators,0.06019936054496947,0.005027058223883311,0.07090175049942922,0.08350683748722076,0.2889754963439301
2014,Lutjanus griseus_R,Gray Snapper (Recruit),na_indicators,0.08342474902922482,0.0022764833023150763,0.047712506770395915,0.027287865057587624,0.16519039033063523
2014,Lutjanus griseus_SA,Gray Snapper (Sub-adult),na_indicators,-0.03118006196698056,-0.002332386871178945,0.0,0.07480379194021225,0.27350281888896916
2014,Mycteroperca microlepis_SA,Gag Grouper (Sub-adult),na_indicators,0.022950523651172432,5.099798242251078e-05,0.007141287168466955,0.0022220835089683533,0.04713898077990606
2014,Sciaenops ocellatus_R,Red Drum (Recruit),na_indicators,-0.004141889376162371,-0.0007277826468149821,0.0,0.1757127195596695,0.4191810104950718
2014,Sciaenops ocellatus_SA,Red Drum (Sub-adult),na_indicators,0.007076504619907552,0.00043882181247075397,0.02094807419479781,0.06201109662652016,0.2490202735251091
2014,Archosargus probatocephalus_A,Sheepshead (Adult),prey_community,0.03880749930479859,0.003663798173268636,0.06052931664300066,0.09440954029560089,0.30726135503118657
2014,Archosargus probatocephalus_R,Sheepshead (Recruit),prey_community,0.3523205396746927,0.0033731929336984954,0.058079195360287966,0.009574215859174728,0.09784792209942288
2014,Callinectes sapidus_R,Blue Crab (Recruit),prey_community,0.09000181238965256,0.018037791053454082,0.13430484374531726,0.20041586458683014,0.4476783047980214
2014,Centropomus undecimalis_A,Common Snook (Adult),prey_community,0.04238426952809279,0.010953575372695923,0.10465933007952957,0.258434921503067,0.508364949129134
2014,Centropomus undecimalis_SA,Common Snook (Sub-adult),prey_community,0.0637955555639324,0.0017259139567613602,0.04154412060402001,0.027053827419877052,0.16448047732140447
2014,Cynoscion nebulosus_A,Spotted Seatrout (Adult),prey_community,0.03700962170659284,0.0007496979087591171,0.027380611913525914,0.02025683782994747,0.14232651836515733
2014,Cynoscion nebulosus_R,Spotted Seatrout (Recruit),prey_community,0.4443429795762668,0.03710567702849706,0.1926283391105708,0.08350683748722076,0.2889754963439301
2014,Lutjanus griseus_R,Gray Snapper (Recruit),prey_community,0.4032014368417957,0.011002506439884504,0.10489283311973466,0.027287865057587624,0.16519039033063523
2014,Lutjanus griseus_SA,Gray Snapper (Sub-adult),prey_community,0.004966171125252404,0.00037148843208948773,0.019274035179211637,0.07480379194021225,0.27350281888896916
2014,Mycteroperca microlepis_SA,Gag Grouper (Sub-adult),prey_community,-0.2566566828231084,-0.0005703126080334187,0.0,0.0022220835089683533,0.04713898077990606
2014,Sciaenops ocellatus_R,Red Drum (Recruit),prey_community,0.3371878779196045,0.05924819906552633,0.24340952952899425,0.1757127195596695,0.4191810104950718
2014,Sciaenops ocellatus_SA,Red Drum (Sub-adult),prey_community,0.07400977413421365,0.004589427262544632,0.06774531173848587,0.06201109662652016,0.2490202735251091
2014,Archosargus probatocephalus_A,Sheepshead (Adult),nonprey_community,0.19070125218454237,0.018004017571608227,0.13417905041998257,0.09440954029560089,0.30726135503118657
2014,Archosargus probatocephalus_R,Sheepshead (Recruit),nonprey_community,0.258602620818506,0.002475917339324951,0.04975859060830553,0.009574215859174728,0.09784792209942288
2014,Callinectes sapidus_R,Blue Crab (Recruit),nonprey_community,0.02397303449098803,0.004804576436678569,0.06931505202103341,0.20041586458683014,0.4476783047980214
2014,Centropomus undecimalis_A,Common Snook (Adult),nonprey_community,0.3426773974568083,0.08855980634689331,0.29758999705449324,0.258434921503067,0.508364949129134
2014,Centropomus undecimalis_SA,Common Snook (Sub-adult),nonprey_community,0.028511146380647955,0.0007713356365760168,0.027772929924226877,0.027053827419877052,0.16448047732140447
2014,Cynoscion nebulosus_A,Spotted Seatrout (Adult),nonprey_community,0.17384523710457903,0.0035215547929207482,0.05934268946484266,0.02025683782994747,0.14232651836515733
2014,Cynoscion nebulosus_R,Spotted Seatrout (Recruit),nonprey_community,0.2414652926326817,0.020164002974828083,0.1420000104747464,0.08350683748722076,0.2889754963439301
2014,Lutjanus griseus_R,Gray Snapper (Recruit),nonprey_community,0.2512643681035649,0.00685646819571654,0.08280379336550071,0.027287865057587624,0.16519039033063523
2014,Lutjanus griseus_SA,Gray Snapper (Sub-adult),nonprey_community,0.30603288772147424,0.022892420490582783,0.15130241402761155,0.07480379194021225,0.27350281888896916
2014,Mycteroperca microlepis_SA,Gag Grouper (Sub-adult),nonprey_community,0.2885534903655764,0.000641189981251955,0.025321729428535385,0.0022220835089683533,0.04713898077990606
2014,Sciaenops ocellatus_R,Red Drum (Recruit),nonprey_community,0.03564548633878857,0.006263365348180135,0.07914142624555193,0.1757127195596695,0.4191810104950718
2014,Sciaenops ocellatus_SA,Red Drum (Sub-adult),nonprey_community,0.1222273503913679,0.007579452047745387,0.08706004851678746,0.06201109662652016,0.2490202735251091
2015,Archosargus probatocephalus_A,Sheepshead (Adult),env,0.04945712008142516,0.0052950506409009295,0.07276709861538337,0.10706346482038498,0.32720553910406985
2015,Archosargus probatocephalus_R,Sheepshead (Recruit),env,0.03535281611958117,0.00011369322116176288,0.010662702338608299,0.003215959295630455,0.05670942863078815
2015,Callinectes sapidus_R,Blue Crab (Recruit),env,0.07061384223668846,0.010201796889305115,0.10100394491951845,0.14447304606437683,0.38009610109073316
2015,Centropomus undecimalis_A,Common Snook (Adult),env,0.02934150760198384,0.010868112246195475,0.10425023859059256,0.370400607585907,0.608605461350707
2015,Centropomus undecimalis_SA,Common Snook (Sub-adult),env,0.04713522931343308,0.0006634071469306946,0.025756691304022233,0.01407455001026392,0.11863620868126189
2015,Cynoscion nebulosus_A,Spotted Seatrout (Adult),env,0.03295025922357216,0.0004360070452094078,0.020880781719308496,0.013232279568910599,0.1150316459454119
2015,Cynoscion nebulosus_R,Spotted Seatrout (Recruit),env,0.025742012527306662,0.0031115487217903137,0.05578125780036081,0.12087433785200119,0.34766986905971764
2015,Lutjanus griseus_R,Gray Snapper (Recruit),env,0.046329661876631234,0.001037750393152237,0.0322141334378598,0.022399265319108963,0.1496638410542405
2015,Lutjanus griseus_SA,Gray Snapper (Sub-adult),env,0.008561604082226011,0.0011285444100697835,0.0335938150567896,0.1318145990371704,0.3630628031583109
2015,Mycteroperca microlepis_SA,Gag Grouper (Sub-adult),env,-0.06157638154193204,-0.00010069164757927258,0.0,0.0016352315433323383,0.04043799628236219
2015,Sciaenops ocellatus_R,Red Drum (Recruit),env,0.04573821988403399,0.00928803781668345,0.09637446662204388,0.2030695080757141,0.4506323424652453
2015,Sciaenops ocellatus_SA,Red Drum (Sub-adult),env,0.010695373347911109,0.0006549147268136343,0.025591301780363465,0.061233460903167725,0.24745395713782337
2015,Archosargus probatocephalus_A,Sheepshead (Adult),restoration,-0.05637186926739996,-0.006035367647806804,0.0,0.10706346482038498,0.32720553910406985
2015,Archosargus probatocephalus_R,Sheepshead (Recruit),restoration,0.004840008807608604,1.5565271799763043e-05,0.003945284755218949,0.003215959295630455,0.05670942863078815
2015,Callinectes sapidus_R,Blue Crab (Recruit),restoration,0.006973497383940755,0.0010074824094772339,0.0317408634015717,0.14447304606437683,0.38009610109073316
2015,Centropomus undecimalis_A,Common Snook (Adult),restoration,-0.009835206191154001,-0.003642966349919637,0.0,0.370400607585907,0.608605461350707
2015,Centropomus undecimalis_SA,Common Snook (Sub-adult),restoration,0.006513356649276812,9.16725645462672e-05,0.009574579079326004,0.01407455001026392,0.11863620868126189
2015,Cynoscion nebulosus_A,Spotted Seatrout (Adult),restoration,-0.025600741320330755,-0.0003387561688820521,0.0,0.013232279568910599,0.1150316459454119
2015,Cynoscion nebulosus_R,Spotted Seatrout (Recruit),restoration,-0.0016596111502589393,-0.00020060439904530844,0.0,0.12087433785200119,0.34766986905971764
2015,Lutjanus griseus_R,Gray Snapper (Recruit),restoration,0.014015478471929188,0.0003139364222685496,0.017718251106374736,0.022399265319108963,0.1496638410542405
2015,Lutjanus griseus_SA,Gray Snapper (Sub-adult),restoration,0.02550069740135812,0.003361364205678304,0.05797727318250061,0.1318145990371704,0.3630628031583109
2015,Mycteroperca microlepis_SA,Gag Grouper (Sub-adult),restoration,0.04514558904790408,7.382349576801062e-05,0.008592060042155817,0.0016352315433323383,0.04043799628236219
2015,Sciaenops ocellatus_R,Red Drum (Recruit),restoration,0.0023099167247465106,0.00046907365322113037,0.021658108255827202,0.2030695080757141,0.4506323424652453
2015,Sciaenops ocellatus_SA,Red Drum (Sub-adult),restoration,0.0024675687447717294,0.00015109777450561523,0.012292183471849712,0.061233460903167725,0.24745395713782337
2015,Archosargus probatocephalus_A,Sheepshead (Adult),habitat_structured,0.016724548398305308,0.001790588100751241,0.042315341198568175,0.10706346482038498,0.32720553910406985
2015,Archosargus probatocephalus_R,Sheepshead (Recruit),habitat_structured,0.059002679805924364,0.00018975022248923779,0.013774985389801247,0.003215959295630455,0.05670942863078815
2015,Callinectes sapidus_R,Blue Crab (Recruit),habitat_structured,0.05349610702600949,0.007728745539983113,0.08791328420655842,0.14447304606437683,0.38009610109073316
2015,Centropomus undecimalis_A,Common Snook (Adult),habitat_structured,0.029017898681922477,0.010748247305552164,0.10367375417892498,0.370400607585907,0.608605461350707
2015,Centropomus undecimalis_SA,Common Snook (Sub-adult),habitat_structured,-0.012856588476049334,-0.000180950698753198,0.0,0.01407455001026392,0.11863620868126189
2015,Cynoscion nebulosus_A,Spotted Seatrout (Adult),habitat_structured,0.004502470349199472,5.9577946861584984e-05,0.007718675201197741,0.013232279568910599,0.1150316459454119
2015,Cynoscion nebulosus_R,Spotted Seatrout (Recruit),habitat_structured,-0.008023124996328805,-0.0009697899222373962,0.0,0.12087433785200119,0.34766986905971764
2015,Lutjanus griseus_R,Gray Snapper (Recruit),habitat_structured,-0.01263377731616261,-0.0002829873313506444,0.0,0.022399265319108963,0.1496638410542405
2015,Lutjanus griseus_SA,Gray Snapper (Sub-adult),habitat_structured,0.0720816779030534,0.009501417477925619,0.09747521468519892,0.1318145990371704,0.3630628031583109
2015,Mycteroperca microlepis_SA,Gag Grouper (Sub-adult),habitat_structured,0.13645008956352586,0.00022312750418980917,0.014937453069041227,0.0016352315433323383,0.04043799628236219
2015,Sciaenops ocellatus_R,Red Drum (Recruit),habitat_structured,-0.021649944421406404,-0.0043964435656865435,0.0,0.2030695080757141,0.4506323424652453
2015,Sciaenops ocellatus_SA,Red Drum (Sub-adult),habitat_structured,0.015495350205601314,0.0009488339225451151,0.0308031479323967,0.061233460903167725,0.24745395713782337
2015,Archosargus probatocephalus_A,Sheepshead (Adult),habitat_open,0.045510676330152204,0.004872530698776245,0.06980351494571205,0.10706346482038498,0.32720553910406985
2015,Archosargus probatocephalus_R,Sheepshead (Recruit),habitat_open,-0.07918204888672113,-0.0002546462540825208,0.0,0.003215959295630455,0.05670942863078815
2015,Callinectes sapidus_R,Blue Crab (Recruit),habitat_open,0.06209078190888948,0.008970444401105246,0.09471243002428587,0.14447304606437683,0.38009610109073316
2015,Centropomus undecimalis_A,Common Snook (Adult),habitat_open,-0.004313417785890075,-0.001597692569096883,0.0,0.370400607585907,0.608605461350707
2015,Centropomus undecimalis_SA,Common Snook (Sub-adult),habitat_open,0.0062009869181338375,8.727610111236572e-05,0.009342167902171622,0.01407455001026392,0.11863620868126189
2015,Cynoscion nebulosus_A,Spotted Seatrout (Adult),habitat_open,-0.005556145163560314,-7.35204666852951e-05,0.0,0.013232279568910599,0.1150316459454119
2015,Cynoscion nebulosus_R,Spotted Seatrout (Recruit),habitat_open,0.03857362115829823,0.004662560919920604,0.06828294750463401,0.12087433785200119,0.34766986905971764
2015,Lutjanus griseus_R,Gray Snapper (Recruit),habitat_open,-0.009881185353311403,-0.0002213312933842341,0.0,0.022399265319108963,0.1496638410542405
2015,Lutjanus griseus_SA,Gray Snapper (Sub-adult),habitat_open,0.01095743336291371,0.0014443496863047283,0.03800460085706372,0.1318145990371704,0.3630628031583109
2015,Mycteroperca microlepis_SA,Gag Grouper (Sub-adult),habitat_open,0.08388689307379982,0.00013717450201511383,0.011712151895152054,0.0016352315433323383,0.04043799628236219
2015,Sciaenops ocellatus_R,Red Drum (Recruit),habitat_open,0.042304665660199144,0.008590787649154663,0.09268650197927777,0.2030695080757141,0.4506323424652453
2015,Sciaenops ocellatus_SA,Red Drum (Sub-adult),habitat_open,0.006561607604645955,0.00040178994337717694,0.02004469863522964,0.061233460903167725,0.24745395713782337
2015,Archosargus probatocephalus_A,Sheepshead (Adult),shoreline,-0.0022632395269498364,-0.00024231026570002237,0.0,0.10706346482038498,0.32720553910406985
2015,Archosargus probatocephalus_R,Sheepshead (Recruit),shoreline,0.08443593579906049,0.00027154254106183845,0.016478547905135282,0.003215959295630455,0.05670942863078815
2015,Callinectes sapidus_R,Blue Crab (Recruit),shoreline,0.05256625236603768,0.007594406604766846,0.08714589264427122,0.14447304606437683,0.38009610109073316
2015,Centropomus undecimalis_A,Common Snook (Adult),shoreline,0.02136776342854733,0.007914632558822632,0.08896422066664009,0.370400607585907,0.608605461350707
2015,Centropomus undecimalis_SA,Common Snook (Sub-adult),shoreline,0.03381738707254389,0.0004759645089507103,0.02181661084932099,0.01407455001026392,0.11863620868126189
2015,Cynoscion nebulosus_A,Spotted Seatrout (Adult),shoreline,0.03775401412848106,0.0004995716735720634,0.02235110005283998,0.013232279568910599,0.1150316459454119
2015,Cynoscion nebulosus_R,Spotted Seatrout (Recruit),shoreline,0.04681883168862497,0.0056591952840487165,0.07522762314501713,0.12087433785200119,0.34766986905971764
2015,Lutjanus griseus_R,Gray Snapper (Recruit),shoreline,-0.004050110993112475,-9.071951111157735e-05,0.0,0.022399265319108963,0.1496638410542405
2015,Lutjanus griseus_SA,Gray Snapper (Sub-adult),shoreline,0.0558189786636373,0.00735775629679362,0.0857773647111732,0.1318145990371704,0.3630628031583109
2015,Mycteroperca microlepis_SA,Gag Grouper (Sub-adult),shoreline,0.13276775738097002,0.0002171060380836328,0.014734518590155322,0.0016352315433323383,0.04043799628236219
2015,Sciaenops ocellatus_R,Red Drum (Recruit),shoreline,0.061695692185401836,0.012528513868649801,0.1119308441344467,0.2030695080757141,0.4506323424652453
2015,Sciaenops ocellatus_SA,Red Drum (Sub-adult),shoreline,0.035683704675790684,0.0021850367387135825,0.04674437654642088,0.061233460903167725,0.24745395713782337
2015,Archosargus probatocephalus_A,Sheepshead (Adult),water_effort,0.08967359696672654,0.009600766003131866,0.09798349862671707,0.10706346482038498,0.32720553910406985
2015,Archosargus probatocephalus_R,Sheepshead (Recruit),water_effort,0.002732295343411791,8.786950881282488e-06,0.002964279150363961,0.003215959295630455,0.05670942863078815
2015,Callinectes sapidus_R,Blue Crab (Recruit),water_effort,-0.0013368508688288018,-0.00019313891728719076,0.0,0.14447304606437683,0.38009610109073316
2015,Centropomus undecimalis_A,Common Snook (Adult),water_effort,0.04821662947322109,0.017859468857447307,0.13363932376904378,0.370400607585907,0.608605461350707
2015,Centropomus undecimalis_SA,Common Snook (Sub-adult),water_effort,-0.0008833565430408844,-1.2432845930258432e-05,0.0,0.01407455001026392,0.11863620868126189
2015,Cynoscion nebulosus_A,Spotted Seatrout (Adult),water_effort,0.005572802384752786,7.374087969462077e-05,0.008587250997532376,0.013232279568910599,0.1150316459454119
2015,Cynoscion nebulosus_R,Spotted Seatrout (Recruit),water_effort,-0.00852936659797327,-0.0010309815406799316,0.0,0.12087433785200119,0.34766986905971764
2015,Lutjanus griseus_R,Gray Snapper (Recruit),water_effort,-0.037650947641708295,-0.0008433535695075989,0.0,0.022399265319108963,0.1496638410542405
2015,Lutjanus griseus_SA,Gray Snapper (Sub-adult),water_effort,0.03774373170118945,0.004975174864133199,0.0705349194664118,0.1318145990371704,0.3630628031583109
2015,Mycteroperca microlepis_SA,Gag Grouper (Sub-adult),water_effort,-0.11081166308382544,-0.0001812027379249533,0.0,0.0016352315433323383,0.04043799628236219
2015,Sciaenops ocellatus_R,Red Drum (Recruit),water_effort,-0.011819669506116057,-0.0024002144734064737,0.0,0.2030695080757141,0.4506323424652453
2015,Sciaenops ocellatus_SA,Red Drum (Sub-adult),water_effort,0.06450323661156399,0.003949756423632304,0.06284708763047261,0.061233460903167725,0.24745395713782337
2015,Archosargus probatocephalus_A,Sheepshead (Adult),bycatch,0.05129321423494695,0.005491629242897034,0.07410552774858994,0.10706346482038498,0.32720553910406985
2015,Archosargus probatocephalus_R,Sheepshead (Recruit),bycatch,0.018583199300913525,5.9762814392646156e-05,0.007730641266586243,0.003215959295630455,0.05670942863078815
2015,Callinectes sapidus_R,Blue Crab (Recruit),bycatch,0.04376766681288139,0.0063232481479644775,0.07951885404081524,0.14447304606437683,0.38009610109073316
2015,Centropomus undecimalis_A,Common Snook (Adult),bycatch,-0.03731240886596183,-0.013820538918177286,0.0,0.370400607585907,0.608605461350707
2015,Centropomus undecimalis_SA,Common Snook (Sub-adult),bycatch,0.010683896201193551,0.00015037103245655695,0.012262586695169863,0.01407455001026392,0.11863620868126189
2015,Cynoscion nebulosus_A,Spotted Seatrout (Adult),bycatch,0.04155758501384438,0.0005499015872677168,0.02344998053874921,0.013232279568910599,0.1150316459454119
2015,Cynoscion nebulosus_R,Spotted Seatrout (Recruit),bycatch,-0.0013637642075226815,-0.0001648440957069397,0.0,0.12087433785200119,0.34766986905971764
2015,Lutjanus griseus_R,Gray Snapper (Recruit),bycatch,-0.010992544635501006,-0.00024622492492198944,0.0,0.022399265319108963,0.1496638410542405
2015,Lutjanus griseus_SA,Gray Snapper (Sub-adult),bycatch,-0.03320450567129135,-0.004376838604609172,0.0,0.1318145990371704,0.3630628031583109
2015,Mycteroperca microlepis_SA,Gag Grouper (Sub-adult),bycatch,-0.04406356640080398,-7.205413809667031e-05,0.0,0.0016352315433323383,0.04043799628236219
2015,Sciaenops ocellatus_R,Red Drum (Recruit),bycatch,0.01308221460582529,0.0026565988858540854,0.051542204899034785,0.2030695080757141,0.4506323424652453
2015,Sciaenops ocellatus_SA,Red Drum (Sub-adult),bycatch,0.005937151290068738,0.000363552321990331,0.019067048067027338,0.061233460903167725,0.24745395713782337
2015,Archosargus probatocephalus_A,Sheepshead (Adult),na_indicators,0.01369609373186137,0.0014663512508074443,0.03829296607482168,0.10706346482038498,0.32720553910406985
2015,Archosargus probatocephalus_R,Sheepshead (Recruit),na_indicators,-0.03524429076465556,-0.00011334420802692573,0.0,0.003215959295630455,0.05670942863078815
2015,Callinectes sapidus_R,Blue Crab (Recruit),na_indicators,0.010294893122160692,0.0014873345692952473,0.03856597683574536,0.14447304606437683,0.38009610109073316
2015,Centropomus undecimalis_A,Common Snook (Adult),na_indicators,-0.031715685658555405,-0.011747509241104126,0.0,0.370400607585907,0.608605461350707
2015,Centropomus undecimalis_SA,Common Snook (Sub-adult),na_indicators,0.0014276103995550004,2.0092974106470745e-05,0.004482518723493606,0.01407455001026392,0.11863620868126189
2015,Cynoscion nebulosus_A,Spotted Seatrout (Adult),na_indicators,0.02933817599929749,0.000388210949798425,0.01970306955269724,0.013232279568910599,0.1150316459454119
2015,Cynoscion nebulosus_R,Spotted Seatrout (Recruit),na_indicators,-0.0004159198320584807,-5.027403434117635e-05,0.0,0.12087433785200119,0.34766986905971764
2015,Lutjanus griseus_R,Gray Snapper (Recruit),na_indicators,-0.007566052167122947,-0.00016947401066621146,0.0,0.022399265319108963,0.1496638410542405
2015,Lutjanus griseus_SA,Gray Snapper (Sub-adult),na_indicators,-0.015541425753073795,-0.0020485868056615195,0.0,0.1318145990371704,0.3630628031583109
2015,Mycteroperca microlepis_SA,Gag Grouper (Sub-adult),na_indicators,0.0653643151101269,0.00010688579641282558,0.010338558720287156,0.0016352315433323383,0.04043799628236219
2015,Sciaenops ocellatus_R,Red Drum (Recruit),na_indicators,-0.05224491215013142,-0.01060934861501058,0.0,0.2030695080757141,0.4506323424652453
2015,Sciaenops ocellatus_SA,Red Drum (Sub-adult),na_indicators,0.02214630780933886,0.0013560950756072998,0.03682519620595795,0.061233460903167725,0.24745395713782337
2015,Archosargus probatocephalus_A,Sheepshead (Adult),prey_community,0.06771360654894747,0.007249653339385986,0.08514489614407893,0.10706346482038498,0.32720553910406985
2015,Archosargus probatocephalus_R,Sheepshead (Recruit),prey_community,0.6375482579115958,0.002050329310198625,0.04528056216743146,0.003215959295630455,0.05670942863078815
2015,Callinectes sapidus_R,Blue Crab (Recruit),prey_community,0.4364352918732641,0.06305313607056935,0.25110383523667923,0.14447304606437683,0.38009610109073316
2015,Centropomus undecimalis_A,Common Snook (Adult),prey_community,0.07386028964678613,0.02735789616902669,0.16540222540530308,0.370400607585907,0.608605461350707
2015,Centropomus undecimalis_SA,Common Snook (Sub-adult),prey_community,0.0704699672845538,0.0009918330858151119,0.031493381619240444,0.01407455001026392,0.11863620868126189
2015,Cynoscion nebulosus_A,Spotted Seatrout (Adult),prey_community,0.05402269977141765,0.0007148434718449911,0.02673655684348662,0.013232279568910599,0.1150316459454119
2015,Cynoscion nebulosus_R,Spotted Seatrout (Recruit),prey_community,0.25208512078594475,0.03047062208255132,0.17455836296938432,0.12087433785200119,0.34766986905971764
2015,Lutjanus griseus_R,Gray Snapper (Recruit),prey_community,-0.0061365637264136135,-0.00013745451966921488,0.0,0.022399265319108963,0.1496638410542405
2015,Lutjanus griseus_SA,Gray Snapper (Sub-adult),prey_community,0.17224554230045128,0.022704477111498516,0.15068004881701663,0.1318145990371704,0.3630628031583109
2015,Mycteroperca microlepis_SA,Gag Grouper (Sub-adult),prey_community,-0.05577483126011351,-9.120476897805929e-05,0.0,0.0016352315433323383,0.04043799628236219
2015,Sciaenops ocellatus_R,Red Drum (Recruit),prey_community,0.43696950801326473,0.08873518308003743,0.29788451299125546,0.2030695080757141,0.4506323424652453
2015,Sciaenops ocellatus_SA,Red Drum (Sub-adult),prey_community,0.04145985967834509,0.0025387307008107505,0.050385818449348925,0.061233460903167725,0.24745395713782337
2015,Archosargus probatocephalus_A,Sheepshead (Adult),nonprey_community,0.29841527739418156,0.03194937358299891,0.17874387705037315,0.10706346482038498,0.32720553910406985
2015,Archosargus probatocephalus_R,Sheepshead (Recruit),nonprey_community,0.11113510373748854,0.0003574059810489416,0.018905183972893296,0.003215959295630455,0.05670942863078815
2015,Callinectes sapidus_R,Blue Crab (Recruit),nonprey_community,0.06436401973028029,0.009298865993817648,0.09643062788252313,0.14447304606437683,0.38009610109073316
2015,Centropomus undecimalis_A,Common Snook (Adult),nonprey_community,0.21959490894427822,0.08133808771769206,0.2851983304959762,0.370400607585907,0.608605461350707
2015,Centropomus undecimalis_SA,Common Snook (Sub-adult),nonprey_community,0.11748816271905421,0.0016535930335521698,0.04066439515783027,0.01407455001026392,0.11863620868126189
2015,Cynoscion nebulosus_A,Spotted Seatrout (Adult),nonprey_community,0.27688003747946816,0.003663754090666771,0.060528952499335154,0.013232279568910599,0.1150316459454119
2015,Cynoscion nebulosus_R,Spotted Seatrout (Recruit),nonprey_community,0.10116890867296717,0.012228724857171377,0.11058356504097423,0.12087433785200119,0.34766986905971764
2015,Lutjanus griseus_R,Gray Snapper (Recruit),nonprey_community,-0.06794731016781817,-0.0015219698349634807,0.0,0.022399265319108963,0.1496638410542405
2015,Lutjanus griseus_SA,Gray Snapper (Sub-adult),nonprey_community,0.3174322691604259,0.04184220731258392,0.204553678315947,0.1318145990371704,0.3630628031583109
2015,Mycteroperca microlepis_SA,Gag Grouper (Sub-adult),nonprey_community,0.6499541268758477,0.0010628255549818277,0.03260100542900215,0.0016352315433323383,0.04043799628236219
2015,Sciaenops ocellatus_R,Red Drum (Recruit),nonprey_community,0.021777869540484985,0.004422421256701152,0.06650128763190342,0.2030695080757141,0.4506323424652453
2015,Sciaenops ocellatus_SA,Red Drum (Sub-adult),nonprey_community,0.16128782078416828,0.009876211484273275,0.09937913002372921,0.061233460903167725,0.24745395713782337
2016,Archosargus probatocephalus_A,Sheepshead (Adult),env,-0.0005212795565872095,-7.520616054534912e-05,0.0,0.14427222311496735,0.37983183531000575
2016,Archosargus probatocephalus_R,Sheepshead (Recruit),env,0.040532075261021795,0.0002881304050485293,0.016974404409243034,0.007108700927346945,0.08431311242829875
2016,Callinectes sapidus_R,Blue Crab (Recruit),env,0.07474829207230517,0.016416033109029133,0.12812506823033942,0.21961750090122223,0.4686336531889512
2016,Centropomus undecimalis_A,Common Snook (Adult),env,0.020044238370611634,0.010228673617045084,0.10113690531672938,0.5103049278259277,0.7143563031330568
2016,Centropomus undecimalis_SA,Common Snook (Sub-adult),env,0.0066895760389760915,6.90255934993426e-05,0.008308164267715377,0.010318380780518055,0.10157943089286361
2016,Cynoscion nebulosus_A,Spotted Seatrout (Adult),env,0.014794689763758967,0.00024116039276123047,0.015529339740028566,0.016300469636917114,0.1276732925749043
2016,Cynoscion nebulosus_R,Spotted Seatrout (Recruit),env,0.056845117170037596,0.005531469980875651,0.07437385280376196,0.09730774164199829,0.31194188824522795
2016,Lutjanus griseus_R,Gray Snapper (Recruit),env,0.020103477777709003,0.00033729026714960736,0.018365463978609615,0.016777707263827324,0.12952878932433254
2016,Lutjanus griseus_SA,Gray Snapper (Sub-adult),env,0.059077894418749166,0.0038433844844500222,0.061995035966196696,0.0650562196969986,0.25506120774629487
2016,Mycteroperca microlepis_SA,Gag Grouper (Sub-adult),env,0.04777294641456998,0.00011116405948996544,0.010543436796887695,0.0023269248194992542,0.04823820912408808
2016,Sciaenops ocellatus_R,Red Drum (Recruit),env,0.05355949966190151,0.010036508242289225,0.10018237490841003,0.18738988041877747,0.43288552807731684
2016,Sciaenops ocellatus_SA,Red Drum (Sub-adult),env,0.001343908367386926,0.00010295212268829346,0.010146532545076345,0.07660650461912155,0.2767788008846081
2016,Archosargus probatocephalus_A,Sheepshead (Adult),restoration,-0.012240928854465968,-0.0017660260200500488,0.0,0.14427222311496735,0.37983183531000575
2016,Archosargus probatocephalus_R,Sheepshead (Recruit),restoration,0.037509549402156915,0.0002666441723704338,0.01632924285968072,0.007108700927346945,0.08431311242829875
2016,Callinectes sapidus_R,Blue Crab (Recruit),restoration,0.029269944471152328,0.006428192059199016,0.08017600675513227,0.21961750090122223,0.4686336531889512
2016,Centropomus undecimalis_A,Common Snook (Adult),restoration,0.023330735651906808,0.011905789375305176,0.10911365347794554,0.5103049278259277,0.7143563031330568
2016,Centropomus undecimalis_SA,Common Snook (Sub-adult),restoration,-0.001184373300968004,-1.2220814824104309e-05,0.0,0.010318380780518055,0.10157943089286361
2016,Cynoscion nebulosus_A,Spotted Seatrout (Adult),restoration,-0.021268509229558526,-0.0003466866910457611,0.0,0.016300469636917114,0.1276732925749043
2016,Cynoscion nebulosus_R,Spotted Seatrout (Recruit),restoration,0.011324823745997893,0.0011019930243492126,0.03319628027880854,0.09730774164199829,0.31194188824522795
2016,Lutjanus griseus_R,Gray Snapper (Recruit),restoration,0.040598186691088056,0.0006811444958051046,0.026098745100197912,0.016777707263827324,0.12952878932433254
2016,Lutjanus griseus_SA,Gray Snapper (Sub-adult),restoration,-0.021024356665925597,-0.0013677651683489482,0.0,0.0650562196969986,0.25506120774629487
2016,Mycteroperca microlepis_SA,Gag Grouper (Sub-adult),restoration,0.07979414641935276,0.0001856749877333641,0.013626260959388826,0.0023269248194992542,0.04823820912408808
2016,Sciaenops ocellatus_R,Red Drum (Recruit),restoration,-0.0021732696253416307,-0.00040724873542785645,0.0,0.18738988041877747,0.43288552807731684
2016,Sciaenops ocellatus_SA,Red Drum (Sub-adult),restoration,0.011004299331806723,0.0008430009086926779,0.02903447793043088,0.07660650461912155,0.2767788008846081
2016,Archosargus probatocephalus_A,Sheepshead (Adult),habitat_structured,-0.005102142868238434,-0.000736097494761149,0.0,0.14427222311496735,0.37983183531000575
2016,Archosargus probatocephalus_R,Sheepshead (Recruit),habitat_structured,-0.0206129346160032,-0.00014653118948141733,0.0,0.007108700927346945,0.08431311242829875
2016,Callinectes sapidus_R,Blue Crab (Recruit),habitat_structured,0.028593814059779215,0.006279701987902324,0.07924457071561637,0.21961750090122223,0.4686336531889512
2016,Centropomus undecimalis_A,Common Snook (Adult),habitat_structured,0.02390536264066001,0.012199024359385172,0.1104491935660246,0.5103049278259277,0.7143563031330568
2016,Centropomus undecimalis_SA,Common Snook (Sub-adult),habitat_structured,-0.0052591578044279335,-5.4265993336836495e-05,0.0,0.010318380780518055,0.10157943089286361
2016,Cynoscion nebulosus_A,Spotted Seatrout (Adult),habitat_structured,-0.031115104763288676,-0.0005071908235549927,0.0,0.016300469636917114,0.1276732925749043
2016,Cynoscion nebulosus_R,Spotted Seatrout (Recruit),habitat_structured,0.0035590217657225334,0.00034632037083307904,0.018609684866570927,0.09730774164199829,0.31194188824522795
2016,Lutjanus griseus_R,Gray Snapper (Recruit),habitat_structured,0.10167228306958842,0.00170582781235377,0.04130166839673393,0.016777707263827324,0.12952878932433254
2016,Lutjanus griseus_SA,Gray Snapper (Sub-adult),habitat_structured,0.0196182918530494,0.0012762919068336487,0.03572522787658112,0.0650562196969986,0.25506120774629487
2016,Mycteroperca microlepis_SA,Gag Grouper (Sub-adult),habitat_structured,0.06433263889151909,0.00014969722057382265,0.012235081551580384,0.0023269248194992542,0.04823820912408808
2016,Sciaenops ocellatus_R,Red Drum (Recruit),habitat_structured,0.00027542925572539057,5.1612655321756996e-05,0.007184194827658629,0.18738988041877747,0.43288552807731684
2016,Sciaenops ocellatus_SA,Red Drum (Sub-adult),habitat_structured,0.01086687405151162,0.0008324732383092245,0.02885261233076174,0.07660650461912155,0.2767788008846081
2016,Archosargus probatocephalus_A,Sheepshead (Adult),habitat_open,0.0053755727763300796,0.0007755458354949951,0.02784862358349143,0.14427222311496735,0.37983183531000575
2016,Archosargus probatocephalus_R,Sheepshead (Recruit),habitat_open,0.040167273351497036,0.0002855371373395125,0.016897844162481572,0.007108700927346945,0.08431311242829875
2016,Callinectes sapidus_R,Blue Crab (Recruit),habitat_open,0.03921680778580309,0.008612697323163351,0.09280461908312189,0.21961750090122223,0.4686336531889512
2016,Centropomus undecimalis_A,Common Snook (Adult),habitat_open,0.02274781571995932,0.011608322461446127,0.10774192527259817,0.5103049278259277,0.7143563031330568
2016,Centropomus undecimalis_SA,Common Snook (Sub-adult),habitat_open,0.02715426861797925,0.0002801880861322085,0.01673881973534002,0.010318380780518055,0.10157943089286361
2016,Cynoscion nebulosus_A,Spotted Seatrout (Adult),habitat_open,0.013389937749198727,0.0002182622750600179,0.014773702144690001,0.016300469636917114,0.1276732925749043
2016,Cynoscion nebulosus_R,Spotted Seatrout (Recruit),habitat_open,0.03368091262182165,0.003277413547039032,0.05724869908599699,0.09730774164199829,0.31194188824522795
2016,Lutjanus griseus_R,Gray Snapper (Recruit),habitat_open,0.10583475735450774,0.0017756645878156025,0.04213863533404472,0.016777707263827324,0.12952878932433254
2016,Lutjanus griseus_SA,Gray Snapper (Sub-adult),habitat_open,-0.05772136178155463,-0.0037551335990428925,0.0,0.0650562196969986,0.25506120774629487
2016,Mycteroperca microlepis_SA,Gag Grouper (Sub-adult),habitat_open,0.005023447364577385,1.1689184854427973e-05,0.00341894499143054,0.0023269248194992542,0.04823820912408808
2016,Sciaenops ocellatus_R,Red Drum (Recruit),habitat_open,0.06664971836180807,0.012489482760429382,0.11175635445212671,0.18738988041877747,0.43288552807731684
2016,Sciaenops ocellatus_SA,Red Drum (Sub-adult),habitat_open,0.029984030553237857,0.0022969717780749,0.04792673343839428,0.07660650461912155,0.2767788008846081
2016,Archosargus probatocephalus_A,Sheepshead (Adult),shoreline,0.006895549735828708,0.0009948362906773884,0.031541025517211524,0.14427222311496735,0.37983183531000575
2016,Archosargus probatocephalus_R,Sheepshead (Recruit),shoreline,0.004375592233888581,3.110477700829506e-05,0.005577165678756106,0.007108700927346945,0.08431311242829875
2016,Callinectes sapidus_R,Blue Crab (Recruit),shoreline,0.10279995787682349,0.022576669851938885,0.1502553488297135,0.21961750090122223,0.4686336531889512
2016,Centropomus undecimalis_A,Common Snook (Adult),shoreline,0.05151202545835181,0.026286840438842773,0.16213216966056668,0.5103049278259277,0.7143563031330568
2016,Centropomus undecimalis_SA,Common Snook (Sub-adult),shoreline,-0.0016727625656790142,-1.7260201275348663e-05,0.0,0.010318380780518055,0.10157943089286361
2016,Cynoscion nebulosus_A,Spotted Seatrout (Adult),shoreline,-0.041471684698400256,-0.000676007941365242,0.0,0.016300469636917114,0.1276732925749043
2016,Cynoscion nebulosus_R,Spotted Seatrout (Recruit),shoreline,0.05106419204419612,0.0049689412117004395,0.07049071720234118,0.09730774164199829,0.31194188824522795
2016,Lutjanus griseus_R,Gray Snapper (Recruit),shoreline,0.03339319830758298,0.0005602613091468811,0.023669839651904723,0.016777707263827324,0.12952878932433254
2016,Lutjanus griseus_SA,Gray Snapper (Sub-adult),shoreline,0.04376739393405849,0.0028473411997159324,0.05336048350339352,0.0650562196969986,0.25506120774629487
2016,Mycteroperca microlepis_SA,Gag Grouper (Sub-adult),shoreline,0.10536895474551718,0.0002451856465389331,0.015658404980678366,0.0023269248194992542,0.04823820912408808
2016,Sciaenops ocellatus_R,Red Drum (Recruit),shoreline,0.06215283412618838,0.011646812160809835,0.10792039733437714,0.18738988041877747,0.43288552807731684
2016,Sciaenops ocellatus_SA,Red Drum (Sub-adult),shoreline,0.056971191482564514,0.004364363849163055,0.0660633321076303,0.07660650461912155,0.2767788008846081
2016,Archosargus probatocephalus_A,Sheepshead (Adult),water_effort,0.010273073567799848,0.0014821191628774006,0.03849830077909155,0.14427222311496735,0.37983183531000575
2016,Archosargus probatocephalus_R,Sheepshead (Recruit),water_effort,-0.0014238126602251235,-1.0121458520491918e-05,0.0,0.007108700927346945,0.08431311242829875
2016,Callinectes sapidus_R,Blue Crab (Recruit),water_effort,0.00828554338264166,0.0018196503321329753,0.042657359647931506,0.21961750090122223,0.4686336531889512
2016,Centropomus undecimalis_A,Common Snook (Adult),water_effort,0.046059434775113116,0.023504356543223064,0.153311305986294,0.5103049278259277,0.7143563031330568
2016,Centropomus undecimalis_SA,Common Snook (Sub-adult),water_effort,0.0026121138638252064,2.6952785750230152e-05,0.005191607241522624,0.010318380780518055,0.10157943089286361
2016,Cynoscion nebulosus_A,Spotted Seatrout (Adult),water_effort,0.025425554385878364,0.0004144484798113505,0.020358007756441948,0.016300469636917114,0.1276732925749043
2016,Cynoscion nebulosus_R,Spotted Seatrout (Recruit),water_effort,0.0025787830445158717,0.00025093555450439453,0.015840945505379234,0.09730774164199829,0.31194188824522795
2016,Lutjanus griseus_R,Gray Snapper (Recruit),water_effort,0.01072643866803879,0.0001799650490283966,0.013415105255956683,0.016777707263827324,0.12952878932433254
2016,Lutjanus griseus_SA,Gray Snapper (Sub-adult),water_effort,0.013774564025056099,0.000896121064821879,0.02993528127180166,0.0650562196969986,0.25506120774629487
2016,Mycteroperca microlepis_SA,Gag Grouper (Sub-adult),water_effort,-0.03952878801839493,-9.19805218776067e-05,0.0,0.0023269248194992542,0.04823820912408808
2016,Sciaenops ocellatus_R,Red Drum (Recruit),water_effort,0.0011904078408841643,0.00022307038307189941,0.014935540936701939,0.18738988041877747,0.43288552807731684
2016,Sciaenops ocellatus_SA,Red Drum (Sub-adult),water_effort,0.03982927618815604,0.0030511816342671714,0.05523750206397074,0.07660650461912155,0.2767788008846081
2016,Archosargus probatocephalus_A,Sheepshead (Adult),bycatch,0.011937718428809566,0.0017222811778386433,0.041500375634910144,0.14427222311496735,0.37983183531000575
2016,Archosargus probatocephalus_R,Sheepshead (Recruit),bycatch,0.002458280563837088,1.7475181569655735e-05,0.004180332710401857,0.007108700927346945,0.08431311242829875
2016,Callinectes sapidus_R,Blue Crab (Recruit),bycatch,0.01956033180093387,0.0042957911888758344,0.06554228550238261,0.21961750090122223,0.4686336531889512
2016,Centropomus undecimalis_A,Common Snook (Adult),bycatch,0.03705614064853036,0.018909931182861328,0.13751338546796574,0.5103049278259277,0.7143563031330568
2016,Centropomus undecimalis_SA,Common Snook (Sub-adult),bycatch,-0.0005648382957977265,-5.8282166719436646e-06,0.0,0.010318380780518055,0.10157943089286361
2016,Cynoscion nebulosus_A,Spotted Seatrout (Adult),bycatch,-0.11355696474035742,-0.0018510318671663601,0.0,0.016300469636917114,0.1276732925749043
2016,Cynoscion nebulosus_R,Spotted Seatrout (Recruit),bycatch,0.004345494445025351,0.00042285025119781494,0.020563322960986022,0.09730774164199829,0.31194188824522795
2016,Lutjanus griseus_R,Gray Snapper (Recruit),bycatch,-0.012094526433323129,-0.0002029184252023697,0.0,0.016777707263827324,0.12952878932433254
2016,Lutjanus griseus_SA,Gray Snapper (Sub-adult),bycatch,-0.0005105536166215852,-3.3214688301086426e-05,0.0,0.0650562196969986,0.25506120774629487
2016,Mycteroperca microlepis_SA,Gag Grouper (Sub-adult),bycatch,0.012826110463071536,2.984539605677128e-05,0.005463094000360169,0.0023269248194992542,0.04823820912408808
2016,Sciaenops ocellatus_R,Red Drum (Recruit),bycatch,-0.010736095084398984,-0.0020118355751037598,0.0,0.18738988041877747,0.43288552807731684
2016,Sciaenops ocellatus_SA,Red Drum (Sub-adult),bycatch,0.048336351666258714,0.003702878952026367,0.06085128554127979,0.07660650461912155,0.2767788008846081
2016,Archosargus probatocephalus_A,Sheepshead (Adult),na_indicators,0.012603046176715774,0.0018182694911956787,0.04264117131594392,0.14427222311496735,0.37983183531000575
2016,Archosargus probatocephalus_R,Sheepshead (Recruit),na_indicators,0.028906735615843854,0.00020548934116959572,0.014334899412608229,0.007108700927346945,0.08431311242829875
2016,Callinectes sapidus_R,Blue Crab (Recruit),na_indicators,-0.00139518758376935,-0.0003064076105753581,0.0,0.21961750090122223,0.4686336531889512
2016,Centropomus undecimalis_A,Common Snook (Adult),na_indicators,0.01123802818041135,0.0057348211606343584,0.0757286019984151,0.5103049278259277,0.7143563031330568
2016,Centropomus undecimalis_SA,Common Snook (Sub-adult),na_indicators,-0.007633711042727473,-7.876753807067871e-05,0.0,0.010318380780518055,0.10157943089286361
2016,Cynoscion nebulosus_A,Spotted Seatrout (Adult),na_indicators,-0.030308362689850876,-0.0004940405488014221,0.0,0.016300469636917114,0.1276732925749043
2016,Cynoscion nebulosus_R,Spotted Seatrout (Recruit),na_indicators,0.022793823515535674,0.002218015491962433,0.04709581183037864,0.09730774164199829,0.31194188824522795
2016,Lutjanus griseus_R,Gray Snapper (Recruit),na_indicators,0.04551359217978554,0.0007636137306690216,0.027633561671797244,0.016777707263827324,0.12952878932433254
2016,Lutjanus griseus_SA,Gray Snapper (Sub-adult),na_indicators,0.03997550069453363,0.00260065495967865,0.050996617139557894,0.0650562196969986,0.25506120774629487
2016,Mycteroperca microlepis_SA,Gag Grouper (Sub-adult),na_indicators,0.028607140915418532,6.656666907171409e-05,0.00815883993418881,0.0023269248194992542,0.04823820912408808
2016,Sciaenops ocellatus_R,Red Drum (Recruit),na_indicators,-0.020559650183535907,-0.0038526703914006553,0.0,0.18738988041877747,0.43288552807731684
2016,Sciaenops ocellatus_SA,Red Drum (Sub-adult),na_indicators,0.022682530422701578,0.0017376293738683064,0.0416848818382433,0.07660650461912155,0.2767788008846081
2016,Archosargus probatocephalus_A,Sheepshead (Adult),prey_community,0.020464724102026696,0.0029524912436803183,0.05433683137320687,0.14427222311496735,0.37983183531000575
2016,Archosargus probatocephalus_R,Sheepshead (Recruit),prey_community,0.1810580636246731,0.0012870876428981621,0.03587600371973113,0.007108700927346945,0.08431311242829875
2016,Callinectes sapidus_R,Blue Crab (Recruit),prey_community,0.15543895512352268,0.03413711488246918,0.18476231997479675,0.21961750090122223,0.4686336531889512
2016,Centropomus undecimalis_A,Common Snook (Adult),prey_community,0.028963123573038475,0.014780024687449137,0.12157312485680845,0.5103049278259277,0.7143563031330568
2016,Centropomus undecimalis_SA,Common Snook (Sub-adult),prey_community,0.042835676798575174,0.0004419948284824689,0.02102367304926684,0.010318380780518055,0.10157943089286361
2016,Cynoscion nebulosus_A,Spotted Seatrout (Adult),prey_community,-0.0697583928892056,-0.00113709457218647,0.0,0.016300469636917114,0.1276732925749043
2016,Cynoscion nebulosus_R,Spotted Seatrout (Recruit),prey_community,0.30899267352929005,0.030067379275957744,0.17339947888029464,0.09730774164199829,0.31194188824522795
2016,Lutjanus griseus_R,Gray Snapper (Recruit),prey_community,0.38401904206728,0.006442959109942119,0.08026804538508533,0.016777707263827324,0.12952878932433254
2016,Lutjanus griseus_SA,Gray Snapper (Sub-adult),prey_community,-0.09845009512223457,-0.00640479102730751,0.0,0.0650562196969986,0.25506120774629487
2016,Mycteroperca microlepis_SA,Gag Grouper (Sub-adult),prey_community,0.030657824369570708,7.133845550318559e-05,0.008446209534648403,0.0023269248194992542,0.04823820912408808
2016,Sciaenops ocellatus_R,Red Drum (Recruit),prey_community,0.7236552085188697,0.13560566306114197,0.36824674209168773,0.18738988041877747,0.43288552807731684
2016,Sciaenops ocellatus_SA,Red Drum (Sub-adult),prey_community,-0.01462783342094659,-0.0011205871899922688,0.0,0.07660650461912155,0.2767788008846081
2016,Archosargus probatocephalus_A,Sheepshead (Adult),nonprey_community,0.12640972440472226,0.018237411975860596,0.13504596245671543,0.14427222311496735,0.37983183531000575
2016,Archosargus probatocephalus_R,Sheepshead (Recruit),nonprey_community,0.10898000143960328,0.0007747062481939793,0.027833545375930448,0.007108700927346945,0.08431311242829875
2016,Callinectes sapidus_R,Blue Crab (Recruit),nonprey_community,0.06522610514950432,0.014324794212977091,0.11968623234514941,0.21961750090122223,0.4686336531889512
2016,Centropomus undecimalis_A,Common Snook (Adult),nonprey_community,0.11141931267772237,0.05685782432556152,0.2384487876370134,0.5103049278259277,0.7143563031330568
2016,Centropomus undecimalis_SA,Common Snook (Sub-adult),nonprey_community,0.032835415446422246,0.0003388083229462306,0.01840674666925773,0.010318380780518055,0.10157943089286361
2016,Cynoscion nebulosus_A,Spotted Seatrout (Adult),nonprey_community,-0.036056190469166756,-0.0005877328415711721,0.0,0.016300469636917114,0.1276732925749043
2016,Cynoscion nebulosus_R,Spotted Seatrout (Recruit),nonprey_community,0.09901697413021839,0.009635118146737417,0.09815863765730154,0.09730774164199829,0.31194188824522795
2016,Lutjanus griseus_R,Gray Snapper (Recruit),nonprey_community,0.09187540691544444,0.0015414586911598842,0.039261414788057294,0.016777707263827324,0.12952878932433254
2016,Lutjanus griseus_SA,Gray Snapper (Sub-adult),nonprey_community,-0.05824726178324291,-0.0037893466651439667,0.0,0.0650562196969986,0.25506120774629487
2016,Mycteroperca microlepis_SA,Gag Grouper (Sub-adult),nonprey_community,0.005716558627031625,1.3302002723018328e-05,0.0036471910730065033,0.0023269248194992542,0.04823820912408808
2016,Sciaenops ocellatus_R,Red Drum (Recruit),nonprey_community,0.08441828493747444,0.015819132328033447,0.12577413218954622,0.18738988041877747,0.43288552807731684
2016,Sciaenops ocellatus_SA,Red Drum (Sub-adult),nonprey_community,0.1021730861482731,0.007827123006184896,0.0884710291913963,0.07660650461912155,0.2767788008846081
2017,Archosargus probatocephalus_A,Sheepshead (Adult),env,-0.0001449258466643843,-1.4635423819224039e-05,0.0,0.10098560154438019,0.3177823178598523
2017,Archosargus probatocephalus_R,Sheepshead (Recruit),env,-0.005831811043719836,-2.6827988525231678e-05,0.0,0.004600284155458212,0.0678253946207334
2017,Callinectes sapidus_R,Blue Crab (Recruit),env,0.0499008858588434,0.011693542202313742,0.10813668296333924,0.23433536291122437,0.48408197953572324
2017,Centropomus undecimalis_A,Common Snook (Adult),env,0.003238945427222416,0.0013707280158996582,0.03702334420199853,0.42320194840431213,0.6505397362224018
2017,Centropomus undecimalis_SA,Common Snook (Sub-adult),env,0.008968973296843541,0.00013430727024873099,0.011589101356392177,0.014974653720855713,0.12237096763879786
2017,Cynoscion nebulosus_A,Spotted Seatrout (Adult),env,0.007555618274433364,9.70944141348203e-05,0.009853649787506165,0.01285062450915575,0.11336059504587893
2017,Cynoscion nebulosus_R,Spotted Seatrout (Recruit),env,-0.011778321659062863,-0.0009816288948059082,0.0,0.08334200084209442,0.2886901467700178
2017,Lutjanus griseus_R,Gray Snapper (Recruit),env,-0.01381359498038777,-0.00018100781987110773,0.0,0.013103599660098553,0.11447095553064346
2017,Lutjanus griseus_SA,Gray Snapper (Sub-adult),env,0.05028483553019821,0.006399492422739665,0.07999682757922132,0.1272648572921753,0.35674200382373716
2017,Mycteroperca microlepis_SA,Gag Grouper (Sub-adult),env,-0.009362970428020553,-2.66697412977616e-05,0.0,0.002848427277058363,0.05337065932755902
2017,Sciaenops ocellatus_R,Red Drum (Recruit),env,0.030788572532278638,0.0032854502399762473,0.05731884716196103,0.1067100539803505,0.32666504860537265
2017,Sciaenops ocellatus_SA,Red Drum (Sub-adult),env,0.020056594017982945,0.0008476078510284424,0.029113705553028498,0.04226080700755119,0.2055743345059183
2017,Archosargus probatocephalus_A,Sheepshead (Adult),restoration,0.02556548006928006,0.0025817453861236572,0.05081087861987487,0.10098560154438019,0.3177823178598523
2017,Archosargus probatocephalus_R,Sheepshead (Recruit),restoration,-0.0029646957113391922,-1.363844300309817e-05,0.0,0.004600284155458212,0.0678253946207334
2017,Callinectes sapidus_R,Blue Crab (Recruit),restoration,0.01789639394258626,0.004193757971127828,0.0647592307793092,0.23433536291122437,0.48408197953572324
2017,Centropomus undecimalis_A,Common Snook (Adult),restoration,0.047063556364667726,0.019917388757069904,0.14112897915406994,0.42320194840431213,0.6505397362224018
2017,Centropomus undecimalis_SA,Common Snook (Sub-adult),restoration,0.0058109445491536516,8.701688299576442e-05,0.009328284032755672,0.014974653720855713,0.12237096763879786
2017,Cynoscion nebulosus_A,Spotted Seatrout (Adult),restoration,0.0027437289613446727,3.5258630911509194e-05,0.005937897852902927,0.01285062450915575,0.11336059504587893
2017,Cynoscion nebulosus_R,Spotted Seatrout (Recruit),restoration,-0.024272927239733223,-0.0020229543248812356,0.0,0.08334200084209442,0.2886901467700178
2017,Lutjanus griseus_R,Gray Snapper (Recruit),restoration,-0.017586286830650038,-0.00023044366389513016,0.0,0.013103599660098553,0.11447095553064346
2017,Lutjanus griseus_SA,Gray Snapper (Sub-adult),restoration,0.04125916208733747,0.005250841379165649,0.07246268956618744,0.1272648572921753,0.35674200382373716
2017,Mycteroperca microlepis_SA,Gag Grouper (Sub-adult),restoration,-0.0014860616584205684,-4.232938711841901e-06,0.0,0.002848427277058363,0.05337065932755902
2017,Sciaenops ocellatus_R,Red Drum (Recruit),restoration,0.0059273896745085375,0.0006325120727221171,0.025149792697398463,0.1067100539803505,0.32666504860537265
2017,Sciaenops ocellatus_SA,Red Drum (Sub-adult),restoration,-0.012144367228626066,-0.0005132307608922323,0.0,0.04226080700755119,0.2055743345059183
2017,Archosargus probatocephalus_A,Sheepshead (Adult),habitat_structured,-0.0017045817553032082,-0.00017213821411132812,0.0,0.10098560154438019,0.3177823178598523
2017,Archosargus probatocephalus_R,Sheepshead (Recruit),habitat_structured,-0.010895429664289845,-5.012207354108492e-05,0.0,0.004600284155458212,0.0678253946207334
2017,Callinectes sapidus_R,Blue Crab (Recruit),habitat_structured,0.0317705690278205,0.0074449678262074786,0.08628422698389016,0.23433536291122437,0.48408197953572324
2017,Centropomus undecimalis_A,Common Snook (Adult),habitat_structured,0.004999706225703039,0.0021158854166666665,0.0459987545121242,0.42320194840431213,0.6505397362224018
2017,Centropomus undecimalis_SA,Common Snook (Sub-adult),habitat_structured,0.0025818910957887916,3.8662925362586975e-05,0.006217951862356847,0.014974653720855713,0.12237096763879786
2017,Cynoscion nebulosus_A,Spotted Seatrout (Adult),habitat_structured,0.00895362132959481,0.00011505962659915288,0.010726585039011851,0.01285062450915575,0.11336059504587893
2017,Cynoscion nebulosus_R,Spotted Seatrout (Recruit),habitat_structured,0.06570529001629945,0.005476010342439015,0.0740000698813117,0.08334200084209442,0.2886901467700178
2017,Lutjanus griseus_R,Gray Snapper (Recruit),habitat_structured,-0.00035828300502069934,-4.694797098636627e-06,0.0,0.013103599660098553,0.11447095553064346
2017,Lutjanus griseus_SA,Gray Snapper (Sub-adult),habitat_structured,-0.007997057187199882,-0.0010177443424860637,0.0,0.1272648572921753,0.35674200382373716
2017,Mycteroperca microlepis_SA,Gag Grouper (Sub-adult),habitat_structured,0.007173862456326924,2.0434226219852764e-05,0.0045204232345935,0.002848427277058363,0.05337065932755902
2017,Sciaenops ocellatus_R,Red Drum (Recruit),habitat_structured,0.005634747457449408,0.0006012842059135437,0.024521097159661182,0.1067100539803505,0.32666504860537265
2017,Sciaenops ocellatus_SA,Red Drum (Sub-adult),habitat_structured,0.0051322401259786205,0.00021689260999361673,0.014727274357246719,0.04226080700755119,0.2055743345059183
2017,Archosargus probatocephalus_A,Sheepshead (Adult),habitat_open,-0.02127618653993531,-0.002148588498433431,0.0,0.10098560154438019,0.3177823178598523
2017,Archosargus probatocephalus_R,Sheepshead (Recruit),habitat_open,0.04684026897442873,0.00021547855188449225,0.014679187712012277,0.004600284155458212,0.0678253946207334
2017,Callinectes sapidus_R,Blue Crab (Recruit),habitat_open,0.045545905545749554,0.01067301630973816,0.10331029140283246,0.23433536291122437,0.48408197953572324
2017,Centropomus undecimalis_A,Common Snook (Adult),habitat_open,-0.002771960020943606,-0.001173098882039388,0.0,0.42320194840431213,0.6505397362224018
2017,Centropomus undecimalis_SA,Common Snook (Sub-adult),habitat_open,-0.0060108751567220795,-9.001077463229497e-05,0.0,0.014974653720855713,0.12237096763879786
2017,Cynoscion nebulosus_A,Spotted Seatrout (Adult),habitat_open,-0.03321369715671299,-0.00042681675404310226,0.0,0.01285062450915575,0.11336059504587893
2017,Cynoscion nebulosus_R,Spotted Seatrout (Recruit),habitat_open,0.004518158180893171,0.0003765523433685303,0.01940495667010185,0.08334200084209442,0.2886901467700178
2017,Lutjanus griseus_R,Gray Snapper (Recruit),habitat_open,-0.013318163240587938,-0.00017451588064432144,0.0,0.013103599660098553,0.11447095553064346
2017,Lutjanus griseus_SA,Gray Snapper (Sub-adult),habitat_open,-0.00667166240723453,-0.0008490681648254395,0.0,0.1272648572921753,0.35674200382373716
2017,Mycteroperca microlepis_SA,Gag Grouper (Sub-adult),habitat_open,0.01764915171134664,5.027232691645622e-05,0.007090298083751926,0.002848427277058363,0.05337065932755902
2017,Sciaenops ocellatus_R,Red Drum (Recruit),habitat_open,-0.011024586846653769,-0.0011764342586199443,0.0,0.1067100539803505,0.32666504860537265
2017,Sciaenops ocellatus_SA,Red Drum (Sub-adult),habitat_open,-0.01847891463697261,-0.0007809338470300039,0.0,0.04226080700755119,0.2055743345059183
2017,Archosargus probatocephalus_A,Sheepshead (Adult),shoreline,0.04400281200479376,0.004443650444348653,0.06666071139995922,0.10098560154438019,0.3177823178598523
2017,Archosargus probatocephalus_R,Sheepshead (Recruit),shoreline,-0.07711296195496668,-0.00035474154477318126,0.0,0.004600284155458212,0.0678253946207334
2017,Callinectes sapidus_R,Blue Crab (Recruit),shoreline,0.05296439392931709,0.012411430478096008,0.11140659979595467,0.23433536291122437,0.48408197953572324
2017,Centropomus undecimalis_A,Common Snook (Adult),shoreline,0.03697691571532599,0.01564870278040568,0.12509477519227444,0.42320194840431213,0.6505397362224018
2017,Centropomus undecimalis_SA,Common Snook (Sub-adult),shoreline,0.009562649448744936,0.00014319736510515213,0.011966510147288228,0.014974653720855713,0.12237096763879786
2017,Cynoscion nebulosus_A,Spotted Seatrout (Adult),shoreline,0.018440498567944306,0.00023697192470232645,0.015393892448056353,0.01285062450915575,0.11336059504587893
2017,Cynoscion nebulosus_R,Spotted Seatrout (Recruit),shoreline,-0.015797968639532856,-0.0013166343172391255,0.0,0.08334200084209442,0.2886901467700178
2017,Lutjanus griseus_R,Gray Snapper (Recruit),shoreline,0.05296433483583324,0.0006940234452486038,0.026344324725614127,0.013103599660098553,0.11447095553064346
2017,Lutjanus griseus_SA,Gray Snapper (Sub-adult),shoreline,-0.0034055374693205583,-0.00043340524037679035,0.0,0.1272648572921753,0.35674200382373716
2017,Mycteroperca microlepis_SA,Gag Grouper (Sub-adult),shoreline,0.031700105688676296,9.02954488992691e-05,0.009502391746253629,0.002848427277058363,0.05337065932755902
2017,Sciaenops ocellatus_R,Red Drum (Recruit),shoreline,-0.0031570402498690866,-0.00033688793579737347,0.0,0.1067100539803505,0.32666504860537265
2017,Sciaenops ocellatus_SA,Red Drum (Sub-adult),shoreline,0.029719479878738252,0.0012559692064921062,0.03543965584612958,0.04226080700755119,0.2055743345059183
2017,Archosargus probatocephalus_A,Sheepshead (Adult),water_effort,0.04542966635701181,0.004587742189566295,0.06773287377312655,0.10098560154438019,0.3177823178598523
2017,Archosargus probatocephalus_R,Sheepshead (Recruit),water_effort,0.010976341748917302,5.0494292130072914e-05,0.007105933586100626,0.004600284155458212,0.0678253946207334
2017,Callinectes sapidus_R,Blue Crab (Recruit),water_effort,0.04738913990407234,0.01110495130221049,0.10538003274914318,0.23433536291122437,0.48408197953572324
2017,Centropomus undecimalis_A,Common Snook (Adult),water_effort,0.14301879935644382,0.06052583456039429,0.2460199881318473,0.42320194840431213,0.6505397362224018
2017,Centropomus undecimalis_SA,Common Snook (Sub-adult),water_effort,0.014057916262651524,0.0002105124294757843,0.01450904647024691,0.014974653720855713,0.12237096763879786
2017,Cynoscion nebulosus_A,Spotted Seatrout (Adult),water_effort,0.02709823703215779,0.00034822927167018253,0.01866090222015491,0.01285062450915575,0.11336059504587893
2017,Cynoscion nebulosus_R,Spotted Seatrout (Recruit),water_effort,-0.0029984276106031645,-0.00024989495674769085,0.0,0.08334200084209442,0.2886901467700178
2017,Lutjanus griseus_R,Gray Snapper (Recruit),water_effort,-0.02897278275560201,-0.00037964774916569394,0.0,0.013103599660098553,0.11447095553064346
2017,Lutjanus griseus_SA,Gray Snapper (Sub-adult),water_effort,0.13742422457568493,0.017489274342854817,0.13224702016625864,0.1272648572921753,0.35674200382373716
2017,Mycteroperca microlepis_SA,Gag Grouper (Sub-adult),water_effort,-0.0008882693043062827,-2.5301706045866013e-06,0.0,0.002848427277058363,0.05337065932755902
2017,Sciaenops ocellatus_R,Red Drum (Recruit),water_effort,0.007629038767897935,0.000814095139503479,0.02853235250559405,0.1067100539803505,0.32666504860537265
2017,Sciaenops ocellatus_SA,Red Drum (Sub-adult),water_effort,0.025902702256409112,0.0010946691036224365,0.03308578401099839,0.04226080700755119,0.2055743345059183
2017,Archosargus probatocephalus_A,Sheepshead (Adult),bycatch,0.03520864375284786,0.0035555660724639893,0.059628567586887324,0.10098560154438019,0.3177823178598523
2017,Archosargus probatocephalus_R,Sheepshead (Recruit),bycatch,-0.010972191546077778,-5.0475200017293297e-05,0.0,0.004600284155458212,0.0678253946207334
2017,Callinectes sapidus_R,Blue Crab (Recruit),bycatch,0.01676084203046084,0.003927658001581828,0.06267103000256041,0.23433536291122437,0.48408197953572324
2017,Centropomus undecimalis_A,Common Snook (Adult),bycatch,0.027861146504794525,0.011790891488393148,0.10858587149529697,0.42320194840431213,0.6505397362224018
2017,Centropomus undecimalis_SA,Common Snook (Sub-adult),bycatch,0.00564909694926909,8.459327121575673e-05,0.009197460041541726,0.014974653720855713,0.12237096763879786
2017,Cynoscion nebulosus_A,Spotted Seatrout (Adult),bycatch,-0.019535806301157022,-0.0002510473132133484,0.0,0.01285062450915575,0.11336059504587893
2017,Cynoscion nebulosus_R,Spotted Seatrout (Recruit),bycatch,0.004987823733518533,0.0004156952102979024,0.020388604912987607,0.08334200084209442,0.2886901467700178
2017,Lutjanus griseus_R,Gray Snapper (Recruit),bycatch,0.005678322465341618,7.440646489461263e-05,0.008625918205884672,0.013103599660098553,0.11447095553064346
2017,Lutjanus griseus_SA,Gray Snapper (Sub-adult),bycatch,-0.021327033993342782,-0.0027141819397608438,0.0,0.1272648572921753,0.35674200382373716
2017,Mycteroperca microlepis_SA,Gag Grouper (Sub-adult),bycatch,0.03803667739559884,0.00010834471322596073,0.010408876655334173,0.002848427277058363,0.05337065932755902
2017,Sciaenops ocellatus_R,Red Drum (Recruit),bycatch,-0.003378069606908259,-0.00036047399044036865,0.0,0.1067100539803505,0.32666504860537265
2017,Sciaenops ocellatus_SA,Red Drum (Sub-adult),bycatch,-0.013691370408385311,-0.000578608363866806,0.0,0.04226080700755119,0.2055743345059183
2017,Archosargus probatocephalus_A,Sheepshead (Adult),na_indicators,0.007307651570861782,0.0007379675904909769,0.027165558902606385,0.10098560154438019,0.3177823178598523
2017,Archosargus probatocephalus_R,Sheepshead (Recruit),na_indicators,-0.0065535414399589,-3.014815350373586e-05,0.0,0.004600284155458212,0.0678253946207334
2017,Callinectes sapidus_R,Blue Crab (Recruit),na_indicators,0.016493958822024292,0.003865117828051249,0.06217007180349118,0.23433536291122437,0.48408197953572324
2017,Centropomus undecimalis_A,Common Snook (Adult),na_indicators,0.019869508395162116,0.008408814668655396,0.0916995892502,0.42320194840431213,0.6505397362224018
2017,Centropomus undecimalis_SA,Common Snook (Sub-adult),na_indicators,0.005174811130112052,7.749100526173909e-05,0.008802897549201575,0.014974653720855713,0.12237096763879786
2017,Cynoscion nebulosus_A,Spotted Seatrout (Adult),na_indicators,0.004041332833902852,5.1933651169141136e-05,0.007206500618826112,0.01285062450915575,0.11336059504587893
2017,Cynoscion nebulosus_R,Spotted Seatrout (Recruit),na_indicators,-0.007883086434332406,-0.0006569921970367432,0.0,0.08334200084209442,0.2886901467700178
2017,Lutjanus griseus_R,Gray Snapper (Recruit),na_indicators,0.05375901094754449,0.0007044365629553795,0.026541223840572604,0.013103599660098553,0.11447095553064346
2017,Lutjanus griseus_SA,Gray Snapper (Sub-adult),na_indicators,-0.015137929407583904,-0.001926526427268982,0.0,0.1272648572921753,0.35674200382373716
2017,Mycteroperca microlepis_SA,Gag Grouper (Sub-adult),na_indicators,0.056481214448846316,0.0001608826375255982,0.012683951967963226,0.002848427277058363,0.05337065932755902
2017,Sciaenops ocellatus_R,Red Drum (Recruit),na_indicators,0.021153326371926906,0.0022572726011276245,0.047510763003004115,0.1067100539803505,0.32666504860537265
2017,Sciaenops ocellatus_SA,Red Drum (Sub-adult),na_indicators,0.032550505394198063,0.001375610629717509,0.03708922525097429,0.04226080700755119,0.2055743345059183
2017,Archosargus probatocephalus_A,Sheepshead (Adult),prey_community,0.004059227129286151,0.0004099234938621521,0.020246567458760807,0.10098560154438019,0.3177823178598523
2017,Archosargus probatocephalus_R,Sheepshead (Recruit),prey_community,-0.07483574903106886,-0.00034426571801304817,0.0,0.004600284155458212,0.0678253946207334
2017,Callinectes sapidus_R,Blue Crab (Recruit),prey_community,0.15632878410656942,0.03663336237271627,0.19139843879383203,0.23433536291122437,0.48408197953572324
2017,Centropomus undecimalis_A,Common Snook (Adult),prey_community,0.15387896820992278,0.06512187918027242,0.2551898884757631,0.42320194840431213,0.6505397362224018
2017,Centropomus undecimalis_SA,Common Snook (Sub-adult),prey_community,0.021442744241501097,0.0003210976719856262,0.01791919841917116,0.014974653720855713,0.12237096763879786
2017,Cynoscion nebulosus_A,Spotted Seatrout (Adult),prey_community,-0.03377306748230938,-0.0004340050121148427,0.0,0.01285062450915575,0.11336059504587893
2017,Cynoscion nebulosus_R,Spotted Seatrout (Recruit),prey_community,0.32546904980871244,0.027125241855780285,0.16469742516439134,0.08334200084209442,0.2886901467700178
2017,Lutjanus griseus_R,Gray Snapper (Recruit),prey_community,0.4720589088039842,0.006185671004156272,0.07864903689274441,0.013103599660098553,0.11447095553064346
2017,Lutjanus griseus_SA,Gray Snapper (Sub-adult),prey_community,0.14396705138208712,0.018321946263313293,0.13535858400305942,0.1272648572921753,0.35674200382373716
2017,Mycteroperca microlepis_SA,Gag Grouper (Sub-adult),prey_community,0.06275746198657975,0.00017876007283727327,0.013370118654569722,0.002848427277058363,0.05337065932755902
2017,Sciaenops ocellatus_R,Red Drum (Recruit),prey_community,0.14558510427695812,0.015535394350687662,0.12464106205696285,0.1067100539803505,0.32666504860537265
2017,Sciaenops ocellatus_SA,Red Drum (Sub-adult),prey_community,0.036895095854720054,0.0015592165291309357,0.0394869159232642,0.04226080700755119,0.2055743345059183
2017,Archosargus probatocephalus_A,Sheepshead (Adult),nonprey_community,0.2467114520258087,0.02491430441538493,0.15784265714750537,0.10098560154438019,0.3177823178598523
2017,Archosargus probatocephalus_R,Sheepshead (Recruit),nonprey_community,0.03841883258330581,0.00017673755064606667,0.013294267585920883,0.004600284155458212,0.0678253946207334
2017,Callinectes sapidus_R,Blue Crab (Recruit),nonprey_community,0.03942056391623625,0.009237632155418396,0.09611260143924102,0.23433536291122437,0.48408197953572324
2017,Centropomus undecimalis_A,Common Snook (Adult),nonprey_community,0.2907404802445927,0.12304193774859111,0.3507733424144302,0.42320194840431213,0.6505397362224018
2017,Centropomus undecimalis_SA,Common Snook (Sub-adult),nonprey_community,-0.00494795083991905,-7.409385095040004e-05,0.0,0.014974653720855713,0.12237096763879786
2017,Cynoscion nebulosus_A,Spotted Seatrout (Adult),nonprey_community,0.15254807863142347,0.001960338093340397,0.04427570545276943,0.01285062450915575,0.11336059504587893
2017,Cynoscion nebulosus_R,Spotted Seatrout (Recruit),nonprey_community,0.0762664326154971,0.006356197098890941,0.07972576182697122,0.08334200084209442,0.2886901467700178
2017,Lutjanus griseus_R,Gray Snapper (Recruit),nonprey_community,0.11536973365584745,0.0015117588142553966,0.03888134275273163,0.013103599660098553,0.11447095553064346
2017,Lutjanus griseus_SA,Gray Snapper (Sub-adult),nonprey_community,0.3305038675403788,0.04206152757008871,0.20508907228345616,0.1272648572921753,0.35674200382373716
2017,Mycteroperca microlepis_SA,Gag Grouper (Sub-adult),nonprey_community,0.23009474555556567,0.0006554081725577513,0.025600940852979433,0.002848427277058363,0.05337065932755902
2017,Sciaenops ocellatus_R,Red Drum (Recruit),nonprey_community,0.05058386120676502,0.005397806564966838,0.07346976633259995,0.1067100539803505,0.32666504860537265
2017,Sciaenops ocellatus_SA,Red Drum (Sub-adult),nonprey_community,0.22986021382455948,0.009714078158140182,0.09856002312367922,0.04226080700755119,0.2055743345059183
2018,Archosargus probatocephalus_A,Sheepshead (Adult),env,0.012196653858114262,0.0016334503889083862,0.04041596700449448,0.13392610847949982,0.3659591623111789
2018,Archosargus probatocephalus_R,Sheepshead (Recruit),env,0.10917435040703816,0.0003845604757467906,0.019610213556888936,0.003522443352267146,0.059350175671746296
2018,Callinectes sapidus_R,Blue Crab (Recruit),env,0.03620189522712517,0.008382846911748251,0.09155788830979147,0.23155823349952698,0.481204980750955
2018,Centropomus undecimalis_A,Common Snook (Adult),env,0.02939863388494369,0.011544654766718546,0.1074460551473089,0.39269357919692993,0.6266526782811431
2018,Centropomus undecimalis_SA,Common Snook (Sub-adult),env,-0.005149735514107506,-0.0001372210681438446,0.0,0.026646235957741737,0.1632367481841688
2018,Cynoscion nebulosus_A,Spotted Seatrout (Adult),env,0.010227907295450396,0.00035326431194941205,0.018795326864660056,0.03453925624489784,0.18584740042545078
2018,Cynoscion nebulosus_R,Spotted Seatrout (Recruit),env,0.027526632839992824,0.0022165502111117044,0.04708025287858705,0.08052384108304977,0.28376723046019564
2018,Lutjanus griseus_R,Gray Snapper (Recruit),env,-0.016362534812542857,-0.00024909401933352154,0.0,0.015223436988890171,0.12338329298932725
2018,Lutjanus griseus_SA,Gray Snapper (Sub-adult),env,-0.05654780492733571,-0.007007184127966563,0.0,0.12391611188650131,0.35201720396381386
2018,Mycteroperca microlepis_SA,Gag Grouper (Sub-adult),env,-0.18614195918365448,-0.0001910272209594647,0.0,0.0010262447176501155,0.03203505451298804
2018,Sciaenops ocellatus_R,Red Drum (Recruit),env,0.008322708875534705,0.001451815168062846,0.038102692399131666,0.17444021999835968,0.41766041229491657
2018,Sciaenops ocellatus_SA,Red Drum (Sub-adult),env,0.006429501344800046,0.0003539137542247772,0.01881259562699356,0.05504528805613518,0.2346173225832551
2018,Archosargus probatocephalus_A,Sheepshead (Adult),restoration,0.0026455253084263024,0.0003543049097061157,0.018822988862189652,0.13392610847949982,0.3659591623111789
2018,Archosargus probatocephalus_R,Sheepshead (Recruit),restoration,-0.0652294084881216,-0.00022976690282424292,0.0,0.003522443352267146,0.059350175671746296
2018,Callinectes sapidus_R,Blue Crab (Recruit),restoration,0.01957232731078744,0.00453213353951772,0.06732112253607868,0.23155823349952698,0.481204980750955
2018,Centropomus undecimalis_A,Common Snook (Adult),restoration,0.021490732436331428,0.00843927264213562,0.09186551388924802,0.39269357919692993,0.6266526782811431
2018,Centropomus undecimalis_SA,Common Snook (Sub-adult),restoration,-0.007792991460536878,-0.00020765389005343118,0.0,0.026646235957741737,0.1632367481841688
2018,Cynoscion nebulosus_A,Spotted Seatrout (Adult),restoration,0.00044652674862557016,1.5422701835632324e-05,0.003927174790562845,0.03453925624489784,0.18584740042545078
2018,Cynoscion nebulosus_R,Spotted Seatrout (Recruit),restoration,-0.003138279364804959,-0.00025270630915959674,0.0,0.08052384108304977,0.28376723046019564
2018,Lutjanus griseus_R,Gray Snapper (Recruit),restoration,0.060280997716452796,0.0009176839763919512,0.030293299199525153,0.015223436988890171,0.12338329298932725
2018,Lutjanus griseus_SA,Gray Snapper (Sub-adult),restoration,-0.09826484963565414,-0.012176598111788431,0.0,0.12391611188650131,0.35201720396381386
2018,Mycteroperca microlepis_SA,Gag Grouper (Sub-adult),restoration,-0.10739967474377231,-0.00011021835962310433,0.0,0.0010262447176501155,0.03203505451298804
2018,Sciaenops ocellatus_R,Red Drum (Recruit),restoration,0.006043772600637532,0.0010542770226796467,0.03246963231512865,0.17444021999835968,0.41766041229491657
2018,Sciaenops ocellatus_SA,Red Drum (Sub-adult),restoration,0.0008458023919265291,4.655743638674418e-05,0.0068233009890187445,0.05504528805613518,0.2346173225832551
2018,Archosargus probatocephalus_A,Sheepshead (Adult),habitat_structured,-0.013872846766027047,-0.0018579363822937012,0.0,0.13392610847949982,0.3659591623111789
2018,Archosargus probatocephalus_R,Sheepshead (Recruit),habitat_structured,-0.0015714640724406549,-5.5353933324416476e-06,0.0,0.003522443352267146,0.059350175671746296
2018,Callinectes sapidus_R,Blue Crab (Recruit),habitat_structured,0.03965580001045979,0.009182627002398172,0.09582602466135268,0.23155823349952698,0.481204980750955
2018,Centropomus undecimalis_A,Common Snook (Adult),habitat_structured,-0.016231716651364456,-0.006374090909957886,0.0,0.39269357919692993,0.6266526782811431
2018,Centropomus undecimalis_SA,Common Snook (Sub-adult),habitat_structured,-0.007380821551894519,-0.00019667111337184906,0.0,0.026646235957741737,0.1632367481841688
2018,Cynoscion nebulosus_A,Spotted Seatrout (Adult),habitat_structured,-0.007012806848643725,-0.00024221713344256082,0.0,0.03453925624489784,0.18584740042545078
2018,Cynoscion nebulosus_R,Spotted Seatrout (Recruit),habitat_structured,0.003414871596420447,0.0002749785780906677,0.016582478044329434,0.08052384108304977,0.28376723046019564
2018,Lutjanus griseus_R,Gray Snapper (Recruit),habitat_structured,0.012699629549629438,0.00019333201150099436,0.0139043882102376,0.015223436988890171,0.12338329298932725
2018,Lutjanus griseus_SA,Gray Snapper (Sub-adult),habitat_structured,-0.047858294675278606,-0.005930413802464803,0.0,0.12391611188650131,0.35201720396381386
2018,Mycteroperca microlepis_SA,Gag Grouper (Sub-adult),habitat_structured,-0.027778471455285947,-2.8507512373228867e-05,0.0,0.0010262447176501155,0.03203505451298804
2018,Sciaenops ocellatus_R,Red Drum (Recruit),habitat_structured,-0.0010293439912230007,-0.00017955899238586426,0.0,0.17444021999835968,0.41766041229491657
2018,Sciaenops ocellatus_SA,Red Drum (Sub-adult),habitat_structured,0.014865169353084648,0.0008182575305302938,0.028605201109768375,0.05504528805613518,0.2346173225832551
2018,Archosargus probatocephalus_A,Sheepshead (Adult),habitat_open,-0.010702155143272942,-0.0014332979917526245,0.0,0.13392610847949982,0.3659591623111789
2018,Archosargus probatocephalus_R,Sheepshead (Recruit),habitat_open,-0.016922427077462072,-5.960829245547453e-05,0.0,0.003522443352267146,0.059350175671746296
2018,Callinectes sapidus_R,Blue Crab (Recruit),habitat_open,0.038715150063194655,0.008964811762173971,0.09468268987610128,0.23155823349952698,0.481204980750955
2018,Centropomus undecimalis_A,Common Snook (Adult),habitat_open,-0.010226757866073648,-0.004015982151031494,0.0,0.39269357919692993,0.6266526782811431
2018,Centropomus undecimalis_SA,Common Snook (Sub-adult),habitat_open,0.005520756004542933,0.00014710736771424612,0.012128782614683392,0.026646235957741737,0.1632367481841688
2018,Cynoscion nebulosus_A,Spotted Seatrout (Adult),habitat_open,-0.0030665817673725137,-0.00010591745376586914,0.0,0.03453925624489784,0.18584740042545078
2018,Cynoscion nebulosus_R,Spotted Seatrout (Recruit),habitat_open,0.03939089130131659,0.0031719058752059937,0.056319675737756106,0.08052384108304977,0.28376723046019564
2018,Lutjanus griseus_R,Gray Snapper (Recruit),habitat_open,-0.030319104795946877,-0.0004615609844525655,0.0,0.015223436988890171,0.12338329298932725
2018,Lutjanus griseus_SA,Gray Snapper (Sub-adult),habitat_open,0.0012507611691444833,0.0001549894611040751,0.012449476338548345,0.12391611188650131,0.35201720396381386
2018,Mycteroperca microlepis_SA,Gag Grouper (Sub-adult),habitat_open,0.17837288224027462,0.00018305424600839615,0.0135297541000713,0.0010262447176501155,0.03203505451298804
2018,Sciaenops ocellatus_R,Red Drum (Recruit),habitat_open,0.014997670086225911,0.002616196870803833,0.05114877193837437,0.17444021999835968,0.41766041229491657
2018,Sciaenops ocellatus_SA,Red Drum (Sub-adult),habitat_open,0.011526761843105733,0.0006344939271608988,0.02518916289122961,0.05504528805613518,0.2346173225832551
2018,Archosargus probatocephalus_A,Sheepshead (Adult),shoreline,0.004802045118659662,0.000643119215965271,0.025359795266627665,0.13392610847949982,0.3659591623111789
2018,Archosargus probatocephalus_R,Sheepshead (Recruit),shoreline,0.15648019355201118,0.0005511926331867775,0.023477492054876252,0.003522443352267146,0.059350175671746296
2018,Callinectes sapidus_R,Blue Crab (Recruit),shoreline,0.09812640081324336,0.022721976041793823,0.15073810414687397,0.23155823349952698,0.481204980750955
2018,Centropomus undecimalis_A,Common Snook (Adult),shoreline,0.04249001322728383,0.01668555537859599,0.12917257982480643,0.39269357919692993,0.6266526782811431
2018,Centropomus undecimalis_SA,Common Snook (Sub-adult),shoreline,0.0427653833549986,0.0011395364999771118,0.03375702149149287,0.026646235957741737,0.1632367481841688
2018,Cynoscion nebulosus_A,Spotted Seatrout (Adult),shoreline,-0.015533809921509887,-0.0005365262428919474,0.0,0.03453925624489784,0.18584740042545078
2018,Cynoscion nebulosus_R,Spotted Seatrout (Recruit),shoreline,0.060637912040721574,0.004882797598838806,0.06987701767275709,0.08052384108304977,0.28376723046019564
2018,Lutjanus griseus_R,Gray Snapper (Recruit),shoreline,0.033322013350026235,0.0005072755739092827,0.022522779000587,0.015223436988890171,0.12338329298932725
2018,Lutjanus griseus_SA,Gray Snapper (Sub-adult),shoreline,0.005340772438868282,0.0006618077556292216,0.02572562449444564,0.12391611188650131,0.35201720396381386
2018,Mycteroperca microlepis_SA,Gag Grouper (Sub-adult),shoreline,0.18652689266665182,0.00019142225695153078,0.013835543247430901,0.0010262447176501155,0.03203505451298804
2018,Sciaenops ocellatus_R,Red Drum (Recruit),shoreline,0.04396671301177176,0.007669563094774882,0.08757604178526729,0.17444021999835968,0.41766041229491657
2018,Sciaenops ocellatus_SA,Red Drum (Sub-adult),shoreline,-0.005849804226262293,-0.00032200415929158527,0.0,0.05504528805613518,0.2346173225832551
2018,Archosargus probatocephalus_A,Sheepshead (Adult),water_effort,-0.010323301054229262,-0.0013825595378875732,0.0,0.13392610847949982,0.3659591623111789
2018,Archosargus probatocephalus_R,Sheepshead (Recruit),water_effort,-0.005366989477134643,-1.89049169421196e-05,0.0,0.003522443352267146,0.059350175671746296
2018,Callinectes sapidus_R,Blue Crab (Recruit),water_effort,0.06416220653131459,0.014857287208239237,0.12189047217990107,0.23155823349952698,0.481204980750955
2018,Centropomus undecimalis_A,Common Snook (Adult),water_effort,0.038009725810037163,0.014926175276438395,0.12217272722026956,0.39269357919692993,0.6266526782811431
2018,Centropomus undecimalis_SA,Common Snook (Sub-adult),water_effort,-0.0016008428533809689,-4.265643656253815e-05,0.0,0.026646235957741737,0.1632367481841688
2018,Cynoscion nebulosus_A,Spotted Seatrout (Adult),water_effort,0.0170540141919514,0.0005890329678853353,0.024270001398544155,0.03453925624489784,0.18584740042545078
2018,Cynoscion nebulosus_R,Spotted Seatrout (Recruit),water_effort,0.0006078367195225312,4.8945347468058266e-05,0.006996095158590845,0.08052384108304977,0.28376723046019564
2018,Lutjanus griseus_R,Gray Snapper (Recruit),water_effort,0.01759043661466659,0.000267786905169487,0.016364195830210752,0.015223436988890171,0.12338329298932725
2018,Lutjanus griseus_SA,Gray Snapper (Sub-adult),water_effort,-0.050288728035296625,-0.006231583654880524,0.0,0.12391611188650131,0.35201720396381386
2018,Mycteroperca microlepis_SA,Gag Grouper (Sub-adult),water_effort,-0.01830025959722228,-1.8780546573301155e-05,0.0,0.0010262447176501155,0.03203505451298804
2018,Sciaenops ocellatus_R,Red Drum (Recruit),water_effort,-0.01689371317578489,-0.0029469430446624756,0.0,0.17444021999835968,0.41766041229491657
2018,Sciaenops ocellatus_SA,Red Drum (Sub-adult),water_effort,0.05316819907792878,0.0029266588389873505,0.054098602930088224,0.05504528805613518,0.2346173225832551
2018,Archosargus probatocephalus_A,Sheepshead (Adult),bycatch,0.010897794430566668,0.00145949920018514,0.038203392521936316,0.13392610847949982,0.3659591623111789
2018,Archosargus probatocephalus_R,Sheepshead (Recruit),bycatch,-0.007465374224426584,-2.6296358555555344e-05,0.0,0.003522443352267146,0.059350175671746296
2018,Callinectes sapidus_R,Blue Crab (Recruit),bycatch,0.01675239382161092,0.0038791547218958535,0.062282860578941404,0.23155823349952698,0.481204980750955
2018,Centropomus undecimalis_A,Common Snook (Adult),bycatch,-0.005614645950753674,-0.0022048354148864746,0.0,0.39269357919692993,0.6266526782811431
2018,Centropomus undecimalis_SA,Common Snook (Sub-adult),bycatch,0.00019388692463186545,5.166356762250264e-06,0.0022729621119258157,0.026646235957741737,0.1632367481841688
2018,Cynoscion nebulosus_A,Spotted Seatrout (Adult),bycatch,-0.003936374169103465,-0.00013595943649609885,0.0,0.03453925624489784,0.18584740042545078
2018,Cynoscion nebulosus_R,Spotted Seatrout (Recruit),bycatch,-0.04075127601943612,-0.003281449278195699,0.0,0.08052384108304977,0.28376723046019564
2018,Lutjanus griseus_R,Gray Snapper (Recruit),bycatch,0.009124349989106254,0.00013890396803617477,0.011785752756450255,0.015223436988890171,0.12338329298932725
2018,Lutjanus griseus_SA,Gray Snapper (Sub-adult),bycatch,-0.04301241937214326,-0.005329931775728862,0.0,0.12391611188650131,0.35201720396381386
2018,Mycteroperca microlepis_SA,Gag Grouper (Sub-adult),bycatch,0.005885247265292486,6.039704506595929e-06,0.002457581027473139,0.0010262447176501155,0.03203505451298804
2018,Sciaenops ocellatus_R,Red Drum (Recruit),bycatch,-0.0025407284921946647,-0.00044320523738861084,0.0,0.17444021999835968,0.41766041229491657
2018,Sciaenops ocellatus_SA,Red Drum (Sub-adult),bycatch,-0.0038447880687918854,-0.0002116374671459198,0.0,0.05504528805613518,0.2346173225832551
2018,Archosargus probatocephalus_A,Sheepshead (Adult),na_indicators,-0.0016138850401111796,-0.00021614134311676025,0.0,0.13392610847949982,0.3659591623111789
2018,Archosargus probatocephalus_R,Sheepshead (Recruit),na_indicators,0.07226987511419956,0.00025456654839217663,0.015955141754060872,0.003522443352267146,0.059350175671746296
2018,Callinectes sapidus_R,Blue Crab (Recruit),na_indicators,-0.010211303024859682,-0.0023645112911860147,0.0,0.23155823349952698,0.481204980750955
2018,Centropomus undecimalis_A,Common Snook (Adult),na_indicators,-0.0034817250659805975,-0.0013672510782877605,0.0,0.39269357919692993,0.6266526782811431
2018,Centropomus undecimalis_SA,Common Snook (Sub-adult),na_indicators,-0.01603107702446492,-0.0004271678626537323,0.0,0.026646235957741737,0.1632367481841688
2018,Cynoscion nebulosus_A,Spotted Seatrout (Adult),na_indicators,-0.007629387664982575,-0.00026351337631543476,0.0,0.03453925624489784,0.18584740042545078
2018,Cynoscion nebulosus_R,Spotted Seatrout (Recruit),na_indicators,-0.0065895755180427435,-0.0005306179324785868,0.0,0.08052384108304977,0.28376723046019564
2018,Lutjanus griseus_R,Gray Snapper (Recruit),na_indicators,0.024137363337189948,0.00036745363225539524,0.019169080109786053,0.015223436988890171,0.12338329298932725
2018,Lutjanus griseus_SA,Gray Snapper (Sub-adult),na_indicators,0.01968236753449701,0.002438962459564209,0.04938585282815524,0.12391611188650131,0.35201720396381386
2018,Mycteroperca microlepis_SA,Gag Grouper (Sub-adult),na_indicators,-0.006814646094230846,-6.993495238324006e-06,0.0,0.0010262447176501155,0.03203505451298804
2018,Sciaenops ocellatus_R,Red Drum (Recruit),na_indicators,0.003594474912199909,0.0006270209948221842,0.025040387273805975,0.17444021999835968,0.41766041229491657
2018,Sciaenops ocellatus_SA,Red Drum (Sub-adult),na_indicators,-0.015412291360163142,-0.0008483740190664927,0.0,0.05504528805613518,0.2346173225832551
2018,Archosargus probatocephalus_A,Sheepshead (Adult),prey_community,0.028008462129300738,0.003751064340273539,0.0612459332549806,0.13392610847949982,0.3659591623111789
2018,Archosargus probatocephalus_R,Sheepshead (Recruit),prey_community,0.23920892077678912,0.0008425998967140913,0.029027571319593572,0.003522443352267146,0.059350175671746296
2018,Callinectes sapidus_R,Blue Crab (Recruit),prey_community,0.0053692467162282445,0.001243293285369873,0.03526036422627924,0.23155823349952698,0.481204980750955
2018,Centropomus undecimalis_A,Common Snook (Adult),prey_community,0.10090890851248835,0.03962628046671549,0.1990635086265574,0.39269357919692993,0.6266526782811431
2018,Centropomus undecimalis_SA,Common Snook (Sub-adult),prey_community,0.03133889360660643,0.0008350635568300883,0.02889746627007441,0.026646235957741737,0.1632367481841688
2018,Cynoscion nebulosus_A,Spotted Seatrout (Adult),prey_community,0.009687796881231238,0.0003346092998981476,0.01829232899053993,0.03453925624489784,0.18584740042545078
2018,Cynoscion nebulosus_R,Spotted Seatrout (Recruit),prey_community,0.3717089629494719,0.029931433498859406,0.17300703309073712,0.08052384108304977,0.28376723046019564
2018,Lutjanus griseus_R,Gray Snapper (Recruit),prey_community,0.24365767265424024,0.0037093072508772216,0.06090408238268779,0.015223436988890171,0.12338329298932725
2018,Lutjanus griseus_SA,Gray Snapper (Sub-adult),prey_community,-0.032752578241742235,-0.004058572153250377,0.0,0.12391611188650131,0.35201720396381386
2018,Mycteroperca microlepis_SA,Gag Grouper (Sub-adult),prey_community,0.03694665682738739,3.791631509860357e-05,0.006157622519983144,0.0010262447176501155,0.03203505451298804
2018,Sciaenops ocellatus_R,Red Drum (Recruit),prey_community,0.15844670701211183,0.0276394784450531,0.16625125095785925,0.17444021999835968,0.41766041229491657
2018,Sciaenops ocellatus_SA,Red Drum (Sub-adult),prey_community,0.047194546263085245,0.0025978373984495797,0.050968984671558644,0.05504528805613518,0.2346173225832551
2018,Archosargus probatocephalus_A,Sheepshead (Adult),nonprey_community,0.1322175180031022,0.017707377672195435,0.1330690710578361,0.13392610847949982,0.3659591623111789
2018,Archosargus probatocephalus_R,Sheepshead (Recruit),nonprey_community,-0.010693900814710245,-3.76686609039704e-05,0.0,0.003522443352267146,0.059350175671746296
2018,Callinectes sapidus_R,Blue Crab (Recruit),nonprey_community,0.05498593591673121,0.012732446193695068,0.11283814157320683,0.23155823349952698,0.481204980750955
2018,Centropomus undecimalis_A,Common Snook (Adult),nonprey_community,0.12059363773601012,0.04735634724299113,0.21761513560180304,0.39269357919692993,0.6266526782811431
2018,Centropomus undecimalis_SA,Common Snook (Sub-adult),nonprey_community,0.049717770958665,0.0013247914612293243,0.03639768483336989,0.026646235957741737,0.1632367481841688
2018,Cynoscion nebulosus_A,Spotted Seatrout (Adult),nonprey_community,0.07846866324814374,0.002710249274969101,0.052060054504092686,0.03453925624489784,0.18584740042545078
2018,Cynoscion nebulosus_R,Spotted Seatrout (Recruit),nonprey_community,0.2109308149470838,0.016984959443410236,0.1303263574393539,0.08052384108304977,0.28376723046019564
2018,Lutjanus griseus_R,Gray Snapper (Recruit),nonprey_community,0.11800245621123688,0.0017964029684662819,0.042383994248610904,0.015223436988890171,0.12338329298932725
2018,Lutjanus griseus_SA,Gray Snapper (Sub-adult),nonprey_community,-0.1633215463001956,-0.020238171021143597,0.0,0.12391611188650131,0.35201720396381386
2018,Mycteroperca microlepis_SA,Gag Grouper (Sub-adult),nonprey_community,0.3229404371259998,0.00033141595001022023,0.018204833149749553,0.0010262447176501155,0.03203505451298804
2018,Sciaenops ocellatus_R,Red Drum (Recruit),nonprey_community,0.031426057134636906,0.005481968323389689,0.07404031552735098,0.17444021999835968,0.41766041229491657
2018,Sciaenops ocellatus_SA,Red Drum (Sub-adult),nonprey_community,0.06303640498641123,0.003469857076803843,0.05890549275580201,0.05504528805613518,0.2346173225832551
2019,Archosargus probatocephalus_A,Sheepshead (Adult),env,0.03684583951173172,0.0054021477699279785,0.07349930455404309,0.14661486446857452,0.38290320509049613
2019,Archosargus probatocephalus_R,Sheepshead (Recruit),env,0.027142714645025896,7.517139116923015e-05,0.00867014366485528,0.0027694867458194494,0.05262591325401821
2019,Callinectes sapidus_R,Blue Crab (Recruit),env,0.001800044288649859,0.0004164675871531169,0.020407537508310914,0.23136518895626068,0.4810043544046776
2019,Centropomus undecimalis_A,Common Snook (Adult),env,0.016262845918211626,0.008103092511494955,0.09001717897987559,0.49825796484947205,0.7058739015217038
2019,Centropomus undecimalis_SA,Common Snook (Sub-adult),env,-0.0050389270572406865,-0.00010268700619538625,0.0,0.02037874422967434,0.14275413909822138
2019,Cynoscion nebulosus_A,Spotted Seatrout (Adult),env,0.18967965415431773,0.005979264775911967,0.07732570578993746,0.0315229631960392,0.17754707318353405
2019,Cynoscion nebulosus_R,Spotted Seatrout (Recruit),env,0.03009856644300138,0.002310017744700114,0.0480626439628545,0.07674843072891235,0.27703507129768307
2019,Lutjanus griseus_R,Gray Snapper (Recruit),env,0.03849385851291312,0.0005528017257650694,0.023511735915603283,0.014360777102410793,0.11983645982091924
2019,Lutjanus griseus_SA,Gray Snapper (Sub-adult),env,-0.061849539180072584,-0.005630269646644592,0.0,0.09103171527385712,0.3017146255551048
2019,Mycteroperca microlepis_SA,Gag Grouper (Sub-adult),env,-0.02333530135912934,-3.623442413906256e-05,0.0,0.001552772824652493,0.03940523854327611
2019,Sciaenops ocellatus_R,Red Drum (Recruit),env,-0.014425289372639734,-0.0023362586895624795,0.0,0.16195575892925262,0.40243727328523216
2019,Sciaenops ocellatus_SA,Red Drum (Sub-adult),env,0.0284694456827697,0.0013436538477738698,0.036655884217596905,0.04719634726643562,0.21724720312684262
2019,Archosargus probatocephalus_A,Sheepshead (Adult),restoration,0.001868723779295917,0.0002739826838175456,0.01655242229456298,0.14661486446857452,0.38290320509049613
2019,Archosargus probatocephalus_R,Sheepshead (Recruit),restoration,-0.07320290735444784,-0.00020273448899388313,0.0,0.0027694867458194494,0.05262591325401821
2019,Callinectes sapidus_R,Blue Crab (Recruit),restoration,-0.021719337907676228,-0.00502509872118632,0.0,0.23136518895626068,0.4810043544046776
2019,Centropomus undecimalis_A,Common Snook (Adult),restoration,0.04492467533927347,0.022384077310562134,0.14961309204264892,0.49825796484947205,0.7058739015217038
2019,Centropomus undecimalis_SA,Common Snook (Sub-adult),restoration,-0.024061349700413678,-0.0004903400937716166,0.0,0.02037874422967434,0.14275413909822138
2019,Cynoscion nebulosus_A,Spotted Seatrout (Adult),restoration,0.04824695581335647,0.001520887017250061,0.03899855147630564,0.0315229631960392,0.17754707318353405
2019,Cynoscion nebulosus_R,Spotted Seatrout (Recruit),restoration,-0.01858369735144554,-0.0014262696107228596,0.0,0.07674843072891235,0.27703507129768307
2019,Lutjanus griseus_R,Gray Snapper (Recruit),restoration,-0.03759163995778676,-0.0005398451661070188,0.0,0.014360777102410793,0.11983645982091924
2019,Lutjanus griseus_SA,Gray Snapper (Sub-adult),restoration,0.0061542180216733215,0.0005602290232976278,0.023669157638108455,0.09103171527385712,0.3017146255551048
2019,Mycteroperca microlepis_SA,Gag Grouper (Sub-adult),restoration,0.005637409794540144,8.75361729413271e-06,0.0029586512626757332,0.001552772824652493,0.03940523854327611
2019,Sciaenops ocellatus_R,Red Drum (Recruit),restoration,-0.01612988356576639,-0.002612327535947164,0.0,0.16195575892925262,0.40243727328523216
2019,Sciaenops ocellatus_SA,Red Drum (Sub-adult),restoration,0.003169425495643747,0.0001495853066444397,0.012230507211250059,0.04719634726643562,0.21724720312684262
2019,Archosargus probatocephalus_A,Sheepshead (Adult),habitat_structured,0.010900425709931091,0.001598164439201355,0.039977048905607764,0.14661486446857452,0.38290320509049613
2019,Archosargus probatocephalus_R,Sheepshead (Recruit),habitat_structured,-0.061385949945159925,-0.00017000758089125156,0.0,0.0027694867458194494,0.05262591325401821
2019,Callinectes sapidus_R,Blue Crab (Recruit),habitat_structured,-0.007171473826904318,-0.0016592293977737427,0.0,0.23136518895626068,0.4810043544046776
2019,Centropomus undecimalis_A,Common Snook (Adult),habitat_structured,0.04615893730764947,0.02299905816713969,0.1516544037182557,0.49825796484947205,0.7058739015217038
2019,Centropomus undecimalis_SA,Common Snook (Sub-adult),habitat_structured,0.017092939723903553,0.00034833264847596485,0.018663671891564232,0.02037874422967434,0.14275413909822138
2019,Cynoscion nebulosus_A,Spotted Seatrout (Adult),habitat_structured,0.015900050226009984,0.0005012166996796926,0.022387869476117924,0.0315229631960392,0.17754707318353405
2019,Cynoscion nebulosus_R,Spotted Seatrout (Recruit),habitat_structured,0.03786755326263635,0.0029062752922376,0.05390988121149591,0.07674843072891235,0.27703507129768307
2019,Lutjanus griseus_R,Gray Snapper (Recruit),habitat_structured,-0.08579113576240033,-0.0012320273866256077,0.0,0.014360777102410793,0.11983645982091924
2019,Lutjanus griseus_SA,Gray Snapper (Sub-adult),habitat_structured,0.002752316852257274,0.0002505481243133545,0.01582871202319868,0.09103171527385712,0.3017146255551048
2019,Mycteroperca microlepis_SA,Gag Grouper (Sub-adult),habitat_structured,-0.02695222633691448,-4.185068731506666e-05,0.0,0.001552772824652493,0.03940523854327611
2019,Sciaenops ocellatus_R,Red Drum (Recruit),habitat_structured,0.020305495285705116,0.0032885919014612832,0.05734624574862145,0.16195575892925262,0.40243727328523216
2019,Sciaenops ocellatus_SA,Red Drum (Sub-adult),habitat_structured,0.00977914394287297,0.0004615398744742076,0.021483479105447692,0.04719634726643562,0.21724720312684262
2019,Archosargus probatocephalus_A,Sheepshead (Adult),habitat_open,-0.01505515156420073,-0.0022073090076446533,0.0,0.14661486446857452,0.38290320509049613
2019,Archosargus probatocephalus_R,Sheepshead (Recruit),habitat_open,0.025726303987505795,7.124866048494975e-05,0.008440892161670457,0.0027694867458194494,0.05262591325401821
2019,Callinectes sapidus_R,Blue Crab (Recruit),habitat_open,0.012590133971687767,0.00291291872660319,0.05397146214994726,0.23136518895626068,0.4810043544046776
2019,Centropomus undecimalis_A,Common Snook (Adult),habitat_open,0.013869307592919941,0.006910492976506551,0.08312937493152797,0.49825796484947205,0.7058739015217038
2019,Centropomus undecimalis_SA,Common Snook (Sub-adult),habitat_open,0.030895125459013618,0.0006296038627624512,0.025091908312490925,0.02037874422967434,0.14275413909822138
2019,Cynoscion nebulosus_A,Spotted Seatrout (Adult),habitat_open,0.034004732409637105,0.001071929931640625,0.03274034104343791,0.0315229631960392,0.17754707318353405
2019,Cynoscion nebulosus_R,Spotted Seatrout (Recruit),habitat_open,0.04265624691073464,0.003273800015449524,0.0572171304370424,0.07674843072891235,0.27703507129768307
2019,Lutjanus griseus_R,Gray Snapper (Recruit),habitat_open,-0.1337768799599339,-0.0019211399679382641,0.0,0.014360777102410793,0.11983645982091924
2019,Lutjanus griseus_SA,Gray Snapper (Sub-adult),habitat_open,0.03142465759689477,0.0028606404860814414,0.05348495569860221,0.09103171527385712,0.3017146255551048
2019,Mycteroperca microlepis_SA,Gag Grouper (Sub-adult),habitat_open,0.04116566939236525,6.392093685766061e-05,0.007995057026542124,0.001552772824652493,0.03940523854327611
2019,Sciaenops ocellatus_R,Red Drum (Recruit),habitat_open,0.04967962796173062,0.008045901854832968,0.08969895124711864,0.16195575892925262,0.40243727328523216
2019,Sciaenops ocellatus_SA,Red Drum (Sub-adult),habitat_open,0.015335623426643881,0.0007237854103247324,0.02690326021739247,0.04719634726643562,0.21724720312684262
2019,Archosargus probatocephalus_A,Sheepshead (Adult),shoreline,-0.012920788496408453,-0.0018943796555201213,0.0,0.14661486446857452,0.38290320509049613
2019,Archosargus probatocephalus_R,Sheepshead (Recruit),shoreline,-0.1264649530420547,-0.00035024302390714485,0.0,0.0027694867458194494,0.05262591325401821
2019,Callinectes sapidus_R,Blue Crab (Recruit),shoreline,-0.0029413074900503607,-0.0006805161635080973,0.0,0.23136518895626068,0.4810043544046776
2019,Centropomus undecimalis_A,Common Snook (Adult),shoreline,0.08430761293267396,0.04200693964958191,0.2049559456312061,0.49825796484947205,0.7058739015217038
2019,Centropomus undecimalis_SA,Common Snook (Sub-adult),shoreline,0.04203149883868018,0.0008565491686264674,0.029266861270496148,0.02037874422967434,0.14275413909822138
2019,Cynoscion nebulosus_A,Spotted Seatrout (Adult),shoreline,-0.041005362625552245,-0.001292610540986061,0.0,0.0315229631960392,0.17754707318353405
2019,Cynoscion nebulosus_R,Spotted Seatrout (Recruit),shoreline,-0.012058084959857532,-0.0009254390994707743,0.0,0.07674843072891235,0.27703507129768307
2019,Lutjanus griseus_R,Gray Snapper (Recruit),shoreline,-0.09482400024710819,-0.0013617463409900665,0.0,0.014360777102410793,0.11983645982091924
2019,Lutjanus griseus_SA,Gray Snapper (Sub-adult),shoreline,0.0017163376302719686,0.0001562411586443583,0.012499646340771338,0.09103171527385712,0.3017146255551048
2019,Mycteroperca microlepis_SA,Gag Grouper (Sub-adult),shoreline,0.0639100372337394,9.923777543008327e-05,0.009961815870115411,0.001552772824652493,0.03940523854327611
2019,Sciaenops ocellatus_R,Red Drum (Recruit),shoreline,0.03427540836148366,0.00555109977722168,0.07450570298454796,0.16195575892925262,0.40243727328523216
2019,Sciaenops ocellatus_SA,Red Drum (Sub-adult),shoreline,0.003837977419439697,0.0001811385154724121,0.013458770949548554,0.04719634726643562,0.21724720312684262
2019,Archosargus probatocephalus_A,Sheepshead (Adult),water_effort,0.030230977423213862,0.004432310660680135,0.06657560109139184,0.14661486446857452,0.38290320509049613
2019,Archosargus probatocephalus_R,Sheepshead (Recruit),water_effort,-0.025712460467704926,-7.121032103896141e-05,0.0,0.0027694867458194494,0.05262591325401821
2019,Callinectes sapidus_R,Blue Crab (Recruit),water_effort,0.033815611482730865,0.007823755343755087,0.0884519945719433,0.23136518895626068,0.4810043544046776
2019,Centropomus undecimalis_A,Common Snook (Adult),water_effort,0.08965453961511204,0.044671088457107544,0.2113553606065092,0.49825796484947205,0.7058739015217038
2019,Centropomus undecimalis_SA,Common Snook (Sub-adult),water_effort,0.012850910743978696,0.0002618854244550069,0.016182874418810982,0.02037874422967434,0.14275413909822138
2019,Cynoscion nebulosus_A,Spotted Seatrout (Adult),water_effort,0.1693595071183098,0.005338713526725769,0.07306650071493617,0.0315229631960392,0.17754707318353405
2019,Cynoscion nebulosus_R,Spotted Seatrout (Recruit),water_effort,0.008168592035436335,0.0006269266208012899,0.025038502766764826,0.07674843072891235,0.27703507129768307
2019,Lutjanus griseus_R,Gray Snapper (Recruit),water_effort,-0.04047010971833892,-0.000581182229022185,0.0,0.014360777102410793,0.11983645982091924
2019,Lutjanus griseus_SA,Gray Snapper (Sub-adult),water_effort,0.08435241126745123,0.0076787446935971575,0.08762844682862499,0.09103171527385712,0.3017146255551048
2019,Mycteroperca microlepis_SA,Gag Grouper (Sub-adult),water_effort,0.04162994930832803,6.464185814062755e-05,0.008040016053505586,0.001552772824652493,0.03940523854327611
2019,Sciaenops ocellatus_R,Red Drum (Recruit),water_effort,-0.04307299135312012,-0.006975919008255005,0.0,0.16195575892925262,0.40243727328523216
2019,Sciaenops ocellatus_SA,Red Drum (Sub-adult),water_effort,0.07364069183441486,0.0034755716721216836,0.05895397927300314,0.04719634726643562,0.21724720312684262
2019,Archosargus probatocephalus_A,Sheepshead (Adult),bycatch,0.01754239039133214,0.0025719751914342246,0.05071464474325167,0.14661486446857452,0.38290320509049613
2019,Archosargus probatocephalus_R,Sheepshead (Recruit),bycatch,-0.031890453447014515,-8.832019132872422e-05,0.0,0.0027694867458194494,0.05262591325401821
2019,Callinectes sapidus_R,Blue Crab (Recruit),bycatch,0.008066944658236453,0.0018664101759592693,0.04320196958425934,0.23136518895626068,0.4810043544046776
2019,Centropomus undecimalis_A,Common Snook (Adult),bycatch,-0.024880987501877175,-0.01239715019861857,0.0,0.49825796484947205,0.7058739015217038
2019,Centropomus undecimalis_SA,Common Snook (Sub-adult),bycatch,0.010926028360329182,0.00022265873849391937,0.014921753867890979,0.02037874422967434,0.14275413909822138
2019,Cynoscion nebulosus_A,Spotted Seatrout (Adult),bycatch,0.0008707677772777514,2.7449180682500202e-05,0.005239196568415829,0.0315229631960392,0.17754707318353405
2019,Cynoscion nebulosus_R,Spotted Seatrout (Recruit),bycatch,-0.006564152339115695,-0.0005037883917490641,0.0,0.07674843072891235,0.27703507129768307
2019,Lutjanus griseus_R,Gray Snapper (Recruit),bycatch,-0.01520444494183571,-0.00021834764629602432,0.0,0.014360777102410793,0.11983645982091924
2019,Lutjanus griseus_SA,Gray Snapper (Sub-adult),bycatch,-0.04736648254300866,-0.004311852157115936,0.0,0.09103171527385712,0.3017146255551048
2019,Mycteroperca microlepis_SA,Gag Grouper (Sub-adult),bycatch,0.04023256122667367,6.247203176220258e-05,0.007903925085816704,0.001552772824652493,0.03940523854327611
2019,Sciaenops ocellatus_R,Red Drum (Recruit),bycatch,0.00979887106679297,0.001586983601252238,0.03983696275134737,0.16195575892925262,0.40243727328523216
2019,Sciaenops ocellatus_SA,Red Drum (Sub-adult),bycatch,0.004398603330193104,0.00020759801069895426,0.014408261890282057,0.04719634726643562,0.21724720312684262
2019,Archosargus probatocephalus_A,Sheepshead (Adult),na_indicators,0.017731126072522446,0.0025996466477711997,0.050986730114522934,0.14661486446857452,0.38290320509049613
2019,Archosargus probatocephalus_R,Sheepshead (Recruit),na_indicators,0.01898235204888796,5.2571374302109085e-05,0.007250611995004911,0.0027694867458194494,0.05262591325401821
2019,Callinectes sapidus_R,Blue Crab (Recruit),na_indicators,0.006097192212944928,0.0014106780290603638,0.037558993983603496,0.23136518895626068,0.4810043544046776
2019,Centropomus undecimalis_A,Common Snook (Adult),na_indicators,-0.0004220208555651276,-0.00021027525266011557,0.0,0.49825796484947205,0.7058739015217038
2019,Centropomus undecimalis_SA,Common Snook (Sub-adult),na_indicators,-0.0008388208389914116,-1.7094115416208904e-05,0.0,0.02037874422967434,0.14275413909822138
2019,Cynoscion nebulosus_A,Spotted Seatrout (Adult),na_indicators,0.002295529792770644,7.236190140247345e-05,0.008506579888678732,0.0315229631960392,0.17754707318353405
2019,Cynoscion nebulosus_R,Spotted Seatrout (Recruit),na_indicators,0.007979095870262408,0.0006123830874760946,0.02474637523913542,0.07674843072891235,0.27703507129768307
2019,Lutjanus griseus_R,Gray Snapper (Recruit),na_indicators,-0.04984863441716577,-0.0007158651327093443,0.0,0.014360777102410793,0.11983645982091924
2019,Lutjanus griseus_SA,Gray Snapper (Sub-adult),na_indicators,0.016434565070104008,0.001496066649754842,0.03867902079622547,0.09103171527385712,0.3017146255551048
2019,Mycteroperca microlepis_SA,Gag Grouper (Sub-adult),na_indicators,-0.0006493621130572042,-1.0083119074503581e-06,0.0,0.001552772824652493,0.03940523854327611
2019,Sciaenops ocellatus_R,Red Drum (Recruit),na_indicators,-0.005084493492398396,-0.0008234630028406779,0.0,0.16195575892925262,0.40243727328523216
2019,Sciaenops ocellatus_SA,Red Drum (Sub-adult),na_indicators,0.016345923518018956,0.0007714678843816122,0.027775310698201237,0.04719634726643562,0.21724720312684262
2019,Archosargus probatocephalus_A,Sheepshead (Adult),prey_community,0.11234292388186773,0.016471142570177715,0.12833994923708564,0.14661486446857452,0.38290320509049613
2019,Archosargus probatocephalus_R,Sheepshead (Recruit),prey_community,-0.11851095417023576,-0.0003282145286599795,0.0,0.0027694867458194494,0.05262591325401821
2019,Callinectes sapidus_R,Blue Crab (Recruit),prey_community,0.10378610198420092,0.024012491106987,0.15495964347851024,0.23136518895626068,0.4810043544046776
2019,Centropomus undecimalis_A,Common Snook (Adult),prey_community,0.18879728119637207,0.09406974911689758,0.3067079215098586,0.49825796484947205,0.7058739015217038
2019,Centropomus undecimalis_SA,Common Snook (Sub-adult),prey_community,0.025601736987881596,0.0005217312524716059,0.02284143718051922,0.02037874422967434,0.14275413909822138
2019,Cynoscion nebulosus_A,Spotted Seatrout (Adult),prey_community,0.11003719666027899,0.0034686985115210214,0.05889565783248389,0.0315229631960392,0.17754707318353405
2019,Cynoscion nebulosus_R,Spotted Seatrout (Recruit),prey_community,0.516933598006197,0.03967384248971939,0.19918293724543623,0.07674843072891235,0.27703507129768307
2019,Lutjanus griseus_R,Gray Snapper (Recruit),prey_community,-0.2521163023796589,-0.0036205860475699105,0.0,0.014360777102410793,0.11983645982091924
2019,Lutjanus griseus_SA,Gray Snapper (Sub-adult),prey_community,0.16280132605353528,0.014820083975791931,0.1217377672531903,0.09103171527385712,0.3017146255551048
2019,Mycteroperca microlepis_SA,Gag Grouper (Sub-adult),prey_community,0.2454781216861718,0.0003811717809488376,0.019523621102368216,0.001552772824652493,0.03940523854327611
2019,Sciaenops ocellatus_R,Red Drum (Recruit),prey_community,0.126540418049193,0.02049394945303599,0.14315707964692487,0.16195575892925262,0.40243727328523216
2019,Sciaenops ocellatus_SA,Red Drum (Sub-adult),prey_community,0.03367115326018624,0.0015891554454962413,0.0398642125909473,0.04719634726643562,0.21724720312684262
2019,Archosargus probatocephalus_A,Sheepshead (Adult),nonprey_community,0.2540840980206133,0.03725250562032064,0.19300908170425723,0.14661486446857452,0.38290320509049613
2019,Archosargus probatocephalus_R,Sheepshead (Recruit),nonprey_community,-0.1512002964077018,-0.0004187472319851319,0.0,0.0027694867458194494,0.05262591325401821
2019,Callinectes sapidus_R,Blue Crab (Recruit),nonprey_community,0.0495081951865629,0.01145447293917338,0.10702557142652115,0.23136518895626068,0.4810043544046776
2019,Centropomus undecimalis_A,Common Snook (Adult),nonprey_community,0.35182146343519255,0.17529784639676413,0.41868585645656115,0.49825796484947205,0.7058739015217038
2019,Centropomus undecimalis_SA,Common Snook (Sub-adult),nonprey_community,0.05275053356323617,0.001074989636739095,0.03278703458288192,0.02037874422967434,0.14275413909822138
2019,Cynoscion nebulosus_A,Spotted Seatrout (Adult),nonprey_community,0.3102428398215458,0.009779773652553558,0.09889273811839552,0.0315229631960392,0.17754707318353405
2019,Cynoscion nebulosus_R,Spotted Seatrout (Recruit),nonprey_community,0.41997126437853033,0.0322321355342865,0.1795331042852167,0.07674843072891235,0.27703507129768307
2019,Lutjanus griseus_R,Gray Snapper (Recruit),nonprey_community,-0.30079146468530266,-0.004319599208732446,0.0,0.014360777102410793,0.11983645982091924
2019,Lutjanus griseus_SA,Gray Snapper (Sub-adult),nonprey_community,0.30955991105893355,0.02817976971467336,0.16786831063269017,0.09103171527385712,0.3017146255551048
2019,Mycteroperca microlepis_SA,Gag Grouper (Sub-adult),nonprey_community,0.283393956621022,0.0004400464628512661,0.020977284448928706,0.001552772824652493,0.03940523854327611
2019,Sciaenops ocellatus_R,Red Drum (Recruit),nonprey_community,-0.048540696512361224,-0.007861445347468058,0.0,0.16195575892925262,0.40243727328523216
2019,Sciaenops ocellatus_SA,Red Drum (Sub-adult),nonprey_community,0.1783195052968287,0.008416029314200083,0.09173891929928149,0.04719634726643562,0.21724720312684262
2020,Archosargus probatocephalus_A,Sheepshead (Adult),env,0.007292098065792591,0.0007427707314491272,0.027253820492714912,0.1018596738576889,0.31915462374480635
2020,Archosargus probatocephalus_R,Sheepshead (Recruit),env,-0.10321757947955042,-0.0006419154815375805,0.0,0.006219051778316498,0.07886096485788452
2020,Callinectes sapidus_R,Blue Crab (Recruit),env,0.01831185808886404,0.007713447014490764,0.08782623192697478,0.4212268888950348,0.6490199449131242
2020,Centropomus undecimalis_A,Common Snook (Adult),env,0.03639534578102066,0.019852161407470703,0.14089769837534857,0.5454587936401367,0.7385518219056376
2020,Centropomus undecimalis_SA,Common Snook (Sub-adult),env,0.012351692545678397,0.00026185500125090283,0.016181934410042047,0.02119992859661579,0.14560195258517583
2020,Cynoscion nebulosus_A,Spotted Seatrout (Adult),env,0.13330338144718176,0.005766484886407852,0.07593737476636819,0.04325835406780243,0.2079864276047897
2020,Cynoscion nebulosus_R,Spotted Seatrout (Recruit),env,-0.03889046488150646,-0.003397164245446523,0.0,0.08735211193561554,0.2955539069875672
2020,Lutjanus griseus_R,Gray Snapper (Recruit),env,0.15260667126602015,0.001402115449309349,0.03744483207746229,0.009187772870063782,0.09585287095368496
2020,Lutjanus griseus_SA,Gray Snapper (Sub-adult),env,0.044457222471326135,0.0028565898537635803,0.053447075259209276,0.06425479799509048,0.2534853013393291
2020,Mycteroperca microlepis_SA,Gag Grouper (Sub-adult),env,0.037867005122230825,9.177074146767457e-05,0.009579704664950511,0.0024235013406723738,0.049229070077266075
2020,Sciaenops ocellatus_R,Red Drum (Recruit),env,-0.013316698371871669,-0.004984309275945027,0.0,0.3742901682853699,0.6117925860006559
2020,Sciaenops ocellatus_SA,Red Drum (Sub-adult),env,0.026347061946098455,0.0013879835605621338,0.03725565139092502,0.05268077179789543,0.22952292216224382
2020,Archosargus probatocephalus_A,Sheepshead (Adult),restoration,0.004207770187804406,0.00042860209941864014,0.020702707538354497,0.1018596738576889,0.31915462374480635
2020,Archosargus probatocephalus_R,Sheepshead (Recruit),restoration,-0.025193595471453598,-0.0001566802772382895,0.0,0.006219051778316498,0.07886096485788452
2020,Callinectes sapidus_R,Blue Crab (Recruit),restoration,0.012526317392677061,0.005276421705881755,0.07263898199921139,0.4212268888950348,0.6490199449131242
2020,Centropomus undecimalis_A,Common Snook (Adult),restoration,0.006746232948325082,0.0036797920862833657,0.0606612898501455,0.5454587936401367,0.7385518219056376
2020,Centropomus undecimalis_SA,Common Snook (Sub-adult),restoration,0.0023427820316421874,4.966681202252706e-05,0.007047468483258869,0.02119992859661579,0.14560195258517583
2020,Cynoscion nebulosus_A,Spotted Seatrout (Adult),restoration,0.03971557990726433,0.0017180306216080983,0.04144913294157187,0.04325835406780243,0.2079864276047897
2020,Cynoscion nebulosus_R,Spotted Seatrout (Recruit),restoration,0.03602311976967296,0.003146695593992869,0.05609541508887218,0.08735211193561554,0.2955539069875672
2020,Lutjanus griseus_R,Gray Snapper (Recruit),restoration,0.06684773163308493,0.0006141817818085352,0.024782691173650517,0.009187772870063782,0.09585287095368496
2020,Lutjanus griseus_SA,Gray Snapper (Sub-adult),restoration,0.022518978587693635,0.0014469524224599202,0.03803882782710214,0.06425479799509048,0.2534853013393291
2020,Mycteroperca microlepis_SA,Gag Grouper (Sub-adult),restoration,-0.022700405835412246,-5.501446624596914e-05,0.0,0.0024235013406723738,0.049229070077266075
2020,Sciaenops ocellatus_R,Red Drum (Recruit),restoration,-0.006937761591458806,-0.002596735954284668,0.0,0.3742901682853699,0.6117925860006559
2020,Sciaenops ocellatus_SA,Red Drum (Sub-adult),restoration,0.004923633011940924,0.0002593807876110077,0.016105303089697123,0.05268077179789543,0.22952292216224382
2020,Archosargus probatocephalus_A,Sheepshead (Adult),habitat_structured,0.013930153117482266,0.0014189208547274272,0.037668565870330496,0.1018596738576889,0.31915462374480635
2020,Archosargus probatocephalus_R,Sheepshead (Recruit),habitat_structured,-0.04772183455929851,-0.00029678456485271454,0.0,0.006219051778316498,0.07886096485788452
2020,Callinectes sapidus_R,Blue Crab (Recruit),habitat_structured,0.007633138433095575,0.003215283155441284,0.05670346687321053,0.4212268888950348,0.6490199449131242
2020,Centropomus undecimalis_A,Common Snook (Adult),habitat_structured,0.027410446038224113,0.014951268831888834,0.12227538113573326,0.5454587936401367,0.7385518219056376
2020,Centropomus undecimalis_SA,Common Snook (Sub-adult),habitat_structured,-0.002722019031013824,-5.770660936832428e-05,0.0,0.02119992859661579,0.14560195258517583
2020,Cynoscion nebulosus_A,Spotted Seatrout (Adult),habitat_structured,0.02194583174253792,0.0009493405620257059,0.030811370661262473,0.04325835406780243,0.2079864276047897
2020,Cynoscion nebulosus_R,Spotted Seatrout (Recruit),habitat_structured,-0.003216764770585266,-0.00028099119663238525,0.0,0.08735211193561554,0.2955539069875672
2020,Lutjanus griseus_R,Gray Snapper (Recruit),habitat_structured,-0.08588236894042012,-0.0007890677079558372,0.0,0.009187772870063782,0.09585287095368496
2020,Lutjanus griseus_SA,Gray Snapper (Sub-adult),habitat_structured,0.025214399290329984,0.001620146135489146,0.04025103893676716,0.06425479799509048,0.2534853013393291
2020,Mycteroperca microlepis_SA,Gag Grouper (Sub-adult),habitat_structured,-0.0613142747281317,-0.00014859523313740888,0.0,0.0024235013406723738,0.049229070077266075
2020,Sciaenops ocellatus_R,Red Drum (Recruit),habitat_structured,0.00037656644118355887,0.0001409451166788737,0.011872030857392246,0.3742901682853699,0.6117925860006559
2020,Sciaenops ocellatus_SA,Red Drum (Sub-adult),habitat_structured,0.025760108677824457,0.0013570624093214672,0.03683832799302198,0.05268077179789543,0.22952292216224382
2020,Archosargus probatocephalus_A,Sheepshead (Adult),habitat_open,0.02478470705777966,0.002524562180042267,0.05024502144533592,0.1018596738576889,0.31915462374480635
2020,Archosargus probatocephalus_R,Sheepshead (Recruit),habitat_open,-0.0278180442877551,-0.0001730018605788549,0.0,0.006219051778316498,0.07886096485788452
2020,Callinectes sapidus_R,Blue Crab (Recruit),habitat_open,0.005273985687235402,0.0022215445836385093,0.047133264088523606,0.4212268888950348,0.6490199449131242
2020,Centropomus undecimalis_A,Common Snook (Adult),habitat_open,0.007909640325731828,0.0043143828709920245,0.06568396205309196,0.5454587936401367,0.7385518219056376
2020,Centropomus undecimalis_SA,Common Snook (Sub-adult),habitat_open,0.0048883763438194415,0.00010363322993119557,0.010180040762747249,0.02119992859661579,0.14560195258517583
2020,Cynoscion nebulosus_A,Spotted Seatrout (Adult),habitat_open,0.031013173914882213,0.0013415788610776265,0.036627569685656544,0.04325835406780243,0.2079864276047897
2020,Cynoscion nebulosus_R,Spotted Seatrout (Recruit),habitat_open,0.035024103661518376,0.003059429426987966,0.05531210922562948,0.08735211193561554,0.2955539069875672
2020,Lutjanus griseus_R,Gray Snapper (Recruit),habitat_open,-0.053260742939813595,-0.0004893476143479347,0.0,0.009187772870063782,0.09585287095368496
2020,Lutjanus griseus_SA,Gray Snapper (Sub-adult),habitat_open,0.04144625314147148,0.0026631206274032593,0.05160543215014539,0.06425479799509048,0.2534853013393291
2020,Mycteroperca microlepis_SA,Gag Grouper (Sub-adult),habitat_open,0.04150582840124127,0.00010058943492670853,0.010029428444667648,0.0024235013406723738,0.049229070077266075
2020,Sciaenops ocellatus_R,Red Drum (Recruit),habitat_open,0.009918974513611473,0.0037125746409098306,0.06093090054241633,0.3742901682853699,0.6117925860006559
2020,Sciaenops ocellatus_SA,Red Drum (Sub-adult),habitat_open,0.01716109361875197,0.0009040596584479014,0.03006758484560909,0.05268077179789543,0.22952292216224382
2020,Archosargus probatocephalus_A,Sheepshead (Adult),shoreline,0.03747562847964981,0.0038172552982966104,0.06178394045621087,0.1018596738576889,0.31915462374480635
2020,Archosargus probatocephalus_R,Sheepshead (Recruit),shoreline,-0.07379660249187492,-0.0004589448993404706,0.0,0.006219051778316498,0.07886096485788452
2020,Callinectes sapidus_R,Blue Crab (Recruit),shoreline,0.05638104557052698,0.02374921242396037,0.1541077948189525,0.4212268888950348,0.6490199449131242
2020,Centropomus undecimalis_A,Common Snook (Adult),shoreline,0.05318698585452167,0.029011309146881104,0.17032706522124164,0.5454587936401367,0.7385518219056376
2020,Centropomus undecimalis_SA,Common Snook (Sub-adult),shoreline,-0.013402772680858618,-0.00028413782517115277,0.0,0.02119992859661579,0.14560195258517583
2020,Cynoscion nebulosus_A,Spotted Seatrout (Adult),shoreline,0.0042590718965616545,0.00018424044052759805,0.013573519828239029,0.04325835406780243,0.2079864276047897
2020,Cynoscion nebulosus_R,Spotted Seatrout (Recruit),shoreline,0.0718293662149392,0.0062744468450546265,0.07921140602876979,0.08735211193561554,0.2955539069875672
2020,Lutjanus griseus_R,Gray Snapper (Recruit),shoreline,0.040255693190646404,0.00036986016978820163,0.019231749004918967,0.009187772870063782,0.09585287095368496
2020,Lutjanus griseus_SA,Gray Snapper (Sub-adult),shoreline,0.03192641697874529,0.0020514254768689475,0.045292664713714376,0.06425479799509048,0.2534853013393291
2020,Mycteroperca microlepis_SA,Gag Grouper (Sub-adult),shoreline,-0.0030752008469463014,-7.452753682931264e-06,0.0,0.0024235013406723738,0.049229070077266075
2020,Sciaenops ocellatus_R,Red Drum (Recruit),shoreline,0.0037223226442536345,0.0013932287693023682,0.03732597981704389,0.3742901682853699,0.6117925860006559
2020,Sciaenops ocellatus_SA,Red Drum (Sub-adult),shoreline,0.01277564449586096,0.0006730308135350546,0.02594283742259228,0.05268077179789543,0.22952292216224382
2020,Archosargus probatocephalus_A,Sheepshead (Adult),water_effort,0.03227527334854141,0.003287548820177714,0.057337150436498965,0.1018596738576889,0.31915462374480635
2020,Archosargus probatocephalus_R,Sheepshead (Recruit),water_effort,-0.032144612303353935,-0.00019990901152292886,0.0,0.006219051778316498,0.07886096485788452
2020,Callinectes sapidus_R,Blue Crab (Recruit),water_effort,0.015669110811509575,0.006600250800450643,0.08124192760176634,0.4212268888950348,0.6490199449131242
2020,Centropomus undecimalis_A,Common Snook (Adult),water_effort,0.11974375895675467,0.0653152863184611,0.2555685550267503,0.5454587936401367,0.7385518219056376
2020,Centropomus undecimalis_SA,Common Snook (Sub-adult),water_effort,-0.002263970790209716,-4.799601932366689e-05,0.0,0.02119992859661579,0.14560195258517583
2020,Cynoscion nebulosus_A,Spotted Seatrout (Adult),water_effort,0.07981960600246606,0.0034528647859891257,0.05876108223977096,0.04325835406780243,0.2079864276047897
2020,Cynoscion nebulosus_R,Spotted Seatrout (Recruit),water_effort,0.0344626439852751,0.003010384738445282,0.054866973111748034,0.08735211193561554,0.2955539069875672
2020,Lutjanus griseus_R,Gray Snapper (Recruit),water_effort,0.04220069309649385,0.00038773038734992343,0.019690870660027286,0.009187772870063782,0.09585287095368496
2020,Lutjanus griseus_SA,Gray Snapper (Sub-adult),water_effort,0.11788589822123906,0.007574734588464101,0.08703295116485538,0.06425479799509048,0.2534853013393291
2020,Mycteroperca microlepis_SA,Gag Grouper (Sub-adult),water_effort,0.035887441449614664,8.697326605518659e-05,0.009325945853112519,0.0024235013406723738,0.049229070077266075
2020,Sciaenops ocellatus_R,Red Drum (Recruit),water_effort,-0.015675891903301337,-0.005867332220077515,0.0,0.3742901682853699,0.6117925860006559
2020,Sciaenops ocellatus_SA,Red Drum (Sub-adult),water_effort,0.044069156640506875,0.0023215971887111664,0.04818295537543506,0.05268077179789543,0.22952292216224382
2020,Archosargus probatocephalus_A,Sheepshead (Adult),bycatch,-0.013621552094947295,-0.0013874868551890056,0.0,0.1018596738576889,0.31915462374480635
2020,Archosargus probatocephalus_R,Sheepshead (Recruit),bycatch,-0.008582078164130204,-5.337238932649294e-05,0.0,0.006219051778316498,0.07886096485788452
2020,Callinectes sapidus_R,Blue Crab (Recruit),bycatch,0.0016247313483330411,0.0006843805313110352,0.026160667638862642,0.4212268888950348,0.6490199449131242
2020,Centropomus undecimalis_A,Common Snook (Adult),bycatch,0.028722430081017273,0.0156669020652771,0.12516749604141283,0.5454587936401367,0.7385518219056376
2020,Centropomus undecimalis_SA,Common Snook (Sub-adult),bycatch,0.002281982277939545,4.837786157925924e-05,0.006955419583264495,0.02119992859661579,0.14560195258517583
2020,Cynoscion nebulosus_A,Spotted Seatrout (Adult),bycatch,-0.005896993196999152,-0.00025509422024091083,0.0,0.04325835406780243,0.2079864276047897
2020,Cynoscion nebulosus_R,Spotted Seatrout (Recruit),bycatch,-0.005913579441963665,-0.0005165636539459229,0.0,0.08735211193561554,0.2955539069875672
2020,Lutjanus griseus_R,Gray Snapper (Recruit),bycatch,0.025312772904336745,0.00023256801068782806,0.01525018067721914,0.009187772870063782,0.09585287095368496
2020,Lutjanus griseus_SA,Gray Snapper (Sub-adult),bycatch,-0.022219199661590597,-0.0014276901880900066,0.0,0.06425479799509048,0.2534853013393291
2020,Mycteroperca microlepis_SA,Gag Grouper (Sub-adult),bycatch,0.014631958576403198,3.546057268977165e-05,0.005954878058346086,0.0024235013406723738,0.049229070077266075
2020,Sciaenops ocellatus_R,Red Drum (Recruit),bycatch,0.0014497330244099486,0.0005426208178202311,0.02329422284216048,0.3742901682853699,0.6117925860006559
2020,Sciaenops ocellatus_SA,Red Drum (Sub-adult),bycatch,0.0014941721506212785,7.871414224306743e-05,0.008872099088889135,0.05268077179789543,0.22952292216224382
2020,Archosargus probatocephalus_A,Sheepshead (Adult),na_indicators,0.013907282946103756,0.0014165913065274556,0.037637631521224284,0.1018596738576889,0.31915462374480635
2020,Archosargus probatocephalus_R,Sheepshead (Recruit),na_indicators,-0.019892583744562976,-0.0001237130103011926,0.0,0.006219051778316498,0.07886096485788452
2020,Callinectes sapidus_R,Blue Crab (Recruit),na_indicators,-0.0106150671284917,-0.004471351703008016,0.0,0.4212268888950348,0.6490199449131242
2020,Centropomus undecimalis_A,Common Snook (Adult),na_indicators,0.002200311504289581,0.0012001792589823406,0.03464360343530015,0.5454587936401367,0.7385518219056376
2020,Centropomus undecimalis_SA,Common Snook (Sub-adult),na_indicators,-0.00021353131225720912,-4.526848594347636e-06,0.0,0.02119992859661579,0.14560195258517583
2020,Cynoscion nebulosus_A,Spotted Seatrout (Adult),na_indicators,-0.03887869251714261,-0.0016818282504876454,0.0,0.04325835406780243,0.2079864276047897
2020,Cynoscion nebulosus_R,Spotted Seatrout (Recruit),na_indicators,0.006402795395433293,0.0005592977007230123,0.023649475696577552,0.08735211193561554,0.2955539069875672
2020,Lutjanus griseus_R,Gray Snapper (Recruit),na_indicators,0.040647774680943355,0.0003734625255068143,0.019325178537514583,0.009187772870063782,0.09585287095368496
2020,Lutjanus griseus_SA,Gray Snapper (Sub-adult),na_indicators,0.04950035742749841,0.003180635472138723,0.05639712290656965,0.06425479799509048,0.2534853013393291
2020,Mycteroperca microlepis_SA,Gag Grouper (Sub-adult),na_indicators,-0.006379725570938698,-1.5461274112264316e-05,0.0,0.0024235013406723738,0.049229070077266075
2020,Sciaenops ocellatus_R,Red Drum (Recruit),na_indicators,0.012219591632883539,0.0045736730098724365,0.0676289361876441,0.3742901682853699,0.6117925860006559
2020,Sciaenops ocellatus_SA,Red Drum (Sub-adult),na_indicators,-0.007389256310924769,-0.00038927172621091205,0.0,0.05268077179789543,0.22952292216224382
2020,Archosargus probatocephalus_A,Sheepshead (Adult),prey_community,0.0929897998610268,0.009471910695234934,0.09732374168328575,0.1018596738576889,0.31915462374480635
2020,Archosargus probatocephalus_R,Sheepshead (Recruit),prey_community,-0.000366895204036406,-2.2817403078079224e-06,0.0,0.006219051778316498,0.07886096485788452
2020,Callinectes sapidus_R,Blue Crab (Recruit),prey_community,0.05476928528184649,0.023070295651753742,0.15188908996946998,0.4212268888950348,0.6490199449131242
2020,Centropomus undecimalis_A,Common Snook (Adult),prey_community,0.16970176117970612,0.09256531794865926,0.3042454896110364,0.5454587936401367,0.7385518219056376
2020,Centropomus undecimalis_SA,Common Snook (Sub-adult),prey_community,0.07923853835276129,0.001679851363102595,0.040985989839243786,0.02119992859661579,0.14560195258517583
2020,Cynoscion nebulosus_A,Spotted Seatrout (Adult),prey_community,0.02616488782576934,0.0011318499843279521,0.033642978232135634,0.04325835406780243,0.2079864276047897
2020,Cynoscion nebulosus_R,Spotted Seatrout (Recruit),prey_community,0.08211074825373431,0.007172547280788422,0.08469089254924889,0.08735211193561554,0.2955539069875672
2020,Lutjanus griseus_R,Gray Snapper (Recruit),prey_community,-0.035390524136323064,-0.00032516010105609894,0.0,0.009187772870063782,0.09585287095368496
2020,Lutjanus griseus_SA,Gray Snapper (Sub-adult),prey_community,0.25272074653085397,0.01623852054278056,0.12743045374941014,0.06425479799509048,0.2534853013393291
2020,Mycteroperca microlepis_SA,Gag Grouper (Sub-adult),prey_community,0.07485082029821753,0.00018140107082823911,0.013468521478924073,0.0024235013406723738,0.049229070077266075
2020,Sciaenops ocellatus_R,Red Drum (Recruit),prey_community,0.034526880140994275,0.01292307178179423,0.11367968939874101,0.3742901682853699,0.6117925860006559
2020,Sciaenops ocellatus_SA,Red Drum (Sub-adult),prey_community,0.053620152810610326,0.0028247510393460593,0.05314838698724599,0.05268077179789543,0.22952292216224382
2020,Archosargus probatocephalus_A,Sheepshead (Adult),nonprey_community,0.20097826285072118,0.02047158032655716,0.14307893040751024,0.1018596738576889,0.31915462374480635
2020,Archosargus probatocephalus_R,Sheepshead (Recruit),nonprey_community,-0.012547766060330234,-7.803520808617274e-05,0.0,0.006219051778316498,0.07886096485788452
2020,Callinectes sapidus_R,Blue Crab (Recruit),nonprey_community,-0.02273067360507952,-0.0095747709274292,0.0,0.4212268888950348,0.6490199449131242
2020,Centropomus undecimalis_A,Common Snook (Adult),nonprey_community,0.09588163257006714,0.05229947964350382,0.22869079483771057,0.5454587936401367,0.7385518219056376
2020,Centropomus undecimalis_SA,Common Snook (Sub-adult),nonprey_community,0.01776339779070811,0.0003765827665726344,0.019405740557181382,0.02119992859661579,0.14560195258517583
2020,Cynoscion nebulosus_A,Spotted Seatrout (Adult),nonprey_community,0.23622457003601782,0.010218686113754908,0.10108751710154379,0.04325835406780243,0.2079864276047897
2020,Cynoscion nebulosus_R,Spotted Seatrout (Recruit),nonprey_community,-0.09527116063461083,-0.008322137097517649,0.0,0.08735211193561554,0.2955539069875672
2020,Lutjanus griseus_R,Gray Snapper (Recruit),nonprey_community,0.14246789804407553,0.0013089627027511597,0.03617958958793148,0.009187772870063782,0.09585287095368496
2020,Lutjanus griseus_SA,Gray Snapper (Sub-adult),nonprey_community,0.49896381777001286,0.032060819367567696,0.17905535280344928,0.06425479799509048,0.2534853013393291
2020,Mycteroperca microlepis_SA,Gag Grouper (Sub-adult),nonprey_community,0.27504931602338784,0.0006665824136386315,0.025818257370291888,0.0024235013406723738,0.049229070077266075
2020,Sciaenops ocellatus_R,Red Drum (Recruit),nonprey_community,0.010729569078045295,0.004015972216924031,0.06337169886411466,0.3742901682853699,0.6117925860006559
2020,Sciaenops ocellatus_SA,Red Drum (Sub-adult),nonprey_community,0.19192667085494097,0.0101108451684316,0.10055269846419637,0.05268077179789543,0.22952292216224382
2021,Archosargus probatocephalus_A,Sheepshead (Adult),env,0.008867210144578929,0.000822444756825765,0.028678297662618767,0.09275124222040176,0.304550886093608
2021,Archosargus probatocephalus_R,Sheepshead (Recruit),env,0.0214097918613782,8.523029585679372e-05,0.009232025555466889,0.00398090248927474,0.06309439348527522
2021,Callinectes sapidus_R,Blue Crab (Recruit),env,0.12940285612579097,0.049318293730417885,0.22207722469991803,0.3811221420764923,0.6173509067592695
2021,Centropomus undecimalis_A,Common Snook (Adult),env,-0.015795431077377877,-0.006463934977849324,0.0,0.4092281460762024,0.6397094231572663
2021,Centropomus undecimalis_SA,Common Snook (Sub-adult),env,0.009318573337482148,0.0003772241373856862,0.019422258812653234,0.04048088937997818,0.20119863165533253
2021,Cynoscion nebulosus_A,Spotted Seatrout (Adult),env,0.0680380249777513,0.0017663420488437016,0.0420278722854691,0.025961101055145264,0.16112448930918374
2021,Cynoscion nebulosus_R,Spotted Seatrout (Recruit),env,0.03476703322321929,0.0026333828767140708,0.051316497120458944,0.0757436752319336,0.2752156885643215
2021,Lutjanus griseus_R,Gray Snapper (Recruit),env,0.13454544234239194,0.0010195968983074029,0.0319311274199237,0.007578085642307997,0.08705220067469861
2021,Lutjanus griseus_SA,Gray Snapper (Sub-adult),env,-0.018494951164169687,-0.0014771247903505962,0.0,0.07986637949943542,0.28260640385425706
2021,Mycteroperca microlepis_SA,Gag Grouper (Sub-adult),env,-0.034846156112108985,-5.001811465869347e-05,0.0,0.0014353982405737042,0.037886649899056844
2021,Sciaenops ocellatus_R,Red Drum (Recruit),env,-0.009177586719720713,-0.0023431777954101562,0.0,0.25531524419784546,0.5052872887752525
2021,Sciaenops ocellatus_SA,Red Drum (Sub-adult),env,0.03287073187200923,0.002431688209374746,0.0493121507275311,0.07397730648517609,0.2719876954664973
2021,Archosargus probatocephalus_A,Sheepshead (Adult),restoration,-0.01856574132237063,-0.0017219955722490947,0.0,0.09275124222040176,0.304550886093608
2021,Archosargus probatocephalus_R,Sheepshead (Recruit),restoration,0.009807394985373554,3.904228409131368e-05,0.006248382518005254,0.00398090248927474,0.06309439348527522
2021,Callinectes sapidus_R,Blue Crab (Recruit),restoration,-0.00925400490323973,-0.003526906172434489,0.0,0.3811221420764923,0.6173509067592695
2021,Centropomus undecimalis_A,Common Snook (Adult),restoration,-0.018063174534442842,-0.0073919594287872314,0.0,0.4092281460762024,0.6397094231572663
2021,Centropomus undecimalis_SA,Common Snook (Sub-adult),restoration,0.002417857828612324,9.787703553835551e-05,0.009893282344012806,0.04048088937997818,0.20119863165533253
2021,Cynoscion nebulosus_A,Spotted Seatrout (Adult),restoration,-0.012975829638576459,-0.0003368668258190155,0.0,0.025961101055145264,0.16112448930918374
2021,Cynoscion nebulosus_R,Spotted Seatrout (Recruit),restoration,0.021291356852139048,0.0016126856207847595,0.040158257193070014,0.0757436752319336,0.2752156885643215
2021,Lutjanus griseus_R,Gray Snapper (Recruit),restoration,0.004743550645499959,3.594703351457914e-05,0.005995584501496009,0.007578085642307997,0.08705220067469861
2021,Lutjanus griseus_SA,Gray Snapper (Sub-adult),restoration,0.0011018254223068528,8.799880743026733e-05,0.009380767955251177,0.07986637949943542,0.28260640385425706
2021,Mycteroperca microlepis_SA,Gag Grouper (Sub-adult),restoration,-0.047953019334532145,-6.88316843782862e-05,0.0,0.0014353982405737042,0.037886649899056844
2021,Sciaenops ocellatus_R,Red Drum (Recruit),restoration,-0.03299959758830829,-0.008425300319989523,0.0,0.25531524419784546,0.5052872887752525
2021,Sciaenops ocellatus_SA,Red Drum (Sub-adult),restoration,-0.001936939483935633,-0.00014328956604003906,0.0,0.07397730648517609,0.2719876954664973
2021,Archosargus probatocephalus_A,Sheepshead (Adult),habitat_structured,0.040724743100599196,0.003777270515759786,0.061459503054936804,0.09275124222040176,0.304550886093608
2021,Archosargus probatocephalus_R,Sheepshead (Recruit),habitat_structured,0.04286313696612756,0.00017063397293289503,0.01306269393857542,0.00398090248927474,0.06309439348527522
2021,Callinectes sapidus_R,Blue Crab (Recruit),habitat_structured,0.03153407149244836,0.012018332878748575,0.10962815732624796,0.3811221420764923,0.6173509067592695
2021,Centropomus undecimalis_A,Common Snook (Adult),habitat_structured,-0.060013175609294624,-0.024559080600738525,0.0,0.4092281460762024,0.6397094231572663
2021,Centropomus undecimalis_SA,Common Snook (Sub-adult),habitat_structured,-0.006833475251066469,-0.0002766251564025879,0.0,0.04048088937997818,0.20119863165533253
2021,Cynoscion nebulosus_A,Spotted Seatrout (Adult),habitat_structured,0.009934044839343148,0.0002578987429539363,0.01605922610071657,0.025961101055145264,0.16112448930918374
2021,Cynoscion nebulosus_R,Spotted Seatrout (Recruit),habitat_structured,0.036961506693581274,0.00279960036277771,0.05291124986973668,0.0757436752319336,0.2752156885643215
2021,Lutjanus griseus_R,Gray Snapper (Recruit),habitat_structured,-0.16286424736251678,-0.001234199230869611,0.0,0.007578085642307997,0.08705220067469861
2021,Lutjanus griseus_SA,Gray Snapper (Sub-adult),habitat_structured,0.006835403635870604,0.0005459189414978027,0.023364908334889797,0.07986637949943542,0.28260640385425706
2021,Mycteroperca microlepis_SA,Gag Grouper (Sub-adult),habitat_structured,-0.03157442815000975,-4.5321881771087646e-05,0.0,0.0014353982405737042,0.037886649899056844
2021,Sciaenops ocellatus_R,Red Drum (Recruit),habitat_structured,0.03602402780688977,0.009197483460108439,0.09590351119801839,0.25531524419784546,0.5052872887752525
2021,Sciaenops ocellatus_SA,Red Drum (Sub-adult),habitat_structured,-0.004021962718281001,-0.0002975339690844218,0.0,0.07397730648517609,0.2719876954664973
2021,Archosargus probatocephalus_A,Sheepshead (Adult),habitat_open,0.038721909269205435,0.0035915051897366843,0.05992916810482759,0.09275124222040176,0.304550886093608
2021,Archosargus probatocephalus_R,Sheepshead (Recruit),habitat_open,0.03383264294241064,0.00013468445589145026,0.011605363238238183,0.00398090248927474,0.06309439348527522
2021,Callinectes sapidus_R,Blue Crab (Recruit),habitat_open,0.05815116277210584,0.02216269572575887,0.14887140667622803,0.3811221420764923,0.6173509067592695
2021,Centropomus undecimalis_A,Common Snook (Adult),habitat_open,-0.03360276896049006,-0.013751198848088583,0.0,0.4092281460762024,0.6397094231572663
2021,Centropomus undecimalis_SA,Common Snook (Sub-adult),habitat_open,0.002084386641303808,8.437782526016235e-05,0.009185740321833747,0.04048088937997818,0.20119863165533253
2021,Cynoscion nebulosus_A,Spotted Seatrout (Adult),habitat_open,0.019801771035678175,0.0005140757809082667,0.02267323931219945,0.025961101055145264,0.16112448930918374
2021,Cynoscion nebulosus_R,Spotted Seatrout (Recruit),habitat_open,-0.002290183308695511,-0.0001734669009844462,0.0,0.0757436752319336,0.2752156885643215
2021,Lutjanus griseus_R,Gray Snapper (Recruit),habitat_open,-0.09126636749899743,-0.0006916243582963943,0.0,0.007578085642307997,0.08705220067469861
2021,Lutjanus griseus_SA,Gray Snapper (Sub-adult),habitat_open,-0.008278259154597158,-0.000661154588063558,0.0,0.07986637949943542,0.28260640385425706
2021,Mycteroperca microlepis_SA,Gag Grouper (Sub-adult),habitat_open,0.3093998797316649,0.00044411207394053537,0.021073966734825585,0.0014353982405737042,0.037886649899056844
2021,Sciaenops ocellatus_R,Red Drum (Recruit),habitat_open,0.046489897562706134,0.011869579553604126,0.10894760003599954,0.25531524419784546,0.5052872887752525
2021,Sciaenops ocellatus_SA,Red Drum (Sub-adult),habitat_open,0.017848070143467062,0.0013203521569569905,0.03633665032659161,0.07397730648517609,0.2719876954664973
2021,Archosargus probatocephalus_A,Sheepshead (Adult),shoreline,-0.014171550833161309,-0.001314428945382436,0.0,0.09275124222040176,0.304550886093608
2021,Archosargus probatocephalus_R,Sheepshead (Recruit),shoreline,0.2745178475753895,0.0010928288102149963,0.03305796137415307,0.00398090248927474,0.06309439348527522
2021,Callinectes sapidus_R,Blue Crab (Recruit),shoreline,0.06393692939007341,0.02436777949333191,0.15610182411916879,0.3811221420764923,0.6173509067592695
2021,Centropomus undecimalis_A,Common Snook (Adult),shoreline,-0.024959476138316516,-0.010214120149612427,0.0,0.4092281460762024,0.6397094231572663
2021,Centropomus undecimalis_SA,Common Snook (Sub-adult),shoreline,-0.0030915794445498593,-0.00012514988581339517,0.0,0.04048088937997818,0.20119863165533253
2021,Cynoscion nebulosus_A,Spotted Seatrout (Adult),shoreline,0.030090870535713198,0.0007811921338240305,0.027949814557954235,0.025961101055145264,0.16112448930918374
2021,Cynoscion nebulosus_R,Spotted Seatrout (Recruit),shoreline,-0.013734574926572388,-0.0010403071840604146,0.0,0.0757436752319336,0.2752156885643215
2021,Lutjanus griseus_R,Gray Snapper (Recruit),shoreline,-0.034857263596834935,-0.00026415133227904636,0.0,0.007578085642307997,0.08705220067469861
2021,Lutjanus griseus_SA,Gray Snapper (Sub-adult),shoreline,-0.028953010512887806,-0.0023123721281687417,0.0,0.07986637949943542,0.28260640385425706
2021,Mycteroperca microlepis_SA,Gag Grouper (Sub-adult),shoreline,0.023918588503511043,3.4332702246805034e-05,0.005859411424947478,0.0014353982405737042,0.037886649899056844
2021,Sciaenops ocellatus_R,Red Drum (Recruit),shoreline,-0.008320164517216283,-0.0021242648363113403,0.0,0.25531524419784546,0.5052872887752525
2021,Sciaenops ocellatus_SA,Red Drum (Sub-adult),shoreline,-0.01862780108588749,-0.0013780345519383748,0.0,0.07397730648517609,0.2719876954664973
2021,Archosargus probatocephalus_A,Sheepshead (Adult),water_effort,0.04341513648656627,0.0040268078446388245,0.06345713391446879,0.09275124222040176,0.304550886093608
2021,Archosargus probatocephalus_R,Sheepshead (Recruit),water_effort,0.04866004636494383,0.00019371090456843376,0.01391800648686563,0.00398090248927474,0.06309439348527522
2021,Callinectes sapidus_R,Blue Crab (Recruit),water_effort,0.01571468335671299,0.005989213784535726,0.0773900108834191,0.3811221420764923,0.6173509067592695
2021,Centropomus undecimalis_A,Common Snook (Adult),water_effort,-0.04501275832175252,-0.018420487642288208,0.0,0.4092281460762024,0.6397094231572663
2021,Centropomus undecimalis_SA,Common Snook (Sub-adult),water_effort,0.005252961089086523,0.00021264453728993735,0.014582336482537267,0.04048088937997818,0.20119863165533253
2021,Cynoscion nebulosus_A,Spotted Seatrout (Adult),water_effort,0.06182746223309891,0.0016051090011994045,0.04006381161596341,0.025961101055145264,0.16112448930918374
2021,Cynoscion nebulosus_R,Spotted Seatrout (Recruit),water_effort,0.0021200762030859316,0.00016058236360549927,0.012672109674616112,0.0757436752319336,0.2752156885643215
2021,Lutjanus griseus_R,Gray Snapper (Recruit),water_effort,0.03968172130987204,0.0003007114864885807,0.017341034758300344,0.007578085642307997,0.08705220067469861
2021,Lutjanus griseus_SA,Gray Snapper (Sub-adult),water_effort,0.01874036098644964,0.001496724784374237,0.03868752750401914,0.07986637949943542,0.28260640385425706
2021,Mycteroperca microlepis_SA,Gag Grouper (Sub-adult),water_effort,-0.11945417503398248,-0.00017146432461837927,0.0,0.0014353982405737042,0.037886649899056844
2021,Sciaenops ocellatus_R,Red Drum (Recruit),water_effort,0.010787065058231632,0.0027541021505991616,0.052479540304762214,0.25531524419784546,0.5052872887752525
2021,Sciaenops ocellatus_SA,Red Drum (Sub-adult),water_effort,0.05445295652875556,0.004028283059597015,0.06346875656255616,0.07397730648517609,0.2719876954664973
2021,Archosargus probatocephalus_A,Sheepshead (Adult),bycatch,0.019724749629859758,0.0018294950326283772,0.042772596748717244,0.09275124222040176,0.304550886093608
2021,Archosargus probatocephalus_R,Sheepshead (Recruit),bycatch,-0.0037255764108069787,-1.4831156780322393e-05,0.0,0.00398090248927474,0.06309439348527522
2021,Callinectes sapidus_R,Blue Crab (Recruit),bycatch,0.00904425649477743,0.0034469664096832275,0.05871087130747787,0.3811221420764923,0.6173509067592695
2021,Centropomus undecimalis_A,Common Snook (Adult),bycatch,0.006144157870613481,0.002514362335205078,0.050143417665782196,0.4092281460762024,0.6397094231572663
2021,Centropomus undecimalis_SA,Common Snook (Sub-adult),bycatch,-0.002658781635540949,-0.0001076298455397288,0.0,0.04048088937997818,0.20119863165533253
2021,Cynoscion nebulosus_A,Spotted Seatrout (Adult),bycatch,-0.004978896637577644,-0.00012925763924916586,0.0,0.025961101055145264,0.16112448930918374
2021,Cynoscion nebulosus_R,Spotted Seatrout (Recruit),bycatch,-0.011165000205598692,-0.0008456781506538391,0.0,0.0757436752319336,0.2752156885643215
2021,Lutjanus griseus_R,Gray Snapper (Recruit),bycatch,0.029698936212695187,0.00022506108507514,0.015002036030990594,0.007578085642307997,0.08705220067469861
2021,Lutjanus griseus_SA,Gray Snapper (Sub-adult),bycatch,0.019924342104456396,0.0015912850697835286,0.03989091462706174,0.07986637949943542,0.28260640385425706
2021,Mycteroperca microlepis_SA,Gag Grouper (Sub-adult),bycatch,0.020470028647772764,2.9382645152509212e-05,0.005420576090463929,0.0014353982405737042,0.037886649899056844
2021,Sciaenops ocellatus_R,Red Drum (Recruit),bycatch,-0.004012626183825794,-0.001024484634399414,0.0,0.25531524419784546,0.5052872887752525
2021,Sciaenops ocellatus_SA,Red Drum (Sub-adult),bycatch,0.004993957464509307,0.0003694395224253337,0.01922080961940297,0.07397730648517609,0.2719876954664973
2021,Archosargus probatocephalus_A,Sheepshead (Adult),na_indicators,0.009489703505616407,0.0008801817893981934,0.029667857849837984,0.09275124222040176,0.304550886093608
2021,Archosargus probatocephalus_R,Sheepshead (Recruit),na_indicators,0.060392479110816716,0.00024041657646497092,0.015505372503263858,0.00398090248927474,0.06309439348527522
2021,Callinectes sapidus_R,Blue Crab (Recruit),na_indicators,0.004614777771171397,0.0017587939898173015,0.041937977893757604,0.3811221420764923,0.6173509067592695
2021,Centropomus undecimalis_A,Common Snook (Adult),na_indicators,-0.02000601831018988,-0.008187025785446167,0.0,0.4092281460762024,0.6397094231572663
2021,Centropomus undecimalis_SA,Common Snook (Sub-adult),na_indicators,0.011964716749384876,0.00048434237639109295,0.022007779906003534,0.04048088937997818,0.20119863165533253
2021,Cynoscion nebulosus_A,Spotted Seatrout (Adult),na_indicators,-0.0010942456517106377,-2.8407822052637737e-05,0.0,0.025961101055145264,0.16112448930918374
2021,Cynoscion nebulosus_R,Spotted Seatrout (Recruit),na_indicators,0.00593279679955724,0.0004493718345959981,0.021198392264414726,0.0757436752319336,0.2752156885643215
2021,Lutjanus griseus_R,Gray Snapper (Recruit),na_indicators,-0.040377604021899126,-0.00030598494534691173,0.0,0.007578085642307997,0.08705220067469861
2021,Lutjanus griseus_SA,Gray Snapper (Sub-adult),na_indicators,0.05005850399715691,0.003997991482416789,0.06322967248386464,0.07986637949943542,0.28260640385425706
2021,Mycteroperca microlepis_SA,Gag Grouper (Sub-adult),na_indicators,0.13606393722026416,0.00019530594969789186,0.013975190506676173,0.0014353982405737042,0.037886649899056844
2021,Sciaenops ocellatus_R,Red Drum (Recruit),na_indicators,-0.0005001191786304869,-0.00012768805027008057,0.0,0.25531524419784546,0.5052872887752525
2021,Sciaenops ocellatus_SA,Red Drum (Sub-adult),na_indicators,-0.0144191474276771,-0.0010666896899541218,0.0,0.07397730648517609,0.2719876954664973
2021,Archosargus probatocephalus_A,Sheepshead (Adult),prey_community,0.08247381016568948,0.007649548351764679,0.08746169648345885,0.09275124222040176,0.304550886093608
2021,Archosargus probatocephalus_R,Sheepshead (Recruit),prey_community,0.6919686668602419,0.0027546598576009274,0.052484853601786174,0.00398090248927474,0.06309439348527522
2021,Callinectes sapidus_R,Blue Crab (Recruit),prey_community,0.15865114696312652,0.06046546498934428,0.24589726511155888,0.3811221420764923,0.6173509067592695
2021,Centropomus undecimalis_A,Common Snook (Adult),prey_community,0.003247224721372849,0.0013288557529449463,0.03645347381176376,0.4092281460762024,0.6397094231572663
2021,Centropomus undecimalis_SA,Common Snook (Sub-adult),prey_community,0.01450941694388081,0.0005873541037241617,0.02423538948983824,0.04048088937997818,0.20119863165533253
2021,Cynoscion nebulosus_A,Spotted Seatrout (Adult),prey_community,0.018971795490436972,0.000492528701821963,0.022192987672279795,0.025961101055145264,0.16112448930918374
2021,Cynoscion nebulosus_R,Spotted Seatrout (Recruit),prey_community,0.3350608971146014,0.025378743807474773,0.15930707394047125,0.0757436752319336,0.2752156885643215
2021,Lutjanus griseus_R,Gray Snapper (Recruit),prey_community,0.031710449774083875,0.00024030450731515884,0.01550175820077061,0.007578085642307997,0.08705220067469861
2021,Lutjanus griseus_SA,Gray Snapper (Sub-adult),prey_community,0.1701095871514737,0.01358603686094284,0.11655915605795557,0.07986637949943542,0.28260640385425706
2021,Mycteroperca microlepis_SA,Gag Grouper (Sub-adult),prey_community,-0.04538888929081059,-6.515113636851311e-05,0.0,0.0014353982405737042,0.037886649899056844
2021,Sciaenops ocellatus_R,Red Drum (Recruit),prey_community,0.2675244039291042,0.06830305854479472,0.261348538440135,0.25531524419784546,0.5052872887752525
2021,Sciaenops ocellatus_SA,Red Drum (Sub-adult),prey_community,0.0554122612596461,0.004099249839782715,0.06402538433920342,0.07397730648517609,0.2719876954664973
2021,Archosargus probatocephalus_A,Sheepshead (Adult),nonprey_community,0.18394708272489915,0.01706132044394811,0.13061898959932322,0.09275124222040176,0.304550886093608
2021,Archosargus probatocephalus_R,Sheepshead (Recruit),nonprey_community,0.30507011637450604,0.0012144544161856174,0.03484902317405206,0.00398090248927474,0.06309439348527522
2021,Callinectes sapidus_R,Blue Crab (Recruit),nonprey_community,0.011186390638266574,0.004263381163279216,0.06529457223444546,0.3811221420764923,0.6173509067592695
2021,Centropomus undecimalis_A,Common Snook (Adult),nonprey_community,0.03471328791754706,0.014205654462178549,0.11918747611296478,0.4092281460762024,0.6397094231572663
2021,Centropomus undecimalis_SA,Common Snook (Sub-adult),nonprey_community,-0.004210737093134526,-0.00017045438289642334,0.0,0.04048088937997818,0.20119863165533253
2021,Cynoscion nebulosus_A,Spotted Seatrout (Adult),nonprey_community,0.1794246701311553,0.004658062011003494,0.06824999641760793,0.025961101055145264,0.16112448930918374
2021,Cynoscion nebulosus_R,Spotted Seatrout (Recruit),nonprey_community,0.06536765553612561,0.00495118647813797,0.07036466782510929,0.0757436752319336,0.2752156885643215
2021,Lutjanus griseus_R,Gray Snapper (Recruit),nonprey_community,-0.0449467845747551,-0.0003406105873485406,0.0,0.007578085642307997,0.08705220067469861
2021,Lutjanus griseus_SA,Gray Snapper (Sub-adult),nonprey_community,0.31948338144932786,0.025515981018543243,0.15973722489934286,0.07986637949943542,0.28260640385425706
2021,Mycteroperca microlepis_SA,Gag Grouper (Sub-adult),nonprey_community,0.5366808501747132,0.0007703508017584682,0.02775519414016894,0.0014353982405737042,0.037886649899056844
2021,Sciaenops ocellatus_R,Red Drum (Recruit),nonprey_community,0.05857551768124148,0.014955222606658936,0.12229154756833743,0.25531524419784546,0.5052872887752525
2021,Sciaenops ocellatus_SA,Red Drum (Sub-adult),nonprey_community,0.11259306751398385,0.008329331874847412,0.09126517339515337,0.07397730648517609,0.2719876954664973
2022,Archosargus probatocephalus_A,Sheepshead (Adult),env,0.01582580729115126,0.0016655102372169495,0.04081066327832653,0.10524014383554459,0.3244073732755539
2022,Archosargus probatocephalus_R,Sheepshead (Recruit),env,-0.02903262033574498,-0.00012596758703390756,0.0,0.0043388293124735355,0.06586979059078248
2022,Callinectes sapidus_R,Blue Crab (Recruit),env,0.27040232727420627,0.06724127630392711,0.2593092291144438,0.24867121875286102,0.49866944838526156
2022,Centropomus undecimalis_A,Common Snook (Adult),env,0.013363787260443715,0.003636687994003296,0.060304958287053775,0.2721300423145294,0.5216608498962994
2022,Centropomus undecimalis_SA,Common Snook (Sub-adult),env,0.05132438035973567,0.00029071435953179997,0.01705034778330929,0.005664254538714886,0.07526124194241605
2022,Cynoscion nebulosus_A,Spotted Seatrout (Adult),env,-0.008771186706198569,-0.00014657837649186453,0.0,0.01671135053038597,0.12927238889409437
2022,Cynoscion nebulosus_R,Spotted Seatrout (Recruit),env,0.0695254187858728,0.006348895529905955,0.07967995688945843,0.09131761640310287,0.30218804808116234
2022,Lutjanus griseus_R,Gray Snapper (Recruit),env,0.0697999340798017,0.000297774871190389,0.017256154588737,0.004266119562089443,0.06531553844292676
2022,Lutjanus griseus_SA,Gray Snapper (Sub-adult),env,0.015885415295037824,0.0006363478799661001,0.02522593665190849,0.040058623999357224,0.20014650633812528
2022,Mycteroperca microlepis_SA,Gag Grouper (Sub-adult),env,-0.05954958390619481,-5.043055474137267e-05,0.0,0.0008468665182590485,0.029100971087904413
2022,Sciaenops ocellatus_R,Red Drum (Recruit),env,0.023680631992145842,0.0012649546066919963,0.03556620034094163,0.05341726541519165,0.23112175452603256
2022,Sciaenops ocellatus_SA,Red Drum (Sub-adult),env,0.014228804493348268,0.0010011345148086548,0.03164070977093679,0.07035970687866211,0.2652540421532952
2022,Archosargus probatocephalus_A,Sheepshead (Adult),restoration,0.05035922000589707,0.005299811561902364,0.07279980468313335,0.10524014383554459,0.3244073732755539
2022,Archosargus probatocephalus_R,Sheepshead (Recruit),restoration,0.045073470409977924,0.0001955660991370678,0.013984494954665605,0.0043388293124735355,0.06586979059078248
2022,Callinectes sapidus_R,Blue Crab (Recruit),restoration,0.03887575871373549,0.009667282303174337,0.09832233878002668,0.24867121875286102,0.49866944838526156
2022,Centropomus undecimalis_A,Common Snook (Adult),restoration,-0.028271991596965102,-0.007693658272425334,0.0,0.2721300423145294,0.5216608498962994
2022,Centropomus undecimalis_SA,Common Snook (Sub-adult),restoration,-0.04896003337028254,-0.00027732209612925846,0.0,0.005664254538714886,0.07526124194241605
2022,Cynoscion nebulosus_A,Spotted Seatrout (Adult),restoration,-0.05834109244963739,-0.0009749584520856539,0.0,0.01671135053038597,0.12927238889409437
2022,Cynoscion nebulosus_R,Spotted Seatrout (Recruit),restoration,-0.005781666556036401,-0.0005279680093129476,0.0,0.09131761640310287,0.30218804808116234
2022,Lutjanus griseus_R,Gray Snapper (Recruit),restoration,-0.07546699451172388,-0.0003219512291252613,0.0,0.004266119562089443,0.06531553844292676
2022,Lutjanus griseus_SA,Gray Snapper (Sub-adult),restoration,0.0033325723080536458,0.00013349826137224832,0.011554144770265272,0.040058623999357224,0.20014650633812528
2022,Mycteroperca microlepis_SA,Gag Grouper (Sub-adult),restoration,0.08769750074072441,7.426808588206768e-05,0.008617893355227117,0.0008468665182590485,0.029100971087904413
2022,Sciaenops ocellatus_R,Red Drum (Recruit),restoration,-0.028700570024368002,-0.0015331059694290161,0.0,0.05341726541519165,0.23112175452603256
2022,Sciaenops ocellatus_SA,Red Drum (Sub-adult),restoration,-0.000394450373876031,-2.775341272354126e-05,0.0,0.07035970687866211,0.2652540421532952
2022,Archosargus probatocephalus_A,Sheepshead (Adult),habitat_structured,-0.0005031235305787974,-5.294879277547201e-05,0.0,0.10524014383554459,0.3244073732755539
2022,Archosargus probatocephalus_R,Sheepshead (Recruit),habitat_structured,0.04005220155682898,0.0001737796701490879,0.013182551731326068,0.0043388293124735355,0.06586979059078248
2022,Callinectes sapidus_R,Blue Crab (Recruit),habitat_structured,0.1079170077607331,0.026835853854815166,0.16381652497478746,0.24867121875286102,0.49866944838526156
2022,Centropomus undecimalis_A,Common Snook (Adult),habitat_structured,0.03160237934054519,0.008599956830342611,0.09273595219947123,0.2721300423145294,0.5216608498962994
2022,Centropomus undecimalis_SA,Common Snook (Sub-adult),habitat_structured,-0.026198600084306346,-0.00014839554205536842,0.0,0.005664254538714886,0.07526124194241605
2022,Cynoscion nebulosus_A,Spotted Seatrout (Adult),habitat_structured,-0.022355768364644698,-0.00037359508375326794,0.0,0.01671135053038597,0.12927238889409437
2022,Cynoscion nebulosus_R,Spotted Seatrout (Recruit),habitat_structured,0.01949268639672812,0.0017800256609916687,0.042190350330278945,0.09131761640310287,0.30218804808116234
2022,Lutjanus griseus_R,Gray Snapper (Recruit),habitat_structured,-0.04385683691700001,-0.00018709851428866386,0.0,0.004266119562089443,0.06531553844292676
2022,Lutjanus griseus_SA,Gray Snapper (Sub-adult),habitat_structured,0.049975162203572454,0.0020019362370173135,0.04474300210108072,0.040058623999357224,0.20014650633812528
2022,Mycteroperca microlepis_SA,Gag Grouper (Sub-adult),habitat_structured,-0.038324452172413044,-3.2455699207882084e-05,0.0,0.0008468665182590485,0.029100971087904413
2022,Sciaenops ocellatus_R,Red Drum (Recruit),habitat_structured,0.028210162267135765,0.001506909728050232,0.03881893517409039,0.05341726541519165,0.23112175452603256
2022,Sciaenops ocellatus_SA,Red Drum (Sub-adult),habitat_structured,-8.471417425523023e-07,-5.960464477539063e-08,0.0,0.07035970687866211,0.2652540421532952
2022,Archosargus probatocephalus_A,Sheepshead (Adult),habitat_open,-0.03127800052338491,-0.0032917012770970664,0.0,0.10524014383554459,0.3244073732755539
2022,Archosargus probatocephalus_R,Sheepshead (Recruit),habitat_open,0.06905952916199092,0.00029963751633961994,0.01731004091097476,0.0043388293124735355,0.06586979059078248
2022,Callinectes sapidus_R,Blue Crab (Recruit),habitat_open,0.08552848284403558,0.02126847207546234,0.1458371423042235,0.24867121875286102,0.49866944838526156
2022,Centropomus undecimalis_A,Common Snook (Adult),habitat_open,0.005251207884669151,0.0014290114243825276,0.03780226745028038,0.2721300423145294,0.5216608498962994
2022,Centropomus undecimalis_SA,Common Snook (Sub-adult),habitat_open,-0.010324352638735218,-5.847976232568423e-05,0.0,0.005664254538714886,0.07526124194241605
2022,Cynoscion nebulosus_A,Spotted Seatrout (Adult),habitat_open,-0.006170790533895233,-0.00010312224427858989,0.0,0.01671135053038597,0.12927238889409437
2022,Cynoscion nebulosus_R,Spotted Seatrout (Recruit),habitat_open,0.04627345791751556,0.004225581884384155,0.06500447587962044,0.09131761640310287,0.30218804808116234
2022,Lutjanus griseus_R,Gray Snapper (Recruit),habitat_open,-0.11013984979780585,-0.0004698697788019975,0.0,0.004266119562089443,0.06531553844292676
2022,Lutjanus griseus_SA,Gray Snapper (Sub-adult),habitat_open,0.05732977888452881,0.002296552062034607,0.04792235451263436,0.040058623999357224,0.20014650633812528
2022,Mycteroperca microlepis_SA,Gag Grouper (Sub-adult),habitat_open,0.031043316258318663,2.6289548259228468e-05,0.0051273334452938074,0.0008468665182590485,0.029100971087904413
2022,Sciaenops ocellatus_R,Red Drum (Recruit),habitat_open,0.012537477952813292,0.0006697177886962891,0.02587890625,0.05341726541519165,0.23112175452603256
2022,Sciaenops ocellatus_SA,Red Drum (Sub-adult),habitat_open,0.037047061495017686,0.0026066203912099204,0.05105507213989537,0.07035970687866211,0.2652540421532952
2022,Archosargus probatocephalus_A,Sheepshead (Adult),shoreline,0.05130224624442706,0.005399055778980255,0.07347826739234027,0.10524014383554459,0.3244073732755539
2022,Archosargus probatocephalus_R,Sheepshead (Recruit),shoreline,0.07819446209474978,0.0003392724320292473,0.018419349392126947,0.0043388293124735355,0.06586979059078248
2022,Callinectes sapidus_R,Blue Crab (Recruit),shoreline,0.09693996669847867,0.02410617967446645,0.15526164907814952,0.24867121875286102,0.49866944838526156
2022,Centropomus undecimalis_A,Common Snook (Adult),shoreline,0.027349802262437148,0.007442702849706014,0.08627110089541001,0.2721300423145294,0.5216608498962994
2022,Centropomus undecimalis_SA,Common Snook (Sub-adult),shoreline,-0.04063071068699612,-0.00023014269148310026,0.0,0.005664254538714886,0.07526124194241605
2022,Cynoscion nebulosus_A,Spotted Seatrout (Adult),shoreline,0.01812538289555617,0.00030289962887763977,0.017404011861569153,0.01671135053038597,0.12927238889409437
2022,Cynoscion nebulosus_R,Spotted Seatrout (Recruit),shoreline,0.0042851747397254945,0.0003913119435310364,0.019781606191890393,0.09131761640310287,0.30218804808116234
2022,Lutjanus griseus_R,Gray Snapper (Recruit),shoreline,0.02442539248688907,0.00010420164714256923,0.010207920804089794,0.004266119562089443,0.06531553844292676
2022,Lutjanus griseus_SA,Gray Snapper (Sub-adult),shoreline,0.05044829466134565,0.002020889272292455,0.04495430204432558,0.040058623999357224,0.20014650633812528
2022,Mycteroperca microlepis_SA,Gag Grouper (Sub-adult),shoreline,0.016338354776941327,1.3836407257864872e-05,0.0037197321486721153,0.0008468665182590485,0.029100971087904413
2022,Sciaenops ocellatus_R,Red Drum (Recruit),shoreline,-0.029941955341203367,-0.001599417378505071,0.0,0.05341726541519165,0.23112175452603256
2022,Sciaenops ocellatus_SA,Red Drum (Sub-adult),shoreline,0.05346901006711669,0.0037620638807614646,0.06133566565026799,0.07035970687866211,0.2652540421532952
2022,Archosargus probatocephalus_A,Sheepshead (Adult),water_effort,0.07865399533612444,0.008277557790279388,0.0909810847939251,0.10524014383554459,0.3244073732755539
2022,Archosargus probatocephalus_R,Sheepshead (Recruit),water_effort,-0.002689364952731385,-1.1668695757786432e-05,0.0,0.0043388293124735355,0.06586979059078248
2022,Callinectes sapidus_R,Blue Crab (Recruit),water_effort,0.0636457492093519,0.015826866030693054,0.12580487284160757,0.24867121875286102,0.49866944838526156
2022,Centropomus undecimalis_A,Common Snook (Adult),water_effort,0.17852558995833948,0.04858217636744181,0.2204136483238772,0.2721300423145294,0.5216608498962994
2022,Centropomus undecimalis_SA,Common Snook (Sub-adult),water_effort,-0.038618690558579846,-0.00021874609713753065,0.0,0.005664254538714886,0.07526124194241605
2022,Cynoscion nebulosus_A,Spotted Seatrout (Adult),water_effort,0.028610005195963784,0.0004781118283669154,0.021865768414737117,0.01671135053038597,0.12927238889409437
2022,Cynoscion nebulosus_R,Spotted Seatrout (Recruit),water_effort,0.043799711390882075,0.003999685247739156,0.0632430648193077,0.09131761640310287,0.30218804808116234
2022,Lutjanus griseus_R,Gray Snapper (Recruit),water_effort,0.011365411493175383,4.8486205438772835e-05,0.0069632036763815,0.004266119562089443,0.06531553844292676
2022,Lutjanus griseus_SA,Gray Snapper (Sub-adult),water_effort,0.022209171733365115,0.000889668862024943,0.029827317378955536,0.040058623999357224,0.20014650633812528
2022,Mycteroperca microlepis_SA,Gag Grouper (Sub-adult),water_effort,0.08101353981223697,6.860766249398391e-05,0.008282974254093991,0.0008468665182590485,0.029100971087904413
2022,Sciaenops ocellatus_R,Red Drum (Recruit),water_effort,-0.006193908554974593,-0.0003308616578578949,0.0,0.05341726541519165,0.23112175452603256
2022,Sciaenops ocellatus_SA,Red Drum (Sub-adult),water_effort,0.11067970402079756,0.007787391543388367,0.08824619846423055,0.07035970687866211,0.2652540421532952
2022,Archosargus probatocephalus_A,Sheepshead (Adult),bycatch,-0.0009680172244062977,-0.00010187427202860515,0.0,0.10524014383554459,0.3244073732755539
2022,Archosargus probatocephalus_R,Sheepshead (Recruit),bycatch,0.018985789662445723,8.237610260645549e-05,0.009076128172654654,0.0043388293124735355,0.06586979059078248
2022,Callinectes sapidus_R,Blue Crab (Recruit),bycatch,0.05225320106833386,0.0129938671986262,0.11399064522418582,0.24867121875286102,0.49866944838526156
2022,Centropomus undecimalis_A,Common Snook (Adult),bycatch,0.0154443897907826,0.004202882448832194,0.06482964174536363,0.2721300423145294,0.5216608498962994
2022,Centropomus undecimalis_SA,Common Snook (Sub-adult),bycatch,0.0038243783209599117,2.1662252644697826e-05,0.0046542725150873826,0.005664254538714886,0.07526124194241605
2022,Cynoscion nebulosus_A,Spotted Seatrout (Adult),bycatch,0.0029551358195887348,4.9384310841560364e-05,0.0070273971597996625,0.01671135053038597,0.12927238889409437
2022,Cynoscion nebulosus_R,Spotted Seatrout (Recruit),bycatch,-0.011273499158662074,-0.001029469072818756,0.0,0.09131761640310287,0.30218804808116234
2022,Lutjanus griseus_R,Gray Snapper (Recruit),bycatch,0.02366855948605819,0.00010097290699680646,0.010048527603425611,0.004266119562089443,0.06531553844292676
2022,Lutjanus griseus_SA,Gray Snapper (Sub-adult),bycatch,0.01559647684002217,0.0006247734030087789,0.024995467649331526,0.040058623999357224,0.20014650633812528
2022,Mycteroperca microlepis_SA,Gag Grouper (Sub-adult),bycatch,0.009395499647903009,7.956735013673702e-06,0.002820768514726741,0.0008468665182590485,0.029100971087904413
2022,Sciaenops ocellatus_R,Red Drum (Recruit),bycatch,-0.008783659492910713,-0.0004691990713278453,0.0,0.05341726541519165,0.23112175452603256
2022,Sciaenops ocellatus_SA,Red Drum (Sub-adult),bycatch,-0.007847532829708154,-0.0005521501104036967,0.0,0.07035970687866211,0.2652540421532952
2022,Archosargus probatocephalus_A,Sheepshead (Adult),na_indicators,0.016186347689846517,0.0017034535606702168,0.04127291558237941,0.10524014383554459,0.3244073732755539
2022,Archosargus probatocephalus_R,Sheepshead (Recruit),na_indicators,0.0012123338811860483,5.260109901428223e-06,0.0022934929477607343,0.0043388293124735355,0.06586979059078248
2022,Callinectes sapidus_R,Blue Crab (Recruit),na_indicators,0.008676351881110765,0.0021575589974721274,0.046449531725003726,0.24867121875286102,0.49866944838526156
2022,Centropomus undecimalis_A,Common Snook (Adult),na_indicators,-0.007799402972444844,-0.0021224518616994223,0.0,0.2721300423145294,0.5216608498962994
2022,Centropomus undecimalis_SA,Common Snook (Sub-adult),na_indicators,0.022305301948809007,0.0001263429100314776,0.011240236208882695,0.005664254538714886,0.07526124194241605
2022,Cynoscion nebulosus_A,Spotted Seatrout (Adult),na_indicators,-0.04721663470351071,-0.000789053738117218,0.0,0.01671135053038597,0.12927238889409437
2022,Cynoscion nebulosus_R,Spotted Seatrout (Recruit),na_indicators,0.01267953514978352,0.0011578649282455444,0.03402741436320933,0.09131761640310287,0.30218804808116234
2022,Lutjanus griseus_R,Gray Snapper (Recruit),na_indicators,0.01073832545071011,4.581098134318987e-05,0.006768380998672421,0.004266119562089443,0.06531553844292676
2022,Lutjanus griseus_SA,Gray Snapper (Sub-adult),na_indicators,0.004406055700092284,0.00017650052905082703,0.013285350166662038,0.040058623999357224,0.20014650633812528
2022,Mycteroperca microlepis_SA,Gag Grouper (Sub-adult),na_indicators,0.049478874436660415,4.1902007069438696e-05,0.006473175964658979,0.0008468665182590485,0.029100971087904413
2022,Sciaenops ocellatus_R,Red Drum (Recruit),na_indicators,0.04813565074997809,0.0025712748368581138,0.05070773941774681,0.05341726541519165,0.23112175452603256
2022,Sciaenops ocellatus_SA,Red Drum (Sub-adult),na_indicators,-0.01631393799992355,-0.0011478438973426819,0.0,0.07035970687866211,0.2652540421532952
2022,Archosargus probatocephalus_A,Sheepshead (Adult),prey_community,0.09827036173716079,0.010341987013816833,0.10169556044300475,0.10524014383554459,0.3244073732755539
2022,Archosargus probatocephalus_R,Sheepshead (Recruit),prey_community,0.705445952367738,0.003060809647043546,0.0553245844723984,0.0043388293124735355,0.06586979059078248
2022,Callinectes sapidus_R,Blue Crab (Recruit),prey_community,0.4348915566122098,0.10814501345157623,0.3288540914320152,0.24867121875286102,0.49866944838526156
2022,Centropomus undecimalis_A,Common Snook (Adult),prey_community,0.2300788649545292,0.06261137127876282,0.25022264341734307,0.2721300423145294,0.5216608498962994
2022,Centropomus undecimalis_SA,Common Snook (Sub-adult),prey_community,-0.07462311416405594,-0.00042268432055910427,0.0,0.005664254538714886,0.07526124194241605
2022,Cynoscion nebulosus_A,Spotted Seatrout (Adult),prey_community,-0.04784707036594916,-0.0007995891695221266,0.0,0.01671135053038597,0.12927238889409437
2022,Cynoscion nebulosus_R,Spotted Seatrout (Recruit),prey_community,0.36206048213230985,0.033062500258286796,0.18183096616992056,0.09131761640310287,0.30218804808116234
2022,Lutjanus griseus_R,Gray Snapper (Recruit),prey_community,0.4970208292918126,0.0021203503323098025,0.046047261941507475,0.004266119562089443,0.06531553844292676
2022,Lutjanus griseus_SA,Gray Snapper (Sub-adult),prey_community,0.1326327944161193,0.0053130872547626495,0.07289092710867827,0.040058623999357224,0.20014650633812528
2022,Mycteroperca microlepis_SA,Gag Grouper (Sub-adult),prey_community,0.20182986350401486,0.0001709229739693304,0.013073751334996792,0.0008468665182590485,0.029100971087904413
2022,Sciaenops ocellatus_R,Red Drum (Recruit),prey_community,0.053573723230879444,0.0028617617984612784,0.05349543717422336,0.05341726541519165,0.23112175452603256
2022,Sciaenops ocellatus_SA,Red Drum (Sub-adult),prey_community,0.017169162886602956,0.0012080172697703044,0.03475654283398026,0.07035970687866211,0.2652540421532952
2022,Archosargus probatocephalus_A,Sheepshead (Adult),nonprey_community,0.1998906719163156,0.021036523083845775,0.14503972932905582,0.10524014383554459,0.3244073732755539
2022,Archosargus probatocephalus_R,Sheepshead (Recruit),nonprey_community,0.4478202803520012,0.0019430158038934071,0.044079652946608,0.0043388293124735355,0.06586979059078248
2022,Callinectes sapidus_R,Blue Crab (Recruit),nonprey_community,0.16566034728507542,0.04119496047496796,0.20296541694330086,0.24867121875286102,0.49866944838526156
2022,Centropomus undecimalis_A,Common Snook (Adult),nonprey_community,0.3429303884511008,0.09332166115442912,0.30548594264618645,0.2721300423145294,0.5216608498962994
2022,Centropomus undecimalis_SA,Common Snook (Sub-adult),nonprey_community,0.03539217450154162,0.0002004702885945638,0.014158753073437075,0.005664254538714886,0.07526124194241605
2022,Cynoscion nebulosus_A,Spotted Seatrout (Adult),nonprey_community,0.2677043788531473,0.004473701740304629,0.06688573644884707,0.01671135053038597,0.12927238889409437
2022,Cynoscion nebulosus_R,Spotted Seatrout (Recruit),nonprey_community,0.07094513465675079,0.006478540599346161,0.08048938190436153,0.09131761640310287,0.30218804808116234
2022,Lutjanus griseus_R,Gray Snapper (Recruit),nonprey_community,-0.10614598300045457,-0.00045283146513005096,0.0,0.004266119562089443,0.06531553844292676
2022,Lutjanus griseus_SA,Gray Snapper (Sub-adult),nonprey_community,0.47582704678088567,0.019060976803302765,0.13806149645466967,0.040058623999357224,0.20014650633812528
2022,Mycteroperca microlepis_SA,Gag Grouper (Sub-adult),nonprey_community,0.3846067634388521,0.0003257106291130185,0.018047454920653454,0.0008468665182590485,0.029100971087904413
2022,Sciaenops ocellatus_R,Red Drum (Recruit),nonprey_community,-0.014512731419443143,-0.0007752304275830587,0.0,0.05341726541519165,0.23112175452603256
2022,Sciaenops ocellatus_SA,Red Drum (Sub-adult),nonprey_community,0.15920038268180178,0.011201292276382446,0.10583615769850324,0.07035970687866211,0.2652540421532952
2023,Archosargus probatocephalus_A,Sheepshead (Adult),env,-0.00037517009385765995,-4.310905933380127e-05,0.0,0.11490537226200104,0.3389769494552705
2023,Archosargus probatocephalus_R,Sheepshead (Recruit),env,-0.0459196299119691,-0.0001573564950376749,0.0,0.0034267804585397243,0.0585387090610967
2023,Callinectes sapidus_R,Blue Crab (Recruit),env,0.09295321883761994,0.01962524155775706,0.1400901194151717,0.2111303061246872,0.4594891795512569
2023,Centropomus undecimalis_A,Common Snook (Adult),env,0.042439012947486865,0.02248142162958781,0.1499380593097957,0.5297347903251648,0.7278288193834899
2023,Centropomus undecimalis_SA,Common Snook (Sub-adult),env,-0.062345866686029865,-0.0002007025759667158,0.0,0.003219180041924119,0.05673781844523209
2023,Cynoscion nebulosus_A,Spotted Seatrout (Adult),env,-0.013618809177774324,-0.0003753496954838435,0.0,0.02756112441420555,0.16601543426502716
2023,Cynoscion nebulosus_R,Spotted Seatrout (Recruit),env,0.02896209760414221,0.0026883830626805625,0.05184961969658565,0.09282418340444565,0.3046706146060786
2023,Lutjanus griseus_R,Gray Snapper (Recruit),env,0.03933818260246466,0.000299717765301466,0.01731235874459243,0.007619003765285015,0.08728690489005218
2023,Lutjanus griseus_SA,Gray Snapper (Sub-adult),env,0.045324500167671755,0.0010603765646616619,0.0325634237245051,0.023395217955112457,0.1529549540064409
2023,Mycteroperca microlepis_SA,Gag Grouper (Sub-adult),env,0.04026193999147401,0.00011394149623811245,0.010674338210779741,0.002830005018040538,0.05319779147709553
2023,Sciaenops ocellatus_R,Red Drum (Recruit),env,0.05281294440389866,0.0007640098532040914,0.027640728159802366,0.01446633692830801,0.12027608626949918
2023,Sciaenops ocellatus_SA,Red Drum (Sub-adult),env,-0.0003154812717639756,-2.909948428471883e-05,0.0,0.09223838895559311,0.30370773608124163
2023,Archosargus probatocephalus_A,Sheepshead (Adult),restoration,-0.048213809476847926,-0.005540025730927785,0.0,0.11490537226200104,0.3389769494552705
2023,Archosargus probatocephalus_R,Sheepshead (Recruit),restoration,-0.009566099798911083,-3.278092481195927e-05,0.0,0.0034267804585397243,0.0585387090610967
2023,Callinectes sapidus_R,Blue Crab (Recruit),restoration,0.014678089478697516,0.0030989895264307656,0.05566856856818546,0.2111303061246872,0.4594891795512569
2023,Centropomus undecimalis_A,Common Snook (Adult),restoration,0.004855822378330547,0.002572298049926758,0.05071782773272883,0.5297347903251648,0.7278288193834899
2023,Centropomus undecimalis_SA,Common Snook (Sub-adult),restoration,0.0037641379121701904,1.2117438018321991e-05,0.0034810110626543535,0.003219180041924119,0.05673781844523209
2023,Cynoscion nebulosus_A,Spotted Seatrout (Adult),restoration,-0.03795144591927479,-0.0010459845264752705,0.0,0.02756112441420555,0.16601543426502716
2023,Cynoscion nebulosus_R,Spotted Seatrout (Recruit),restoration,-6.185795443153692e-05,-5.74191411336263e-06,0.0,0.09282418340444565,0.3046706146060786
2023,Lutjanus griseus_R,Gray Snapper (Recruit),restoration,0.006884926071889743,5.245627835392952e-05,0.007242670664466907,0.007619003765285015,0.08728690489005218
2023,Lutjanus griseus_SA,Gray Snapper (Sub-adult),restoration,0.11866715787088404,0.0027762440343697867,0.05269007529288402,0.023395217955112457,0.1529549540064409
2023,Mycteroperca microlepis_SA,Gag Grouper (Sub-adult),restoration,0.014742431241915134,4.172115586698055e-05,0.0064591915799874335,0.002830005018040538,0.05319779147709553
2023,Sciaenops ocellatus_R,Red Drum (Recruit),restoration,0.02632556975697357,0.00038083456456661224,0.01951498307881952,0.01446633692830801,0.12027608626949918
2023,Sciaenops ocellatus_SA,Red Drum (Sub-adult),restoration,0.015095982138330702,0.0013924290736516316,0.03731526595981371,0.09223838895559311,0.30370773608124163
2023,Archosargus probatocephalus_A,Sheepshead (Adult),habitat_structured,-0.004780014543569447,-0.0005492493510246277,0.0,0.11490537226200104,0.3389769494552705
2023,Archosargus probatocephalus_R,Sheepshead (Recruit),habitat_structured,0.003909341180526588,1.3396454354127249e-05,0.0036601167131837817,0.0034267804585397243,0.0585387090610967
2023,Callinectes sapidus_R,Blue Crab (Recruit),habitat_structured,0.026215127235655455,0.005534807840983073,0.07439628916137601,0.2111303061246872,0.4594891795512569
2023,Centropomus undecimalis_A,Common Snook (Adult),habitat_structured,0.012976164018640046,0.006873925526936849,0.08290914018934734,0.5297347903251648,0.7278288193834899
2023,Centropomus undecimalis_SA,Common Snook (Sub-adult),habitat_structured,0.012576900605458102,4.0487308676044144e-05,0.006362963827969176,0.003219180041924119,0.05673781844523209
2023,Cynoscion nebulosus_A,Spotted Seatrout (Adult),habitat_structured,0.060536696335083906,0.0016684594253698986,0.040846779865368804,0.02756112441420555,0.16601543426502716
2023,Cynoscion nebulosus_R,Spotted Seatrout (Recruit),habitat_structured,0.02205375202371425,0.002047121524810791,0.04524512708359643,0.09282418340444565,0.3046706146060786
2023,Lutjanus griseus_R,Gray Snapper (Recruit),habitat_structured,-0.11877264000546378,-0.0009049292032917341,0.0,0.007619003765285015,0.08728690489005218
2023,Lutjanus griseus_SA,Gray Snapper (Sub-adult),habitat_structured,0.006513663913499257,0.0001523885875940323,0.012344577254569404,0.023395217955112457,0.1529549540064409
2023,Mycteroperca microlepis_SA,Gag Grouper (Sub-adult),habitat_structured,-0.008641237296206717,-2.4454745774467785e-05,0.0,0.002830005018040538,0.05319779147709553
2023,Sciaenops ocellatus_R,Red Drum (Recruit),habitat_structured,-0.055182978310533294,-0.0007982955624659857,0.0,0.01446633692830801,0.12027608626949918
2023,Sciaenops ocellatus_SA,Red Drum (Sub-adult),habitat_structured,0.007305369089147841,0.0006738354762395223,0.02595834116887137,0.09223838895559311,0.30370773608124163
2023,Archosargus probatocephalus_A,Sheepshead (Adult),habitat_open,0.04236022230209955,0.0048674171169598894,0.06976687693282457,0.11490537226200104,0.3389769494552705
2023,Archosargus probatocephalus_R,Sheepshead (Recruit),habitat_open,-0.01561553191269549,-5.351100116968155e-05,0.0,0.0034267804585397243,0.0585387090610967
2023,Callinectes sapidus_R,Blue Crab (Recruit),habitat_open,0.059561199887707396,0.012575174371401468,0.11213908494098508,0.2111303061246872,0.4594891795512569
2023,Centropomus undecimalis_A,Common Snook (Adult),habitat_open,0.009853192271535962,0.005219578742980957,0.0722466521229943,0.5297347903251648,0.7278288193834899
2023,Centropomus undecimalis_SA,Common Snook (Sub-adult),habitat_open,0.005356348094153741,1.7243049417932827e-05,0.004152475095401877,0.003219180041924119,0.05673781844523209
2023,Cynoscion nebulosus_A,Spotted Seatrout (Adult),habitat_open,-0.02261755477192759,-0.0006233652432759603,0.0,0.02756112441420555,0.16601543426502716
2023,Cynoscion nebulosus_R,Spotted Seatrout (Recruit),habitat_open,0.012279178527048526,0.001139804720878601,0.03376099407420642,0.09282418340444565,0.3046706146060786
2023,Lutjanus griseus_R,Gray Snapper (Recruit),habitat_open,-0.016977121409586047,-0.00012934875364104906,0.0,0.007619003765285015,0.08728690489005218
2023,Lutjanus griseus_SA,Gray Snapper (Sub-adult),habitat_open,0.05092294598738422,0.0011913534253835678,0.03451598796765881,0.023395217955112457,0.1529549540064409
2023,Mycteroperca microlepis_SA,Gag Grouper (Sub-adult),habitat_open,0.021390570530281677,6.053542407850424e-05,0.007780451405831428,0.002830005018040538,0.05319779147709553
2023,Sciaenops ocellatus_R,Red Drum (Recruit),habitat_open,-0.002943497046445563,-4.25816203157107e-05,0.0,0.01446633692830801,0.12027608626949918
2023,Sciaenops ocellatus_SA,Red Drum (Sub-adult),habitat_open,0.023211931041974956,0.0021410311261812844,0.046271277550779644,0.09223838895559311,0.30370773608124163
2023,Archosargus probatocephalus_A,Sheepshead (Adult),shoreline,-0.030966683926330684,-0.0035582383473714194,0.0,0.11490537226200104,0.3389769494552705
2023,Archosargus probatocephalus_R,Sheepshead (Recruit),shoreline,0.007055009642666413,2.4175969883799553e-05,0.004916906536004071,0.0034267804585397243,0.0585387090610967
2023,Callinectes sapidus_R,Blue Crab (Recruit),shoreline,0.07698270446426353,0.016253381967544556,0.12748875231778117,0.2111303061246872,0.4594891795512569
2023,Centropomus undecimalis_A,Common Snook (Adult),shoreline,0.013052563670945322,0.006914397080739339,0.08315285371374417,0.5297347903251648,0.7278288193834899
2023,Centropomus undecimalis_SA,Common Snook (Sub-adult),shoreline,0.08707243780995833,0.0002803018627067407,0.01674221797453195,0.003219180041924119,0.05673781844523209
2023,Cynoscion nebulosus_A,Spotted Seatrout (Adult),shoreline,-0.023789522570189306,-0.0006556659936904907,0.0,0.02756112441420555,0.16601543426502716
2023,Cynoscion nebulosus_R,Spotted Seatrout (Recruit),shoreline,0.013531079714680901,0.001256011426448822,0.03544025150092508,0.09282418340444565,0.3046706146060786
2023,Lutjanus griseus_R,Gray Snapper (Recruit),shoreline,-0.01267263434497149,-9.65528500576814e-05,0.0,0.007619003765285015,0.08728690489005218
2023,Lutjanus griseus_SA,Gray Snapper (Sub-adult),shoreline,0.0727551941607874,0.001702123632033666,0.04125680103975181,0.023395217955112457,0.1529549540064409
2023,Mycteroperca microlepis_SA,Gag Grouper (Sub-adult),shoreline,0.018725171826730315,5.299233210583528e-05,0.0072795832370978,0.002830005018040538,0.05319779147709553
2023,Sciaenops ocellatus_R,Red Drum (Recruit),shoreline,-0.09328202122446168,-0.0013494491577148438,0.0,0.01446633692830801,0.12027608626949918
2023,Sciaenops ocellatus_SA,Red Drum (Sub-adult),shoreline,0.005166843868540712,0.00047658135493596393,0.02183074334364187,0.09223838895559311,0.30370773608124163
2023,Archosargus probatocephalus_A,Sheepshead (Adult),water_effort,0.015724680208816604,0.0018068502346674602,0.04250706099776201,0.11490537226200104,0.3389769494552705
2023,Archosargus probatocephalus_R,Sheepshead (Recruit),water_effort,0.0215093712872137,7.370789535343647e-05,0.008585330241373156,0.0034267804585397243,0.0585387090610967
2023,Callinectes sapidus_R,Blue Crab (Recruit),water_effort,0.016669589765536178,0.003519455591837565,0.05932499972050202,0.2111303061246872,0.4594891795512569
2023,Centropomus undecimalis_A,Common Snook (Adult),water_effort,0.018575542168670186,0.009840110937754313,0.09919733331977383,0.5297347903251648,0.7278288193834899
2023,Centropomus undecimalis_SA,Common Snook (Sub-adult),water_effort,0.010924466917053052,3.5167826960484185e-05,0.005930246787485677,0.003219180041924119,0.05673781844523209
2023,Cynoscion nebulosus_A,Spotted Seatrout (Adult),water_effort,0.06960674129263673,0.0019184400637944539,0.04380000072824718,0.02756112441420555,0.16601543426502716
2023,Cynoscion nebulosus_R,Spotted Seatrout (Recruit),water_effort,0.016130505069676754,0.001497300962607066,0.038694973350644216,0.09282418340444565,0.3046706146060786
2023,Lutjanus griseus_R,Gray Snapper (Recruit),water_effort,0.09843907970081457,0.0007500077287356058,0.02738626898165586,0.007619003765285015,0.08728690489005218
2023,Lutjanus griseus_SA,Gray Snapper (Sub-adult),water_effort,0.036961398264268946,0.0008647199720144272,0.029406121335776796,0.023395217955112457,0.1529549540064409
2023,Mycteroperca microlepis_SA,Gag Grouper (Sub-adult),water_effort,0.018420655125723707,5.2130548283457756e-05,0.007220148771559888,0.002830005018040538,0.05319779147709553
2023,Sciaenops ocellatus_R,Red Drum (Recruit),water_effort,0.07150628050762475,0.0010344339534640312,0.03216261732919184,0.01446633692830801,0.12027608626949918
2023,Sciaenops ocellatus_SA,Red Drum (Sub-adult),water_effort,0.09021617363643923,0.008321394522984823,0.09122167792243696,0.09223838895559311,0.30370773608124163
2023,Archosargus probatocephalus_A,Sheepshead (Adult),bycatch,-0.02395434464466349,-0.0027524828910827637,0.0,0.11490537226200104,0.3389769494552705
2023,Archosargus probatocephalus_R,Sheepshead (Recruit),bycatch,0.021912394983755485,7.508896912137668e-05,0.008665389150025328,0.0034267804585397243,0.0585387090610967
2023,Callinectes sapidus_R,Blue Crab (Recruit),bycatch,0.026416674564775564,0.00557736059029897,0.07468172862420212,0.2111303061246872,0.4594891795512569
2023,Centropomus undecimalis_A,Common Snook (Adult),bycatch,0.00031861317934870395,0.0001687804857889811,0.01299155440234082,0.5297347903251648,0.7278288193834899
2023,Centropomus undecimalis_SA,Common Snook (Sub-adult),bycatch,0.033007761321985164,0.00010625792977710564,0.010308148707556836,0.003219180041924119,0.05673781844523209
2023,Cynoscion nebulosus_A,Spotted Seatrout (Adult),bycatch,-0.03183673141532719,-0.0008774561186631521,0.0,0.02756112441420555,0.16601543426502716
2023,Cynoscion nebulosus_R,Spotted Seatrout (Recruit),bycatch,0.01662534194995845,0.0015432337919871013,0.03928401445864591,0.09282418340444565,0.3046706146060786
2023,Lutjanus griseus_R,Gray Snapper (Recruit),bycatch,-0.015705247610830392,-0.00011965834225217502,0.0,0.007619003765285015,0.08728690489005218
2023,Lutjanus griseus_SA,Gray Snapper (Sub-adult),bycatch,0.06866526851990196,0.0016064389298359554,0.040080405809272385,0.023395217955112457,0.1529549540064409
2023,Mycteroperca microlepis_SA,Gag Grouper (Sub-adult),bycatch,-0.015967299211453966,-4.5187538489699364e-05,0.0,0.002830005018040538,0.05319779147709553
2023,Sciaenops ocellatus_R,Red Drum (Recruit),bycatch,0.007806334856453922,0.00011292907098929088,0.010626809069014597,0.01446633692830801,0.12027608626949918
2023,Sciaenops ocellatus_SA,Red Drum (Sub-adult),bycatch,-0.0026713188884116465,-0.0002463981509208679,0.0,0.09223838895559311,0.30370773608124163
2023,Archosargus probatocephalus_A,Sheepshead (Adult),na_indicators,-0.019870182225287348,-0.002283190687497457,0.0,0.11490537226200104,0.3389769494552705
2023,Archosargus probatocephalus_R,Sheepshead (Recruit),na_indicators,-0.012215638050517369,-4.186031098167101e-05,0.0,0.0034267804585397243,0.0585387090610967
2023,Callinectes sapidus_R,Blue Crab (Recruit),na_indicators,0.009061183972754391,0.0019130905469258626,0.0437388905543552,0.2111303061246872,0.4594891795512569
2023,Centropomus undecimalis_A,Common Snook (Adult),na_indicators,0.0010646068388243627,0.0005639592806498209,0.02374782686162717,0.5297347903251648,0.7278288193834899
2023,Centropomus undecimalis_SA,Common Snook (Sub-adult),na_indicators,0.03134664850535284,0.00010091050838430722,0.010045422260129597,0.003219180041924119,0.05673781844523209
2023,Cynoscion nebulosus_A,Spotted Seatrout (Adult),na_indicators,-0.006210726474503336,-0.00017117460568745932,0.0,0.02756112441420555,0.16601543426502716
2023,Cynoscion nebulosus_R,Spotted Seatrout (Recruit),na_indicators,0.0036132590346127356,0.0003353978196779887,0.018313869598694556,0.09282418340444565,0.3046706146060786
2023,Lutjanus griseus_R,Gray Snapper (Recruit),na_indicators,-0.040899329764483676,-0.00031161215156316757,0.0,0.007619003765285015,0.08728690489005218
2023,Lutjanus griseus_SA,Gray Snapper (Sub-adult),na_indicators,0.04819499310568041,0.0011275323728720348,0.03357874882826986,0.023395217955112457,0.1529549540064409
2023,Mycteroperca microlepis_SA,Gag Grouper (Sub-adult),na_indicators,-0.007561113486242173,-2.1397989864150684e-05,0.0,0.002830005018040538,0.05319779147709553
2023,Sciaenops ocellatus_R,Red Drum (Recruit),na_indicators,0.03589974106358742,0.0005193377534548441,0.02278898315973848,0.01446633692830801,0.12027608626949918
2023,Sciaenops ocellatus_SA,Red Drum (Sub-adult),na_indicators,0.002717414641356933,0.00025064994891484577,0.015831928148992015,0.09223838895559311,0.30370773608124163
2023,Archosargus probatocephalus_A,Sheepshead (Adult),prey_community,0.018023834416335243,0.002071035405000051,0.04550863000574782,0.11490537226200104,0.3389769494552705
2023,Archosargus probatocephalus_R,Sheepshead (Recruit),prey_community,0.07259680906821969,0.0002487733339269956,0.015772550013456784,0.0034267804585397243,0.0585387090610967
2023,Callinectes sapidus_R,Blue Crab (Recruit),prey_community,0.2182513374385285,0.046079471707344055,0.21466129531740008,0.2111303061246872,0.4594891795512569
2023,Centropomus undecimalis_A,Common Snook (Adult),prey_community,0.06260750849500323,0.03316537539164225,0.18211363318445506,0.5297347903251648,0.7278288193834899
2023,Centropomus undecimalis_SA,Common Snook (Sub-adult),prey_community,0.02145709530333405,6.907425510386626e-05,0.008311092293066313,0.003219180041924119,0.05673781844523209
2023,Cynoscion nebulosus_A,Spotted Seatrout (Adult),prey_community,-0.03356131996668666,-0.000924987718462944,0.0,0.02756112441420555,0.16601543426502716
2023,Cynoscion nebulosus_R,Spotted Seatrout (Recruit),prey_community,0.3570576243399857,0.03314358244339625,0.1820537899726239,0.09282418340444565,0.3046706146060786
2023,Lutjanus griseus_R,Gray Snapper (Recruit),prey_community,-0.08622249044610651,-0.0006569294879833857,0.0,0.007619003765285015,0.08728690489005218
2023,Lutjanus griseus_SA,Gray Snapper (Sub-adult),prey_community,0.11194044022958449,0.0026188710083564124,0.05117490604150058,0.023395217955112457,0.1529549540064409
2023,Mycteroperca microlepis_SA,Gag Grouper (Sub-adult),prey_community,0.019179533561445507,5.427817814052105e-05,0.007367372539821849,0.002830005018040538,0.05319779147709553
2023,Sciaenops ocellatus_R,Red Drum (Recruit),prey_community,0.10264947283546506,0.0014849618698159854,0.03853520299435291,0.01446633692830801,0.12027608626949918
2023,Sciaenops ocellatus_SA,Red Drum (Sub-adult),prey_community,0.05617833729920948,0.005181799332300822,0.07198471596318778,0.09223838895559311,0.30370773608124163
2023,Archosargus probatocephalus_A,Sheepshead (Adult),nonprey_community,0.051560772820218946,0.005924609800179799,0.0769714869297703,0.11490537226200104,0.3389769494552705
2023,Archosargus probatocephalus_R,Sheepshead (Recruit),nonprey_community,0.07748588624698742,0.0002655271285523971,0.01629500317742826,0.0034267804585397243,0.0585387090610967
2023,Callinectes sapidus_R,Blue Crab (Recruit),nonprey_community,0.05194230149439013,0.010966594020525614,0.10472150696263692,0.2111303061246872,0.4594891795512569
2023,Centropomus undecimalis_A,Common Snook (Adult),nonprey_community,0.11549350816434373,0.06118092934290568,0.24734779025272427,0.5297347903251648,0.7278288193834899
2023,Centropomus undecimalis_SA,Common Snook (Sub-adult),nonprey_community,0.07121634558202916,0.00022925824547807375,0.015141276216953237,0.003219180041924119,0.05673781844523209
2023,Cynoscion nebulosus_A,Spotted Seatrout (Adult),nonprey_community,0.018465926879469345,0.0005089417099952698,0.022559736478852534,0.02756112441420555,0.16601543426502716
2023,Cynoscion nebulosus_R,Spotted Seatrout (Recruit),nonprey_community,0.18602773800870134,0.017267872889836628,0.13140727867906188,0.09282418340444565,0.3046706146060786
2023,Lutjanus griseus_R,Gray Snapper (Recruit),nonprey_community,-0.02203796898441368,-0.0001679073708752791,0.0,0.007619003765285015,0.08728690489005218
2023,Lutjanus griseus_SA,Gray Snapper (Sub-adult),nonprey_community,0.4962182676555262,0.011609134574731192,0.10774569399623908,0.023395217955112457,0.1529549540064409
2023,Mycteroperca microlepis_SA,Gag Grouper (Sub-adult),nonprey_community,0.04751497164962646,0.00013446761295199394,0.011596017115889142,0.002830005018040538,0.05319779147709553
2023,Sciaenops ocellatus_R,Red Drum (Recruit),nonprey_community,-0.11745487778044239,-0.0016991418475906055,0.0,0.01446633692830801,0.12027608626949918
2023,Sciaenops ocellatus_SA,Red Drum (Sub-adult),nonprey_community,0.0781614611140133,0.00720948725938797,0.08490869955068191,0.09223838895559311,0.30370773608124163
2024,Archosargus probatocephalus_A,Sheepshead (Adult),env,0.0587297248861575,0.0042993078629175825,0.06556910753485655,0.07320497184991837,0.27056417325639837
2024,Archosargus probatocephalus_R,Sheepshead (Recruit),env,0.07616402144483334,0.0005370747918883959,0.023174874150432748,0.007051554974168539,0.08397353734462149
2024,Callinectes sapidus_R,Blue Crab (Recruit),env,0.10420328520364448,0.023646041750907898,0.15377269507590707,0.22692222893238068,0.47636354702304906
2024,Centropomus undecimalis_A,Common Snook (Adult),env,0.03342332955596069,0.009083271026611328,0.09530619616064492,0.2717643976211548,0.5213102700131226
2024,Centropomus undecimalis_SA,Common Snook (Sub-adult),env,-0.06718027644248903,-8.923936790476243e-05,0.0,0.0013283565640449524,0.036446626236799375
2024,Cynoscion nebulosus_A,Spotted Seatrout (Adult),env,0.06057009285159217,0.0014061139275630314,0.03749818565694921,0.023214656859636307,0.1523635680195115
2024,Cynoscion nebulosus_R,Spotted Seatrout (Recruit),env,0.0024620496759419535,0.00019072492917378744,0.013810319662259358,0.07746591418981552,0.2783269914863011
2024,Lutjanus griseus_R,Gray Snapper (Recruit),env,-0.06306351553740208,-0.0004382290256520112,0.0,0.00694901030510664,0.08336072399581616
2024,Lutjanus griseus_SA,Gray Snapper (Sub-adult),env,0.021021963474324275,0.00033819613357385,0.018390109667260006,0.01608775183558464,0.1268375016924594
2024,Mycteroperca microlepis_SA,Gag Grouper (Sub-adult),env,-0.1908256698800269,-0.00040179374627768993,0.0,0.0021055538672953844,0.04588631459700577
2024,Sciaenops ocellatus_R,Red Drum (Recruit),env,-0.03383950861993332,-0.00014726088071862856,0.0,0.004351743962615728,0.0659677494129952
2024,Sciaenops ocellatus_SA,Red Drum (Sub-adult),env,0.05119983751782387,0.004877433180809021,0.06983862241488603,0.09526266902685165,0.3086465114444867
2024,Archosargus probatocephalus_A,Sheepshead (Adult),restoration,0.03278768996222186,0.0024002219239870706,0.048992059805514104,0.07320497184991837,0.27056417325639837
2024,Archosargus probatocephalus_R,Sheepshead (Recruit),restoration,-0.012624100079448412,-8.90195369720459e-05,0.0,0.007051554974168539,0.08397353734462149
2024,Callinectes sapidus_R,Blue Crab (Recruit),restoration,0.06472818198309466,0.014688263336817423,0.12119514568173687,0.22692222893238068,0.47636354702304906
2024,Centropomus undecimalis_A,Common Snook (Adult),restoration,0.021749918659087472,0.005910853544871013,0.07688207557598203,0.2717643976211548,0.5213102700131226
2024,Centropomus undecimalis_SA,Common Snook (Sub-adult),restoration,-0.03631758299289535,-4.824270339061817e-05,0.0,0.0013283565640449524,0.036446626236799375
2024,Cynoscion nebulosus_A,Spotted Seatrout (Adult),restoration,0.031313040082316564,0.000726921483874321,0.026961481485154353,0.023214656859636307,0.1523635680195115
2024,Cynoscion nebulosus_R,Spotted Seatrout (Recruit),restoration,-0.03169470579887471,-0.002455259362856547,0.0,0.07746591418981552,0.2783269914863011
2024,Lutjanus griseus_R,Gray Snapper (Recruit),restoration,-0.07025466241893555,-0.0004882003801564376,0.0,0.00694901030510664,0.08336072399581616
2024,Lutjanus griseus_SA,Gray Snapper (Sub-adult),restoration,0.016462109744025583,0.0002648383378982544,0.016273854426602643,0.01608775183558464,0.1268375016924594
2024,Mycteroperca microlepis_SA,Gag Grouper (Sub-adult),restoration,-0.016277233292509102,-3.4272593135635056e-05,0.0,0.0021055538672953844,0.04588631459700577
2024,Sciaenops ocellatus_R,Red Drum (Recruit),restoration,0.0031507106039863884,1.3711086163918177e-05,0.003702848385218895,0.004351743962615728,0.0659677494129952
2024,Sciaenops ocellatus_SA,Red Drum (Sub-adult),restoration,0.01831814358107017,0.0017450352509816487,0.04177361907929032,0.09526266902685165,0.3086465114444867
2024,Archosargus probatocephalus_A,Sheepshead (Adult),habitat_structured,-0.01803616913751538,-0.0013203372557957966,0.0,0.07320497184991837,0.27056417325639837
2024,Archosargus probatocephalus_R,Sheepshead (Recruit),habitat_structured,0.057439783032405316,0.00040503979350129765,0.020125600450702028,0.007051554974168539,0.08397353734462149
2024,Callinectes sapidus_R,Blue Crab (Recruit),habitat_structured,0.0822263021111055,0.01865897576014201,0.13659786147719155,0.22692222893238068,0.47636354702304906
2024,Centropomus undecimalis_A,Common Snook (Adult),habitat_structured,0.0251035395258675,0.006822248299916585,0.08259690248378922,0.2717643976211548,0.5213102700131226
2024,Centropomus undecimalis_SA,Common Snook (Sub-adult),habitat_structured,0.019437219612266535,2.5819560202459495e-05,0.005081295130422902,0.0013283565640449524,0.036446626236799375
2024,Cynoscion nebulosus_A,Spotted Seatrout (Adult),habitat_structured,0.0017511984870628636,4.065347214539846e-05,0.0063760075396284204,0.023214656859636307,0.1523635680195115
2024,Cynoscion nebulosus_R,Spotted Seatrout (Recruit),habitat_structured,0.014889540043058874,0.0011534318327903748,0.033962211835956366,0.07746591418981552,0.2783269914863011
2024,Lutjanus griseus_R,Gray Snapper (Recruit),habitat_structured,-0.05869108165334236,-0.00040784493709603947,0.0,0.00694901030510664,0.08336072399581616
2024,Lutjanus griseus_SA,Gray Snapper (Sub-adult),habitat_structured,-0.03179055643483403,-0.0005114385858178139,0.0,0.01608775183558464,0.1268375016924594
2024,Mycteroperca microlepis_SA,Gag Grouper (Sub-adult),habitat_structured,-0.03995994259873508,-8.41378156716625e-05,0.0,0.0021055538672953844,0.04588631459700577
2024,Sciaenops ocellatus_R,Red Drum (Recruit),habitat_structured,0.09448226105019102,0.000411162618547678,0.02027714522677386,0.004351743962615728,0.0659677494129952
2024,Sciaenops ocellatus_SA,Red Drum (Sub-adult),habitat_structured,-1.8979182241673994e-05,-1.8080075581868489e-06,0.0,0.09526266902685165,0.3086465114444867
2024,Archosargus probatocephalus_A,Sheepshead (Adult),habitat_open,-0.0056284024177924675,-0.0004120270411173503,0.0,0.07320497184991837,0.27056417325639837
2024,Archosargus probatocephalus_R,Sheepshead (Recruit),habitat_open,0.001373650996955381,9.686375657717386e-06,0.0031122942755654366,0.007051554974168539,0.08397353734462149
2024,Callinectes sapidus_R,Blue Crab (Recruit),habitat_open,0.05356157038260808,0.012154310941696167,0.11024659151963007,0.22692222893238068,0.47636354702304906
2024,Centropomus undecimalis_A,Common Snook (Adult),habitat_open,-0.011088837465351309,-0.0030135512351989746,0.0,0.2717643976211548,0.5213102700131226
2024,Centropomus undecimalis_SA,Common Snook (Sub-adult),habitat_open,-0.04197038971379594,-5.5751646868884563e-05,0.0,0.0013283565640449524,0.036446626236799375
2024,Cynoscion nebulosus_A,Spotted Seatrout (Adult),habitat_open,0.048268135436051886,0.00112052820622921,0.033474291721098594,0.023214656859636307,0.1523635680195115
2024,Cynoscion nebulosus_R,Spotted Seatrout (Recruit),habitat_open,0.001842561865532214,0.00014273573954900107,0.011947206349142927,0.07746591418981552,0.2783269914863011
2024,Lutjanus griseus_R,Gray Snapper (Recruit),habitat_open,-0.0364916003622549,-0.0002535805106163025,0.0,0.00694901030510664,0.08336072399581616
2024,Lutjanus griseus_SA,Gray Snapper (Sub-adult),habitat_open,0.02950047949451758,0.00047459639608860016,0.02178523344122344,0.01608775183558464,0.1268375016924594
2024,Mycteroperca microlepis_SA,Gag Grouper (Sub-adult),habitat_open,-0.07847361878224236,-0.00016523043935497603,0.0,0.0021055538672953844,0.04588631459700577
2024,Sciaenops ocellatus_R,Red Drum (Recruit),habitat_open,0.013418332623896611,5.839314932624499e-05,0.007641541030855294,0.004351743962615728,0.0659677494129952
2024,Sciaenops ocellatus_SA,Red Drum (Sub-adult),habitat_open,0.05802363564286414,0.005527486403783162,0.07434706721709446,0.09526266902685165,0.3086465114444867
2024,Archosargus probatocephalus_A,Sheepshead (Adult),shoreline,0.05550834792611394,0.0040634870529174805,0.06374548652977308,0.07320497184991837,0.27056417325639837
2024,Archosargus probatocephalus_R,Sheepshead (Recruit),shoreline,0.07582980980636828,0.0005347180801133314,0.02312397197960012,0.007051554974168539,0.08397353734462149
2024,Callinectes sapidus_R,Blue Crab (Recruit),shoreline,0.08541856370336616,0.019383370876312256,0.13922417489901764,0.22692222893238068,0.47636354702304906
2024,Centropomus undecimalis_A,Common Snook (Adult),shoreline,-0.017968797399507987,-0.00488327940305074,0.0,0.2717643976211548,0.5213102700131226
2024,Centropomus undecimalis_SA,Common Snook (Sub-adult),shoreline,-0.03694393608586929,-4.907472369571527e-05,0.0,0.0013283565640449524,0.036446626236799375
2024,Cynoscion nebulosus_A,Spotted Seatrout (Adult),shoreline,0.04507044705216559,0.0010462949673334758,0.0323464830751888,0.023214656859636307,0.1523635680195115
2024,Cynoscion nebulosus_R,Spotted Seatrout (Recruit),shoreline,-0.017143041967268936,-0.0013280014197031658,0.0,0.07746591418981552,0.2783269914863011
2024,Lutjanus griseus_R,Gray Snapper (Recruit),shoreline,-0.08044507271523879,-0.0005590136473377546,0.0,0.00694901030510664,0.08336072399581616
2024,Lutjanus griseus_SA,Gray Snapper (Sub-adult),shoreline,-0.004351140397584999,-7.00000673532486e-05,0.0,0.01608775183558464,0.1268375016924594
2024,Mycteroperca microlepis_SA,Gag Grouper (Sub-adult),shoreline,-0.0693194788797261,-0.0001459559037660559,0.0,0.0021055538672953844,0.04588631459700577
2024,Sciaenops ocellatus_R,Red Drum (Recruit),shoreline,-0.06639762434651748,-0.00028894546752174694,0.0,0.004351743962615728,0.0659677494129952
2024,Sciaenops ocellatus_SA,Red Drum (Sub-adult),shoreline,-0.03372827496001455,-0.0032130454977353415,0.0,0.09526266902685165,0.3086465114444867
2024,Archosargus probatocephalus_A,Sheepshead (Adult),water_effort,0.12689329328377477,0.009289219975471497,0.09638059958036937,0.07320497184991837,0.27056417325639837
2024,Archosargus probatocephalus_R,Sheepshead (Recruit),water_effort,-0.005940923897030344,-4.1892752051353455e-05,0.0,0.007051554974168539,0.08397353734462149
2024,Callinectes sapidus_R,Blue Crab (Recruit),water_effort,0.04871370614324222,0.011054222782452902,0.10513906401739033,0.22692222893238068,0.47636354702304906
2024,Centropomus undecimalis_A,Common Snook (Adult),water_effort,0.09068235566011841,0.024644235769907635,0.1569848265594724,0.2717643976211548,0.5213102700131226
2024,Centropomus undecimalis_SA,Common Snook (Sub-adult),water_effort,-0.018998296277443833,-2.523651346564293e-05,0.0,0.0013283565640449524,0.036446626236799375
2024,Cynoscion nebulosus_A,Spotted Seatrout (Adult),water_effort,0.10728847499514656,0.0024906651427348456,0.04990656412472056,0.023214656859636307,0.1523635680195115
2024,Cynoscion nebulosus_R,Spotted Seatrout (Recruit),water_effort,0.033617352565840634,0.00260419895251592,0.05103135264242875,0.07746591418981552,0.2783269914863011
2024,Lutjanus griseus_R,Gray Snapper (Recruit),water_effort,0.023447988655227247,0.00016294031714399657,0.012764807759774394,0.00694901030510664,0.08336072399581616
2024,Lutjanus griseus_SA,Gray Snapper (Sub-adult),water_effort,0.07990420903669017,0.0012854790935913722,0.0358535785325729,0.01608775183558464,0.1268375016924594
2024,Mycteroperca microlepis_SA,Gag Grouper (Sub-adult),water_effort,-0.1034168581715012,-0.00021774977600822845,0.0,0.0021055538672953844,0.04588631459700577
2024,Sciaenops ocellatus_R,Red Drum (Recruit),water_effort,0.09842763142511479,0.00042833186065157253,0.020696179856475264,0.004351743962615728,0.0659677494129952
2024,Sciaenops ocellatus_SA,Red Drum (Sub-adult),water_effort,0.05474026318535974,0.005214703579743703,0.07221290452366325,0.09526266902685165,0.3086465114444867
2024,Archosargus probatocephalus_A,Sheepshead (Adult),bycatch,-0.03053506017548373,-0.0022353182236353555,0.0,0.07320497184991837,0.27056417325639837
2024,Archosargus probatocephalus_R,Sheepshead (Recruit),bycatch,0.034572359280112284,0.00024378889550765356,0.015613740599473708,0.007051554974168539,0.08397353734462149
2024,Callinectes sapidus_R,Blue Crab (Recruit),bycatch,0.05292828381933815,0.0120106041431427,0.10959290188302662,0.22692222893238068,0.47636354702304906
2024,Centropomus undecimalis_A,Common Snook (Adult),bycatch,0.04531189798271998,0.012314160664876303,0.11096918790761831,0.2717643976211548,0.5213102700131226
2024,Centropomus undecimalis_SA,Common Snook (Sub-adult),bycatch,0.014371445464627979,1.9090405354897182e-05,0.004369256842404344,0.0013283565640449524,0.036446626236799375
2024,Cynoscion nebulosus_A,Spotted Seatrout (Adult),bycatch,0.05125049784258212,0.0011897627264261246,0.03449293734123153,0.023214656859636307,0.1523635680195115
2024,Cynoscion nebulosus_R,Spotted Seatrout (Recruit),bycatch,-0.008710178789359362,-0.0006747419635454813,0.0,0.07746591418981552,0.2783269914863011
2024,Lutjanus griseus_R,Gray Snapper (Recruit),bycatch,0.026063546135528304,0.00018111585328976312,0.013457929011915731,0.00694901030510664,0.08336072399581616
2024,Lutjanus griseus_SA,Gray Snapper (Sub-adult),bycatch,0.09085598576822906,0.0014616685609022777,0.038231774231681656,0.01608775183558464,0.1268375016924594
2024,Mycteroperca microlepis_SA,Gag Grouper (Sub-adult),bycatch,0.1384074047451937,0.0002914242601643006,0.017071152865705954,0.0021055538672953844,0.04588631459700577
2024,Sciaenops ocellatus_R,Red Drum (Recruit),bycatch,-0.11191583875125416,-0.0004870290867984295,0.0,0.004351743962615728,0.0659677494129952
2024,Sciaenops ocellatus_SA,Red Drum (Sub-adult),bycatch,-0.003140246481533529,-0.0002991482615470886,0.0,0.09526266902685165,0.3086465114444867
2024,Archosargus probatocephalus_A,Sheepshead (Adult),na_indicators,-0.0005111918195540606,-3.742178281148275e-05,0.0,0.07320497184991837,0.27056417325639837
2024,Archosargus probatocephalus_R,Sheepshead (Recruit),na_indicators,0.02216309853356376,0.00015628430992364883,0.012501372321615288,0.007051554974168539,0.08397353734462149
2024,Callinectes sapidus_R,Blue Crab (Recruit),na_indicators,-0.015405376393007694,-0.0034958223501841226,0.0,0.22692222893238068,0.47636354702304906
2024,Centropomus undecimalis_A,Common Snook (Adult),na_indicators,-0.049624223663689924,-0.01348609725634257,0.0,0.2717643976211548,0.5213102700131226
2024,Centropomus undecimalis_SA,Common Snook (Sub-adult),na_indicators,-0.05101317443577242,-6.77636902158459e-05,0.0,0.0013283565640449524,0.036446626236799375
2024,Cynoscion nebulosus_A,Spotted Seatrout (Adult),na_indicators,-0.035538708750100234,-0.0008250189324220022,0.0,0.023214656859636307,0.1523635680195115
2024,Cynoscion nebulosus_R,Spotted Seatrout (Recruit),na_indicators,-0.011498402919739482,-0.0008907342950503031,0.0,0.07746591418981552,0.2783269914863011
2024,Lutjanus griseus_R,Gray Snapper (Recruit),na_indicators,-0.004568307521232607,-3.17452164987723e-05,0.0,0.00694901030510664,0.08336072399581616
2024,Lutjanus griseus_SA,Gray Snapper (Sub-adult),na_indicators,0.012832782486556003,0.00020645062128702799,0.014368389655317258,0.01608775183558464,0.1268375016924594
2024,Mycteroperca microlepis_SA,Gag Grouper (Sub-adult),na_indicators,-0.05427214520943343,-0.00011427293065935373,0.0,0.0021055538672953844,0.04588631459700577
2024,Sciaenops ocellatus_R,Red Drum (Recruit),na_indicators,-0.0026944027602949267,-1.1725351214408875e-05,0.0,0.004351743962615728,0.0659677494129952
2024,Sciaenops ocellatus_SA,Red Drum (Sub-adult),na_indicators,-0.0064724486208217955,-0.0006165827314058939,0.0,0.09526266902685165,0.3086465114444867
2024,Archosargus probatocephalus_A,Sheepshead (Adult),prey_community,0.10259590642383846,0.007510530451933543,0.08666331664512698,0.07320497184991837,0.27056417325639837
2024,Archosargus probatocephalus_R,Sheepshead (Recruit),prey_community,0.357169268322498,0.002518598766376575,0.05018564303041832,0.007051554974168539,0.08397353734462149
2024,Callinectes sapidus_R,Blue Crab (Recruit),prey_community,0.4505253187983369,0.10223420957724254,0.31974084752693477,0.22692222893238068,0.47636354702304906
2024,Centropomus undecimalis_A,Common Snook (Adult),prey_community,0.08407958559159646,0.0228498379389445,0.15116162852703227,0.2717643976211548,0.5213102700131226
2024,Centropomus undecimalis_SA,Common Snook (Sub-adult),prey_community,-0.12049986519645924,-0.00016006679895023504,0.0,0.0013283565640449524,0.036446626236799375
2024,Cynoscion nebulosus_A,Spotted Seatrout (Adult),prey_community,0.007956015375483573,0.00018469616770744324,0.013590296821903606,0.023214656859636307,0.1523635680195115
2024,Cynoscion nebulosus_R,Spotted Seatrout (Recruit),prey_community,0.3546354999094954,0.02747216324011485,0.1657472872782986,0.07746591418981552,0.2783269914863011
2024,Lutjanus griseus_R,Gray Snapper (Recruit),prey_community,-0.11802725746126941,-0.0008201726401845614,0.0,0.00694901030510664,0.08336072399581616
2024,Lutjanus griseus_SA,Gray Snapper (Sub-adult),prey_community,0.20679678239886826,0.0033268953363100686,0.05767924528207758,0.01608775183558464,0.1268375016924594
2024,Mycteroperca microlepis_SA,Gag Grouper (Sub-adult),prey_community,-0.3011553180790803,-0.000634098774753511,0.0,0.0021055538672953844,0.04588631459700577
2024,Sciaenops ocellatus_R,Red Drum (Recruit),prey_community,0.10721368861242812,0.0004665665328502655,0.021600151222856415,0.004351743962615728,0.0659677494129952
2024,Sciaenops ocellatus_SA,Red Drum (Sub-adult),prey_community,0.08186980496579059,0.007799136141935985,0.08831271789462707,0.09526266902685165,0.3086465114444867
2024,Archosargus probatocephalus_A,Sheepshead (Adult),nonprey_community,0.3656905401618001,0.02677036573489507,0.16361652036055244,0.07320497184991837,0.27056417325639837
2024,Archosargus probatocephalus_R,Sheepshead (Recruit),nonprey_community,0.15577922985777207,0.00109848581875364,0.033143412901414364,0.007051554974168539,0.08397353734462149
2024,Callinectes sapidus_R,Blue Crab (Recruit),nonprey_community,0.052670127392986515,0.011952022711435953,0.1093253068206806,0.22692222893238068,0.47636354702304906
2024,Centropomus undecimalis_A,Common Snook (Adult),nonprey_community,0.14568412851453194,0.03959175944328308,0.19897678116625336,0.2717643976211548,0.5213102700131226
2024,Centropomus undecimalis_SA,Common Snook (Sub-adult),nonprey_community,0.1436854462688103,0.0001908655200774471,0.013815408791543126,0.0013283565640449524,0.036446626236799375
2024,Cynoscion nebulosus_A,Spotted Seatrout (Adult),nonprey_community,0.5748339723953889,0.013344573477904001,0.1155187148383499,0.023214656859636307,0.1523635680195115
2024,Cynoscion nebulosus_R,Spotted Seatrout (Recruit),nonprey_community,0.15138300161431398,0.01172702262798945,0.10829137836406669,0.07746591418981552,0.2783269914863011
2024,Lutjanus griseus_R,Gray Snapper (Recruit),nonprey_community,0.011708682276264322,8.136375496784846e-05,0.009020185971910361,0.00694901030510664,0.08336072399581616
2024,Lutjanus griseus_SA,Gray Snapper (Sub-adult),nonprey_community,0.3896859310940603,0.006269170592228572,0.0791780941436997,0.01608775183558464,0.1268375016924594
2024,Mycteroperca microlepis_SA,Gag Grouper (Sub-adult),nonprey_community,-0.3614359912462957,-0.0007610229852919778,0.0,0.0021055538672953844,0.04588631459700577
2024,Sciaenops ocellatus_R,Red Drum (Recruit),nonprey_community,0.2345790059391938,0.0010208277963101864,0.03195039587094636,0.004351743962615728,0.0659677494129952
2024,Sciaenops ocellatus_SA,Red Drum (Sub-adult),nonprey_community,0.22621905180086807,0.02155023068189621,0.14679996826258584,0.09526266902685165,0.3086465114444867
