Device cpu
  [prevalence_target_min=0.1] Promoted 20 community species to targets. Total targets: 34. Demoted 72 rare species to input features.
FIM targets: 34 life-stage species (_A/_R/_SA/_J)
FIM forage (input only): []
FIM community species as input features: 72
FIM n_env_feats: 58
HybridEncoder individual_indices: 0 features
HybridEncoder group_slices: [(0, 72, 'other_species'), (72, 78, 'env'), (78, 86, 'restoration'), (86, 93, 'habitat_structured'), (93, 100, 'habitat_open'), (100, 107, 'shoreline'), (107, 110, 'water_effort'), (110, 124, 'bycatch'), (124, 130, 'na_indicators')]
FIM dataset: 34 species, time_intervals=1
Time intervals 1

================================================================
Rolling-windowed  test_year=2010
  Val  : 2009
  Test : 2010
  win_size=3  n_windows=10
================================================================
Initially data (54319, 166)
After filtering (24937, 166)
get_X_Y
X shape (24937, 130)
Y shape (24937, 34)
Y (output) means tensor([[0.1447, 0.0127, 0.2670, 0.1674, 0.0142, 0.0624, 0.1688, 0.6403, 0.8419,
         0.0218, 0.0433, 0.0141, 0.0743, 0.1473, 1.0253, 0.9296, 0.3659, 0.4133,
         0.9961, 0.4017, 0.1961, 0.2287, 0.4237, 0.1708, 0.4009, 0.4735, 0.2990,
         0.6411, 0.5361, 0.1538, 0.2455, 0.0967, 0.1378, 0.1352]]) stds tensor([[0.4759, 0.1425, 0.6450, 0.5957, 0.1432, 0.3048, 0.5325, 1.4282, 1.5683,
         0.1856, 0.2852, 0.1612, 0.4045, 0.4611, 2.1130, 1.6207, 0.8917, 1.2119,
         1.7277, 0.9473, 0.5522, 0.7063, 1.1073, 0.5803, 1.0032, 1.0510, 0.7432,
         1.3859, 1.0639, 0.4535, 0.7875, 0.3237, 0.4091, 0.3811]])
Y count-scale means tensor([[4.7995e-01, 3.8462e-02, 1.0546e+00, 9.2712e-01, 3.8750e-02, 1.9678e-01,
         6.3365e-01, 1.4055e+01, 2.7378e+01, 6.5048e-02, 1.8567e-01, 4.8798e-02,
         5.0606e-01, 4.4933e-01, 2.7225e+02, 2.0047e+01, 3.0278e+00, 1.6869e+01,
         3.3809e+01, 3.3352e+00, 6.7707e-01, 1.6736e+00, 8.3841e+00, 1.6151e+00,
         3.6877e+00, 4.3880e+00, 1.4438e+00, 2.4749e+01, 6.4391e+00, 4.7606e-01,
         2.7440e+00, 1.9995e-01, 3.3154e-01, 2.8462e-01]]) stds tensor([[3.2201e+00, 6.9984e-01, 6.2948e+00, 7.0654e+00, 6.5841e-01, 2.0970e+00,
         4.1402e+00, 7.0738e+01, 1.8693e+02, 8.7345e-01, 2.7362e+00, 8.0355e-01,
         9.2696e+00, 2.7550e+00, 3.1861e+03, 9.3559e+01, 2.1775e+01, 2.0322e+02,
         2.6768e+02, 1.9449e+01, 3.6295e+00, 1.6226e+01, 8.1280e+01, 5.2445e+01,
         1.7698e+01, 2.4202e+01, 7.7699e+00, 4.5895e+02, 7.6858e+01, 5.7896e+00,
         2.6420e+01, 9.0255e-01, 1.5608e+00, 1.1253e+00]])
Loaded per-window (calendar) month weights from analysis/figures/month_weights_per_window.npz: cube.shape=(25, 12, 34)
/Users/liyingnceas/GitHub/GNN-RNN-main/gnn-lstm-v3/utils/data_utils.py:264: RuntimeWarning: Mean of empty slice
  np.nanmean(county_dict[county], axis=0).astype(np.float32)
Filled 62371 missing (node, year) entries from neighbors or year averages
[2D] Station nodes: 586, adj nnz: 2905
[build_year_XY_windowed] data_start=1998, min_pred_year=2009, test_year=2010, win_size=3, n_windows=10
  built windows for T=2009
[build_year_XY_windowed] built windowed XY for 2 prediction years (2009–2010)
  GAT_RNN_V2: edge_feat_dim=3, n_heads=4, n_hidden=64

----- Epoch 0 (windowed) -----

###### Windowed train epoch 0 overall metrics
  loss: 0.2021 rmse: 27.738 r2: 0.003 corr: 0.061
***** Epoch 0 Val (windowed) *****
  loss: 0.0747 rmse: 27.732 r2: 0.004 corr: 0.075
********************
***** Epoch 0 Test (windowed) *****
  loss: 0.0753 rmse: 17.479 r2: 0.009 corr: 0.109
********************
  Epoch 0 done in 8.9s
  Saved best model → model/FIM_restoration_0412_stations_monthly/2010/gat-rnn-v2-windowed_bs-128_lr-0.001_maxepoch-50_testyear-2010_win-3_nwin-10_seed-0/model-0

----- Epoch 1 (windowed) -----

###### Windowed train epoch 1 overall metrics
  loss: 0.1988 rmse: 27.735 r2: 0.004 corr: 0.069
***** Epoch 1 Val (windowed) *****
  loss: 0.0744 rmse: 27.745 r2: 0.003 corr: 0.058
********************
***** Epoch 1 Test (windowed) *****
  loss: 0.0748 rmse: 17.486 r2: 0.008 corr: 0.096
********************
  Epoch 1 done in 8.8s

----- Epoch 2 (windowed) -----

###### Windowed train epoch 2 overall metrics
  loss: 0.1979 rmse: 27.743 r2: 0.003 corr: 0.057
***** Epoch 2 Val (windowed) *****
  loss: 0.0741 rmse: 27.744 r2: 0.003 corr: 0.057
********************
***** Epoch 2 Test (windowed) *****
  loss: 0.0744 rmse: 17.487 r2: 0.008 corr: 0.091
********************
  Epoch 2 done in 9.0s

----- Epoch 3 (windowed) -----

###### Windowed train epoch 3 overall metrics
  loss: 0.1966 rmse: 27.749 r2: 0.003 corr: 0.052
***** Epoch 3 Val (windowed) *****
  loss: 0.0731 rmse: 27.732 r2: 0.004 corr: 0.064
********************
***** Epoch 3 Test (windowed) *****
  loss: 0.0735 rmse: 17.483 r2: 0.008 corr: 0.092
********************
  Epoch 3 done in 9.0s
  Saved best model → model/FIM_restoration_0412_stations_monthly/2010/gat-rnn-v2-windowed_bs-128_lr-0.001_maxepoch-50_testyear-2010_win-3_nwin-10_seed-0/model-3

----- Epoch 4 (windowed) -----

###### Windowed train epoch 4 overall metrics
  loss: 0.1952 rmse: 27.739 r2: 0.003 corr: 0.058
***** Epoch 4 Val (windowed) *****
  loss: 0.0721 rmse: 27.728 r2: 0.004 corr: 0.065
********************
***** Epoch 4 Test (windowed) *****
  loss: 0.0724 rmse: 17.487 r2: 0.008 corr: 0.091
********************
  Epoch 4 done in 8.8s
  Saved best model → model/FIM_restoration_0412_stations_monthly/2010/gat-rnn-v2-windowed_bs-128_lr-0.001_maxepoch-50_testyear-2010_win-3_nwin-10_seed-0/model-4

----- Epoch 5 (windowed) -----

###### Windowed train epoch 5 overall metrics
  loss: 0.1928 rmse: 27.730 r2: 0.004 corr: 0.065
***** Epoch 5 Val (windowed) *****
  loss: 0.0705 rmse: 27.711 r2: 0.005 corr: 0.074
********************
***** Epoch 5 Test (windowed) *****
  loss: 0.0710 rmse: 17.451 r2: 0.012 corr: 0.110
********************
  Epoch 5 done in 8.8s
  Saved best model → model/FIM_restoration_0412_stations_monthly/2010/gat-rnn-v2-windowed_bs-128_lr-0.001_maxepoch-50_testyear-2010_win-3_nwin-10_seed-0/model-5

----- Epoch 6 (windowed) -----

###### Windowed train epoch 6 overall metrics
  loss: 0.1901 rmse: 27.694 r2: 0.007 corr: 0.083
***** Epoch 6 Val (windowed) *****
  loss: 0.0694 rmse: 27.686 r2: 0.007 corr: 0.085
********************
***** Epoch 6 Test (windowed) *****
  loss: 0.0696 rmse: 17.431 r2: 0.014 corr: 0.120
********************
  Epoch 6 done in 8.9s
  Saved best model → model/FIM_restoration_0412_stations_monthly/2010/gat-rnn-v2-windowed_bs-128_lr-0.001_maxepoch-50_testyear-2010_win-3_nwin-10_seed-0/model-6

----- Epoch 7 (windowed) -----

###### Windowed train epoch 7 overall metrics
  loss: 0.1882 rmse: 27.674 r2: 0.008 corr: 0.090
***** Epoch 7 Val (windowed) *****
  loss: 0.0682 rmse: 27.615 r2: 0.012 corr: 0.117
********************
***** Epoch 7 Test (windowed) *****
  loss: 0.0686 rmse: 17.344 r2: 0.024 corr: 0.159
********************
  Epoch 7 done in 8.6s
  Saved best model → model/FIM_restoration_0412_stations_monthly/2010/gat-rnn-v2-windowed_bs-128_lr-0.001_maxepoch-50_testyear-2010_win-3_nwin-10_seed-0/model-7

----- Epoch 8 (windowed) -----

###### Windowed train epoch 8 overall metrics
  loss: 0.1862 rmse: 27.610 r2: 0.013 corr: 0.117
***** Epoch 8 Val (windowed) *****
  loss: 0.0673 rmse: 27.599 r2: 0.013 corr: 0.124
********************
***** Epoch 8 Test (windowed) *****
  loss: 0.0677 rmse: 17.325 r2: 0.026 corr: 0.166
********************
  Epoch 8 done in 8.2s
  Saved best model → model/FIM_restoration_0412_stations_monthly/2010/gat-rnn-v2-windowed_bs-128_lr-0.001_maxepoch-50_testyear-2010_win-3_nwin-10_seed-0/model-8

----- Epoch 9 (windowed) -----

###### Windowed train epoch 9 overall metrics
  loss: 0.1846 rmse: 27.632 r2: 0.011 corr: 0.106
***** Epoch 9 Val (windowed) *****
  loss: 0.0663 rmse: 27.563 r2: 0.016 corr: 0.135
********************
***** Epoch 9 Test (windowed) *****
  loss: 0.0667 rmse: 17.275 r2: 0.032 corr: 0.184
********************
  Epoch 9 done in 8.1s
  Saved best model → model/FIM_restoration_0412_stations_monthly/2010/gat-rnn-v2-windowed_bs-128_lr-0.001_maxepoch-50_testyear-2010_win-3_nwin-10_seed-0/model-9

----- Epoch 10 (windowed) -----

###### Windowed train epoch 10 overall metrics
  loss: 0.1833 rmse: 27.613 r2: 0.012 corr: 0.115
***** Epoch 10 Val (windowed) *****
  loss: 0.0657 rmse: 27.579 r2: 0.015 corr: 0.131
********************
***** Epoch 10 Test (windowed) *****
  loss: 0.0661 rmse: 17.282 r2: 0.031 corr: 0.183
********************
  Epoch 10 done in 8.4s

----- Epoch 11 (windowed) -----

###### Windowed train epoch 11 overall metrics
  loss: 0.1811 rmse: 27.562 r2: 0.016 corr: 0.129
***** Epoch 11 Val (windowed) *****
  loss: 0.0647 rmse: 27.524 r2: 0.019 corr: 0.139
********************
***** Epoch 11 Test (windowed) *****
  loss: 0.0655 rmse: 17.248 r2: 0.035 corr: 0.189
********************
  Epoch 11 done in 8.4s
  Saved best model → model/FIM_restoration_0412_stations_monthly/2010/gat-rnn-v2-windowed_bs-128_lr-0.001_maxepoch-50_testyear-2010_win-3_nwin-10_seed-0/model-11

----- Epoch 12 (windowed) -----

###### Windowed train epoch 12 overall metrics
  loss: 0.1799 rmse: 27.480 r2: 0.022 corr: 0.151
***** Epoch 12 Val (windowed) *****
  loss: 0.0640 rmse: 27.491 r2: 0.021 corr: 0.158
********************
***** Epoch 12 Test (windowed) *****
  loss: 0.0645 rmse: 17.195 r2: 0.041 corr: 0.209
********************
  Epoch 12 done in 9.3s
  Saved best model → model/FIM_restoration_0412_stations_monthly/2010/gat-rnn-v2-windowed_bs-128_lr-0.001_maxepoch-50_testyear-2010_win-3_nwin-10_seed-0/model-12

----- Epoch 13 (windowed) -----

###### Windowed train epoch 13 overall metrics
  loss: 0.1785 rmse: 27.495 r2: 0.021 corr: 0.149
***** Epoch 13 Val (windowed) *****
  loss: 0.0634 rmse: 27.429 r2: 0.026 corr: 0.161
********************
***** Epoch 13 Test (windowed) *****
  loss: 0.0637 rmse: 17.202 r2: 0.040 corr: 0.206
********************
  Epoch 13 done in 9.4s
  Saved best model → model/FIM_restoration_0412_stations_monthly/2010/gat-rnn-v2-windowed_bs-128_lr-0.001_maxepoch-50_testyear-2010_win-3_nwin-10_seed-0/model-13

----- Epoch 14 (windowed) -----

###### Windowed train epoch 14 overall metrics
  loss: 0.1770 rmse: 27.501 r2: 0.020 corr: 0.144
***** Epoch 14 Val (windowed) *****
  loss: 0.0627 rmse: 27.397 r2: 0.028 corr: 0.176
********************
***** Epoch 14 Test (windowed) *****
  loss: 0.0631 rmse: 17.133 r2: 0.048 corr: 0.222
********************
  Epoch 14 done in 9.2s
  Saved best model → model/FIM_restoration_0412_stations_monthly/2010/gat-rnn-v2-windowed_bs-128_lr-0.001_maxepoch-50_testyear-2010_win-3_nwin-10_seed-0/model-14

----- Epoch 15 (windowed) -----

###### Windowed train epoch 15 overall metrics
  loss: 0.1761 rmse: 27.353 r2: 0.031 corr: 0.178
***** Epoch 15 Val (windowed) *****
  loss: 0.0617 rmse: 27.155 r2: 0.045 corr: 0.219
********************
***** Epoch 15 Test (windowed) *****
  loss: 0.0625 rmse: 16.952 r2: 0.068 corr: 0.263
********************
  Epoch 15 done in 9.4s
  Saved best model → model/FIM_restoration_0412_stations_monthly/2010/gat-rnn-v2-windowed_bs-128_lr-0.001_maxepoch-50_testyear-2010_win-3_nwin-10_seed-0/model-15

----- Epoch 16 (windowed) -----

###### Windowed train epoch 16 overall metrics
  loss: 0.1745 rmse: 27.098 r2: 0.049 corr: 0.226
***** Epoch 16 Val (windowed) *****
  loss: 0.0609 rmse: 27.290 r2: 0.035 corr: 0.194
********************
***** Epoch 16 Test (windowed) *****
  loss: 0.0617 rmse: 17.032 r2: 0.059 corr: 0.245
********************
  Epoch 16 done in 9.3s

----- Epoch 17 (windowed) -----

###### Windowed train epoch 17 overall metrics
  loss: 0.1729 rmse: 27.481 r2: 0.022 corr: 0.151
***** Epoch 17 Val (windowed) *****
  loss: 0.0603 rmse: 27.164 r2: 0.044 corr: 0.212
********************
***** Epoch 17 Test (windowed) *****
  loss: 0.0611 rmse: 17.050 r2: 0.057 corr: 0.252
********************
  Epoch 17 done in 9.1s

----- Epoch 18 (windowed) -----

###### Windowed train epoch 18 overall metrics
  loss: 0.1721 rmse: 27.720 r2: 0.005 corr: 0.164
***** Epoch 18 Val (windowed) *****
  loss: 0.0600 rmse: 27.113 r2: 0.048 corr: 0.220
********************
***** Epoch 18 Test (windowed) *****
  loss: 0.0608 rmse: 17.013 r2: 0.061 corr: 0.262
********************
  Epoch 18 done in 9.5s
  Saved best model → model/FIM_restoration_0412_stations_monthly/2010/gat-rnn-v2-windowed_bs-128_lr-0.001_maxepoch-50_testyear-2010_win-3_nwin-10_seed-0/model-18

----- Epoch 19 (windowed) -----

###### Windowed train epoch 19 overall metrics
  loss: 0.1714 rmse: 27.954 r2: -0.012 corr: 0.157
***** Epoch 19 Val (windowed) *****
  loss: 0.0591 rmse: 27.232 r2: 0.039 corr: 0.208
********************
***** Epoch 19 Test (windowed) *****
  loss: 0.0601 rmse: 16.971 r2: 0.066 corr: 0.258
********************
  Epoch 19 done in 9.6s

----- Epoch 20 (windowed) -----

###### Windowed train epoch 20 overall metrics
  loss: 0.1696 rmse: 27.387 r2: 0.029 corr: 0.171
***** Epoch 20 Val (windowed) *****
  loss: 0.0584 rmse: 27.238 r2: 0.039 corr: 0.199
********************
***** Epoch 20 Test (windowed) *****
  loss: 0.0596 rmse: 17.048 r2: 0.057 corr: 0.250
********************
  Epoch 20 done in 9.1s

----- Epoch 21 (windowed) -----

###### Windowed train epoch 21 overall metrics
  loss: 0.1683 rmse: 27.598 r2: 0.013 corr: 0.171
***** Epoch 21 Val (windowed) *****
  loss: 0.0579 rmse: 27.116 r2: 0.048 corr: 0.220
********************
***** Epoch 21 Test (windowed) *****
  loss: 0.0591 rmse: 17.002 r2: 0.062 corr: 0.263
********************
  Epoch 21 done in 8.5s

----- Epoch 22 (windowed) -----

###### Windowed train epoch 22 overall metrics
  loss: 0.1675 rmse: 27.073 r2: 0.051 corr: 0.227
***** Epoch 22 Val (windowed) *****
  loss: 0.0570 rmse: 27.097 r2: 0.049 corr: 0.224
********************
***** Epoch 22 Test (windowed) *****
  loss: 0.0588 rmse: 16.922 r2: 0.071 corr: 0.277
********************
  Epoch 22 done in 8.4s
  Saved best model → model/FIM_restoration_0412_stations_monthly/2010/gat-rnn-v2-windowed_bs-128_lr-0.001_maxepoch-50_testyear-2010_win-3_nwin-10_seed-0/model-22

----- Epoch 23 (windowed) -----

###### Windowed train epoch 23 overall metrics
  loss: 0.1660 rmse: 27.176 r2: 0.043 corr: 0.214
***** Epoch 23 Val (windowed) *****
  loss: 0.0566 rmse: 27.246 r2: 0.038 corr: 0.198
********************
***** Epoch 23 Test (windowed) *****
  loss: 0.0585 rmse: 17.006 r2: 0.062 corr: 0.256
********************
  Epoch 23 done in 8.3s

----- Epoch 24 (windowed) -----

###### Windowed train epoch 24 overall metrics
  loss: 0.1651 rmse: 27.389 r2: 0.028 corr: 0.171
***** Epoch 24 Val (windowed) *****
  loss: 0.0562 rmse: 27.225 r2: 0.040 corr: 0.205
********************
***** Epoch 24 Test (windowed) *****
  loss: 0.0585 rmse: 17.086 r2: 0.053 corr: 0.257
********************
  Epoch 24 done in 8.4s

----- Epoch 25 (windowed) -----

###### Windowed train epoch 25 overall metrics
  loss: 0.1639 rmse: 27.399 r2: 0.028 corr: 0.175
***** Epoch 25 Val (windowed) *****
  loss: 0.0555 rmse: 27.243 r2: 0.039 corr: 0.199
********************
***** Epoch 25 Test (windowed) *****
  loss: 0.0573 rmse: 16.990 r2: 0.063 corr: 0.258
********************
  Epoch 25 done in 8.4s

----- Epoch 26 (windowed) -----

###### Windowed train epoch 26 overall metrics
  loss: 0.1631 rmse: 27.510 r2: 0.020 corr: 0.156
***** Epoch 26 Val (windowed) *****
  loss: 0.0551 rmse: 27.131 r2: 0.047 corr: 0.218
********************
***** Epoch 26 Test (windowed) *****
  loss: 0.0574 rmse: 16.940 r2: 0.069 corr: 0.275
********************
  Epoch 26 done in 8.6s

----- Epoch 27 (windowed) -----

###### Windowed train epoch 27 overall metrics
  loss: 0.1621 rmse: 30.594 r2: -0.212 corr: 0.123
***** Epoch 27 Val (windowed) *****
  loss: 0.0545 rmse: 27.254 r2: 0.038 corr: 0.199
********************
***** Epoch 27 Test (windowed) *****
  loss: 0.0568 rmse: 17.099 r2: 0.051 corr: 0.253
********************
  Epoch 27 done in 8.6s

----- Epoch 28 (windowed) -----

###### Windowed train epoch 28 overall metrics
  loss: 0.1618 rmse: 27.578 r2: 0.015 corr: 0.150
***** Epoch 28 Val (windowed) *****
  loss: 0.0541 rmse: 27.221 r2: 0.040 corr: 0.202
********************
***** Epoch 28 Test (windowed) *****
  loss: 0.0564 rmse: 16.951 r2: 0.068 corr: 0.268
********************
  Epoch 28 done in 8.4s

----- Epoch 29 (windowed) -----

###### Windowed train epoch 29 overall metrics
  loss: 0.1605 rmse: 27.279 r2: 0.036 corr: 0.196
***** Epoch 29 Val (windowed) *****
  loss: 0.0537 rmse: 27.265 r2: 0.037 corr: 0.200
********************
***** Epoch 29 Test (windowed) *****
  loss: 0.0561 rmse: 17.078 r2: 0.054 corr: 0.257
********************
  Epoch 29 done in 8.3s

----- Epoch 30 (windowed) -----

###### Windowed train epoch 30 overall metrics
  loss: 0.1599 rmse: 27.376 r2: 0.029 corr: 0.202
***** Epoch 30 Val (windowed) *****
  loss: 0.0535 rmse: 27.215 r2: 0.041 corr: 0.205
********************
***** Epoch 30 Test (windowed) *****
  loss: 0.0560 rmse: 16.995 r2: 0.063 corr: 0.268
********************
  Epoch 30 done in 8.4s

----- Epoch 31 (windowed) -----

###### Windowed train epoch 31 overall metrics
  loss: 0.1591 rmse: 27.451 r2: 0.024 corr: 0.196
***** Epoch 31 Val (windowed) *****
  loss: 0.0531 rmse: 27.131 r2: 0.047 corr: 0.218
********************
***** Epoch 31 Test (windowed) *****
  loss: 0.0556 rmse: 16.910 r2: 0.072 corr: 0.280
********************
  Epoch 31 done in 8.4s

----- Epoch 32 (windowed) -----

###### Windowed train epoch 32 overall metrics
  loss: 0.1585 rmse: 27.480 r2: 0.022 corr: 0.165
***** Epoch 32 Val (windowed) *****
  loss: 0.0531 rmse: 27.173 r2: 0.044 corr: 0.211
********************
***** Epoch 32 Test (windowed) *****
  loss: 0.0559 rmse: 16.919 r2: 0.071 corr: 0.278
********************
  Epoch 32 done in 8.5s

----- Epoch 33 (windowed) -----

###### Windowed train epoch 33 overall metrics
  loss: 0.1577 rmse: 27.545 r2: 0.017 corr: 0.183
***** Epoch 33 Val (windowed) *****
  loss: 0.0523 rmse: 27.061 r2: 0.051 corr: 0.230
********************
***** Epoch 33 Test (windowed) *****
  loss: 0.0554 rmse: 16.854 r2: 0.078 corr: 0.290
********************
  Epoch 33 done in 8.5s
  Saved best model → model/FIM_restoration_0412_stations_monthly/2010/gat-rnn-v2-windowed_bs-128_lr-0.001_maxepoch-50_testyear-2010_win-3_nwin-10_seed-0/model-33

----- Epoch 34 (windowed) -----

###### Windowed train epoch 34 overall metrics
  loss: 0.1568 rmse: 27.674 r2: 0.008 corr: 0.172
***** Epoch 34 Val (windowed) *****
  loss: 0.0521 rmse: 27.180 r2: 0.043 corr: 0.210
********************
***** Epoch 34 Test (windowed) *****
  loss: 0.0552 rmse: 16.951 r2: 0.068 corr: 0.272
********************
  Epoch 34 done in 8.5s

----- Epoch 35 (windowed) -----

###### Windowed train epoch 35 overall metrics
  loss: 0.1563 rmse: 27.227 r2: 0.040 corr: 0.208
***** Epoch 35 Val (windowed) *****
  loss: 0.0517 rmse: 27.212 r2: 0.041 corr: 0.204
********************
***** Epoch 35 Test (windowed) *****
  loss: 0.0548 rmse: 16.954 r2: 0.067 corr: 0.271
********************
  Epoch 35 done in 8.7s

----- Epoch 36 (windowed) -----

###### Windowed train epoch 36 overall metrics
  loss: 0.1555 rmse: 27.708 r2: 0.006 corr: 0.142
***** Epoch 36 Val (windowed) *****
  loss: 0.0512 rmse: 27.216 r2: 0.041 corr: 0.204
********************
***** Epoch 36 Test (windowed) *****
  loss: 0.0549 rmse: 16.935 r2: 0.070 corr: 0.272
********************
  Epoch 36 done in 8.6s

----- Epoch 37 (windowed) -----

###### Windowed train epoch 37 overall metrics
  loss: 0.1547 rmse: 27.340 r2: 0.032 corr: 0.182
***** Epoch 37 Val (windowed) *****
  loss: 0.0508 rmse: 27.198 r2: 0.042 corr: 0.207
********************
***** Epoch 37 Test (windowed) *****
  loss: 0.0554 rmse: 16.961 r2: 0.067 corr: 0.269
********************
  Epoch 37 done in 8.5s

----- Epoch 38 (windowed) -----

###### Windowed train epoch 38 overall metrics
  loss: 0.1537 rmse: 27.400 r2: 0.028 corr: 0.189
***** Epoch 38 Val (windowed) *****
  loss: 0.0508 rmse: 27.125 r2: 0.047 corr: 0.220
********************
***** Epoch 38 Test (windowed) *****
  loss: 0.0553 rmse: 16.914 r2: 0.072 corr: 0.281
********************
  Epoch 38 done in 8.6s

----- Epoch 39 (windowed) -----

###### Windowed train epoch 39 overall metrics
  loss: 0.1537 rmse: 27.447 r2: 0.024 corr: 0.184
***** Epoch 39 Val (windowed) *****
  loss: 0.0504 rmse: 27.177 r2: 0.043 corr: 0.211
********************
***** Epoch 39 Test (windowed) *****
  loss: 0.0551 rmse: 16.913 r2: 0.072 corr: 0.279
********************
  Epoch 39 done in 8.6s

----- Epoch 40 (windowed) -----

###### Windowed train epoch 40 overall metrics
  loss: 0.1533 rmse: 27.227 r2: 0.040 corr: 0.206
***** Epoch 40 Val (windowed) *****
  loss: 0.0502 rmse: 27.250 r2: 0.038 corr: 0.201
********************
***** Epoch 40 Test (windowed) *****
  loss: 0.0558 rmse: 17.045 r2: 0.057 corr: 0.265
********************
  Epoch 40 done in 8.5s

----- Epoch 41 (windowed) -----

###### Windowed train epoch 41 overall metrics
  loss: 0.1524 rmse: 28.128 r2: -0.025 corr: 0.148
***** Epoch 41 Val (windowed) *****
  loss: 0.0500 rmse: 27.212 r2: 0.041 corr: 0.205
********************
***** Epoch 41 Test (windowed) *****
  loss: 0.0549 rmse: 16.968 r2: 0.066 corr: 0.266
********************
  Epoch 41 done in 8.4s

----- Epoch 42 (windowed) -----

###### Windowed train epoch 42 overall metrics
  loss: 0.1521 rmse: 27.202 r2: 0.042 corr: 0.207
***** Epoch 42 Val (windowed) *****
  loss: 0.0498 rmse: 27.216 r2: 0.041 corr: 0.204
********************
***** Epoch 42 Test (windowed) *****
  loss: 0.0549 rmse: 16.993 r2: 0.063 corr: 0.264
********************
  Epoch 42 done in 8.6s

----- Epoch 43 (windowed) -----

###### Windowed train epoch 43 overall metrics
  loss: 0.1516 rmse: 27.418 r2: 0.026 corr: 0.183
***** Epoch 43 Val (windowed) *****
  loss: 0.0498 rmse: 27.205 r2: 0.041 corr: 0.207
********************
***** Epoch 43 Test (windowed) *****
  loss: 0.0565 rmse: 17.031 r2: 0.059 corr: 0.263
********************
  Epoch 43 done in 8.4s

----- Epoch 44 (windowed) -----

###### Windowed train epoch 44 overall metrics
  loss: 0.1508 rmse: 27.519 r2: 0.019 corr: 0.170
***** Epoch 44 Val (windowed) *****
  loss: 0.0494 rmse: 27.199 r2: 0.042 corr: 0.209
********************
***** Epoch 44 Test (windowed) *****
  loss: 0.0552 rmse: 16.970 r2: 0.066 corr: 0.267
********************
  Epoch 44 done in 8.5s

----- Epoch 45 (windowed) -----

###### Windowed train epoch 45 overall metrics
  loss: 0.1505 rmse: 27.934 r2: -0.011 corr: 0.144
***** Epoch 45 Val (windowed) *****
  loss: 0.0491 rmse: 27.237 r2: 0.039 corr: 0.202
********************
***** Epoch 45 Test (windowed) *****
  loss: 0.0555 rmse: 17.074 r2: 0.054 corr: 0.256
********************
  Epoch 45 done in 8.5s

----- Epoch 46 (windowed) -----

###### Windowed train epoch 46 overall metrics
  loss: 0.1497 rmse: 27.502 r2: 0.020 corr: 0.162
***** Epoch 46 Val (windowed) *****
  loss: 0.0489 rmse: 27.189 r2: 0.042 corr: 0.208
********************
***** Epoch 46 Test (windowed) *****
  loss: 0.0543 rmse: 17.027 r2: 0.059 corr: 0.259
********************
  Epoch 46 done in 8.6s

----- Epoch 47 (windowed) -----

###### Windowed train epoch 47 overall metrics
  loss: 0.1503 rmse: 27.834 r2: -0.003 corr: 0.172
***** Epoch 47 Val (windowed) *****
  loss: 0.0487 rmse: 27.114 r2: 0.048 corr: 0.222
********************
***** Epoch 47 Test (windowed) *****
  loss: 0.0559 rmse: 17.039 r2: 0.058 corr: 0.269
********************
  Epoch 47 done in 8.6s

----- Epoch 48 (windowed) -----

###### Windowed train epoch 48 overall metrics
  loss: 0.1490 rmse: 27.474 r2: 0.022 corr: 0.171
***** Epoch 48 Val (windowed) *****
  loss: 0.0484 rmse: 27.176 r2: 0.043 corr: 0.212
********************
***** Epoch 48 Test (windowed) *****
  loss: 0.0542 rmse: 16.966 r2: 0.066 corr: 0.268
********************
  Epoch 48 done in 8.5s

----- Epoch 49 (windowed) -----

###### Windowed train epoch 49 overall metrics
  loss: 0.1484 rmse: 27.350 r2: 0.031 corr: 0.186
***** Epoch 49 Val (windowed) *****
  loss: 0.0482 rmse: 27.186 r2: 0.043 corr: 0.211
********************
***** Epoch 49 Test (windowed) *****
  loss: 0.0554 rmse: 17.034 r2: 0.059 corr: 0.262
********************
  Epoch 49 done in 8.4s
Fold done — best val RMSE=27.0613 test R²=0.0785 corr=0.2904

================================================================
Rolling-windowed  test_year=2011
  Val  : 2010
  Test : 2011
  win_size=3  n_windows=10
================================================================
Initially data (54319, 166)
After filtering (27035, 166)
get_X_Y
X shape (27035, 130)
Y shape (27035, 34)
Y (output) means tensor([[0.1433, 0.0123, 0.2580, 0.1637, 0.0142, 0.0620, 0.1670, 0.6468, 0.8690,
         0.0225, 0.0438, 0.0141, 0.0728, 0.1453, 1.0233, 0.9476, 0.3614, 0.4128,
         0.9893, 0.3953, 0.1965, 0.2300, 0.4255, 0.1722, 0.4063, 0.4753, 0.2938,
         0.6298, 0.5302, 0.1537, 0.2539, 0.0989, 0.1329, 0.1357]]) stds tensor([[0.4733, 0.1385, 0.6345, 0.5865, 0.1426, 0.3028, 0.5300, 1.4344, 1.5972,
         0.1881, 0.2859, 0.1611, 0.4009, 0.4589, 2.1098, 1.6306, 0.8817, 1.2075,
         1.7242, 0.9377, 0.5496, 0.7061, 1.1105, 0.5819, 1.0044, 1.0518, 0.7346,
         1.3702, 1.0575, 0.4522, 0.8024, 0.3294, 0.4019, 0.3823]])
Y count-scale means tensor([[4.7390e-01, 3.6249e-02, 1.0112e+00, 8.9239e-01, 3.8302e-02, 1.9247e-01,
         6.2641e-01, 1.4104e+01, 2.9596e+01, 6.6515e-02, 1.8295e-01, 4.9089e-02,
         4.9762e-01, 4.4552e-01, 2.6660e+02, 2.0438e+01, 2.9268e+00, 1.6256e+01,
         3.3960e+01, 3.2358e+00, 6.6769e-01, 1.6551e+00, 8.3635e+00, 1.5776e+00,
         3.6536e+00, 4.3682e+00, 1.3987e+00, 2.3759e+01, 6.2606e+00, 4.6910e-01,
         2.8434e+00, 2.0811e-01, 3.1891e-01, 2.8707e-01]]) stds tensor([[3.1711e+00, 6.6853e-01, 6.0830e+00, 6.8677e+00, 6.4214e-01, 2.0271e+00,
         4.0717e+00, 7.0289e+01, 2.1602e+02, 8.7238e-01, 2.6325e+00, 8.1717e-01,
         9.0924e+00, 2.7965e+00, 3.0861e+03, 9.5310e+01, 2.1287e+01, 1.9488e+02,
         2.6721e+02, 1.8929e+01, 3.5348e+00, 1.5795e+01, 7.8964e+01, 5.0309e+01,
         1.7370e+01, 2.3795e+01, 7.5360e+00, 4.4037e+02, 7.4028e+01, 5.5553e+00,
         2.6187e+01, 9.6126e-01, 1.5259e+00, 1.1650e+00]])
Loaded per-window (calendar) month weights from analysis/figures/month_weights_per_window.npz: cube.shape=(25, 12, 34)
/Users/liyingnceas/GitHub/GNN-RNN-main/gnn-lstm-v3/utils/data_utils.py:264: RuntimeWarning: Mean of empty slice
  np.nanmean(county_dict[county], axis=0).astype(np.float32)
Filled 67759 missing (node, year) entries from neighbors or year averages
[2D] Station nodes: 586, adj nnz: 2905
[build_year_XY_windowed] data_start=1998, min_pred_year=2009, test_year=2011, win_size=3, n_windows=10
  built windows for T=2009
[build_year_XY_windowed] built windowed XY for 3 prediction years (2009–2011)
  GAT_RNN_V2: edge_feat_dim=3, n_heads=4, n_hidden=64

----- Epoch 0 (windowed) -----

###### Windowed train epoch 0 overall metrics
  loss: 0.1992 rmse: 23.199 r2: 0.004 corr: 0.067
***** Epoch 0 Val (windowed) *****
  loss: 0.0739 rmse: 17.461 r2: 0.011 corr: 0.114
********************
***** Epoch 0 Test (windowed) *****
  loss: 0.0726 rmse: 30.203 r2: 0.005 corr: 0.075
********************
  Epoch 0 done in 12.5s
  Saved best model → model/FIM_restoration_0412_stations_monthly/2011/gat-rnn-v2-windowed_bs-128_lr-0.001_maxepoch-50_testyear-2011_win-3_nwin-10_seed-0/model-0

----- Epoch 1 (windowed) -----

###### Windowed train epoch 1 overall metrics
  loss: 0.1962 rmse: 23.177 r2: 0.006 corr: 0.076
***** Epoch 1 Val (windowed) *****
  loss: 0.0728 rmse: 17.457 r2: 0.012 corr: 0.113
********************
***** Epoch 1 Test (windowed) *****
  loss: 0.0720 rmse: 30.201 r2: 0.005 corr: 0.073
********************
  Epoch 1 done in 12.6s
  Saved best model → model/FIM_restoration_0412_stations_monthly/2011/gat-rnn-v2-windowed_bs-128_lr-0.001_maxepoch-50_testyear-2011_win-3_nwin-10_seed-0/model-1

----- Epoch 2 (windowed) -----

###### Windowed train epoch 2 overall metrics
  loss: 0.1933 rmse: 23.153 r2: 0.008 corr: 0.091
***** Epoch 2 Val (windowed) *****
  loss: 0.0707 rmse: 17.407 r2: 0.017 corr: 0.141
********************
***** Epoch 2 Test (windowed) *****
  loss: 0.0700 rmse: 30.170 r2: 0.007 corr: 0.092
********************
  Epoch 2 done in 12.6s
  Saved best model → model/FIM_restoration_0412_stations_monthly/2011/gat-rnn-v2-windowed_bs-128_lr-0.001_maxepoch-50_testyear-2011_win-3_nwin-10_seed-0/model-2

----- Epoch 3 (windowed) -----

###### Windowed train epoch 3 overall metrics
  loss: 0.1890 rmse: 23.051 r2: 0.016 corr: 0.132
***** Epoch 3 Val (windowed) *****
  loss: 0.0682 rmse: 17.172 r2: 0.044 corr: 0.222
********************
***** Epoch 3 Test (windowed) *****
  loss: 0.0675 rmse: 29.987 r2: 0.019 corr: 0.157
********************
  Epoch 3 done in 12.5s
  Saved best model → model/FIM_restoration_0412_stations_monthly/2011/gat-rnn-v2-windowed_bs-128_lr-0.001_maxepoch-50_testyear-2011_win-3_nwin-10_seed-0/model-3

----- Epoch 4 (windowed) -----

###### Windowed train epoch 4 overall metrics
  loss: 0.1853 rmse: 22.538 r2: 0.060 corr: 0.248
***** Epoch 4 Val (windowed) *****
  loss: 0.0665 rmse: 16.874 r2: 0.077 corr: 0.280
********************
***** Epoch 4 Test (windowed) *****
  loss: 0.0660 rmse: 29.632 r2: 0.042 corr: 0.209
********************
  Epoch 4 done in 12.9s
  Saved best model → model/FIM_restoration_0412_stations_monthly/2011/gat-rnn-v2-windowed_bs-128_lr-0.001_maxepoch-50_testyear-2011_win-3_nwin-10_seed-0/model-4

----- Epoch 5 (windowed) -----

###### Windowed train epoch 5 overall metrics
  loss: 0.1818 rmse: 22.512 r2: 0.062 corr: 0.250
***** Epoch 5 Val (windowed) *****
  loss: 0.0648 rmse: 16.781 r2: 0.087 corr: 0.298
********************
***** Epoch 5 Test (windowed) *****
  loss: 0.0645 rmse: 29.621 r2: 0.042 corr: 0.217
********************
  Epoch 5 done in 12.6s
  Saved best model → model/FIM_restoration_0412_stations_monthly/2011/gat-rnn-v2-windowed_bs-128_lr-0.001_maxepoch-50_testyear-2011_win-3_nwin-10_seed-0/model-5

----- Epoch 6 (windowed) -----

###### Windowed train epoch 6 overall metrics
  loss: 0.1791 rmse: 22.473 r2: 0.065 corr: 0.256
***** Epoch 6 Val (windowed) *****
  loss: 0.0633 rmse: 16.704 r2: 0.095 corr: 0.320
********************
***** Epoch 6 Test (windowed) *****
  loss: 0.0633 rmse: 29.364 r2: 0.059 corr: 0.245
********************
  Epoch 6 done in 12.7s
  Saved best model → model/FIM_restoration_0412_stations_monthly/2011/gat-rnn-v2-windowed_bs-128_lr-0.001_maxepoch-50_testyear-2011_win-3_nwin-10_seed-0/model-6

----- Epoch 7 (windowed) -----

###### Windowed train epoch 7 overall metrics
  loss: 0.1768 rmse: 22.850 r2: 0.034 corr: 0.204
***** Epoch 7 Val (windowed) *****
  loss: 0.0622 rmse: 16.636 r2: 0.103 corr: 0.330
********************
***** Epoch 7 Test (windowed) *****
  loss: 0.0624 rmse: 29.470 r2: 0.052 corr: 0.256
********************
  Epoch 7 done in 12.7s
  Saved best model → model/FIM_restoration_0412_stations_monthly/2011/gat-rnn-v2-windowed_bs-128_lr-0.001_maxepoch-50_testyear-2011_win-3_nwin-10_seed-0/model-7

----- Epoch 8 (windowed) -----

###### Windowed train epoch 8 overall metrics
  loss: 0.1746 rmse: 22.836 r2: 0.035 corr: 0.230
***** Epoch 8 Val (windowed) *****
  loss: 0.0608 rmse: 16.776 r2: 0.087 corr: 0.302
********************
***** Epoch 8 Test (windowed) *****
  loss: 0.0613 rmse: 29.597 r2: 0.044 corr: 0.230
********************
  Epoch 8 done in 12.6s

----- Epoch 9 (windowed) -----

###### Windowed train epoch 9 overall metrics
  loss: 0.1720 rmse: 22.742 r2: 0.043 corr: 0.213
***** Epoch 9 Val (windowed) *****
  loss: 0.0596 rmse: 17.198 r2: 0.041 corr: 0.298
********************
***** Epoch 9 Test (windowed) *****
  loss: 0.0610 rmse: 29.397 r2: 0.057 corr: 0.241
********************
  Epoch 9 done in 12.7s

----- Epoch 10 (windowed) -----

###### Windowed train epoch 10 overall metrics
  loss: 0.1701 rmse: 24.109 r2: -0.076 corr: 0.201
***** Epoch 10 Val (windowed) *****
  loss: 0.0587 rmse: 16.883 r2: 0.076 corr: 0.278
********************
***** Epoch 10 Test (windowed) *****
  loss: 0.0605 rmse: 29.631 r2: 0.042 corr: 0.212
********************
  Epoch 10 done in 12.8s

----- Epoch 11 (windowed) -----

###### Windowed train epoch 11 overall metrics
  loss: 0.1681 rmse: 23.425 r2: -0.016 corr: 0.182
***** Epoch 11 Val (windowed) *****
  loss: 0.0578 rmse: 16.913 r2: 0.072 corr: 0.273
********************
***** Epoch 11 Test (windowed) *****
  loss: 0.0602 rmse: 29.672 r2: 0.039 corr: 0.205
********************
  Epoch 11 done in 12.6s

----- Epoch 12 (windowed) -----

###### Windowed train epoch 12 overall metrics
  loss: 0.1666 rmse: 22.878 r2: 0.031 corr: 0.210
***** Epoch 12 Val (windowed) *****
  loss: 0.0567 rmse: 17.200 r2: 0.041 corr: 0.269
********************
***** Epoch 12 Test (windowed) *****
  loss: 0.0603 rmse: 29.641 r2: 0.041 corr: 0.205
********************
  Epoch 12 done in 13.1s

----- Epoch 13 (windowed) -----

###### Windowed train epoch 13 overall metrics
  loss: 0.1644 rmse: 24.382 r2: -0.100 corr: 0.166
***** Epoch 13 Val (windowed) *****
  loss: 0.0559 rmse: 16.839 r2: 0.080 corr: 0.287
********************
***** Epoch 13 Test (windowed) *****
  loss: 0.0611 rmse: 29.617 r2: 0.043 corr: 0.214
********************
  Epoch 13 done in 13.2s

----- Epoch 14 (windowed) -----

###### Windowed train epoch 14 overall metrics
  loss: 0.1630 rmse: 23.061 r2: 0.016 corr: 0.188
***** Epoch 14 Val (windowed) *****
  loss: 0.0553 rmse: 16.974 r2: 0.066 corr: 0.280
********************
***** Epoch 14 Test (windowed) *****
  loss: 0.0598 rmse: 29.576 r2: 0.045 corr: 0.214
********************
  Epoch 14 done in 13.4s

----- Epoch 15 (windowed) -----

###### Windowed train epoch 15 overall metrics
  loss: 0.1614 rmse: 23.822 r2: -0.051 corr: 0.201
***** Epoch 15 Val (windowed) *****
  loss: 0.0544 rmse: 16.917 r2: 0.072 corr: 0.287
********************
***** Epoch 15 Test (windowed) *****
  loss: 0.0633 rmse: 29.608 r2: 0.043 corr: 0.209
********************
  Epoch 15 done in 13.3s

----- Epoch 16 (windowed) -----

###### Windowed train epoch 16 overall metrics
  loss: 0.1600 rmse: 22.995 r2: 0.021 corr: 0.216
***** Epoch 16 Val (windowed) *****
  loss: 0.0540 rmse: 16.845 r2: 0.080 corr: 0.297
********************
***** Epoch 16 Test (windowed) *****
  loss: 0.0636 rmse: 29.681 r2: 0.039 corr: 0.197
********************
  Epoch 16 done in 13.5s

----- Epoch 17 (windowed) -----

###### Windowed train epoch 17 overall metrics
  loss: 0.1588 rmse: 22.724 r2: 0.044 corr: 0.225
***** Epoch 17 Val (windowed) *****
  loss: 0.0532 rmse: 16.875 r2: 0.077 corr: 0.330
********************
***** Epoch 17 Test (windowed) *****
  loss: 0.0645 rmse: 29.307 r2: 0.063 corr: 0.252
********************
  Epoch 17 done in 13.2s

----- Epoch 18 (windowed) -----

###### Windowed train epoch 18 overall metrics
  loss: 0.1576 rmse: 22.722 r2: 0.044 corr: 0.237
***** Epoch 18 Val (windowed) *****
  loss: 0.0527 rmse: 16.721 r2: 0.093 corr: 0.314
********************
***** Epoch 18 Test (windowed) *****
  loss: 0.0647 rmse: 29.508 r2: 0.050 corr: 0.225
********************
  Epoch 18 done in 12.5s

----- Epoch 19 (windowed) -----

###### Windowed train epoch 19 overall metrics
  loss: 0.1568 rmse: 22.739 r2: 0.043 corr: 0.220
***** Epoch 19 Val (windowed) *****
  loss: 0.0522 rmse: 16.531 r2: 0.114 corr: 0.345
********************
***** Epoch 19 Test (windowed) *****
  loss: 0.0655 rmse: 29.293 r2: 0.064 corr: 0.259
********************
  Epoch 19 done in 12.6s
  Saved best model → model/FIM_restoration_0412_stations_monthly/2011/gat-rnn-v2-windowed_bs-128_lr-0.001_maxepoch-50_testyear-2011_win-3_nwin-10_seed-0/model-19

----- Epoch 20 (windowed) -----

###### Windowed train epoch 20 overall metrics
  loss: 0.1551 rmse: 22.581 r2: 0.056 corr: 0.245
***** Epoch 20 Val (windowed) *****
  loss: 0.0520 rmse: 16.468 r2: 0.121 corr: 0.353
********************
***** Epoch 20 Test (windowed) *****
  loss: 0.0613 rmse: 29.253 r2: 0.066 corr: 0.268
********************
  Epoch 20 done in 12.6s
  Saved best model → model/FIM_restoration_0412_stations_monthly/2011/gat-rnn-v2-windowed_bs-128_lr-0.001_maxepoch-50_testyear-2011_win-3_nwin-10_seed-0/model-20

----- Epoch 21 (windowed) -----

###### Windowed train epoch 21 overall metrics
  loss: 0.1540 rmse: 21.933 r2: 0.110 corr: 0.336
***** Epoch 21 Val (windowed) *****
  loss: 0.0513 rmse: 16.343 r2: 0.134 corr: 0.376
********************
***** Epoch 21 Test (windowed) *****
  loss: 0.0625 rmse: 29.053 r2: 0.079 corr: 0.290
********************
  Epoch 21 done in 12.4s
  Saved best model → model/FIM_restoration_0412_stations_monthly/2011/gat-rnn-v2-windowed_bs-128_lr-0.001_maxepoch-50_testyear-2011_win-3_nwin-10_seed-0/model-21

----- Epoch 22 (windowed) -----

###### Windowed train epoch 22 overall metrics
  loss: 0.1534 rmse: 23.165 r2: 0.007 corr: 0.219
***** Epoch 22 Val (windowed) *****
  loss: 0.0538 rmse: 16.193 r2: 0.150 corr: 0.389
********************
***** Epoch 22 Test (windowed) *****
  loss: 0.0722 rmse: 29.209 r2: 0.069 corr: 0.284
********************
  Epoch 22 done in 12.2s
  Saved best model → model/FIM_restoration_0412_stations_monthly/2011/gat-rnn-v2-windowed_bs-128_lr-0.001_maxepoch-50_testyear-2011_win-3_nwin-10_seed-0/model-22

----- Epoch 23 (windowed) -----

###### Windowed train epoch 23 overall metrics
  loss: 0.1532 rmse: 22.802 r2: 0.038 corr: 0.239
***** Epoch 23 Val (windowed) *****
  loss: 0.0508 rmse: 16.161 r2: 0.153 corr: 0.398
********************
***** Epoch 23 Test (windowed) *****
  loss: 0.0632 rmse: 28.994 r2: 0.083 corr: 0.299
********************
  Epoch 23 done in 12.5s
  Saved best model → model/FIM_restoration_0412_stations_monthly/2011/gat-rnn-v2-windowed_bs-128_lr-0.001_maxepoch-50_testyear-2011_win-3_nwin-10_seed-0/model-23

----- Epoch 24 (windowed) -----

###### Windowed train epoch 24 overall metrics
  loss: 0.1516 rmse: 22.124 r2: 0.094 corr: 0.312
***** Epoch 24 Val (windowed) *****
  loss: 0.0507 rmse: 16.273 r2: 0.141 corr: 0.380
********************
***** Epoch 24 Test (windowed) *****
  loss: 0.0682 rmse: 29.330 r2: 0.061 corr: 0.271
********************
  Epoch 24 done in 12.3s

----- Epoch 25 (windowed) -----

###### Windowed train epoch 25 overall metrics
  loss: 0.1515 rmse: 22.067 r2: 0.099 corr: 0.324
***** Epoch 25 Val (windowed) *****
  loss: 0.0504 rmse: 16.049 r2: 0.165 corr: 0.411
********************
***** Epoch 25 Test (windowed) *****
  loss: 0.0637 rmse: 28.944 r2: 0.086 corr: 0.316
********************
  Epoch 25 done in 12.6s
  Saved best model → model/FIM_restoration_0412_stations_monthly/2011/gat-rnn-v2-windowed_bs-128_lr-0.001_maxepoch-50_testyear-2011_win-3_nwin-10_seed-0/model-25

----- Epoch 26 (windowed) -----

###### Windowed train epoch 26 overall metrics
  loss: 0.1507 rmse: 22.328 r2: 0.077 corr: 0.304
***** Epoch 26 Val (windowed) *****
  loss: 0.0497 rmse: 15.911 r2: 0.179 corr: 0.431
********************
***** Epoch 26 Test (windowed) *****
  loss: 0.0584 rmse: 28.614 r2: 0.107 corr: 0.342
********************
  Epoch 26 done in 12.4s
  Saved best model → model/FIM_restoration_0412_stations_monthly/2011/gat-rnn-v2-windowed_bs-128_lr-0.001_maxepoch-50_testyear-2011_win-3_nwin-10_seed-0/model-26

----- Epoch 27 (windowed) -----

###### Windowed train epoch 27 overall metrics
  loss: 0.1495 rmse: 23.053 r2: 0.016 corr: 0.248
***** Epoch 27 Val (windowed) *****
  loss: 0.0496 rmse: 16.568 r2: 0.110 corr: 0.399
********************
***** Epoch 27 Test (windowed) *****
  loss: 0.0578 rmse: 28.769 r2: 0.097 corr: 0.312
********************
  Epoch 27 done in 12.4s

----- Epoch 28 (windowed) -----

###### Windowed train epoch 28 overall metrics
  loss: 0.1489 rmse: 23.456 r2: -0.018 corr: 0.267
***** Epoch 28 Val (windowed) *****
  loss: 0.0492 rmse: 16.359 r2: 0.132 corr: 0.371
********************
***** Epoch 28 Test (windowed) *****
  loss: 0.0579 rmse: 29.300 r2: 0.063 corr: 0.266
********************
  Epoch 28 done in 12.8s

----- Epoch 29 (windowed) -----

###### Windowed train epoch 29 overall metrics
  loss: 0.1481 rmse: 23.210 r2: 0.003 corr: 0.235
***** Epoch 29 Val (windowed) *****
  loss: 0.0490 rmse: 16.307 r2: 0.138 corr: 0.382
********************
***** Epoch 29 Test (windowed) *****
  loss: 0.0571 rmse: 29.116 r2: 0.075 corr: 0.282
********************
  Epoch 29 done in 12.5s

----- Epoch 30 (windowed) -----

###### Windowed train epoch 30 overall metrics
  loss: 0.1471 rmse: 21.917 r2: 0.111 corr: 0.354
***** Epoch 30 Val (windowed) *****
  loss: 0.0489 rmse: 16.698 r2: 0.096 corr: 0.382
********************
***** Epoch 30 Test (windowed) *****
  loss: 0.0547 rmse: 29.130 r2: 0.074 corr: 0.275
********************
  Epoch 30 done in 12.5s

----- Epoch 31 (windowed) -----

###### Windowed train epoch 31 overall metrics
  loss: 0.1464 rmse: 23.083 r2: 0.014 corr: 0.265
***** Epoch 31 Val (windowed) *****
  loss: 0.0478 rmse: 16.241 r2: 0.145 corr: 0.389
********************
***** Epoch 31 Test (windowed) *****
  loss: 0.0585 rmse: 29.197 r2: 0.070 corr: 0.273
********************
  Epoch 31 done in 12.8s

----- Epoch 32 (windowed) -----

###### Windowed train epoch 32 overall metrics
  loss: 0.1459 rmse: 21.910 r2: 0.111 corr: 0.340
***** Epoch 32 Val (windowed) *****
  loss: 0.0477 rmse: 15.894 r2: 0.181 corr: 0.434
********************
***** Epoch 32 Test (windowed) *****
  loss: 0.0606 rmse: 28.786 r2: 0.096 corr: 0.317
********************
  Epoch 32 done in 1009.4s
  Saved best model → model/FIM_restoration_0412_stations_monthly/2011/gat-rnn-v2-windowed_bs-128_lr-0.001_maxepoch-50_testyear-2011_win-3_nwin-10_seed-0/model-32

----- Epoch 33 (windowed) -----

###### Windowed train epoch 33 overall metrics
  loss: 0.1453 rmse: 21.357 r2: 0.156 corr: 0.473
***** Epoch 33 Val (windowed) *****
  loss: 0.0475 rmse: 15.900 r2: 0.180 corr: 0.438
********************
***** Epoch 33 Test (windowed) *****
  loss: 0.0597 rmse: 28.872 r2: 0.090 corr: 0.307
********************
  Epoch 33 done in 12.8s

----- Epoch 34 (windowed) -----

###### Windowed train epoch 34 overall metrics
  loss: 0.1444 rmse: 24.109 r2: -0.076 corr: 0.195
***** Epoch 34 Val (windowed) *****
  loss: 0.0471 rmse: 15.963 r2: 0.174 corr: 0.426
********************
***** Epoch 34 Test (windowed) *****
  loss: 0.0601 rmse: 28.884 r2: 0.090 corr: 0.304
********************
  Epoch 34 done in 12.7s

----- Epoch 35 (windowed) -----

###### Windowed train epoch 35 overall metrics
  loss: 0.1434 rmse: 22.615 r2: 0.053 corr: 0.280
***** Epoch 35 Val (windowed) *****
  loss: 0.0474 rmse: 15.943 r2: 0.176 corr: 0.428
********************
***** Epoch 35 Test (windowed) *****
  loss: 0.0575 rmse: 28.985 r2: 0.083 corr: 0.300
********************
  Epoch 35 done in 12.7s

----- Epoch 36 (windowed) -----

###### Windowed train epoch 36 overall metrics
  loss: 0.1428 rmse: 26.377 r2: -0.288 corr: 0.225
***** Epoch 36 Val (windowed) *****
  loss: 0.0474 rmse: 16.610 r2: 0.105 corr: 0.335
********************
***** Epoch 36 Test (windowed) *****
  loss: 0.0578 rmse: 29.451 r2: 0.053 corr: 0.238
********************
  Epoch 36 done in 12.7s

----- Epoch 37 (windowed) -----

###### Windowed train epoch 37 overall metrics
  loss: 0.1426 rmse: 22.079 r2: 0.098 corr: 0.318
***** Epoch 37 Val (windowed) *****
  loss: 0.0465 rmse: 16.040 r2: 0.166 corr: 0.414
********************
***** Epoch 37 Test (windowed) *****
  loss: 0.0609 rmse: 29.146 r2: 0.073 corr: 0.282
********************
  Epoch 37 done in 12.7s

----- Epoch 38 (windowed) -----

###### Windowed train epoch 38 overall metrics
  loss: 0.1421 rmse: 24.197 r2: -0.084 corr: 0.186
***** Epoch 38 Val (windowed) *****
  loss: 0.0467 rmse: 16.178 r2: 0.151 corr: 0.398
********************
***** Epoch 38 Test (windowed) *****
  loss: 0.0589 rmse: 29.238 r2: 0.067 corr: 0.275
********************
  Epoch 38 done in 12.9s

----- Epoch 39 (windowed) -----

###### Windowed train epoch 39 overall metrics
  loss: 0.1421 rmse: 22.441 r2: 0.068 corr: 0.283
***** Epoch 39 Val (windowed) *****
  loss: 0.0479 rmse: 15.831 r2: 0.187 corr: 0.443
********************
***** Epoch 39 Test (windowed) *****
  loss: 0.0545 rmse: 28.931 r2: 0.087 corr: 0.299
********************
  Epoch 39 done in 12.3s
  Saved best model → model/FIM_restoration_0412_stations_monthly/2011/gat-rnn-v2-windowed_bs-128_lr-0.001_maxepoch-50_testyear-2011_win-3_nwin-10_seed-0/model-39

----- Epoch 40 (windowed) -----

###### Windowed train epoch 40 overall metrics
  loss: 0.1415 rmse: 20.372 r2: 0.232 corr: 0.485
***** Epoch 40 Val (windowed) *****
  loss: 0.0469 rmse: 16.151 r2: 0.154 corr: 0.403
********************
***** Epoch 40 Test (windowed) *****
  loss: 0.0572 rmse: 29.004 r2: 0.082 corr: 0.294
********************
  Epoch 40 done in 12.4s

----- Epoch 41 (windowed) -----

###### Windowed train epoch 41 overall metrics
  loss: 0.1414 rmse: 21.898 r2: 0.112 corr: 0.341
***** Epoch 41 Val (windowed) *****
  loss: 0.0461 rmse: 15.467 r2: 0.224 corr: 0.482
********************
***** Epoch 41 Test (windowed) *****
  loss: 0.0570 rmse: 28.777 r2: 0.096 corr: 0.315
********************
  Epoch 41 done in 12.6s
  Saved best model → model/FIM_restoration_0412_stations_monthly/2011/gat-rnn-v2-windowed_bs-128_lr-0.001_maxepoch-50_testyear-2011_win-3_nwin-10_seed-0/model-41

----- Epoch 42 (windowed) -----

###### Windowed train epoch 42 overall metrics
  loss: 0.1406 rmse: 20.697 r2: 0.207 corr: 0.462
***** Epoch 42 Val (windowed) *****
  loss: 0.0466 rmse: 15.386 r2: 0.232 corr: 0.488
********************
***** Epoch 42 Test (windowed) *****
  loss: 0.0617 rmse: 28.756 r2: 0.098 corr: 0.321
********************
  Epoch 42 done in 13.2s
  Saved best model → model/FIM_restoration_0412_stations_monthly/2011/gat-rnn-v2-windowed_bs-128_lr-0.001_maxepoch-50_testyear-2011_win-3_nwin-10_seed-0/model-42

----- Epoch 43 (windowed) -----

###### Windowed train epoch 43 overall metrics
  loss: 0.1407 rmse: 22.290 r2: 0.080 corr: 0.303
***** Epoch 43 Val (windowed) *****
  loss: 0.0458 rmse: 15.045 r2: 0.266 corr: 0.530
********************
***** Epoch 43 Test (windowed) *****
  loss: 0.0606 rmse: 28.543 r2: 0.111 corr: 0.335
********************
  Epoch 43 done in 12.7s
  Saved best model → model/FIM_restoration_0412_stations_monthly/2011/gat-rnn-v2-windowed_bs-128_lr-0.001_maxepoch-50_testyear-2011_win-3_nwin-10_seed-0/model-43

----- Epoch 44 (windowed) -----

###### Windowed train epoch 44 overall metrics
  loss: 0.1397 rmse: 20.811 r2: 0.198 corr: 0.496
***** Epoch 44 Val (windowed) *****
  loss: 0.0456 rmse: 15.189 r2: 0.252 corr: 0.519
********************
***** Epoch 44 Test (windowed) *****
  loss: 0.0635 rmse: 28.726 r2: 0.100 corr: 0.337
********************
  Epoch 44 done in 913.2s

----- Epoch 45 (windowed) -----

###### Windowed train epoch 45 overall metrics
  loss: 0.1390 rmse: 21.969 r2: 0.107 corr: 0.340
***** Epoch 45 Val (windowed) *****
  loss: 0.0457 rmse: 15.226 r2: 0.248 corr: 0.509
********************
***** Epoch 45 Test (windowed) *****
  loss: 0.0611 rmse: 28.817 r2: 0.094 corr: 0.318
********************
  Epoch 45 done in 13.4s

----- Epoch 46 (windowed) -----

###### Windowed train epoch 46 overall metrics
  loss: 0.1384 rmse: 21.420 r2: 0.151 corr: 0.404
***** Epoch 46 Val (windowed) *****
  loss: 0.0457 rmse: 15.526 r2: 0.218 corr: 0.485
********************
***** Epoch 46 Test (windowed) *****
  loss: 0.0609 rmse: 28.439 r2: 0.117 corr: 0.344
********************
  Epoch 46 done in 12.7s

----- Epoch 47 (windowed) -----

###### Windowed train epoch 47 overall metrics
  loss: 0.1381 rmse: 20.420 r2: 0.228 corr: 0.485
***** Epoch 47 Val (windowed) *****
  loss: 0.0453 rmse: 14.449 r2: 0.323 corr: 0.581
********************
***** Epoch 47 Test (windowed) *****
  loss: 0.0597 rmse: 28.237 r2: 0.130 corr: 0.362
********************
  Epoch 47 done in 12.7s
  Saved best model → model/FIM_restoration_0412_stations_monthly/2011/gat-rnn-v2-windowed_bs-128_lr-0.001_maxepoch-50_testyear-2011_win-3_nwin-10_seed-0/model-47

----- Epoch 48 (windowed) -----

###### Windowed train epoch 48 overall metrics
  loss: 0.1375 rmse: 19.821 r2: 0.273 corr: 0.532
***** Epoch 48 Val (windowed) *****
  loss: 0.0452 rmse: 14.503 r2: 0.318 corr: 0.575
********************
***** Epoch 48 Test (windowed) *****
  loss: 0.0628 rmse: 28.185 r2: 0.133 corr: 0.368
********************
  Epoch 48 done in 12.5s

----- Epoch 49 (windowed) -----

###### Windowed train epoch 49 overall metrics
  loss: 0.1377 rmse: 20.957 r2: 0.187 corr: 0.459
***** Epoch 49 Val (windowed) *****
  loss: 0.0450 rmse: 14.473 r2: 0.321 corr: 0.577
********************
***** Epoch 49 Test (windowed) *****
  loss: 0.0603 rmse: 28.285 r2: 0.127 corr: 0.360
********************
  Epoch 49 done in 12.5s
Fold done — best val RMSE=14.4488 test R²=0.1299 corr=0.3616

================================================================
Rolling-windowed  test_year=2012
  Val  : 2011
  Test : 2012
  win_size=3  n_windows=10
================================================================
Initially data (54319, 166)
After filtering (29145, 166)
get_X_Y
X shape (29145, 130)
Y shape (29145, 34)
Y (output) means tensor([[0.1445, 0.0115, 0.2581, 0.1554, 0.0146, 0.0630, 0.1656, 0.6513, 0.9109,
         0.0222, 0.0425, 0.0138, 0.0732, 0.1426, 1.0221, 0.9389, 0.3591, 0.4062,
         0.9683, 0.3839, 0.1927, 0.2282, 0.4301, 0.1739, 0.3965, 0.4640, 0.2930,
         0.6824, 0.5318, 0.1531, 0.2611, 0.1042, 0.1307, 0.1353]]) stds tensor([[0.4769, 0.1333, 0.6350, 0.5701, 0.1436, 0.3081, 0.5275, 1.4423, 1.6438,
         0.1874, 0.2796, 0.1589, 0.4013, 0.4536, 2.1066, 1.6225, 0.8760, 1.1947,
         1.7005, 0.9215, 0.5428, 0.7018, 1.1126, 0.5865, 0.9880, 1.0381, 0.7331,
         1.4359, 1.0674, 0.4507, 0.8114, 0.3417, 0.3983, 0.3825]])
Y count-scale means tensor([[4.8454e-01, 3.3565e-02, 1.0224e+00, 8.3679e-01, 3.8457e-02, 2.1859e-01,
         6.1996e-01, 1.4483e+01, 3.3470e+01, 6.7931e-02, 1.7352e-01, 4.7600e-02,
         4.9084e-01, 4.3297e-01, 2.5806e+02, 1.9894e+01, 2.8693e+00, 1.5708e+01,
         3.2220e+01, 3.0828e+00, 6.4615e-01, 1.6100e+00, 8.2169e+00, 1.6957e+00,
         3.5133e+00, 4.2315e+00, 1.3956e+00, 2.7441e+01, 6.5651e+00, 4.6156e-01,
         2.8870e+00, 2.2372e-01, 3.1267e-01, 2.8648e-01]]) stds tensor([[3.2868e+00, 6.4101e-01, 6.3128e+00, 6.6073e+00, 6.2581e-01, 4.3657e+00,
         4.0478e+00, 7.4698e+01, 2.3456e+02, 1.0171e+00, 2.5300e+00, 7.9834e-01,
         8.7832e+00, 2.7134e+00, 2.9814e+03, 9.2363e+01, 2.0773e+01, 1.8833e+02,
         2.5677e+02, 1.8323e+01, 3.4238e+00, 1.5266e+01, 7.6599e+01, 5.3954e+01,
         1.7193e+01, 2.4070e+01, 7.7127e+00, 4.4328e+02, 7.3728e+01, 5.3479e+00,
         2.6034e+01, 1.0183e+00, 1.5006e+00, 1.1541e+00]])
Loaded per-window (calendar) month weights from analysis/figures/month_weights_per_window.npz: cube.shape=(25, 12, 34)
/Users/liyingnceas/GitHub/GNN-RNN-main/gnn-lstm-v3/utils/data_utils.py:264: RuntimeWarning: Mean of empty slice
  np.nanmean(county_dict[county], axis=0).astype(np.float32)
Filled 73125 missing (node, year) entries from neighbors or year averages
[2D] Station nodes: 587, adj nnz: 2910
[build_year_XY_windowed] data_start=1998, min_pred_year=2009, test_year=2012, win_size=3, n_windows=10
  built windows for T=2009
[build_year_XY_windowed] built windowed XY for 4 prediction years (2009–2012)
  GAT_RNN_V2: edge_feat_dim=3, n_heads=4, n_hidden=64

----- Epoch 0 (windowed) -----

###### Windowed train epoch 0 overall metrics
  loss: 0.1972 rmse: 25.717 r2: 0.004 corr: 0.070
***** Epoch 0 Val (windowed) *****
  loss: 0.0714 rmse: 30.185 r2: 0.004 corr: 0.062
********************
***** Epoch 0 Test (windowed) *****
  loss: 0.0716 rmse: 12.550 r2: 0.014 corr: 0.117
********************
  Epoch 0 done in 16.3s
  Saved best model → model/FIM_restoration_0412_stations_monthly/2012/gat-rnn-v2-windowed_bs-128_lr-0.001_maxepoch-50_testyear-2012_win-3_nwin-10_seed-0/model-0

----- Epoch 1 (windowed) -----

###### Windowed train epoch 1 overall metrics
  loss: 0.1929 rmse: 25.704 r2: 0.005 corr: 0.073
***** Epoch 1 Val (windowed) *****
  loss: 0.0696 rmse: 30.146 r2: 0.006 corr: 0.084
********************
***** Epoch 1 Test (windowed) *****
  loss: 0.0699 rmse: 12.486 r2: 0.024 corr: 0.156
********************
  Epoch 1 done in 16.2s
  Saved best model → model/FIM_restoration_0412_stations_monthly/2012/gat-rnn-v2-windowed_bs-128_lr-0.001_maxepoch-50_testyear-2012_win-3_nwin-10_seed-0/model-1

----- Epoch 2 (windowed) -----

###### Windowed train epoch 2 overall metrics
  loss: 0.1883 rmse: 25.678 r2: 0.007 corr: 0.085
***** Epoch 2 Val (windowed) *****
  loss: 0.0672 rmse: 30.117 r2: 0.008 corr: 0.092
********************
***** Epoch 2 Test (windowed) *****
  loss: 0.0675 rmse: 12.437 r2: 0.031 corr: 0.178
********************
  Epoch 2 done in 16.0s
  Saved best model → model/FIM_restoration_0412_stations_monthly/2012/gat-rnn-v2-windowed_bs-128_lr-0.001_maxepoch-50_testyear-2012_win-3_nwin-10_seed-0/model-2

----- Epoch 3 (windowed) -----

###### Windowed train epoch 3 overall metrics
  loss: 0.1836 rmse: 25.634 r2: 0.011 corr: 0.104
***** Epoch 3 Val (windowed) *****
  loss: 0.0650 rmse: 30.040 r2: 0.013 corr: 0.119
********************
***** Epoch 3 Test (windowed) *****
  loss: 0.0656 rmse: 12.325 r2: 0.049 corr: 0.223
********************
  Epoch 3 done in 16.3s
  Saved best model → model/FIM_restoration_0412_stations_monthly/2012/gat-rnn-v2-windowed_bs-128_lr-0.001_maxepoch-50_testyear-2012_win-3_nwin-10_seed-0/model-3

----- Epoch 4 (windowed) -----

###### Windowed train epoch 4 overall metrics
  loss: 0.1790 rmse: 25.525 r2: 0.019 corr: 0.139
***** Epoch 4 Val (windowed) *****
  loss: 0.0625 rmse: 29.938 r2: 0.020 corr: 0.142
********************
***** Epoch 4 Test (windowed) *****
  loss: 0.0634 rmse: 12.269 r2: 0.058 corr: 0.249
********************
  Epoch 4 done in 16.9s
  Saved best model → model/FIM_restoration_0412_stations_monthly/2012/gat-rnn-v2-windowed_bs-128_lr-0.001_maxepoch-50_testyear-2012_win-3_nwin-10_seed-0/model-4

----- Epoch 5 (windowed) -----

###### Windowed train epoch 5 overall metrics
  loss: 0.1750 rmse: 25.345 r2: 0.033 corr: 0.183
***** Epoch 5 Val (windowed) *****
  loss: 0.0612 rmse: 29.666 r2: 0.038 corr: 0.206
********************
***** Epoch 5 Test (windowed) *****
  loss: 0.0625 rmse: 11.932 r2: 0.109 corr: 0.332
********************
  Epoch 5 done in 16.0s
  Saved best model → model/FIM_restoration_0412_stations_monthly/2012/gat-rnn-v2-windowed_bs-128_lr-0.001_maxepoch-50_testyear-2012_win-3_nwin-10_seed-0/model-5

----- Epoch 6 (windowed) -----

###### Windowed train epoch 6 overall metrics
  loss: 0.1721 rmse: 25.034 r2: 0.056 corr: 0.241
***** Epoch 6 Val (windowed) *****
  loss: 0.0599 rmse: 29.499 r2: 0.049 corr: 0.227
********************
***** Epoch 6 Test (windowed) *****
  loss: 0.0604 rmse: 11.816 r2: 0.126 corr: 0.363
********************
  Epoch 6 done in 16.0s
  Saved best model → model/FIM_restoration_0412_stations_monthly/2012/gat-rnn-v2-windowed_bs-128_lr-0.001_maxepoch-50_testyear-2012_win-3_nwin-10_seed-0/model-6

----- Epoch 7 (windowed) -----

###### Windowed train epoch 7 overall metrics
  loss: 0.1691 rmse: 25.283 r2: 0.038 corr: 0.211
***** Epoch 7 Val (windowed) *****
  loss: 0.0586 rmse: 29.497 r2: 0.049 corr: 0.223
********************
***** Epoch 7 Test (windowed) *****
  loss: 0.0601 rmse: 11.896 r2: 0.114 corr: 0.351
********************
  Epoch 7 done in 16.0s
  Saved best model → model/FIM_restoration_0412_stations_monthly/2012/gat-rnn-v2-windowed_bs-128_lr-0.001_maxepoch-50_testyear-2012_win-3_nwin-10_seed-0/model-7

----- Epoch 8 (windowed) -----

###### Windowed train epoch 8 overall metrics
  loss: 0.1672 rmse: 25.313 r2: 0.035 corr: 0.223
***** Epoch 8 Val (windowed) *****
  loss: 0.0572 rmse: 29.524 r2: 0.047 corr: 0.219
********************
***** Epoch 8 Test (windowed) *****
  loss: 0.0591 rmse: 12.024 r2: 0.095 corr: 0.335
********************
  Epoch 8 done in 16.3s

----- Epoch 9 (windowed) -----

###### Windowed train epoch 9 overall metrics
  loss: 0.1648 rmse: 25.703 r2: 0.005 corr: 0.184
***** Epoch 9 Val (windowed) *****
  loss: 0.0563 rmse: 29.539 r2: 0.046 corr: 0.216
********************
***** Epoch 9 Test (windowed) *****
  loss: 0.0583 rmse: 12.168 r2: 0.073 corr: 0.337
********************
  Epoch 9 done in 16.2s

----- Epoch 10 (windowed) -----

###### Windowed train epoch 10 overall metrics
  loss: 0.1627 rmse: 25.337 r2: 0.033 corr: 0.212
***** Epoch 10 Val (windowed) *****
  loss: 0.0553 rmse: 29.614 r2: 0.041 corr: 0.211
********************
***** Epoch 10 Test (windowed) *****
  loss: 0.0578 rmse: 12.582 r2: 0.009 corr: 0.325
********************
  Epoch 10 done in 16.5s

----- Epoch 11 (windowed) -----

###### Windowed train epoch 11 overall metrics
  loss: 0.1608 rmse: 26.334 r2: -0.044 corr: 0.174
***** Epoch 11 Val (windowed) *****
  loss: 0.0554 rmse: 29.592 r2: 0.043 corr: 0.211
********************
***** Epoch 11 Test (windowed) *****
  loss: 0.0572 rmse: 12.082 r2: 0.086 corr: 0.320
********************
  Epoch 11 done in 16.3s

----- Epoch 12 (windowed) -----

###### Windowed train epoch 12 overall metrics
  loss: 0.1589 rmse: 25.347 r2: 0.033 corr: 0.208
***** Epoch 12 Val (windowed) *****
  loss: 0.0534 rmse: 29.712 r2: 0.035 corr: 0.192
********************
***** Epoch 12 Test (windowed) *****
  loss: 0.0562 rmse: 12.519 r2: 0.019 corr: 0.296
********************
  Epoch 12 done in 16.4s

----- Epoch 13 (windowed) -----

###### Windowed train epoch 13 overall metrics
  loss: 0.1570 rmse: 25.407 r2: 0.028 corr: 0.195
***** Epoch 13 Val (windowed) *****
  loss: 0.0555 rmse: 29.496 r2: 0.049 corr: 0.224
********************
***** Epoch 13 Test (windowed) *****
  loss: 0.0591 rmse: 11.944 r2: 0.107 corr: 0.346
********************
  Epoch 13 done in 16.2s
  Saved best model → model/FIM_restoration_0412_stations_monthly/2012/gat-rnn-v2-windowed_bs-128_lr-0.001_maxepoch-50_testyear-2012_win-3_nwin-10_seed-0/model-13

----- Epoch 14 (windowed) -----

###### Windowed train epoch 14 overall metrics
  loss: 0.1559 rmse: 25.205 r2: 0.044 corr: 0.224
***** Epoch 14 Val (windowed) *****
  loss: 0.0527 rmse: 29.486 r2: 0.049 corr: 0.224
********************
***** Epoch 14 Test (windowed) *****
  loss: 0.0560 rmse: 12.127 r2: 0.079 corr: 0.341
********************
  Epoch 14 done in 16.6s
  Saved best model → model/FIM_restoration_0412_stations_monthly/2012/gat-rnn-v2-windowed_bs-128_lr-0.001_maxepoch-50_testyear-2012_win-3_nwin-10_seed-0/model-14

----- Epoch 15 (windowed) -----

###### Windowed train epoch 15 overall metrics
  loss: 0.1545 rmse: 25.390 r2: 0.029 corr: 0.206
***** Epoch 15 Val (windowed) *****
  loss: 0.0517 rmse: 29.419 r2: 0.054 corr: 0.235
********************
***** Epoch 15 Test (windowed) *****
  loss: 0.0552 rmse: 12.142 r2: 0.077 corr: 0.346
********************
  Epoch 15 done in 16.4s
  Saved best model → model/FIM_restoration_0412_stations_monthly/2012/gat-rnn-v2-windowed_bs-128_lr-0.001_maxepoch-50_testyear-2012_win-3_nwin-10_seed-0/model-15

----- Epoch 16 (windowed) -----

###### Windowed train epoch 16 overall metrics
  loss: 0.1532 rmse: 24.923 r2: 0.065 corr: 0.262
***** Epoch 16 Val (windowed) *****
  loss: 0.0514 rmse: 29.288 r2: 0.062 corr: 0.253
********************
***** Epoch 16 Test (windowed) *****
  loss: 0.0554 rmse: 11.994 r2: 0.099 corr: 0.375
********************
  Epoch 16 done in 16.5s
  Saved best model → model/FIM_restoration_0412_stations_monthly/2012/gat-rnn-v2-windowed_bs-128_lr-0.001_maxepoch-50_testyear-2012_win-3_nwin-10_seed-0/model-16

----- Epoch 17 (windowed) -----

###### Windowed train epoch 17 overall metrics
  loss: 0.1515 rmse: 25.228 r2: 0.042 corr: 0.218
***** Epoch 17 Val (windowed) *****
  loss: 0.0506 rmse: 29.389 r2: 0.056 corr: 0.248
********************
***** Epoch 17 Test (windowed) *****
  loss: 0.0544 rmse: 11.805 r2: 0.127 corr: 0.371
********************
  Epoch 17 done in 16.2s

----- Epoch 18 (windowed) -----

###### Windowed train epoch 18 overall metrics
  loss: 0.1503 rmse: 24.754 r2: 0.077 corr: 0.288
***** Epoch 18 Val (windowed) *****
  loss: 0.0500 rmse: 29.085 r2: 0.075 corr: 0.279
********************
***** Epoch 18 Test (windowed) *****
  loss: 0.0533 rmse: 11.869 r2: 0.118 corr: 0.402
********************
  Epoch 18 done in 16.1s
  Saved best model → model/FIM_restoration_0412_stations_monthly/2012/gat-rnn-v2-windowed_bs-128_lr-0.001_maxepoch-50_testyear-2012_win-3_nwin-10_seed-0/model-18

----- Epoch 19 (windowed) -----

###### Windowed train epoch 19 overall metrics
  loss: 0.1496 rmse: 24.758 r2: 0.077 corr: 0.285
***** Epoch 19 Val (windowed) *****
  loss: 0.0507 rmse: 29.209 r2: 0.067 corr: 0.267
********************
***** Epoch 19 Test (windowed) *****
  loss: 0.0538 rmse: 11.937 r2: 0.108 corr: 0.386
********************
  Epoch 19 done in 16.6s

----- Epoch 20 (windowed) -----

###### Windowed train epoch 20 overall metrics
  loss: 0.1486 rmse: 24.712 r2: 0.081 corr: 0.292
***** Epoch 20 Val (windowed) *****
  loss: 0.0495 rmse: 29.040 r2: 0.078 corr: 0.284
********************
***** Epoch 20 Test (windowed) *****
  loss: 0.0534 rmse: 12.239 r2: 0.062 corr: 0.397
********************
  Epoch 20 done in 16.8s
  Saved best model → model/FIM_restoration_0412_stations_monthly/2012/gat-rnn-v2-windowed_bs-128_lr-0.001_maxepoch-50_testyear-2012_win-3_nwin-10_seed-0/model-20

----- Epoch 21 (windowed) -----

###### Windowed train epoch 21 overall metrics
  loss: 0.1476 rmse: 25.152 r2: 0.048 corr: 0.290
***** Epoch 21 Val (windowed) *****
  loss: 0.0499 rmse: 29.326 r2: 0.060 corr: 0.251
********************
***** Epoch 21 Test (windowed) *****
  loss: 0.0544 rmse: 12.339 r2: 0.047 corr: 0.370
********************
  Epoch 21 done in 16.3s

----- Epoch 22 (windowed) -----

###### Windowed train epoch 22 overall metrics
  loss: 0.1467 rmse: 24.960 r2: 0.062 corr: 0.273
***** Epoch 22 Val (windowed) *****
  loss: 0.0487 rmse: 28.969 r2: 0.082 corr: 0.291
********************
***** Epoch 22 Test (windowed) *****
  loss: 0.0529 rmse: 12.076 r2: 0.087 corr: 0.421
********************
  Epoch 22 done in 16.7s
  Saved best model → model/FIM_restoration_0412_stations_monthly/2012/gat-rnn-v2-windowed_bs-128_lr-0.001_maxepoch-50_testyear-2012_win-3_nwin-10_seed-0/model-22

----- Epoch 23 (windowed) -----

###### Windowed train epoch 23 overall metrics
  loss: 0.1453 rmse: 24.991 r2: 0.060 corr: 0.265
***** Epoch 23 Val (windowed) *****
  loss: 0.0480 rmse: 28.772 r2: 0.095 corr: 0.311
********************
***** Epoch 23 Test (windowed) *****
  loss: 0.0524 rmse: 12.121 r2: 0.080 corr: 0.434
********************
  Epoch 23 done in 16.5s
  Saved best model → model/FIM_restoration_0412_stations_monthly/2012/gat-rnn-v2-windowed_bs-128_lr-0.001_maxepoch-50_testyear-2012_win-3_nwin-10_seed-0/model-23

----- Epoch 24 (windowed) -----

###### Windowed train epoch 24 overall metrics
  loss: 0.1444 rmse: 24.856 r2: 0.070 corr: 0.289
***** Epoch 24 Val (windowed) *****
  loss: 0.0478 rmse: 28.760 r2: 0.096 corr: 0.313
********************
***** Epoch 24 Test (windowed) *****
  loss: 0.0522 rmse: 11.971 r2: 0.103 corr: 0.437
********************
  Epoch 24 done in 16.3s
  Saved best model → model/FIM_restoration_0412_stations_monthly/2012/gat-rnn-v2-windowed_bs-128_lr-0.001_maxepoch-50_testyear-2012_win-3_nwin-10_seed-0/model-24

----- Epoch 25 (windowed) -----

###### Windowed train epoch 25 overall metrics
  loss: 0.1438 rmse: 24.910 r2: 0.066 corr: 0.308
***** Epoch 25 Val (windowed) *****
  loss: 0.0477 rmse: 28.905 r2: 0.086 corr: 0.299
********************
***** Epoch 25 Test (windowed) *****
  loss: 0.0524 rmse: 12.190 r2: 0.070 corr: 0.423
********************
  Epoch 25 done in 16.5s

----- Epoch 26 (windowed) -----

###### Windowed train epoch 26 overall metrics
  loss: 0.1428 rmse: 24.746 r2: 0.078 corr: 0.315
***** Epoch 26 Val (windowed) *****
  loss: 0.0506 rmse: 29.130 r2: 0.072 corr: 0.276
********************
***** Epoch 26 Test (windowed) *****
  loss: 0.0557 rmse: 12.340 r2: 0.046 corr: 0.383
********************
  Epoch 26 done in 919.1s

----- Epoch 27 (windowed) -----

###### Windowed train epoch 27 overall metrics
  loss: 0.1421 rmse: 24.897 r2: 0.067 corr: 0.276
***** Epoch 27 Val (windowed) *****
  loss: 0.0473 rmse: 28.841 r2: 0.090 corr: 0.307
********************
***** Epoch 27 Test (windowed) *****
  loss: 0.0521 rmse: 12.015 r2: 0.096 corr: 0.410
********************
  Epoch 27 done in 16.6s

----- Epoch 28 (windowed) -----

###### Windowed train epoch 28 overall metrics
  loss: 0.1410 rmse: 25.388 r2: 0.030 corr: 0.261
***** Epoch 28 Val (windowed) *****
  loss: 0.0476 rmse: 28.957 r2: 0.083 corr: 0.300
********************
***** Epoch 28 Test (windowed) *****
  loss: 0.0521 rmse: 13.017 r2: -0.061 corr: 0.407
********************
  Epoch 28 done in 16.4s

----- Epoch 29 (windowed) -----

###### Windowed train epoch 29 overall metrics
  loss: 0.1407 rmse: 24.438 r2: 0.101 corr: 0.333
***** Epoch 29 Val (windowed) *****
  loss: 0.0493 rmse: 28.964 r2: 0.083 corr: 0.293
********************
***** Epoch 29 Test (windowed) *****
  loss: 0.0530 rmse: 12.331 r2: 0.048 corr: 0.405
********************
  Epoch 29 done in 16.4s

----- Epoch 30 (windowed) -----

###### Windowed train epoch 30 overall metrics
  loss: 0.1405 rmse: 24.104 r2: 0.125 corr: 0.374
***** Epoch 30 Val (windowed) *****
  loss: 0.0522 rmse: 29.155 r2: 0.071 corr: 0.277
********************
***** Epoch 30 Test (windowed) *****
  loss: 0.0554 rmse: 12.728 r2: -0.014 corr: 0.385
********************
  Epoch 30 done in 16.2s

----- Epoch 31 (windowed) -----

###### Windowed train epoch 31 overall metrics
  loss: 0.1416 rmse: 24.704 r2: 0.081 corr: 0.299
***** Epoch 31 Val (windowed) *****
  loss: 0.0511 rmse: 29.220 r2: 0.066 corr: 0.265
********************
***** Epoch 31 Test (windowed) *****
  loss: 0.0555 rmse: 12.227 r2: 0.064 corr: 0.378
********************
  Epoch 31 done in 16.3s

----- Epoch 32 (windowed) -----

###### Windowed train epoch 32 overall metrics
  loss: 0.1398 rmse: 23.994 r2: 0.133 corr: 0.383
***** Epoch 32 Val (windowed) *****
  loss: 0.0466 rmse: 28.624 r2: 0.104 corr: 0.326
********************
***** Epoch 32 Test (windowed) *****
  loss: 0.0514 rmse: 12.419 r2: 0.034 corr: 0.428
********************
  Epoch 32 done in 16.2s
  Saved best model → model/FIM_restoration_0412_stations_monthly/2012/gat-rnn-v2-windowed_bs-128_lr-0.001_maxepoch-50_testyear-2012_win-3_nwin-10_seed-0/model-32

----- Epoch 33 (windowed) -----

###### Windowed train epoch 33 overall metrics
  loss: 0.1386 rmse: 24.090 r2: 0.126 corr: 0.399
***** Epoch 33 Val (windowed) *****
  loss: 0.0460 rmse: 28.705 r2: 0.099 corr: 0.320
********************
***** Epoch 33 Test (windowed) *****
  loss: 0.0514 rmse: 11.936 r2: 0.108 corr: 0.419
********************
  Epoch 33 done in 959.6s

----- Epoch 34 (windowed) -----

###### Windowed train epoch 34 overall metrics
  loss: 0.1373 rmse: 24.695 r2: 0.082 corr: 0.396
***** Epoch 34 Val (windowed) *****
  loss: 0.0462 rmse: 28.547 r2: 0.109 corr: 0.333
********************
***** Epoch 34 Test (windowed) *****
  loss: 0.0525 rmse: 12.367 r2: 0.042 corr: 0.433
********************
  Epoch 34 done in 16.3s
  Saved best model → model/FIM_restoration_0412_stations_monthly/2012/gat-rnn-v2-windowed_bs-128_lr-0.001_maxepoch-50_testyear-2012_win-3_nwin-10_seed-0/model-34

----- Epoch 35 (windowed) -----

###### Windowed train epoch 35 overall metrics
  loss: 0.1369 rmse: 24.682 r2: 0.083 corr: 0.350
***** Epoch 35 Val (windowed) *****
  loss: 0.0455 rmse: 28.993 r2: 0.081 corr: 0.293
********************
***** Epoch 35 Test (windowed) *****
  loss: 0.0508 rmse: 11.878 r2: 0.117 corr: 0.394
********************
  Epoch 35 done in 16.8s

----- Epoch 36 (windowed) -----

###### Windowed train epoch 36 overall metrics
  loss: 0.1364 rmse: 24.971 r2: 0.061 corr: 0.274
***** Epoch 36 Val (windowed) *****
  loss: 0.0457 rmse: 28.716 r2: 0.098 corr: 0.328
********************
***** Epoch 36 Test (windowed) *****
  loss: 0.0510 rmse: 11.677 r2: 0.146 corr: 0.428
********************
  Epoch 36 done in 16.3s

----- Epoch 37 (windowed) -----

###### Windowed train epoch 37 overall metrics
  loss: 0.1361 rmse: 25.050 r2: 0.055 corr: 0.289
***** Epoch 37 Val (windowed) *****
  loss: 0.0452 rmse: 28.347 r2: 0.121 corr: 0.353
********************
***** Epoch 37 Test (windowed) *****
  loss: 0.0505 rmse: 12.317 r2: 0.050 corr: 0.428
********************
  Epoch 37 done in 16.1s
  Saved best model → model/FIM_restoration_0412_stations_monthly/2012/gat-rnn-v2-windowed_bs-128_lr-0.001_maxepoch-50_testyear-2012_win-3_nwin-10_seed-0/model-37

----- Epoch 38 (windowed) -----

###### Windowed train epoch 38 overall metrics
  loss: 0.1351 rmse: 23.502 r2: 0.168 corr: 0.419
***** Epoch 38 Val (windowed) *****
  loss: 0.0450 rmse: 28.116 r2: 0.136 corr: 0.371
********************
***** Epoch 38 Test (windowed) *****
  loss: 0.0507 rmse: 12.824 r2: -0.030 corr: 0.418
********************
  Epoch 38 done in 16.0s
  Saved best model → model/FIM_restoration_0412_stations_monthly/2012/gat-rnn-v2-windowed_bs-128_lr-0.001_maxepoch-50_testyear-2012_win-3_nwin-10_seed-0/model-38

----- Epoch 39 (windowed) -----

###### Windowed train epoch 39 overall metrics
  loss: 0.1347 rmse: 22.620 r2: 0.230 corr: 0.507
***** Epoch 39 Val (windowed) *****
  loss: 0.0456 rmse: 28.655 r2: 0.102 corr: 0.326
********************
***** Epoch 39 Test (windowed) *****
  loss: 0.0510 rmse: 12.276 r2: 0.056 corr: 0.416
********************
  Epoch 39 done in 16.4s

----- Epoch 40 (windowed) -----

###### Windowed train epoch 40 overall metrics
  loss: 0.1340 rmse: 24.688 r2: 0.082 corr: 0.377
***** Epoch 40 Val (windowed) *****
  loss: 0.0489 rmse: 29.262 r2: 0.064 corr: 0.259
********************
***** Epoch 40 Test (windowed) *****
  loss: 0.0546 rmse: 12.410 r2: 0.036 corr: 0.360
********************
  Epoch 40 done in 508.6s

----- Epoch 41 (windowed) -----

###### Windowed train epoch 41 overall metrics
  loss: 0.1345 rmse: 24.381 r2: 0.105 corr: 0.334
***** Epoch 41 Val (windowed) *****
  loss: 0.0487 rmse: 29.136 r2: 0.072 corr: 0.274
********************
***** Epoch 41 Test (windowed) *****
  loss: 0.0538 rmse: 12.212 r2: 0.066 corr: 0.393
********************
  Epoch 41 done in 16.3s

----- Epoch 42 (windowed) -----

###### Windowed train epoch 42 overall metrics
  loss: 0.1349 rmse: 23.068 r2: 0.199 corr: 0.455
***** Epoch 42 Val (windowed) *****
  loss: 0.0451 rmse: 28.345 r2: 0.121 corr: 0.361
********************
***** Epoch 42 Test (windowed) *****
  loss: 0.0513 rmse: 14.450 r2: -0.307 corr: 0.404
********************
  Epoch 42 done in 16.2s

----- Epoch 43 (windowed) -----

###### Windowed train epoch 43 overall metrics
  loss: 0.1339 rmse: 28.104 r2: -0.189 corr: 0.317
***** Epoch 43 Val (windowed) *****
  loss: 0.0454 rmse: 29.347 r2: 0.058 corr: 0.247
********************
***** Epoch 43 Test (windowed) *****
  loss: 0.0508 rmse: 12.208 r2: 0.067 corr: 0.360
********************
  Epoch 43 done in 16.3s

----- Epoch 44 (windowed) -----

###### Windowed train epoch 44 overall metrics
  loss: 0.1334 rmse: 25.078 r2: 0.053 corr: 0.260
***** Epoch 44 Val (windowed) *****
  loss: 0.0448 rmse: 28.859 r2: 0.089 corr: 0.303
********************
***** Epoch 44 Test (windowed) *****
  loss: 0.0513 rmse: 12.202 r2: 0.068 corr: 0.399
********************
  Epoch 44 done in 16.2s

----- Epoch 45 (windowed) -----

###### Windowed train epoch 45 overall metrics
  loss: 0.1320 rmse: 24.223 r2: 0.117 corr: 0.349
***** Epoch 45 Val (windowed) *****
  loss: 0.0447 rmse: 28.872 r2: 0.089 corr: 0.319
********************
***** Epoch 45 Test (windowed) *****
  loss: 0.0506 rmse: 13.905 r2: -0.211 corr: 0.405
********************
  Epoch 45 done in 16.4s

----- Epoch 46 (windowed) -----

###### Windowed train epoch 46 overall metrics
  loss: 0.1314 rmse: 25.403 r2: 0.028 corr: 0.309
***** Epoch 46 Val (windowed) *****
  loss: 0.0447 rmse: 28.781 r2: 0.094 corr: 0.316
********************
***** Epoch 46 Test (windowed) *****
  loss: 0.0506 rmse: 12.183 r2: 0.071 corr: 0.389
********************
  Epoch 46 done in 16.0s

----- Epoch 47 (windowed) -----

###### Windowed train epoch 47 overall metrics
  loss: 0.1307 rmse: 23.126 r2: 0.195 corr: 0.455
***** Epoch 47 Val (windowed) *****
  loss: 0.0451 rmse: 28.666 r2: 0.101 corr: 0.324
********************
***** Epoch 47 Test (windowed) *****
  loss: 0.0510 rmse: 12.286 r2: 0.055 corr: 0.415
********************
  Epoch 47 done in 16.2s

----- Epoch 48 (windowed) -----

###### Windowed train epoch 48 overall metrics
  loss: 0.1302 rmse: 22.431 r2: 0.242 corr: 0.497
***** Epoch 48 Val (windowed) *****
  loss: 0.0442 rmse: 28.413 r2: 0.117 corr: 0.347
********************
***** Epoch 48 Test (windowed) *****
  loss: 0.0502 rmse: 12.910 r2: -0.044 corr: 0.414
********************
  Epoch 48 done in 978.0s

----- Epoch 49 (windowed) -----

###### Windowed train epoch 49 overall metrics
  loss: 0.1296 rmse: 24.209 r2: 0.118 corr: 0.396
***** Epoch 49 Val (windowed) *****
  loss: 0.0443 rmse: 28.428 r2: 0.116 corr: 0.348
********************
***** Epoch 49 Test (windowed) *****
  loss: 0.0506 rmse: 12.410 r2: 0.036 corr: 0.420
********************
  Epoch 49 done in 16.1s
Fold done — best val RMSE=28.1156 test R²=-0.0298 corr=0.4179

================================================================
Rolling-windowed  test_year=2013
  Val  : 2012
  Test : 2013
  win_size=3  n_windows=10
================================================================
Initially data (54319, 166)
After filtering (31272, 166)
get_X_Y
X shape (31272, 130)
Y shape (31272, 34)
Y (output) means tensor([[0.1417, 0.0112, 0.2628, 0.1501, 0.0152, 0.0632, 0.1666, 0.6606, 0.9215,
         0.0213, 0.0409, 0.0127, 0.0738, 0.1403, 1.0341, 0.9393, 0.3591, 0.4006,
         0.9528, 0.3792, 0.1915, 0.2270, 0.4408, 0.1813, 0.3923, 0.4544, 0.2896,
         0.7163, 0.5321, 0.1525, 0.2699, 0.1063, 0.1298, 0.1329]]) stds tensor([[0.4722, 0.1316, 0.6428, 0.5588, 0.1458, 0.3083, 0.5297, 1.4511, 1.6531,
         0.1835, 0.2743, 0.1529, 0.4004, 0.4492, 2.1110, 1.6199, 0.8737, 1.1838,
         1.6841, 0.9117, 0.5399, 0.6981, 1.1256, 0.6029, 0.9758, 1.0226, 0.7271,
         1.4816, 1.0698, 0.4482, 0.8235, 0.3442, 0.3966, 0.3776]])
Y count-scale means tensor([[4.7768e-01, 3.2624e-02, 1.0507e+00, 7.9737e-01, 3.9578e-02, 2.1787e-01,
         6.2541e-01, 1.4611e+01, 3.3870e+01, 6.5101e-02, 1.6856e-01, 4.4017e-02,
         4.7901e-01, 4.2290e-01, 2.5241e+02, 1.9589e+01, 2.8240e+00, 1.5088e+01,
         3.1115e+01, 2.9728e+00, 6.3606e-01, 1.5746e+00, 8.3458e+00, 1.8196e+00,
         3.3780e+00, 4.0329e+00, 1.3603e+00, 3.9235e+01, 6.8644e+00, 4.5204e-01,
         2.9534e+00, 2.2741e-01, 3.0934e-01, 2.7908e-01]]) stds tensor([[3.4002e+00, 6.2538e-01, 6.3290e+00, 6.3890e+00, 6.2082e-01, 4.2347e+00,
         4.0371e+00, 7.3905e+01, 2.3217e+02, 9.9105e-01, 2.5418e+00, 7.6718e-01,
         8.4774e+00, 2.6510e+00, 2.8916e+03, 9.0018e+01, 2.0524e+01, 1.8192e+02,
         2.5011e+02, 1.7728e+01, 3.3486e+00, 1.4802e+01, 7.5585e+01, 5.4200e+01,
         1.6659e+01, 2.3203e+01, 7.4829e+00, 1.0125e+03, 8.4400e+01, 5.1513e+00,
         2.5773e+01, 1.0229e+00, 1.4753e+00, 1.1241e+00]])
Loaded per-window (calendar) month weights from analysis/figures/month_weights_per_window.npz: cube.shape=(25, 12, 34)
/Users/liyingnceas/GitHub/GNN-RNN-main/gnn-lstm-v3/utils/data_utils.py:264: RuntimeWarning: Mean of empty slice
  np.nanmean(county_dict[county], axis=0).astype(np.float32)
Filled 78616 missing (node, year) entries from neighbors or year averages
[2D] Station nodes: 587, adj nnz: 2910
[build_year_XY_windowed] data_start=1998, min_pred_year=2009, test_year=2013, win_size=3, n_windows=10
  built windows for T=2009
[build_year_XY_windowed] built windowed XY for 5 prediction years (2009–2013)
  GAT_RNN_V2: edge_feat_dim=3, n_heads=4, n_hidden=64

----- Epoch 0 (windowed) -----

###### Windowed train epoch 0 overall metrics
  loss: 0.1961 rmse: 23.149 r2: 0.005 corr: 0.068
***** Epoch 0 Val (windowed) *****
  loss: 0.0708 rmse: 12.512 r2: 0.021 corr: 0.148
********************
***** Epoch 0 Test (windowed) *****
  loss: 0.0710 rmse: 9.493 r2: 0.025 corr: 0.158
********************
  Epoch 0 done in 21.0s
  Saved best model → model/FIM_restoration_0412_stations_monthly/2013/gat-rnn-v2-windowed_bs-128_lr-0.001_maxepoch-50_testyear-2013_win-3_nwin-10_seed-0/model-0

----- Epoch 1 (windowed) -----

###### Windowed train epoch 1 overall metrics
  loss: 0.1898 rmse: 23.046 r2: 0.013 corr: 0.117
***** Epoch 1 Val (windowed) *****
  loss: 0.0668 rmse: 12.352 r2: 0.046 corr: 0.216
********************
***** Epoch 1 Test (windowed) *****
  loss: 0.0670 rmse: 9.317 r2: 0.061 corr: 0.252
********************
  Epoch 1 done in 21.1s
  Saved best model → model/FIM_restoration_0412_stations_monthly/2013/gat-rnn-v2-windowed_bs-128_lr-0.001_maxepoch-50_testyear-2013_win-3_nwin-10_seed-0/model-1

----- Epoch 2 (windowed) -----

###### Windowed train epoch 2 overall metrics
  loss: 0.1820 rmse: 23.045 r2: 0.014 corr: 0.120
***** Epoch 2 Val (windowed) *****
  loss: 0.0638 rmse: 12.332 r2: 0.049 corr: 0.224
********************
***** Epoch 2 Test (windowed) *****
  loss: 0.0638 rmse: 9.308 r2: 0.063 corr: 0.257
********************
  Epoch 2 done in 19.9s
  Saved best model → model/FIM_restoration_0412_stations_monthly/2013/gat-rnn-v2-windowed_bs-128_lr-0.001_maxepoch-50_testyear-2013_win-3_nwin-10_seed-0/model-2

----- Epoch 3 (windowed) -----

###### Windowed train epoch 3 overall metrics
  loss: 0.1775 rmse: 22.831 r2: 0.032 corr: 0.179
***** Epoch 3 Val (windowed) *****
  loss: 0.0621 rmse: 12.029 r2: 0.095 corr: 0.313
********************
***** Epoch 3 Test (windowed) *****
  loss: 0.0622 rmse: 8.997 r2: 0.124 corr: 0.359
********************
  Epoch 3 done in 20.5s
  Saved best model → model/FIM_restoration_0412_stations_monthly/2013/gat-rnn-v2-windowed_bs-128_lr-0.001_maxepoch-50_testyear-2013_win-3_nwin-10_seed-0/model-3

----- Epoch 4 (windowed) -----

###### Windowed train epoch 4 overall metrics
  loss: 0.1732 rmse: 23.049 r2: 0.013 corr: 0.164
***** Epoch 4 Val (windowed) *****
  loss: 0.0604 rmse: 11.923 r2: 0.111 corr: 0.338
********************
***** Epoch 4 Test (windowed) *****
  loss: 0.0611 rmse: 8.959 r2: 0.131 corr: 0.372
********************
  Epoch 4 done in 20.5s
  Saved best model → model/FIM_restoration_0412_stations_monthly/2013/gat-rnn-v2-windowed_bs-128_lr-0.001_maxepoch-50_testyear-2013_win-3_nwin-10_seed-0/model-4

----- Epoch 5 (windowed) -----

###### Windowed train epoch 5 overall metrics
  loss: 0.1699 rmse: 23.418 r2: -0.019 corr: 0.178
***** Epoch 5 Val (windowed) *****
  loss: 0.0605 rmse: 11.937 r2: 0.109 corr: 0.344
********************
***** Epoch 5 Test (windowed) *****
  loss: 0.0612 rmse: 9.070 r2: 0.110 corr: 0.373
********************
  Epoch 5 done in 60.8s

----- Epoch 6 (windowed) -----

###### Windowed train epoch 6 overall metrics
  loss: 0.1674 rmse: 23.126 r2: 0.007 corr: 0.186
***** Epoch 6 Val (windowed) *****
  loss: 0.0610 rmse: 11.795 r2: 0.130 corr: 0.381
********************
***** Epoch 6 Test (windowed) *****
  loss: 0.0614 rmse: 8.942 r2: 0.135 corr: 0.425
********************
  Epoch 6 done in 20.7s
  Saved best model → model/FIM_restoration_0412_stations_monthly/2013/gat-rnn-v2-windowed_bs-128_lr-0.001_maxepoch-50_testyear-2013_win-3_nwin-10_seed-0/model-6

----- Epoch 7 (windowed) -----

###### Windowed train epoch 7 overall metrics
  loss: 0.1651 rmse: 24.297 r2: -0.097 corr: 0.172
***** Epoch 7 Val (windowed) *****
  loss: 0.0593 rmse: 11.890 r2: 0.116 corr: 0.351
********************
***** Epoch 7 Test (windowed) *****
  loss: 0.0606 rmse: 9.034 r2: 0.117 corr: 0.372
********************
  Epoch 7 done in 20.1s

----- Epoch 8 (windowed) -----

###### Windowed train epoch 8 overall metrics
  loss: 0.1630 rmse: 22.945 r2: 0.022 corr: 0.209
***** Epoch 8 Val (windowed) *****
  loss: 0.0570 rmse: 11.846 r2: 0.123 corr: 0.390
********************
***** Epoch 8 Test (windowed) *****
  loss: 0.0579 rmse: 9.038 r2: 0.116 corr: 0.428
********************
  Epoch 8 done in 20.3s

----- Epoch 9 (windowed) -----

###### Windowed train epoch 9 overall metrics
  loss: 0.1597 rmse: 22.836 r2: 0.031 corr: 0.235
***** Epoch 9 Val (windowed) *****
  loss: 0.0561 rmse: 11.895 r2: 0.115 corr: 0.378
********************
***** Epoch 9 Test (windowed) *****
  loss: 0.0576 rmse: 9.135 r2: 0.097 corr: 0.406
********************
  Epoch 9 done in 19.9s

----- Epoch 10 (windowed) -----

###### Windowed train epoch 10 overall metrics
  loss: 0.1581 rmse: 22.781 r2: 0.036 corr: 0.223
***** Epoch 10 Val (windowed) *****
  loss: 0.0548 rmse: 12.094 r2: 0.086 corr: 0.356
********************
***** Epoch 10 Test (windowed) *****
  loss: 0.0570 rmse: 9.327 r2: 0.059 corr: 0.377
********************
  Epoch 10 done in 20.4s

----- Epoch 11 (windowed) -----

###### Windowed train epoch 11 overall metrics
  loss: 0.1558 rmse: 22.790 r2: 0.035 corr: 0.263
***** Epoch 11 Val (windowed) *****
  loss: 0.0535 rmse: 11.746 r2: 0.137 corr: 0.387
********************
***** Epoch 11 Test (windowed) *****
  loss: 0.0548 rmse: 8.966 r2: 0.130 corr: 0.407
********************
  Epoch 11 done in 48.5s
  Saved best model → model/FIM_restoration_0412_stations_monthly/2013/gat-rnn-v2-windowed_bs-128_lr-0.001_maxepoch-50_testyear-2013_win-3_nwin-10_seed-0/model-11

----- Epoch 12 (windowed) -----

###### Windowed train epoch 12 overall metrics
  loss: 0.1538 rmse: 22.283 r2: 0.078 corr: 0.295
***** Epoch 12 Val (windowed) *****
  loss: 0.0524 rmse: 11.633 r2: 0.154 corr: 0.408
********************
***** Epoch 12 Test (windowed) *****
  loss: 0.0544 rmse: 8.846 r2: 0.153 corr: 0.436
********************
  Epoch 12 done in 27.1s
  Saved best model → model/FIM_restoration_0412_stations_monthly/2013/gat-rnn-v2-windowed_bs-128_lr-0.001_maxepoch-50_testyear-2013_win-3_nwin-10_seed-0/model-12

----- Epoch 13 (windowed) -----

###### Windowed train epoch 13 overall metrics
  loss: 0.1520 rmse: 22.526 r2: 0.057 corr: 0.270
***** Epoch 13 Val (windowed) *****
  loss: 0.0526 rmse: 11.937 r2: 0.109 corr: 0.377
********************
***** Epoch 13 Test (windowed) *****
  loss: 0.0553 rmse: 9.326 r2: 0.059 corr: 0.388
********************
  Epoch 13 done in 20.0s

----- Epoch 14 (windowed) -----

###### Windowed train epoch 14 overall metrics
  loss: 0.1506 rmse: 21.990 r2: 0.102 corr: 0.343
***** Epoch 14 Val (windowed) *****
  loss: 0.0518 rmse: 11.746 r2: 0.137 corr: 0.409
********************
***** Epoch 14 Test (windowed) *****
  loss: 0.0541 rmse: 9.116 r2: 0.101 corr: 0.419
********************
  Epoch 14 done in 20.1s

----- Epoch 15 (windowed) -----

###### Windowed train epoch 15 overall metrics
  loss: 0.1497 rmse: 22.273 r2: 0.079 corr: 0.295
***** Epoch 15 Val (windowed) *****
  loss: 0.0522 rmse: 11.569 r2: 0.163 corr: 0.441
********************
***** Epoch 15 Test (windowed) *****
  loss: 0.0540 rmse: 8.981 r2: 0.127 corr: 0.453
********************
  Epoch 15 done in 506.1s
  Saved best model → model/FIM_restoration_0412_stations_monthly/2013/gat-rnn-v2-windowed_bs-128_lr-0.001_maxepoch-50_testyear-2013_win-3_nwin-10_seed-0/model-15

----- Epoch 16 (windowed) -----

###### Windowed train epoch 16 overall metrics
  loss: 0.1481 rmse: 22.282 r2: 0.078 corr: 0.298
***** Epoch 16 Val (windowed) *****
  loss: 0.0512 rmse: 11.983 r2: 0.102 corr: 0.398
********************
***** Epoch 16 Test (windowed) *****
  loss: 0.0539 rmse: 9.345 r2: 0.055 corr: 0.416
********************
  Epoch 16 done in 20.2s

----- Epoch 17 (windowed) -----

###### Windowed train epoch 17 overall metrics
  loss: 0.1470 rmse: 22.785 r2: 0.036 corr: 0.252
***** Epoch 17 Val (windowed) *****
  loss: 0.0495 rmse: 11.832 r2: 0.125 corr: 0.417
********************
***** Epoch 17 Test (windowed) *****
  loss: 0.0525 rmse: 9.218 r2: 0.081 corr: 0.436
********************
  Epoch 17 done in 20.6s

----- Epoch 18 (windowed) -----

###### Windowed train epoch 18 overall metrics
  loss: 0.1454 rmse: 22.676 r2: 0.045 corr: 0.267
***** Epoch 18 Val (windowed) *****
  loss: 0.0491 rmse: 11.607 r2: 0.158 corr: 0.429
********************
***** Epoch 18 Test (windowed) *****
  loss: 0.0524 rmse: 9.027 r2: 0.118 corr: 0.445
********************
  Epoch 18 done in 20.8s

----- Epoch 19 (windowed) -----

###### Windowed train epoch 19 overall metrics
  loss: 0.1443 rmse: 21.827 r2: 0.115 corr: 0.353
***** Epoch 19 Val (windowed) *****
  loss: 0.0492 rmse: 11.592 r2: 0.160 corr: 0.433
********************
***** Epoch 19 Test (windowed) *****
  loss: 0.0523 rmse: 9.051 r2: 0.113 corr: 0.449
********************
  Epoch 19 done in 20.0s

----- Epoch 20 (windowed) -----

###### Windowed train epoch 20 overall metrics
  loss: 0.1432 rmse: 21.991 r2: 0.102 corr: 0.368
***** Epoch 20 Val (windowed) *****
  loss: 0.0531 rmse: 12.142 r2: 0.078 corr: 0.435
********************
***** Epoch 20 Test (windowed) *****
  loss: 0.0581 rmse: 10.033 r2: -0.089 corr: 0.434
********************
  Epoch 20 done in 20.6s

----- Epoch 21 (windowed) -----

###### Windowed train epoch 21 overall metrics
  loss: 0.1427 rmse: 22.048 r2: 0.097 corr: 0.330
***** Epoch 21 Val (windowed) *****
  loss: 0.0495 rmse: 12.001 r2: 0.100 corr: 0.420
********************
***** Epoch 21 Test (windowed) *****
  loss: 0.0533 rmse: 9.480 r2: 0.028 corr: 0.442
********************
  Epoch 21 done in 354.4s

----- Epoch 22 (windowed) -----

###### Windowed train epoch 22 overall metrics
  loss: 0.1417 rmse: 22.710 r2: 0.042 corr: 0.271
***** Epoch 22 Val (windowed) *****
  loss: 0.0494 rmse: 12.079 r2: 0.088 corr: 0.408
********************
***** Epoch 22 Test (windowed) *****
  loss: 0.0542 rmse: 9.680 r2: -0.014 corr: 0.418
********************
  Epoch 22 done in 20.7s

----- Epoch 23 (windowed) -----

###### Windowed train epoch 23 overall metrics
  loss: 0.1403 rmse: 21.901 r2: 0.109 corr: 0.345
***** Epoch 23 Val (windowed) *****
  loss: 0.0481 rmse: 11.751 r2: 0.137 corr: 0.444
********************
***** Epoch 23 Test (windowed) *****
  loss: 0.0527 rmse: 9.132 r2: 0.098 corr: 0.474
********************
  Epoch 23 done in 20.4s

----- Epoch 24 (windowed) -----

###### Windowed train epoch 24 overall metrics
  loss: 0.1393 rmse: 22.422 r2: 0.066 corr: 0.323
***** Epoch 24 Val (windowed) *****
  loss: 0.0475 rmse: 11.921 r2: 0.111 corr: 0.403
********************
***** Epoch 24 Test (windowed) *****
  loss: 0.0517 rmse: 9.249 r2: 0.074 corr: 0.436
********************
  Epoch 24 done in 20.5s

----- Epoch 25 (windowed) -----

###### Windowed train epoch 25 overall metrics
  loss: 0.1388 rmse: 24.801 r2: -0.143 corr: 0.403
***** Epoch 25 Val (windowed) *****
  loss: 0.0470 rmse: 12.299 r2: 0.054 corr: 0.317
********************
***** Epoch 25 Test (windowed) *****
  loss: 0.0512 rmse: 9.587 r2: 0.005 corr: 0.341
********************
  Epoch 25 done in 20.3s

----- Epoch 26 (windowed) -----

###### Windowed train epoch 26 overall metrics
  loss: 0.1378 rmse: 23.018 r2: 0.016 corr: 0.223
***** Epoch 26 Val (windowed) *****
  loss: 0.0470 rmse: 12.607 r2: 0.006 corr: 0.366
********************
***** Epoch 26 Test (windowed) *****
  loss: 0.0520 rmse: 9.952 r2: -0.072 corr: 0.418
********************
  Epoch 26 done in 20.2s

----- Epoch 27 (windowed) -----

###### Windowed train epoch 27 overall metrics
  loss: 0.1365 rmse: 22.914 r2: 0.025 corr: 0.250
***** Epoch 27 Val (windowed) *****
  loss: 0.0466 rmse: 12.937 r2: -0.046 corr: 0.409
********************
***** Epoch 27 Test (windowed) *****
  loss: 0.0516 rmse: 10.563 r2: -0.207 corr: 0.445
********************
  Epoch 27 done in 20.0s

----- Epoch 28 (windowed) -----

###### Windowed train epoch 28 overall metrics
  loss: 0.1358 rmse: 22.565 r2: 0.054 corr: 0.306
***** Epoch 28 Val (windowed) *****
  loss: 0.0461 rmse: 12.488 r2: 0.025 corr: 0.387
********************
***** Epoch 28 Test (windowed) *****
  loss: 0.0508 rmse: 9.816 r2: -0.043 corr: 0.435
********************
  Epoch 28 done in 918.5s

----- Epoch 29 (windowed) -----

###### Windowed train epoch 29 overall metrics
  loss: 0.1356 rmse: 22.455 r2: 0.063 corr: 0.314
***** Epoch 29 Val (windowed) *****
  loss: 0.0465 rmse: 12.846 r2: -0.032 corr: 0.374
********************
***** Epoch 29 Test (windowed) *****
  loss: 0.0506 rmse: 10.342 r2: -0.157 corr: 0.411
********************
  Epoch 29 done in 20.6s

----- Epoch 30 (windowed) -----

###### Windowed train epoch 30 overall metrics
  loss: 0.1351 rmse: 22.246 r2: 0.081 corr: 0.337
***** Epoch 30 Val (windowed) *****
  loss: 0.0458 rmse: 12.056 r2: 0.091 corr: 0.388
********************
***** Epoch 30 Test (windowed) *****
  loss: 0.0509 rmse: 9.285 r2: 0.067 corr: 0.433
********************
  Epoch 30 done in 20.3s

----- Epoch 31 (windowed) -----

###### Windowed train epoch 31 overall metrics
  loss: 0.1337 rmse: 24.172 r2: -0.085 corr: 0.226
***** Epoch 31 Val (windowed) *****
  loss: 0.0457 rmse: 12.476 r2: 0.027 corr: 0.383
********************
***** Epoch 31 Test (windowed) *****
  loss: 0.0504 rmse: 9.855 r2: -0.051 corr: 0.435
********************
  Epoch 31 done in 20.3s

----- Epoch 32 (windowed) -----

###### Windowed train epoch 32 overall metrics
  loss: 0.1331 rmse: 23.147 r2: 0.005 corr: 0.252
***** Epoch 32 Val (windowed) *****
  loss: 0.0457 rmse: 12.404 r2: 0.038 corr: 0.385
********************
***** Epoch 32 Test (windowed) *****
  loss: 0.0517 rmse: 9.850 r2: -0.050 corr: 0.429
********************
  Epoch 32 done in 20.2s

----- Epoch 33 (windowed) -----

###### Windowed train epoch 33 overall metrics
  loss: 0.1330 rmse: 22.138 r2: 0.090 corr: 0.334
***** Epoch 33 Val (windowed) *****
  loss: 0.0465 rmse: 13.048 r2: -0.064 corr: 0.369
********************
***** Epoch 33 Test (windowed) *****
  loss: 0.0534 rmse: 11.036 r2: -0.318 corr: 0.379
********************
  Epoch 33 done in 20.3s

----- Epoch 34 (windowed) -----

###### Windowed train epoch 34 overall metrics
  loss: 0.1321 rmse: 23.062 r2: 0.012 corr: 0.292
***** Epoch 34 Val (windowed) *****
  loss: 0.0466 rmse: 13.237 r2: -0.095 corr: 0.369
********************
***** Epoch 34 Test (windowed) *****
  loss: 0.0534 rmse: 11.031 r2: -0.317 corr: 0.398
********************
  Epoch 34 done in 467.1s

----- Epoch 35 (windowed) -----

###### Windowed train epoch 35 overall metrics
  loss: 0.1319 rmse: 22.586 r2: 0.052 corr: 0.290
***** Epoch 35 Val (windowed) *****
  loss: 0.0454 rmse: 12.236 r2: 0.064 corr: 0.379
********************
***** Epoch 35 Test (windowed) *****
  loss: 0.0509 rmse: 9.742 r2: -0.027 corr: 0.402
********************
  Epoch 35 done in 21.1s

----- Epoch 36 (windowed) -----

###### Windowed train epoch 36 overall metrics
  loss: 0.1311 rmse: 21.949 r2: 0.105 corr: 0.367
***** Epoch 36 Val (windowed) *****
  loss: 0.0467 rmse: 12.900 r2: -0.040 corr: 0.391
********************
***** Epoch 36 Test (windowed) *****
  loss: 0.0528 rmse: 10.547 r2: -0.204 corr: 0.415
********************
  Epoch 36 done in 20.9s

----- Epoch 37 (windowed) -----

###### Windowed train epoch 37 overall metrics
  loss: 0.1305 rmse: 22.607 r2: 0.051 corr: 0.310
***** Epoch 37 Val (windowed) *****
  loss: 0.0451 rmse: 12.121 r2: 0.081 corr: 0.400
********************
***** Epoch 37 Test (windowed) *****
  loss: 0.0508 rmse: 9.568 r2: 0.009 corr: 0.429
********************
  Epoch 37 done in 20.0s

----- Epoch 38 (windowed) -----

###### Windowed train epoch 38 overall metrics
  loss: 0.1299 rmse: 23.478 r2: -0.024 corr: 0.270
***** Epoch 38 Val (windowed) *****
  loss: 0.0458 rmse: 12.066 r2: 0.090 corr: 0.383
********************
***** Epoch 38 Test (windowed) *****
  loss: 0.0526 rmse: 9.544 r2: 0.014 corr: 0.408
********************
  Epoch 38 done in 20.2s

----- Epoch 39 (windowed) -----

###### Windowed train epoch 39 overall metrics
  loss: 0.1297 rmse: 22.665 r2: 0.046 corr: 0.307
***** Epoch 39 Val (windowed) *****
  loss: 0.0450 rmse: 13.058 r2: -0.066 corr: 0.390
********************
***** Epoch 39 Test (windowed) *****
  loss: 0.0511 rmse: 10.744 r2: -0.249 corr: 0.422
********************
  Epoch 39 done in 20.5s

----- Epoch 40 (windowed) -----

###### Windowed train epoch 40 overall metrics
  loss: 0.1287 rmse: 23.846 r2: -0.056 corr: 0.305
***** Epoch 40 Val (windowed) *****
  loss: 0.0447 rmse: 12.320 r2: 0.051 corr: 0.396
********************
***** Epoch 40 Test (windowed) *****
  loss: 0.0511 rmse: 9.859 r2: -0.052 corr: 0.428
********************
  Epoch 40 done in 20.4s

----- Epoch 41 (windowed) -----

###### Windowed train epoch 41 overall metrics
  loss: 0.1286 rmse: 22.943 r2: 0.022 corr: 0.263
***** Epoch 41 Val (windowed) *****
  loss: 0.0453 rmse: 12.158 r2: 0.076 corr: 0.391
********************
***** Epoch 41 Test (windowed) *****
  loss: 0.0514 rmse: 9.686 r2: -0.015 corr: 0.414
********************
  Epoch 41 done in 20.2s

----- Epoch 42 (windowed) -----

###### Windowed train epoch 42 overall metrics
  loss: 0.1284 rmse: 25.868 r2: -0.243 corr: 0.326
***** Epoch 42 Val (windowed) *****
  loss: 0.0469 rmse: 12.649 r2: -0.000 corr: 0.367
********************
***** Epoch 42 Test (windowed) *****
  loss: 0.0550 rmse: 10.348 r2: -0.159 corr: 0.398
********************
  Epoch 42 done in 478.8s

----- Epoch 43 (windowed) -----

###### Windowed train epoch 43 overall metrics
  loss: 0.1274 rmse: 22.051 r2: 0.097 corr: 0.350
***** Epoch 43 Val (windowed) *****
  loss: 0.0447 rmse: 12.368 r2: 0.044 corr: 0.383
********************
***** Epoch 43 Test (windowed) *****
  loss: 0.0506 rmse: 9.966 r2: -0.075 corr: 0.409
********************
  Epoch 43 done in 20.4s

----- Epoch 44 (windowed) -----

###### Windowed train epoch 44 overall metrics
  loss: 0.1267 rmse: 22.573 r2: 0.053 corr: 0.288
***** Epoch 44 Val (windowed) *****
  loss: 0.0445 rmse: 12.938 r2: -0.047 corr: 0.422
********************
***** Epoch 44 Test (windowed) *****
  loss: 0.0510 rmse: 10.499 r2: -0.193 corr: 0.465
********************
  Epoch 44 done in 20.4s

----- Epoch 45 (windowed) -----

###### Windowed train epoch 45 overall metrics
  loss: 0.1264 rmse: 22.538 r2: 0.056 corr: 0.344
***** Epoch 45 Val (windowed) *****
  loss: 0.0475 rmse: 13.412 r2: -0.125 corr: 0.418
********************
***** Epoch 45 Test (windowed) *****
  loss: 0.0546 rmse: 11.420 r2: -0.411 corr: 0.419
********************
  Epoch 45 done in 20.5s

----- Epoch 46 (windowed) -----

###### Windowed train epoch 46 overall metrics
  loss: 0.1261 rmse: 23.377 r2: -0.015 corr: 0.288
***** Epoch 46 Val (windowed) *****
  loss: 0.0462 rmse: 14.555 r2: -0.325 corr: 0.408
********************
***** Epoch 46 Test (windowed) *****
  loss: 0.0538 rmse: 12.514 r2: -0.695 corr: 0.441
********************
  Epoch 46 done in 20.3s

----- Epoch 47 (windowed) -----

###### Windowed train epoch 47 overall metrics
  loss: 0.1257 rmse: 22.501 r2: 0.060 corr: 0.299
***** Epoch 47 Val (windowed) *****
  loss: 0.0460 rmse: 13.187 r2: -0.087 corr: 0.421
********************
***** Epoch 47 Test (windowed) *****
  loss: 0.0536 rmse: 11.086 r2: -0.330 corr: 0.434
********************
  Epoch 47 done in 20.4s

----- Epoch 48 (windowed) -----

###### Windowed train epoch 48 overall metrics
  loss: 0.1258 rmse: 24.349 r2: -0.101 corr: 0.266
***** Epoch 48 Val (windowed) *****
  loss: 0.0444 rmse: 12.340 r2: 0.048 corr: 0.376
********************
***** Epoch 48 Test (windowed) *****
  loss: 0.0517 rmse: 9.890 r2: -0.058 corr: 0.388
********************
  Epoch 48 done in 20.4s

----- Epoch 49 (windowed) -----

###### Windowed train epoch 49 overall metrics
  loss: 0.1248 rmse: 22.828 r2: 0.032 corr: 0.255
***** Epoch 49 Val (windowed) *****
  loss: 0.0441 rmse: 12.703 r2: -0.009 corr: 0.404
********************
***** Epoch 49 Test (windowed) *****
  loss: 0.0502 rmse: 10.441 r2: -0.180 corr: 0.432
********************
  Epoch 49 done in 42.2s
Fold done — best val RMSE=11.5693 test R²=0.1272 corr=0.4526

================================================================
Rolling-windowed  test_year=2014
  Val  : 2013
  Test : 2014
  win_size=3  n_windows=10
================================================================
Initially data (54319, 166)
After filtering (33349, 166)
get_X_Y
X shape (33349, 130)
Y shape (33349, 34)
Y (output) means tensor([[0.1413, 0.0112, 0.2588, 0.1486, 0.0158, 0.0633, 0.1654, 0.6729, 0.9097,
         0.0232, 0.0415, 0.0122, 0.0728, 0.1400, 1.0255, 0.9593, 0.3527, 0.3951,
         0.9349, 0.3719, 0.1884, 0.2257, 0.4464, 0.1854, 0.3983, 0.4554, 0.2890,
         0.6964, 0.5309, 0.1508, 0.2793, 0.1060, 0.1302, 0.1330]]) stds tensor([[0.4695, 0.1307, 0.6365, 0.5543, 0.1488, 0.3080, 0.5266, 1.4624, 1.6381,
         0.1933, 0.2753, 0.1486, 0.3957, 0.4479, 2.0993, 1.6309, 0.8633, 1.1749,
         1.6661, 0.9003, 0.5335, 0.6942, 1.1293, 0.6099, 0.9771, 1.0177, 0.7256,
         1.4547, 1.0646, 0.4459, 0.8349, 0.3422, 0.3961, 0.3773]])
Y count-scale means tensor([[4.6989e-01, 3.2253e-02, 1.0255e+00, 7.8010e-01, 4.1311e-02, 2.1462e-01,
         6.1640e-01, 1.4729e+01, 3.2601e+01, 7.2568e-02, 1.6758e-01, 4.1551e-02,
         4.6042e-01, 4.2096e-01, 2.4440e+02, 1.9778e+01, 2.7245e+00, 1.4645e+01,
         2.9753e+01, 2.8720e+00, 6.1722e-01, 1.5432e+00, 8.6217e+00, 1.8001e+00,
         3.3597e+00, 3.9473e+00, 1.3453e+00, 3.6798e+01, 6.6339e+00, 4.4330e-01,
         2.9949e+00, 2.2494e-01, 3.0835e-01, 2.7871e-01]]) stds tensor([[3.3118e+00, 6.2025e-01, 6.2501e+00, 6.2437e+00, 6.3738e-01, 4.0883e+00,
         3.9653e+00, 7.2936e+01, 2.2494e+02, 1.0581e+00, 2.4707e+00, 7.4082e-01,
         8.1820e+00, 2.6878e+00, 2.8060e+03, 8.8625e+01, 1.9914e+01, 1.7619e+02,
         2.4191e+02, 1.7276e+01, 3.2516e+00, 1.4442e+01, 8.8757e+01, 5.2336e+01,
         1.6457e+01, 2.2632e+01, 7.3086e+00, 9.7556e+02, 8.1498e+01, 4.9792e+00,
         2.5509e+01, 1.0046e+00, 1.4564e+00, 1.1145e+00]])
Loaded per-window (calendar) month weights from analysis/figures/month_weights_per_window.npz: cube.shape=(25, 12, 34)
/Users/liyingnceas/GitHub/GNN-RNN-main/gnn-lstm-v3/utils/data_utils.py:264: RuntimeWarning: Mean of empty slice
  np.nanmean(county_dict[county], axis=0).astype(np.float32)
Filled 83815 missing (node, year) entries from neighbors or year averages
[2D] Station nodes: 587, adj nnz: 2910
[build_year_XY_windowed] data_start=1998, min_pred_year=2009, test_year=2014, win_size=3, n_windows=10
  built windows for T=2009
  built windows for T=2014
[build_year_XY_windowed] built windowed XY for 6 prediction years (2009–2014)
  GAT_RNN_V2: edge_feat_dim=3, n_heads=4, n_hidden=64

----- Epoch 0 (windowed) -----

###### Windowed train epoch 0 overall metrics
  loss: 0.1951 rmse: 21.132 r2: 0.005 corr: 0.075
***** Epoch 0 Val (windowed) *****
  loss: 0.0699 rmse: 9.443 r2: 0.035 corr: 0.191
********************
***** Epoch 0 Test (windowed) *****
  loss: 0.0721 rmse: 7.915 r2: 0.040 corr: 0.211
********************
  Epoch 0 done in 24.4s
  Saved best model → model/FIM_restoration_0412_stations_monthly/2014/gat-rnn-v2-windowed_bs-128_lr-0.001_maxepoch-50_testyear-2014_win-3_nwin-10_seed-0/model-0

----- Epoch 1 (windowed) -----

###### Windowed train epoch 1 overall metrics
  loss: 0.1869 rmse: 21.030 r2: 0.015 corr: 0.124
***** Epoch 1 Val (windowed) *****
  loss: 0.0660 rmse: 9.293 r2: 0.065 corr: 0.266
********************
***** Epoch 1 Test (windowed) *****
  loss: 0.0684 rmse: 7.787 r2: 0.071 corr: 0.291
********************
  Epoch 1 done in 45.5s
  Saved best model → model/FIM_restoration_0412_stations_monthly/2014/gat-rnn-v2-windowed_bs-128_lr-0.001_maxepoch-50_testyear-2014_win-3_nwin-10_seed-0/model-1

----- Epoch 2 (windowed) -----

###### Windowed train epoch 2 overall metrics
  loss: 0.1804 rmse: 21.009 r2: 0.017 corr: 0.143
***** Epoch 2 Val (windowed) *****
  loss: 0.0626 rmse: 9.063 r2: 0.111 corr: 0.347
********************
***** Epoch 2 Test (windowed) *****
  loss: 0.0650 rmse: 7.657 r2: 0.101 corr: 0.358
********************
  Epoch 2 done in 45.7s
  Saved best model → model/FIM_restoration_0412_stations_monthly/2014/gat-rnn-v2-windowed_bs-128_lr-0.001_maxepoch-50_testyear-2014_win-3_nwin-10_seed-0/model-2

----- Epoch 3 (windowed) -----

###### Windowed train epoch 3 overall metrics
  loss: 0.1756 rmse: 20.830 r2: 0.034 corr: 0.217
***** Epoch 3 Val (windowed) *****
  loss: 0.0605 rmse: 9.206 r2: 0.083 corr: 0.349
********************
***** Epoch 3 Test (windowed) *****
  loss: 0.0634 rmse: 7.808 r2: 0.066 corr: 0.355
********************
  Epoch 3 done in 30.5s

----- Epoch 4 (windowed) -----

###### Windowed train epoch 4 overall metrics
  loss: 0.1721 rmse: 21.902 r2: -0.068 corr: 0.152
***** Epoch 4 Val (windowed) *****
  loss: 0.0594 rmse: 10.604 r2: -0.217 corr: 0.340
********************
***** Epoch 4 Test (windowed) *****
  loss: 0.0634 rmse: 8.394 r2: -0.080 corr: 0.371
********************
  Epoch 4 done in 25.0s

----- Epoch 5 (windowed) -----

###### Windowed train epoch 5 overall metrics
  loss: 0.1685 rmse: 22.397 r2: -0.117 corr: 0.146
***** Epoch 5 Val (windowed) *****
  loss: 0.0584 rmse: 10.097 r2: -0.103 corr: 0.341
********************
***** Epoch 5 Test (windowed) *****
  loss: 0.0652 rmse: 8.231 r2: -0.038 corr: 0.348
********************
  Epoch 5 done in 349.9s

----- Epoch 6 (windowed) -----

###### Windowed train epoch 6 overall metrics
  loss: 0.1654 rmse: 21.342 r2: -0.014 corr: 0.182
***** Epoch 6 Val (windowed) *****
  loss: 0.0572 rmse: 9.691 r2: -0.016 corr: 0.339
********************
***** Epoch 6 Test (windowed) *****
  loss: 0.0639 rmse: 7.987 r2: 0.023 corr: 0.363
********************
  Epoch 6 done in 24.0s

----- Epoch 7 (windowed) -----

###### Windowed train epoch 7 overall metrics
  loss: 0.1635 rmse: 22.808 r2: -0.159 corr: 0.139
***** Epoch 7 Val (windowed) *****
  loss: 0.0560 rmse: 9.446 r2: 0.034 corr: 0.357
********************
***** Epoch 7 Test (windowed) *****
  loss: 0.0595 rmse: 8.053 r2: 0.006 corr: 0.362
********************
  Epoch 7 done in 23.9s

----- Epoch 8 (windowed) -----

###### Windowed train epoch 8 overall metrics
  loss: 0.1601 rmse: 21.336 r2: -0.014 corr: 0.191
***** Epoch 8 Val (windowed) *****
  loss: 0.0545 rmse: 9.787 r2: -0.037 corr: 0.367
********************
***** Epoch 8 Test (windowed) *****
  loss: 0.0617 rmse: 8.443 r2: -0.092 corr: 0.366
********************
  Epoch 8 done in 23.8s

----- Epoch 9 (windowed) -----

###### Windowed train epoch 9 overall metrics
  loss: 0.1566 rmse: 21.677 r2: -0.046 corr: 0.187
***** Epoch 9 Val (windowed) *****
  loss: 0.0541 rmse: 9.252 r2: 0.074 corr: 0.357
********************
***** Epoch 9 Test (windowed) *****
  loss: 0.0641 rmse: 7.716 r2: 0.088 corr: 0.380
********************
  Epoch 9 done in 23.7s

----- Epoch 10 (windowed) -----

###### Windowed train epoch 10 overall metrics
  loss: 0.1553 rmse: 21.119 r2: 0.007 corr: 0.202
***** Epoch 10 Val (windowed) *****
  loss: 0.0531 rmse: 9.779 r2: -0.035 corr: 0.364
********************
***** Epoch 10 Test (windowed) *****
  loss: 0.0592 rmse: 8.832 r2: -0.195 corr: 0.347
********************
  Epoch 10 done in 1073.5s

----- Epoch 11 (windowed) -----

###### Windowed train epoch 11 overall metrics
  loss: 0.1527 rmse: 21.133 r2: 0.005 corr: 0.210
***** Epoch 11 Val (windowed) *****
  loss: 0.0537 rmse: 9.814 r2: -0.042 corr: 0.342
********************
***** Epoch 11 Test (windowed) *****
  loss: 0.0587 rmse: 9.010 r2: -0.244 corr: 0.323
********************
  Epoch 11 done in 24.3s

----- Epoch 12 (windowed) -----

###### Windowed train epoch 12 overall metrics
  loss: 0.1514 rmse: 21.155 r2: 0.003 corr: 0.207
***** Epoch 12 Val (windowed) *****
  loss: 0.0566 rmse: 9.269 r2: 0.070 corr: 0.388
********************
***** Epoch 12 Test (windowed) *****
  loss: 0.0675 rmse: 7.871 r2: 0.051 corr: 0.396
********************
  Epoch 12 done in 24.1s

----- Epoch 13 (windowed) -----

###### Windowed train epoch 13 overall metrics
  loss: 0.1506 rmse: 20.992 r2: 0.019 corr: 0.235
***** Epoch 13 Val (windowed) *****
  loss: 0.0519 rmse: 9.354 r2: 0.053 corr: 0.394
********************
***** Epoch 13 Test (windowed) *****
  loss: 0.0629 rmse: 7.911 r2: 0.041 corr: 0.414
********************
  Epoch 13 done in 24.2s

----- Epoch 14 (windowed) -----

###### Windowed train epoch 14 overall metrics
  loss: 0.1485 rmse: 20.649 r2: 0.050 corr: 0.259
***** Epoch 14 Val (windowed) *****
  loss: 0.0506 rmse: 9.365 r2: 0.051 corr: 0.395
********************
***** Epoch 14 Test (windowed) *****
  loss: 0.0582 rmse: 8.299 r2: -0.055 corr: 0.393
********************
  Epoch 14 done in 23.7s

----- Epoch 15 (windowed) -----

###### Windowed train epoch 15 overall metrics
  loss: 0.1470 rmse: 20.970 r2: 0.021 corr: 0.232
***** Epoch 15 Val (windowed) *****
  loss: 0.0508 rmse: 9.658 r2: -0.010 corr: 0.385
********************
***** Epoch 15 Test (windowed) *****
  loss: 0.0608 rmse: 8.472 r2: -0.100 corr: 0.385
********************
  Epoch 15 done in 24.3s

----- Epoch 16 (windowed) -----

###### Windowed train epoch 16 overall metrics
  loss: 0.1455 rmse: 20.540 r2: 0.060 corr: 0.275
***** Epoch 16 Val (windowed) *****
  loss: 0.0537 rmse: 10.216 r2: -0.130 corr: 0.380
********************
***** Epoch 16 Test (windowed) *****
  loss: 0.0573 rmse: 9.051 r2: -0.255 corr: 0.401
********************
  Epoch 16 done in 409.5s

----- Epoch 17 (windowed) -----

###### Windowed train epoch 17 overall metrics
  loss: 0.1450 rmse: 20.344 r2: 0.078 corr: 0.305
***** Epoch 17 Val (windowed) *****
  loss: 0.0498 rmse: 9.252 r2: 0.073 corr: 0.410
********************
***** Epoch 17 Test (windowed) *****
  loss: 0.0600 rmse: 8.342 r2: -0.066 corr: 0.384
********************
  Epoch 17 done in 24.4s

----- Epoch 18 (windowed) -----

###### Windowed train epoch 18 overall metrics
  loss: 0.1428 rmse: 20.650 r2: 0.050 corr: 0.291
***** Epoch 18 Val (windowed) *****
  loss: 0.0520 rmse: 10.216 r2: -0.130 corr: 0.399
********************
***** Epoch 18 Test (windowed) *****
  loss: 0.0573 rmse: 8.497 r2: -0.106 corr: 0.413
********************
  Epoch 18 done in 23.7s

----- Epoch 19 (windowed) -----

###### Windowed train epoch 19 overall metrics
  loss: 0.1430 rmse: 20.625 r2: 0.053 corr: 0.265
***** Epoch 19 Val (windowed) *****
  loss: 0.0493 rmse: 9.354 r2: 0.053 corr: 0.405
********************
***** Epoch 19 Test (windowed) *****
  loss: 0.0568 rmse: 8.156 r2: -0.019 corr: 0.400
********************
  Epoch 19 done in 23.7s

----- Epoch 20 (windowed) -----

###### Windowed train epoch 20 overall metrics
  loss: 0.1407 rmse: 20.636 r2: 0.052 corr: 0.277
***** Epoch 20 Val (windowed) *****
  loss: 0.0484 rmse: 9.393 r2: 0.045 corr: 0.428
********************
***** Epoch 20 Test (windowed) *****
  loss: 0.0596 rmse: 8.435 r2: -0.090 corr: 0.409
********************
  Epoch 20 done in 24.0s

----- Epoch 21 (windowed) -----

###### Windowed train epoch 21 overall metrics
  loss: 0.1394 rmse: 21.370 r2: -0.017 corr: 0.252
***** Epoch 21 Val (windowed) *****
  loss: 0.0487 rmse: 10.054 r2: -0.094 corr: 0.386
********************
***** Epoch 21 Test (windowed) *****
  loss: 0.0584 rmse: 7.970 r2: 0.027 corr: 0.434
********************
  Epoch 21 done in 24.3s

----- Epoch 22 (windowed) -----

###### Windowed train epoch 22 overall metrics
  loss: 0.1385 rmse: 20.578 r2: 0.057 corr: 0.303
***** Epoch 22 Val (windowed) *****
  loss: 0.0480 rmse: 10.323 r2: -0.153 corr: 0.446
********************
***** Epoch 22 Test (windowed) *****
  loss: 0.0596 rmse: 9.236 r2: -0.307 corr: 0.444
********************
  Epoch 22 done in 925.5s

----- Epoch 23 (windowed) -----

###### Windowed train epoch 23 overall metrics
  loss: 0.1380 rmse: 21.176 r2: 0.001 corr: 0.243
***** Epoch 23 Val (windowed) *****
  loss: 0.0476 rmse: 9.430 r2: 0.037 corr: 0.438
********************
***** Epoch 23 Test (windowed) *****
  loss: 0.0587 rmse: 8.529 r2: -0.115 corr: 0.417
********************
  Epoch 23 done in 26.0s

----- Epoch 24 (windowed) -----

###### Windowed train epoch 24 overall metrics
  loss: 0.1372 rmse: 21.569 r2: -0.036 corr: 0.262
***** Epoch 24 Val (windowed) *****
  loss: 0.0478 rmse: 9.972 r2: -0.076 corr: 0.437
********************
***** Epoch 24 Test (windowed) *****
  loss: 0.0579 rmse: 8.259 r2: -0.045 corr: 0.464
********************
  Epoch 24 done in 25.6s

----- Epoch 25 (windowed) -----

###### Windowed train epoch 25 overall metrics
  loss: 0.1363 rmse: 21.896 r2: -0.068 corr: 0.238
***** Epoch 25 Val (windowed) *****
  loss: 0.0473 rmse: 9.492 r2: 0.025 corr: 0.453
********************
***** Epoch 25 Test (windowed) *****
  loss: 0.0567 rmse: 7.908 r2: 0.042 corr: 0.476
********************
  Epoch 25 done in 25.8s

----- Epoch 26 (windowed) -----

###### Windowed train epoch 26 overall metrics
  loss: 0.1354 rmse: 20.230 r2: 0.089 corr: 0.342
***** Epoch 26 Val (windowed) *****
  loss: 0.0469 rmse: 9.734 r2: -0.026 corr: 0.427
********************
***** Epoch 26 Test (windowed) *****
  loss: 0.0606 rmse: 8.183 r2: -0.026 corr: 0.434
********************
  Epoch 26 done in 189.2s

----- Epoch 27 (windowed) -----

###### Windowed train epoch 27 overall metrics
  loss: 0.1345 rmse: 21.344 r2: -0.015 corr: 0.268
***** Epoch 27 Val (windowed) *****
  loss: 0.0468 rmse: 9.594 r2: 0.004 corr: 0.441
********************
***** Epoch 27 Test (windowed) *****
  loss: 0.0614 rmse: 7.935 r2: 0.035 corr: 0.464
********************
  Epoch 27 done in 24.7s

----- Epoch 28 (windowed) -----

###### Windowed train epoch 28 overall metrics
  loss: 0.1331 rmse: 20.986 r2: 0.019 corr: 0.275
***** Epoch 28 Val (windowed) *****
  loss: 0.0470 rmse: 9.754 r2: -0.030 corr: 0.452
********************
***** Epoch 28 Test (windowed) *****
  loss: 0.0628 rmse: 8.359 r2: -0.071 corr: 0.453
********************
  Epoch 28 done in 198.0s

----- Epoch 29 (windowed) -----

###### Windowed train epoch 29 overall metrics
  loss: 0.1328 rmse: 21.197 r2: -0.001 corr: 0.263
***** Epoch 29 Val (windowed) *****
  loss: 0.0469 rmse: 9.773 r2: -0.034 corr: 0.455
********************
***** Epoch 29 Test (windowed) *****
  loss: 0.0606 rmse: 8.353 r2: -0.069 corr: 0.462
********************
  Epoch 29 done in 24.6s

----- Epoch 30 (windowed) -----

###### Windowed train epoch 30 overall metrics
  loss: 0.1319 rmse: 20.753 r2: 0.041 corr: 0.341
***** Epoch 30 Val (windowed) *****
  loss: 0.0461 rmse: 9.667 r2: -0.012 corr: 0.479
********************
***** Epoch 30 Test (windowed) *****
  loss: 0.0608 rmse: 8.379 r2: -0.076 corr: 0.489
********************
  Epoch 30 done in 23.9s

----- Epoch 31 (windowed) -----

###### Windowed train epoch 31 overall metrics
  loss: 0.1313 rmse: 20.822 r2: 0.034 corr: 0.324
***** Epoch 31 Val (windowed) *****
  loss: 0.0469 rmse: 10.695 r2: -0.238 corr: 0.451
********************
***** Epoch 31 Test (windowed) *****
  loss: 0.0577 rmse: 8.627 r2: -0.141 corr: 0.486
********************
  Epoch 31 done in 24.0s

----- Epoch 32 (windowed) -----

###### Windowed train epoch 32 overall metrics
  loss: 0.1309 rmse: 20.485 r2: 0.065 corr: 0.351
***** Epoch 32 Val (windowed) *****
  loss: 0.0473 rmse: 10.863 r2: -0.277 corr: 0.408
********************
***** Epoch 32 Test (windowed) *****
  loss: 0.0576 rmse: 7.917 r2: 0.040 corr: 0.468
********************
  Epoch 32 done in 23.7s

----- Epoch 33 (windowed) -----

###### Windowed train epoch 33 overall metrics
  loss: 0.1305 rmse: 21.322 r2: -0.013 corr: 0.252
***** Epoch 33 Val (windowed) *****
  loss: 0.0473 rmse: 10.682 r2: -0.235 corr: 0.454
********************
***** Epoch 33 Test (windowed) *****
  loss: 0.0563 rmse: 9.149 r2: -0.283 corr: 0.464
********************
  Epoch 33 done in 539.1s

----- Epoch 34 (windowed) -----

###### Windowed train epoch 34 overall metrics
  loss: 0.1306 rmse: 21.480 r2: -0.028 corr: 0.252
***** Epoch 34 Val (windowed) *****
  loss: 0.0460 rmse: 9.581 r2: 0.006 corr: 0.485
********************
***** Epoch 34 Test (windowed) *****
  loss: 0.0603 rmse: 7.938 r2: 0.034 corr: 0.502
********************
  Epoch 34 done in 24.5s

----- Epoch 35 (windowed) -----

###### Windowed train epoch 35 overall metrics
  loss: 0.1286 rmse: 21.199 r2: -0.001 corr: 0.298
***** Epoch 35 Val (windowed) *****
  loss: 0.0452 rmse: 10.004 r2: -0.083 corr: 0.455
********************
***** Epoch 35 Test (windowed) *****
  loss: 0.0599 rmse: 8.214 r2: -0.034 corr: 0.469
********************
  Epoch 35 done in 24.2s

----- Epoch 36 (windowed) -----

###### Windowed train epoch 36 overall metrics
  loss: 0.1279 rmse: 20.004 r2: 0.109 corr: 0.368
***** Epoch 36 Val (windowed) *****
  loss: 0.0453 rmse: 10.098 r2: -0.104 corr: 0.426
********************
***** Epoch 36 Test (windowed) *****
  loss: 0.0634 rmse: 7.961 r2: 0.029 corr: 0.446
********************
  Epoch 36 done in 23.8s

----- Epoch 37 (windowed) -----

###### Windowed train epoch 37 overall metrics
  loss: 0.1270 rmse: 21.208 r2: -0.002 corr: 0.315
***** Epoch 37 Val (windowed) *****
  loss: 0.0452 rmse: 9.235 r2: 0.077 corr: 0.465
********************
***** Epoch 37 Test (windowed) *****
  loss: 0.0647 rmse: 7.399 r2: 0.161 corr: 0.506
********************
  Epoch 37 done in 24.4s

----- Epoch 38 (windowed) -----

###### Windowed train epoch 38 overall metrics
  loss: 0.1267 rmse: 21.067 r2: 0.012 corr: 0.287
***** Epoch 38 Val (windowed) *****
  loss: 0.0454 rmse: 10.468 r2: -0.186 corr: 0.464
********************
***** Epoch 38 Test (windowed) *****
  loss: 0.0621 rmse: 8.513 r2: -0.110 corr: 0.477
********************
  Epoch 38 done in 23.7s

----- Epoch 39 (windowed) -----

###### Windowed train epoch 39 overall metrics
  loss: 0.1269 rmse: 21.106 r2: 0.008 corr: 0.302
***** Epoch 39 Val (windowed) *****
  loss: 0.0456 rmse: 10.108 r2: -0.106 corr: 0.465
********************
***** Epoch 39 Test (windowed) *****
  loss: 0.0603 rmse: 8.151 r2: -0.018 corr: 0.477
********************
  Epoch 39 done in 932.9s

----- Epoch 40 (windowed) -----

###### Windowed train epoch 40 overall metrics
  loss: 0.1268 rmse: 20.030 r2: 0.106 corr: 0.412
***** Epoch 40 Val (windowed) *****
  loss: 0.0453 rmse: 9.238 r2: 0.076 corr: 0.489
********************
***** Epoch 40 Test (windowed) *****
  loss: 0.0611 rmse: 7.693 r2: 0.093 corr: 0.493
********************
  Epoch 40 done in 24.6s

----- Epoch 41 (windowed) -----

###### Windowed train epoch 41 overall metrics
  loss: 0.1257 rmse: 20.932 r2: 0.024 corr: 0.338
***** Epoch 41 Val (windowed) *****
  loss: 0.0453 rmse: 9.814 r2: -0.042 corr: 0.455
********************
***** Epoch 41 Test (windowed) *****
  loss: 0.0651 rmse: 7.515 r2: 0.135 corr: 0.502
********************
  Epoch 41 done in 24.1s

----- Epoch 42 (windowed) -----

###### Windowed train epoch 42 overall metrics
  loss: 0.1257 rmse: 20.971 r2: 0.021 corr: 0.311
***** Epoch 42 Val (windowed) *****
  loss: 0.0454 rmse: 9.534 r2: 0.016 corr: 0.473
********************
***** Epoch 42 Test (windowed) *****
  loss: 0.0597 rmse: 7.908 r2: 0.042 corr: 0.474
********************
  Epoch 42 done in 24.2s

----- Epoch 43 (windowed) -----

###### Windowed train epoch 43 overall metrics
  loss: 0.1246 rmse: 21.332 r2: -0.013 corr: 0.277
***** Epoch 43 Val (windowed) *****
  loss: 0.0451 rmse: 10.429 r2: -0.177 corr: 0.468
********************
***** Epoch 43 Test (windowed) *****
  loss: 0.0642 rmse: 8.680 r2: -0.155 corr: 0.445
********************
  Epoch 43 done in 23.8s

----- Epoch 44 (windowed) -----

###### Windowed train epoch 44 overall metrics
  loss: 0.1239 rmse: 19.944 r2: 0.114 corr: 0.432
***** Epoch 44 Val (windowed) *****
  loss: 0.0447 rmse: 12.220 r2: -0.616 corr: 0.501
********************
***** Epoch 44 Test (windowed) *****
  loss: 0.0599 rmse: 10.060 r2: -0.551 corr: 0.481
********************
  Epoch 44 done in 24.1s

----- Epoch 45 (windowed) -----

###### Windowed train epoch 45 overall metrics
  loss: 0.1228 rmse: 24.163 r2: -0.300 corr: 0.253
***** Epoch 45 Val (windowed) *****
  loss: 0.0446 rmse: 9.461 r2: 0.031 corr: 0.456
********************
***** Epoch 45 Test (windowed) *****
  loss: 0.0617 rmse: 7.549 r2: 0.127 corr: 0.466
********************
  Epoch 45 done in 315.2s

----- Epoch 46 (windowed) -----

###### Windowed train epoch 46 overall metrics
  loss: 0.1218 rmse: 21.373 r2: -0.017 corr: 0.282
***** Epoch 46 Val (windowed) *****
  loss: 0.0447 rmse: 10.182 r2: -0.122 corr: 0.452
********************
***** Epoch 46 Test (windowed) *****
  loss: 0.0627 rmse: 8.000 r2: 0.019 corr: 0.456
********************
  Epoch 46 done in 24.1s

----- Epoch 47 (windowed) -----

###### Windowed train epoch 47 overall metrics
  loss: 0.1217 rmse: 19.592 r2: 0.145 corr: 0.435
***** Epoch 47 Val (windowed) *****
  loss: 0.0443 rmse: 9.779 r2: -0.035 corr: 0.503
********************
***** Epoch 47 Test (windowed) *****
  loss: 0.0648 rmse: 7.564 r2: 0.123 corr: 0.515
********************
  Epoch 47 done in 24.1s

----- Epoch 48 (windowed) -----

###### Windowed train epoch 48 overall metrics
  loss: 0.1211 rmse: 20.420 r2: 0.071 corr: 0.480
***** Epoch 48 Val (windowed) *****
  loss: 0.0441 rmse: 9.666 r2: -0.011 corr: 0.403
********************
***** Epoch 48 Test (windowed) *****
  loss: 0.0643 rmse: 7.739 r2: 0.082 corr: 0.418
********************
  Epoch 48 done in 24.0s

----- Epoch 49 (windowed) -----

###### Windowed train epoch 49 overall metrics
  loss: 0.1202 rmse: 20.203 r2: 0.091 corr: 0.382
***** Epoch 49 Val (windowed) *****
  loss: 0.0443 rmse: 9.753 r2: -0.030 corr: 0.444
********************
***** Epoch 49 Test (windowed) *****
  loss: 0.0608 rmse: 7.454 r2: 0.149 corr: 0.483
********************
  Epoch 49 done in 24.2s
Fold done — best val RMSE=9.0631 test R²=0.1015 corr=0.3579

================================================================
Rolling-windowed  test_year=2015
  Val  : 2014
  Test : 2015
  win_size=3  n_windows=10
================================================================
Initially data (54319, 166)
After filtering (35487, 166)
get_X_Y
X shape (35487, 130)
Y shape (35487, 34)
Y (output) means tensor([[0.1446, 0.0115, 0.2573, 0.1496, 0.0167, 0.0630, 0.1633, 0.6705, 0.9133,
         0.0229, 0.0445, 0.0117, 0.0764, 0.1410, 1.0226, 0.9765, 0.3476, 0.3918,
         0.9161, 0.3699, 0.1856, 0.2225, 0.4413, 0.1830, 0.4028, 0.4568, 0.2865,
         0.6753, 0.5261, 0.1492, 0.2806, 0.1060, 0.1301, 0.1328]]) stds tensor([[0.4752, 0.1324, 0.6328, 0.5566, 0.1552, 0.3050, 0.5228, 1.4579, 1.6397,
         0.1922, 0.2882, 0.1460, 0.4122, 0.4493, 2.0963, 1.6418, 0.8550, 1.1702,
         1.6470, 0.8956, 0.5277, 0.6900, 1.1228, 0.6047, 0.9834, 1.0166, 0.7213,
         1.4294, 1.0573, 0.4425, 0.8377, 0.3417, 0.3944, 0.3761]])
Y count-scale means tensor([[4.8216e-01, 3.3097e-02, 1.0077e+00, 7.8546e-01, 4.7551e-02, 2.0872e-01,
         6.0559e-01, 1.4582e+01, 3.2330e+01, 7.1789e-02, 1.8560e-01, 4.0068e-02,
         5.1947e-01, 4.2223e-01, 2.4308e+02, 2.0236e+01, 2.6366e+00, 1.4393e+01,
         2.8591e+01, 2.8189e+00, 6.0083e-01, 1.6085e+00, 8.4691e+00, 1.7329e+00,
         3.4129e+00, 3.9146e+00, 1.3223e+00, 3.4593e+01, 6.4131e+00, 4.3361e-01,
         3.0314e+00, 2.2471e-01, 3.0558e-01, 2.7693e-01]]) stds tensor([[3.3257e+00, 6.2445e-01, 6.1222e+00, 6.1816e+00, 9.6805e-01, 3.9534e+00,
         3.9211e+00, 7.2579e+01, 2.2041e+02, 1.0461e+00, 2.6244e+00, 7.2528e-01,
         9.0659e+00, 2.6515e+00, 2.8611e+03, 8.8809e+01, 1.9329e+01, 1.7185e+02,
         2.3493e+02, 1.6929e+01, 3.1694e+00, 2.3141e+01, 8.6734e+01, 5.0572e+01,
         1.6597e+01, 2.2258e+01, 7.1459e+00, 9.4188e+02, 7.8867e+01, 4.8218e+00,
         2.5615e+01, 1.0072e+00, 1.4308e+00, 1.0981e+00]])
Loaded per-window (calendar) month weights from analysis/figures/month_weights_per_window.npz: cube.shape=(25, 12, 34)
/Users/liyingnceas/GitHub/GNN-RNN-main/gnn-lstm-v3/utils/data_utils.py:264: RuntimeWarning: Mean of empty slice
  np.nanmean(county_dict[county], axis=0).astype(np.float32)
Filled 89145 missing (node, year) entries from neighbors or year averages
[2D] Station nodes: 587, adj nnz: 2910
[build_year_XY_windowed] data_start=1998, min_pred_year=2009, test_year=2015, win_size=3, n_windows=10
  built windows for T=2009
  built windows for T=2014
[build_year_XY_windowed] built windowed XY for 7 prediction years (2009–2015)
  GAT_RNN_V2: edge_feat_dim=3, n_heads=4, n_hidden=64

----- Epoch 0 (windowed) -----

###### Windowed train epoch 0 overall metrics
  loss: 0.1935 rmse: 19.547 r2: 0.008 corr: 0.088
***** Epoch 0 Val (windowed) *****
  loss: 0.0695 rmse: 7.870 r2: 0.051 corr: 0.238
********************
***** Epoch 0 Test (windowed) *****
  loss: 0.0696 rmse: 15.829 r2: 0.023 corr: 0.152
********************
  Epoch 0 done in 27.3s
  Saved best model → model/FIM_restoration_0412_stations_monthly/2015/gat-rnn-v2-windowed_bs-128_lr-0.001_maxepoch-50_testyear-2015_win-3_nwin-10_seed-0/model-0

----- Epoch 1 (windowed) -----

###### Windowed train epoch 1 overall metrics
  loss: 0.1828 rmse: 19.482 r2: 0.014 corr: 0.137
***** Epoch 1 Val (windowed) *****
  loss: 0.0657 rmse: 7.961 r2: 0.029 corr: 0.301
********************
***** Epoch 1 Test (windowed) *****
  loss: 0.0654 rmse: 15.636 r2: 0.046 corr: 0.224
********************
  Epoch 1 done in 28.4s

----- Epoch 2 (windowed) -----

###### Windowed train epoch 2 overall metrics
  loss: 0.1771 rmse: 19.399 r2: 0.023 corr: 0.176
***** Epoch 2 Val (windowed) *****
  loss: 0.0631 rmse: 7.758 r2: 0.078 corr: 0.346
********************
***** Epoch 2 Test (windowed) *****
  loss: 0.0632 rmse: 15.476 r2: 0.066 corr: 0.260
********************
  Epoch 2 done in 27.6s
  Saved best model → model/FIM_restoration_0412_stations_monthly/2015/gat-rnn-v2-windowed_bs-128_lr-0.001_maxepoch-50_testyear-2015_win-3_nwin-10_seed-0/model-2

----- Epoch 3 (windowed) -----

###### Windowed train epoch 3 overall metrics
  loss: 0.1728 rmse: 19.425 r2: 0.020 corr: 0.189
***** Epoch 3 Val (windowed) *****
  loss: 0.0616 rmse: 7.925 r2: 0.038 corr: 0.358
********************
***** Epoch 3 Test (windowed) *****
  loss: 0.0623 rmse: 15.393 r2: 0.076 corr: 0.282
********************
  Epoch 3 done in 27.9s

----- Epoch 4 (windowed) -----

###### Windowed train epoch 4 overall metrics
  loss: 0.1694 rmse: 20.152 r2: -0.055 corr: 0.162
***** Epoch 4 Val (windowed) *****
  loss: 0.0602 rmse: 7.734 r2: 0.084 corr: 0.406
********************
***** Epoch 4 Test (windowed) *****
  loss: 0.0610 rmse: 15.120 r2: 0.108 corr: 0.335
********************
  Epoch 4 done in 27.6s
  Saved best model → model/FIM_restoration_0412_stations_monthly/2015/gat-rnn-v2-windowed_bs-128_lr-0.001_maxepoch-50_testyear-2015_win-3_nwin-10_seed-0/model-4

----- Epoch 5 (windowed) -----

###### Windowed train epoch 5 overall metrics
  loss: 0.1665 rmse: 20.377 r2: -0.078 corr: 0.162
***** Epoch 5 Val (windowed) *****
  loss: 0.0588 rmse: 7.597 r2: 0.116 corr: 0.396
********************
***** Epoch 5 Test (windowed) *****
  loss: 0.0595 rmse: 15.296 r2: 0.087 corr: 0.302
********************
  Epoch 5 done in 27.9s
  Saved best model → model/FIM_restoration_0412_stations_monthly/2015/gat-rnn-v2-windowed_bs-128_lr-0.001_maxepoch-50_testyear-2015_win-3_nwin-10_seed-0/model-5

----- Epoch 6 (windowed) -----

###### Windowed train epoch 6 overall metrics
  loss: 0.1638 rmse: 19.467 r2: 0.016 corr: 0.208
***** Epoch 6 Val (windowed) *****
  loss: 0.0581 rmse: 7.944 r2: 0.033 corr: 0.368
********************
***** Epoch 6 Test (windowed) *****
  loss: 0.0598 rmse: 15.290 r2: 0.088 corr: 0.302
********************
  Epoch 6 done in 27.6s

----- Epoch 7 (windowed) -----

###### Windowed train epoch 7 overall metrics
  loss: 0.1612 rmse: 19.674 r2: -0.005 corr: 0.213
***** Epoch 7 Val (windowed) *****
  loss: 0.0564 rmse: 7.527 r2: 0.132 corr: 0.428
********************
***** Epoch 7 Test (windowed) *****
  loss: 0.0582 rmse: 15.071 r2: 0.114 corr: 0.348
********************
  Epoch 7 done in 28.0s
  Saved best model → model/FIM_restoration_0412_stations_monthly/2015/gat-rnn-v2-windowed_bs-128_lr-0.001_maxepoch-50_testyear-2015_win-3_nwin-10_seed-0/model-7

----- Epoch 8 (windowed) -----

###### Windowed train epoch 8 overall metrics
  loss: 0.1566 rmse: 19.968 r2: -0.035 corr: 0.220
***** Epoch 8 Val (windowed) *****
  loss: 0.0551 rmse: 7.595 r2: 0.116 corr: 0.459
********************
***** Epoch 8 Test (windowed) *****
  loss: 0.0562 rmse: 14.879 r2: 0.136 corr: 0.375
********************
  Epoch 8 done in 980.5s

----- Epoch 9 (windowed) -----

###### Windowed train epoch 9 overall metrics
  loss: 0.1550 rmse: 20.164 r2: -0.056 corr: 0.220
***** Epoch 9 Val (windowed) *****
  loss: 0.0570 rmse: 7.805 r2: 0.067 corr: 0.391
********************
***** Epoch 9 Test (windowed) *****
  loss: 0.0602 rmse: 15.439 r2: 0.070 corr: 0.281
********************
  Epoch 9 done in 27.9s

----- Epoch 10 (windowed) -----

###### Windowed train epoch 10 overall metrics
  loss: 0.1532 rmse: 19.276 r2: 0.035 corr: 0.268
***** Epoch 10 Val (windowed) *****
  loss: 0.0532 rmse: 8.598 r2: -0.132 corr: 0.461
********************
***** Epoch 10 Test (windowed) *****
  loss: 0.0562 rmse: 14.849 r2: 0.140 corr: 0.398
********************
  Epoch 10 done in 27.3s

----- Epoch 11 (windowed) -----

###### Windowed train epoch 11 overall metrics
  loss: 0.1497 rmse: 19.209 r2: 0.042 corr: 0.275
***** Epoch 11 Val (windowed) *****
  loss: 0.0542 rmse: 8.350 r2: -0.068 corr: 0.410
********************
***** Epoch 11 Test (windowed) *****
  loss: 0.0575 rmse: 15.245 r2: 0.093 corr: 0.330
********************
  Epoch 11 done in 27.9s

----- Epoch 12 (windowed) -----

###### Windowed train epoch 12 overall metrics
  loss: 0.1479 rmse: 19.254 r2: 0.037 corr: 0.310
***** Epoch 12 Val (windowed) *****
  loss: 0.0517 rmse: 8.179 r2: -0.025 corr: 0.444
********************
***** Epoch 12 Test (windowed) *****
  loss: 0.0544 rmse: 15.115 r2: 0.109 corr: 0.349
********************
  Epoch 12 done in 29.9s

----- Epoch 13 (windowed) -----

###### Windowed train epoch 13 overall metrics
  loss: 0.1461 rmse: 20.556 r2: -0.097 corr: 0.236
***** Epoch 13 Val (windowed) *****
  loss: 0.0511 rmse: 8.317 r2: -0.060 corr: 0.450
********************
***** Epoch 13 Test (windowed) *****
  loss: 0.0542 rmse: 14.984 r2: 0.124 corr: 0.366
********************
  Epoch 13 done in 444.2s

----- Epoch 14 (windowed) -----

###### Windowed train epoch 14 overall metrics
  loss: 0.1444 rmse: 19.823 r2: -0.021 corr: 0.239
***** Epoch 14 Val (windowed) *****
  loss: 0.0584 rmse: 8.639 r2: -0.143 corr: 0.331
********************
***** Epoch 14 Test (windowed) *****
  loss: 0.0591 rmse: 15.581 r2: 0.053 corr: 0.271
********************
  Epoch 14 done in 28.3s

----- Epoch 15 (windowed) -----

###### Windowed train epoch 15 overall metrics
  loss: 0.1452 rmse: 19.674 r2: -0.005 corr: 0.234
***** Epoch 15 Val (windowed) *****
  loss: 0.0514 rmse: 7.833 r2: 0.060 corr: 0.425
********************
***** Epoch 15 Test (windowed) *****
  loss: 0.0553 rmse: 15.227 r2: 0.096 corr: 0.324
********************
  Epoch 15 done in 27.7s

----- Epoch 16 (windowed) -----

###### Windowed train epoch 16 overall metrics
  loss: 0.1422 rmse: 19.600 r2: 0.002 corr: 0.266
***** Epoch 16 Val (windowed) *****
  loss: 0.0509 rmse: 7.797 r2: 0.069 corr: 0.448
********************
***** Epoch 16 Test (windowed) *****
  loss: 0.0533 rmse: 15.021 r2: 0.120 corr: 0.353
********************
  Epoch 16 done in 28.1s

----- Epoch 17 (windowed) -----

###### Windowed train epoch 17 overall metrics
  loss: 0.1409 rmse: 19.393 r2: 0.023 corr: 0.324
***** Epoch 17 Val (windowed) *****
  loss: 0.0504 rmse: 8.529 r2: -0.114 corr: 0.403
********************
***** Epoch 17 Test (windowed) *****
  loss: 0.0536 rmse: 15.397 r2: 0.075 corr: 0.315
********************
  Epoch 17 done in 27.9s

----- Epoch 18 (windowed) -----

###### Windowed train epoch 18 overall metrics
  loss: 0.1396 rmse: 19.525 r2: 0.010 corr: 0.273
***** Epoch 18 Val (windowed) *****
  loss: 0.0495 rmse: 8.347 r2: -0.067 corr: 0.446
********************
***** Epoch 18 Test (windowed) *****
  loss: 0.0526 rmse: 15.184 r2: 0.101 corr: 0.350
********************
  Epoch 18 done in 338.5s

----- Epoch 19 (windowed) -----

###### Windowed train epoch 19 overall metrics
  loss: 0.1390 rmse: 19.353 r2: 0.027 corr: 0.287
***** Epoch 19 Val (windowed) *****
  loss: 0.0488 rmse: 8.062 r2: 0.004 corr: 0.453
********************
***** Epoch 19 Test (windowed) *****
  loss: 0.0523 rmse: 15.024 r2: 0.119 corr: 0.364
********************
  Epoch 19 done in 28.2s

----- Epoch 20 (windowed) -----

###### Windowed train epoch 20 overall metrics
  loss: 0.1374 rmse: 19.542 r2: 0.008 corr: 0.281
***** Epoch 20 Val (windowed) *****
  loss: 0.0488 rmse: 8.052 r2: 0.007 corr: 0.458
********************
***** Epoch 20 Test (windowed) *****
  loss: 0.0523 rmse: 14.993 r2: 0.123 corr: 0.370
********************
  Epoch 20 done in 28.1s

----- Epoch 21 (windowed) -----

###### Windowed train epoch 21 overall metrics
  loss: 0.1363 rmse: 20.671 r2: -0.110 corr: 0.239
***** Epoch 21 Val (windowed) *****
  loss: 0.0479 rmse: 8.115 r2: -0.009 corr: 0.412
********************
***** Epoch 21 Test (windowed) *****
  loss: 0.0522 rmse: 15.190 r2: 0.100 corr: 0.335
********************
  Epoch 21 done in 27.9s

----- Epoch 22 (windowed) -----

###### Windowed train epoch 22 overall metrics
  loss: 0.1353 rmse: 19.470 r2: 0.015 corr: 0.272
***** Epoch 22 Val (windowed) *****
  loss: 0.0490 rmse: 7.916 r2: 0.040 corr: 0.422
********************
***** Epoch 22 Test (windowed) *****
  loss: 0.0516 rmse: 15.072 r2: 0.114 corr: 0.346
********************
  Epoch 22 done in 27.6s

----- Epoch 23 (windowed) -----

###### Windowed train epoch 23 overall metrics
  loss: 0.1347 rmse: 20.238 r2: -0.064 corr: 0.286
***** Epoch 23 Val (windowed) *****
  loss: 0.0476 rmse: 7.803 r2: 0.067 corr: 0.408
********************
***** Epoch 23 Test (windowed) *****
  loss: 0.0517 rmse: 15.133 r2: 0.107 corr: 0.333
********************
  Epoch 23 done in 134.8s

----- Epoch 24 (windowed) -----

###### Windowed train epoch 24 overall metrics
  loss: 0.1337 rmse: 19.565 r2: 0.006 corr: 0.267
***** Epoch 24 Val (windowed) *****
  loss: 0.0475 rmse: 8.310 r2: -0.058 corr: 0.390
********************
***** Epoch 24 Test (windowed) *****
  loss: 0.0513 rmse: 15.277 r2: 0.090 corr: 0.320
********************
  Epoch 24 done in 30.6s

----- Epoch 25 (windowed) -----

###### Windowed train epoch 25 overall metrics
  loss: 0.1325 rmse: 19.648 r2: -0.003 corr: 0.257
***** Epoch 25 Val (windowed) *****
  loss: 0.0475 rmse: 8.667 r2: -0.151 corr: 0.435
********************
***** Epoch 25 Test (windowed) *****
  loss: 0.0514 rmse: 14.902 r2: 0.134 corr: 0.392
********************
  Epoch 25 done in 28.0s

----- Epoch 26 (windowed) -----

###### Windowed train epoch 26 overall metrics
  loss: 0.1317 rmse: 20.080 r2: -0.047 corr: 0.241
***** Epoch 26 Val (windowed) *****
  loss: 0.0488 rmse: 8.709 r2: -0.162 corr: 0.391
********************
***** Epoch 26 Test (windowed) *****
  loss: 0.0519 rmse: 15.123 r2: 0.108 corr: 0.355
********************
  Epoch 26 done in 28.7s

----- Epoch 27 (windowed) -----

###### Windowed train epoch 27 overall metrics
  loss: 0.1323 rmse: 19.411 r2: 0.022 corr: 0.273
***** Epoch 27 Val (windowed) *****
  loss: 0.0495 rmse: 7.903 r2: 0.043 corr: 0.439
********************
***** Epoch 27 Test (windowed) *****
  loss: 0.0536 rmse: 14.894 r2: 0.135 corr: 0.374
********************
  Epoch 27 done in 88.2s

----- Epoch 28 (windowed) -----

###### Windowed train epoch 28 overall metrics
  loss: 0.1312 rmse: 19.592 r2: 0.003 corr: 0.294
***** Epoch 28 Val (windowed) *****
  loss: 0.0471 rmse: 8.450 r2: -0.094 corr: 0.412
********************
***** Epoch 28 Test (windowed) *****
  loss: 0.0516 rmse: 15.155 r2: 0.104 corr: 0.352
********************
  Epoch 28 done in 952.3s

----- Epoch 29 (windowed) -----

###### Windowed train epoch 29 overall metrics
  loss: 0.1293 rmse: 19.699 r2: -0.008 corr: 0.268
***** Epoch 29 Val (windowed) *****
  loss: 0.0466 rmse: 8.530 r2: -0.115 corr: 0.402
********************
***** Epoch 29 Test (windowed) *****
  loss: 0.0510 rmse: 15.080 r2: 0.113 corr: 0.361
********************
  Epoch 29 done in 29.9s

----- Epoch 30 (windowed) -----

###### Windowed train epoch 30 overall metrics
  loss: 0.1282 rmse: 21.327 r2: -0.181 corr: 0.212
***** Epoch 30 Val (windowed) *****
  loss: 0.0477 rmse: 8.953 r2: -0.228 corr: 0.363
********************
***** Epoch 30 Test (windowed) *****
  loss: 0.0528 rmse: 15.430 r2: 0.071 corr: 0.323
********************
  Epoch 30 done in 28.2s

----- Epoch 31 (windowed) -----

###### Windowed train epoch 31 overall metrics
  loss: 0.1275 rmse: 19.990 r2: -0.038 corr: 0.226
***** Epoch 31 Val (windowed) *****
  loss: 0.0464 rmse: 8.838 r2: -0.196 corr: 0.361
********************
***** Epoch 31 Test (windowed) *****
  loss: 0.0514 rmse: 15.374 r2: 0.078 corr: 0.322
********************
  Epoch 31 done in 28.3s

----- Epoch 32 (windowed) -----

###### Windowed train epoch 32 overall metrics
  loss: 0.1270 rmse: 20.420 r2: -0.083 corr: 0.229
***** Epoch 32 Val (windowed) *****
  loss: 0.0474 rmse: 8.130 r2: -0.013 corr: 0.409
********************
***** Epoch 32 Test (windowed) *****
  loss: 0.0506 rmse: 15.106 r2: 0.110 corr: 0.349
********************
  Epoch 32 done in 27.8s

----- Epoch 33 (windowed) -----

###### Windowed train epoch 33 overall metrics
  loss: 0.1269 rmse: 19.758 r2: -0.014 corr: 0.264
***** Epoch 33 Val (windowed) *****
  loss: 0.0467 rmse: 9.278 r2: -0.319 corr: 0.423
********************
***** Epoch 33 Test (windowed) *****
  loss: 0.0519 rmse: 15.138 r2: 0.106 corr: 0.392
********************
  Epoch 33 done in 29.9s

----- Epoch 34 (windowed) -----

###### Windowed train epoch 34 overall metrics
  loss: 0.1257 rmse: 20.115 r2: -0.051 corr: 0.248
***** Epoch 34 Val (windowed) *****
  loss: 0.0454 rmse: 9.023 r2: -0.247 corr: 0.394
********************
***** Epoch 34 Test (windowed) *****
  loss: 0.0518 rmse: 15.182 r2: 0.101 corr: 0.368
********************
  Epoch 34 done in 259.3s

----- Epoch 35 (windowed) -----

###### Windowed train epoch 35 overall metrics
  loss: 0.1253 rmse: 19.535 r2: 0.009 corr: 0.295
***** Epoch 35 Val (windowed) *****
  loss: 0.0480 rmse: 9.518 r2: -0.388 corr: 0.368
********************
***** Epoch 35 Test (windowed) *****
  loss: 0.0543 rmse: 15.717 r2: 0.036 corr: 0.333
********************
  Epoch 35 done in 28.0s

----- Epoch 36 (windowed) -----

###### Windowed train epoch 36 overall metrics
  loss: 0.1249 rmse: 19.716 r2: -0.010 corr: 0.262
***** Epoch 36 Val (windowed) *****
  loss: 0.0469 rmse: 8.556 r2: -0.121 corr: 0.409
********************
***** Epoch 36 Test (windowed) *****
  loss: 0.0510 rmse: 14.809 r2: 0.144 corr: 0.398
********************
  Epoch 36 done in 28.1s

----- Epoch 37 (windowed) -----

###### Windowed train epoch 37 overall metrics
  loss: 0.1242 rmse: 19.923 r2: -0.031 corr: 0.278
***** Epoch 37 Val (windowed) *****
  loss: 0.0465 rmse: 8.502 r2: -0.107 corr: 0.379
********************
***** Epoch 37 Test (windowed) *****
  loss: 0.0512 rmse: 15.214 r2: 0.097 corr: 0.335
********************
  Epoch 37 done in 27.8s

----- Epoch 38 (windowed) -----

###### Windowed train epoch 38 overall metrics
  loss: 0.1227 rmse: 20.316 r2: -0.072 corr: 0.256
***** Epoch 38 Val (windowed) *****
  loss: 0.0456 rmse: 8.314 r2: -0.059 corr: 0.374
********************
***** Epoch 38 Test (windowed) *****
  loss: 0.0515 rmse: 15.264 r2: 0.091 corr: 0.326
********************
  Epoch 38 done in 27.8s

----- Epoch 39 (windowed) -----

###### Windowed train epoch 39 overall metrics
  loss: 0.1221 rmse: 20.168 r2: -0.056 corr: 0.246
***** Epoch 39 Val (windowed) *****
  loss: 0.0452 rmse: 8.819 r2: -0.191 corr: 0.358
********************
***** Epoch 39 Test (windowed) *****
  loss: 0.0513 rmse: 15.521 r2: 0.060 corr: 0.302
********************
  Epoch 39 done in 354.1s

----- Epoch 40 (windowed) -----

###### Windowed train epoch 40 overall metrics
  loss: 0.1223 rmse: 20.091 r2: -0.048 corr: 0.221
***** Epoch 40 Val (windowed) *****
  loss: 0.0489 rmse: 9.323 r2: -0.331 corr: 0.338
********************
***** Epoch 40 Test (windowed) *****
  loss: 0.0547 rmse: 15.588 r2: 0.052 corr: 0.306
********************
  Epoch 40 done in 28.0s

----- Epoch 41 (windowed) -----

###### Windowed train epoch 41 overall metrics
  loss: 0.1217 rmse: 20.107 r2: -0.050 corr: 0.265
***** Epoch 41 Val (windowed) *****
  loss: 0.0454 rmse: 9.025 r2: -0.248 corr: 0.391
********************
***** Epoch 41 Test (windowed) *****
  loss: 0.0508 rmse: 15.190 r2: 0.100 corr: 0.352
********************
  Epoch 41 done in 28.2s

----- Epoch 42 (windowed) -----

###### Windowed train epoch 42 overall metrics
  loss: 0.1204 rmse: 20.507 r2: -0.092 corr: 0.228
***** Epoch 42 Val (windowed) *****
  loss: 0.0459 rmse: 8.704 r2: -0.161 corr: 0.351
********************
***** Epoch 42 Test (windowed) *****
  loss: 0.0535 rmse: 15.504 r2: 0.062 corr: 0.301
********************
  Epoch 42 done in 27.7s

----- Epoch 43 (windowed) -----

###### Windowed train epoch 43 overall metrics
  loss: 0.1197 rmse: 19.715 r2: -0.009 corr: 0.257
***** Epoch 43 Val (windowed) *****
  loss: 0.0455 rmse: 9.361 r2: -0.342 corr: 0.372
********************
***** Epoch 43 Test (windowed) *****
  loss: 0.0514 rmse: 15.476 r2: 0.066 corr: 0.326
********************
  Epoch 43 done in 1052.2s

----- Epoch 44 (windowed) -----

###### Windowed train epoch 44 overall metrics
  loss: 0.1201 rmse: 19.847 r2: -0.023 corr: 0.248
***** Epoch 44 Val (windowed) *****
  loss: 0.0453 rmse: 8.473 r2: -0.100 corr: 0.363
********************
***** Epoch 44 Test (windowed) *****
  loss: 0.0505 rmse: 15.245 r2: 0.093 corr: 0.326
********************
  Epoch 44 done in 29.9s

----- Epoch 45 (windowed) -----

###### Windowed train epoch 45 overall metrics
  loss: 0.1184 rmse: 23.291 r2: -0.409 corr: 0.201
***** Epoch 45 Val (windowed) *****
  loss: 0.0450 rmse: 8.433 r2: -0.089 corr: 0.337
********************
***** Epoch 45 Test (windowed) *****
  loss: 0.0515 rmse: 15.589 r2: 0.052 corr: 0.271
********************
  Epoch 45 done in 32.0s

----- Epoch 46 (windowed) -----

###### Windowed train epoch 46 overall metrics
  loss: 0.1178 rmse: 20.222 r2: -0.062 corr: 0.220
***** Epoch 46 Val (windowed) *****
  loss: 0.0451 rmse: 8.485 r2: -0.103 corr: 0.360
********************
***** Epoch 46 Test (windowed) *****
  loss: 0.0503 rmse: 15.442 r2: 0.070 corr: 0.298
********************
  Epoch 46 done in 29.7s

----- Epoch 47 (windowed) -----

###### Windowed train epoch 47 overall metrics
  loss: 0.1170 rmse: 19.570 r2: 0.005 corr: 0.282
***** Epoch 47 Val (windowed) *****
  loss: 0.0509 rmse: 10.010 r2: -0.535 corr: 0.306
********************
***** Epoch 47 Test (windowed) *****
  loss: 0.0560 rmse: 16.073 r2: -0.008 corr: 0.274
********************
  Epoch 47 done in 31.0s

----- Epoch 48 (windowed) -----

###### Windowed train epoch 48 overall metrics
  loss: 0.1173 rmse: 19.962 r2: -0.035 corr: 0.268
***** Epoch 48 Val (windowed) *****
  loss: 0.0448 rmse: 8.548 r2: -0.119 corr: 0.383
********************
***** Epoch 48 Test (windowed) *****
  loss: 0.0514 rmse: 15.299 r2: 0.087 corr: 0.333
********************
  Epoch 48 done in 29.7s

----- Epoch 49 (windowed) -----

###### Windowed train epoch 49 overall metrics
  loss: 0.1157 rmse: 19.383 r2: 0.024 corr: 0.365
***** Epoch 49 Val (windowed) *****
  loss: 0.0450 rmse: 8.874 r2: -0.206 corr: 0.355
********************
***** Epoch 49 Test (windowed) *****
  loss: 0.0534 rmse: 15.672 r2: 0.042 corr: 0.295
********************
  Epoch 49 done in 32.6s
Fold done — best val RMSE=7.5271 test R²=0.1139 corr=0.3484

================================================================
Rolling-windowed  test_year=2016
  Val  : 2015
  Test : 2016
  win_size=3  n_windows=10
================================================================
Initially data (54319, 166)
After filtering (37796, 166)
get_X_Y
X shape (37796, 130)
Y shape (37796, 34)
Y (output) means tensor([[0.1462, 0.0125, 0.2567, 0.1512, 0.0174, 0.0629, 0.1632, 0.6640, 0.9154,
         0.0232, 0.0453, 0.0111, 0.0795, 0.1419, 1.0214, 0.9919, 0.3477, 0.3881,
         0.8983, 0.3736, 0.1846, 0.2185, 0.4312, 0.1803, 0.4072, 0.4617, 0.2843,
         0.6617, 0.5230, 0.1493, 0.2824, 0.1074, 0.1294, 0.1327]]) stds tensor([[0.4778, 0.1387, 0.6312, 0.5601, 0.1581, 0.3051, 0.5219, 1.4517, 1.6439,
         0.1927, 0.2901, 0.1418, 0.4227, 0.4495, 2.0968, 1.6538, 0.8553, 1.1631,
         1.6297, 0.9007, 0.5240, 0.6833, 1.1089, 0.6009, 0.9870, 1.0222, 0.7183,
         1.4133, 1.0533, 0.4423, 0.8451, 0.3440, 0.3932, 0.3762]])
Y count-scale means tensor([[4.8859e-01, 3.5833e-02, 9.9997e-01, 7.9858e-01, 4.8727e-02, 2.0843e-01,
         6.0113e-01, 1.4472e+01, 3.3015e+01, 7.1756e-02, 1.8603e-01, 3.7722e-02,
         5.4277e-01, 4.2388e-01, 2.3974e+02, 2.0613e+01, 2.6390e+00, 1.4084e+01,
         2.7483e+01, 2.8620e+00, 5.9036e-01, 1.5705e+00, 8.1430e+00, 1.7214e+00,
         3.4179e+00, 3.9326e+00, 1.3055e+00, 3.3383e+01, 6.3005e+00, 4.2967e-01,
         3.1852e+00, 2.2789e-01, 3.0358e-01, 2.7662e-01]]) stds tensor([[3.3335e+00, 6.3231e-01, 6.0218e+00, 6.3010e+00, 9.4810e-01, 3.8696e+00,
         3.8595e+00, 7.2372e+01, 2.4703e+02, 1.0285e+00, 2.5689e+00, 7.0265e-01,
         8.9316e+00, 2.6903e+00, 2.8009e+03, 8.8395e+01, 1.9210e+01, 1.6780e+02,
         2.2804e+02, 1.7053e+01, 3.1004e+00, 2.2580e+01, 8.4174e+01, 4.9503e+01,
         1.6421e+01, 2.1866e+01, 7.0309e+00, 9.1440e+02, 7.6852e+01, 4.6832e+00,
         2.7588e+01, 1.0161e+00, 1.4205e+00, 1.0908e+00]])
Loaded per-window (calendar) month weights from analysis/figures/month_weights_per_window.npz: cube.shape=(25, 12, 34)
/Users/liyingnceas/GitHub/GNN-RNN-main/gnn-lstm-v3/utils/data_utils.py:264: RuntimeWarning: Mean of empty slice
  np.nanmean(county_dict[county], axis=0).astype(np.float32)
Filled 95850 missing (node, year) entries from neighbors or year averages
[2D] Station nodes: 596, adj nnz: 2980
[build_year_XY_windowed] data_start=1998, min_pred_year=2009, test_year=2016, win_size=3, n_windows=10
  built windows for T=2009
  built windows for T=2014
[build_year_XY_windowed] built windowed XY for 8 prediction years (2009–2016)
  GAT_RNN_V2: edge_feat_dim=3, n_heads=4, n_hidden=64

----- Epoch 0 (windowed) -----

###### Windowed train epoch 0 overall metrics
  loss: 0.1924 rmse: 18.968 r2: 0.008 corr: 0.088
***** Epoch 0 Val (windowed) *****
  loss: 0.0702 rmse: 15.777 r2: 0.020 corr: 0.143
********************
***** Epoch 0 Test (windowed) *****
  loss: 0.0702 rmse: 15.558 r2: 0.023 corr: 0.155
********************
  Epoch 0 done in 49.3s
  Saved best model → model/FIM_restoration_0412_stations_monthly/2016/gat-rnn-v2-windowed_bs-128_lr-0.001_maxepoch-50_testyear-2016_win-3_nwin-10_seed-0/model-0

----- Epoch 1 (windowed) -----

###### Windowed train epoch 1 overall metrics
  loss: 0.1810 rmse: 18.887 r2: 0.016 corr: 0.137
***** Epoch 1 Val (windowed) *****
  loss: 0.0645 rmse: 15.631 r2: 0.038 corr: 0.198
********************
***** Epoch 1 Test (windowed) *****
  loss: 0.0652 rmse: 15.381 r2: 0.045 corr: 0.214
********************
  Epoch 1 done in 33.9s
  Saved best model → model/FIM_restoration_0412_stations_monthly/2016/gat-rnn-v2-windowed_bs-128_lr-0.001_maxepoch-50_testyear-2016_win-3_nwin-10_seed-0/model-1

----- Epoch 2 (windowed) -----

###### Windowed train epoch 2 overall metrics
  loss: 0.1742 rmse: 18.871 r2: 0.018 corr: 0.153
***** Epoch 2 Val (windowed) *****
  loss: 0.0623 rmse: 15.631 r2: 0.038 corr: 0.207
********************
***** Epoch 2 Test (windowed) *****
  loss: 0.0631 rmse: 15.383 r2: 0.045 corr: 0.220
********************
  Epoch 2 done in 35.8s
  Saved best model → model/FIM_restoration_0412_stations_monthly/2016/gat-rnn-v2-windowed_bs-128_lr-0.001_maxepoch-50_testyear-2016_win-3_nwin-10_seed-0/model-2

----- Epoch 3 (windowed) -----

###### Windowed train epoch 3 overall metrics
  loss: 0.1692 rmse: 18.826 r2: 0.022 corr: 0.191
***** Epoch 3 Val (windowed) *****
  loss: 0.0598 rmse: 15.369 r2: 0.070 corr: 0.270
********************
***** Epoch 3 Test (windowed) *****
  loss: 0.0616 rmse: 15.129 r2: 0.076 corr: 0.279
********************
  Epoch 3 done in 31.9s
  Saved best model → model/FIM_restoration_0412_stations_monthly/2016/gat-rnn-v2-windowed_bs-128_lr-0.001_maxepoch-50_testyear-2016_win-3_nwin-10_seed-0/model-3

----- Epoch 4 (windowed) -----

###### Windowed train epoch 4 overall metrics
  loss: 0.1654 rmse: 18.875 r2: 0.017 corr: 0.200
***** Epoch 4 Val (windowed) *****
  loss: 0.0612 rmse: 15.365 r2: 0.070 corr: 0.277
********************
***** Epoch 4 Test (windowed) *****
  loss: 0.0609 rmse: 15.090 r2: 0.081 corr: 0.292
********************
  Epoch 4 done in 33.3s
  Saved best model → model/FIM_restoration_0412_stations_monthly/2016/gat-rnn-v2-windowed_bs-128_lr-0.001_maxepoch-50_testyear-2016_win-3_nwin-10_seed-0/model-4

----- Epoch 5 (windowed) -----

###### Windowed train epoch 5 overall metrics
  loss: 0.1626 rmse: 18.953 r2: 0.009 corr: 0.199
***** Epoch 5 Val (windowed) *****
  loss: 0.0576 rmse: 15.301 r2: 0.078 corr: 0.284
********************
***** Epoch 5 Test (windowed) *****
  loss: 0.0600 rmse: 14.952 r2: 0.097 corr: 0.316
********************
  Epoch 5 done in 32.5s
  Saved best model → model/FIM_restoration_0412_stations_monthly/2016/gat-rnn-v2-windowed_bs-128_lr-0.001_maxepoch-50_testyear-2016_win-3_nwin-10_seed-0/model-5

----- Epoch 6 (windowed) -----

###### Windowed train epoch 6 overall metrics
  loss: 0.1589 rmse: 18.901 r2: 0.015 corr: 0.209
***** Epoch 6 Val (windowed) *****
  loss: 0.0602 rmse: 15.432 r2: 0.062 corr: 0.265
********************
***** Epoch 6 Test (windowed) *****
  loss: 0.0596 rmse: 15.064 r2: 0.084 corr: 0.299
********************
  Epoch 6 done in 32.7s

----- Epoch 7 (windowed) -----

###### Windowed train epoch 7 overall metrics
  loss: 0.1558 rmse: 18.922 r2: 0.012 corr: 0.212
***** Epoch 7 Val (windowed) *****
  loss: 0.0553 rmse: 15.249 r2: 0.084 corr: 0.296
********************
***** Epoch 7 Test (windowed) *****
  loss: 0.0599 rmse: 14.822 r2: 0.113 corr: 0.340
********************
  Epoch 7 done in 32.9s
  Saved best model → model/FIM_restoration_0412_stations_monthly/2016/gat-rnn-v2-windowed_bs-128_lr-0.001_maxepoch-50_testyear-2016_win-3_nwin-10_seed-0/model-7

----- Epoch 8 (windowed) -----

###### Windowed train epoch 8 overall metrics
  loss: 0.1532 rmse: 18.898 r2: 0.015 corr: 0.219
***** Epoch 8 Val (windowed) *****
  loss: 0.0572 rmse: 15.393 r2: 0.067 corr: 0.274
********************
***** Epoch 8 Test (windowed) *****
  loss: 0.0567 rmse: 14.924 r2: 0.101 corr: 0.325
********************
  Epoch 8 done in 32.1s

----- Epoch 9 (windowed) -----

###### Windowed train epoch 9 overall metrics
  loss: 0.1509 rmse: 19.196 r2: -0.016 corr: 0.192
***** Epoch 9 Val (windowed) *****
  loss: 0.0542 rmse: 15.585 r2: 0.044 corr: 0.244
********************
***** Epoch 9 Test (windowed) *****
  loss: 0.0571 rmse: 15.160 r2: 0.072 corr: 0.287
********************
  Epoch 9 done in 32.4s

----- Epoch 10 (windowed) -----

###### Windowed train epoch 10 overall metrics
  loss: 0.1489 rmse: 18.760 r2: 0.029 corr: 0.230
***** Epoch 10 Val (windowed) *****
  loss: 0.0549 rmse: 14.970 r2: 0.118 corr: 0.346
********************
***** Epoch 10 Test (windowed) *****
  loss: 0.0620 rmse: 14.389 r2: 0.164 corr: 0.410
********************
  Epoch 10 done in 32.4s
  Saved best model → model/FIM_restoration_0412_stations_monthly/2016/gat-rnn-v2-windowed_bs-128_lr-0.001_maxepoch-50_testyear-2016_win-3_nwin-10_seed-0/model-10

----- Epoch 11 (windowed) -----

###### Windowed train epoch 11 overall metrics
  loss: 0.1466 rmse: 18.834 r2: 0.022 corr: 0.245
***** Epoch 11 Val (windowed) *****
  loss: 0.0525 rmse: 15.254 r2: 0.084 corr: 0.307
********************
***** Epoch 11 Test (windowed) *****
  loss: 0.0558 rmse: 14.572 r2: 0.143 corr: 0.383
********************
  Epoch 11 done in 32.9s

----- Epoch 12 (windowed) -----

###### Windowed train epoch 12 overall metrics
  loss: 0.1447 rmse: 18.773 r2: 0.028 corr: 0.273
***** Epoch 12 Val (windowed) *****
  loss: 0.0512 rmse: 15.091 r2: 0.103 corr: 0.327
********************
***** Epoch 12 Test (windowed) *****
  loss: 0.0588 rmse: 14.449 r2: 0.157 corr: 0.405
********************
  Epoch 12 done in 32.9s

----- Epoch 13 (windowed) -----

###### Windowed train epoch 13 overall metrics
  loss: 0.1427 rmse: 18.528 r2: 0.053 corr: 0.284
***** Epoch 13 Val (windowed) *****
  loss: 0.0546 rmse: 15.572 r2: 0.045 corr: 0.267
********************
***** Epoch 13 Test (windowed) *****
  loss: 0.0555 rmse: 14.900 r2: 0.104 corr: 0.335
********************
  Epoch 13 done in 32.6s

----- Epoch 14 (windowed) -----

###### Windowed train epoch 14 overall metrics
  loss: 0.1422 rmse: 18.767 r2: 0.029 corr: 0.258
***** Epoch 14 Val (windowed) *****
  loss: 0.0512 rmse: 15.016 r2: 0.112 corr: 0.340
********************
***** Epoch 14 Test (windowed) *****
  loss: 0.0575 rmse: 14.380 r2: 0.165 corr: 0.412
********************
  Epoch 14 done in 32.7s

----- Epoch 15 (windowed) -----

###### Windowed train epoch 15 overall metrics
  loss: 0.1401 rmse: 18.400 r2: 0.066 corr: 0.344
***** Epoch 15 Val (windowed) *****
  loss: 0.0507 rmse: 15.216 r2: 0.088 corr: 0.318
********************
***** Epoch 15 Test (windowed) *****
  loss: 0.0565 rmse: 14.561 r2: 0.144 corr: 0.384
********************
  Epoch 15 done in 32.5s

----- Epoch 16 (windowed) -----

###### Windowed train epoch 16 overall metrics
  loss: 0.1387 rmse: 19.456 r2: -0.044 corr: 0.249
***** Epoch 16 Val (windowed) *****
  loss: 0.0494 rmse: 15.139 r2: 0.098 corr: 0.325
********************
***** Epoch 16 Test (windowed) *****
  loss: 0.0564 rmse: 14.512 r2: 0.150 corr: 0.391
********************
  Epoch 16 done in 32.6s

----- Epoch 17 (windowed) -----

###### Windowed train epoch 17 overall metrics
  loss: 0.1371 rmse: 18.738 r2: 0.032 corr: 0.288
***** Epoch 17 Val (windowed) *****
  loss: 0.0509 rmse: 15.361 r2: 0.071 corr: 0.349
********************
***** Epoch 17 Test (windowed) *****
  loss: 0.0535 rmse: 14.466 r2: 0.155 corr: 0.421
********************
  Epoch 17 done in 32.3s

----- Epoch 18 (windowed) -----

###### Windowed train epoch 18 overall metrics
  loss: 0.1365 rmse: 19.534 r2: -0.052 corr: 0.228
***** Epoch 18 Val (windowed) *****
  loss: 0.0519 rmse: 15.521 r2: 0.051 corr: 0.269
********************
***** Epoch 18 Test (windowed) *****
  loss: 0.0543 rmse: 14.879 r2: 0.106 corr: 0.335
********************
  Epoch 18 done in 33.4s

----- Epoch 19 (windowed) -----

###### Windowed train epoch 19 overall metrics
  loss: 0.1358 rmse: 19.000 r2: 0.004 corr: 0.260
***** Epoch 19 Val (windowed) *****
  loss: 0.0480 rmse: 14.982 r2: 0.116 corr: 0.370
********************
***** Epoch 19 Test (windowed) *****
  loss: 0.0536 rmse: 14.267 r2: 0.178 corr: 0.432
********************
  Epoch 19 done in 32.6s

----- Epoch 20 (windowed) -----

###### Windowed train epoch 20 overall metrics
  loss: 0.1338 rmse: 19.470 r2: -0.046 corr: 0.241
***** Epoch 20 Val (windowed) *****
  loss: 0.0485 rmse: 15.195 r2: 0.091 corr: 0.333
********************
***** Epoch 20 Test (windowed) *****
  loss: 0.0540 rmse: 14.550 r2: 0.145 corr: 0.395
********************
  Epoch 20 done in 33.2s

----- Epoch 21 (windowed) -----

###### Windowed train epoch 21 overall metrics
  loss: 0.1334 rmse: 18.967 r2: 0.008 corr: 0.267
***** Epoch 21 Val (windowed) *****
  loss: 0.0489 rmse: 15.455 r2: 0.059 corr: 0.341
********************
***** Epoch 21 Test (windowed) *****
  loss: 0.0535 rmse: 14.771 r2: 0.119 corr: 0.398
********************
  Epoch 21 done in 33.6s

----- Epoch 22 (windowed) -----

###### Windowed train epoch 22 overall metrics
  loss: 0.1317 rmse: 19.237 r2: -0.021 corr: 0.284
***** Epoch 22 Val (windowed) *****
  loss: 0.0524 rmse: 15.798 r2: 0.017 corr: 0.291
********************
***** Epoch 22 Test (windowed) *****
  loss: 0.0549 rmse: 14.864 r2: 0.108 corr: 0.368
********************
  Epoch 22 done in 35.1s

----- Epoch 23 (windowed) -----

###### Windowed train epoch 23 overall metrics
  loss: 0.1310 rmse: 19.422 r2: -0.040 corr: 0.264
***** Epoch 23 Val (windowed) *****
  loss: 0.0502 rmse: 15.517 r2: 0.052 corr: 0.308
********************
***** Epoch 23 Test (windowed) *****
  loss: 0.0538 rmse: 14.792 r2: 0.117 corr: 0.377
********************
  Epoch 23 done in 33.4s

----- Epoch 24 (windowed) -----

###### Windowed train epoch 24 overall metrics
  loss: 0.1297 rmse: 20.060 r2: -0.110 corr: 0.243
***** Epoch 24 Val (windowed) *****
  loss: 0.0473 rmse: 15.453 r2: 0.060 corr: 0.327
********************
***** Epoch 24 Test (windowed) *****
  loss: 0.0535 rmse: 14.717 r2: 0.126 corr: 0.389
********************
  Epoch 24 done in 33.5s

----- Epoch 25 (windowed) -----

###### Windowed train epoch 25 overall metrics
  loss: 0.1287 rmse: 21.029 r2: -0.220 corr: 0.211
***** Epoch 25 Val (windowed) *****
  loss: 0.0482 rmse: 15.272 r2: 0.082 corr: 0.313
********************
***** Epoch 25 Test (windowed) *****
  loss: 0.0528 rmse: 14.641 r2: 0.135 corr: 0.376
********************
  Epoch 25 done in 32.8s

----- Epoch 26 (windowed) -----

###### Windowed train epoch 26 overall metrics
  loss: 0.1281 rmse: 19.273 r2: -0.025 corr: 0.240
***** Epoch 26 Val (windowed) *****
  loss: 0.0470 rmse: 15.109 r2: 0.101 corr: 0.347
********************
***** Epoch 26 Test (windowed) *****
  loss: 0.0540 rmse: 14.389 r2: 0.164 corr: 0.416
********************
  Epoch 26 done in 33.1s

----- Epoch 27 (windowed) -----

###### Windowed train epoch 27 overall metrics
  loss: 0.1277 rmse: 19.236 r2: -0.021 corr: 0.308
***** Epoch 27 Val (windowed) *****
  loss: 0.0467 rmse: 14.951 r2: 0.120 corr: 0.355
********************
***** Epoch 27 Test (windowed) *****
  loss: 0.0551 rmse: 14.308 r2: 0.174 corr: 0.424
********************
  Epoch 27 done in 33.3s
  Saved best model → model/FIM_restoration_0412_stations_monthly/2016/gat-rnn-v2-windowed_bs-128_lr-0.001_maxepoch-50_testyear-2016_win-3_nwin-10_seed-0/model-27

----- Epoch 28 (windowed) -----

###### Windowed train epoch 28 overall metrics
  loss: 0.1260 rmse: 19.113 r2: -0.008 corr: 0.278
***** Epoch 28 Val (windowed) *****
  loss: 0.0470 rmse: 14.993 r2: 0.115 corr: 0.373
********************
***** Epoch 28 Test (windowed) *****
  loss: 0.0529 rmse: 14.219 r2: 0.184 corr: 0.444
********************
  Epoch 28 done in 33.2s

----- Epoch 29 (windowed) -----

###### Windowed train epoch 29 overall metrics
  loss: 0.1253 rmse: 19.139 r2: -0.010 corr: 0.291
***** Epoch 29 Val (windowed) *****
  loss: 0.0463 rmse: 14.906 r2: 0.125 corr: 0.371
********************
***** Epoch 29 Test (windowed) *****
  loss: 0.0554 rmse: 14.228 r2: 0.183 corr: 0.434
********************
  Epoch 29 done in 33.6s
  Saved best model → model/FIM_restoration_0412_stations_monthly/2016/gat-rnn-v2-windowed_bs-128_lr-0.001_maxepoch-50_testyear-2016_win-3_nwin-10_seed-0/model-29

----- Epoch 30 (windowed) -----

###### Windowed train epoch 30 overall metrics
  loss: 0.1248 rmse: 19.123 r2: -0.009 corr: 0.289
***** Epoch 30 Val (windowed) *****
  loss: 0.0475 rmse: 15.351 r2: 0.072 corr: 0.355
********************
***** Epoch 30 Test (windowed) *****
  loss: 0.0528 rmse: 14.629 r2: 0.136 corr: 0.414
********************
  Epoch 30 done in 33.8s

----- Epoch 31 (windowed) -----

###### Windowed train epoch 31 overall metrics
  loss: 0.1237 rmse: 19.674 r2: -0.068 corr: 0.272
***** Epoch 31 Val (windowed) *****
  loss: 0.0461 rmse: 14.907 r2: 0.125 corr: 0.403
********************
***** Epoch 31 Test (windowed) *****
  loss: 0.0548 rmse: 14.306 r2: 0.174 corr: 0.460
********************
  Epoch 31 done in 34.2s

----- Epoch 32 (windowed) -----

###### Windowed train epoch 32 overall metrics
  loss: 0.1230 rmse: 18.977 r2: 0.007 corr: 0.312
***** Epoch 32 Val (windowed) *****
  loss: 0.0460 rmse: 14.957 r2: 0.119 corr: 0.389
********************
***** Epoch 32 Test (windowed) *****
  loss: 0.0553 rmse: 14.485 r2: 0.153 corr: 0.436
********************
  Epoch 32 done in 32.8s

----- Epoch 33 (windowed) -----

###### Windowed train epoch 33 overall metrics
  loss: 0.1220 rmse: 19.589 r2: -0.058 corr: 0.284
***** Epoch 33 Val (windowed) *****
  loss: 0.0459 rmse: 14.963 r2: 0.118 corr: 0.382
********************
***** Epoch 33 Test (windowed) *****
  loss: 0.0558 rmse: 14.307 r2: 0.174 corr: 0.434
********************
  Epoch 33 done in 32.8s

----- Epoch 34 (windowed) -----

###### Windowed train epoch 34 overall metrics
  loss: 0.1214 rmse: 19.410 r2: -0.039 corr: 0.266
***** Epoch 34 Val (windowed) *****
  loss: 0.0460 rmse: 15.180 r2: 0.093 corr: 0.337
********************
***** Epoch 34 Test (windowed) *****
  loss: 0.0553 rmse: 14.648 r2: 0.134 corr: 0.391
********************
  Epoch 34 done in 33.5s

----- Epoch 35 (windowed) -----

###### Windowed train epoch 35 overall metrics
  loss: 0.1207 rmse: 19.699 r2: -0.070 corr: 0.251
***** Epoch 35 Val (windowed) *****
  loss: 0.0485 rmse: 14.758 r2: 0.142 corr: 0.418
********************
***** Epoch 35 Test (windowed) *****
  loss: 0.0632 rmse: 14.238 r2: 0.182 corr: 0.455
********************
  Epoch 35 done in 32.4s
  Saved best model → model/FIM_restoration_0412_stations_monthly/2016/gat-rnn-v2-windowed_bs-128_lr-0.001_maxepoch-50_testyear-2016_win-3_nwin-10_seed-0/model-35

----- Epoch 36 (windowed) -----

###### Windowed train epoch 36 overall metrics
  loss: 0.1204 rmse: 19.910 r2: -0.093 corr: 0.282
***** Epoch 36 Val (windowed) *****
  loss: 0.0462 rmse: 14.869 r2: 0.129 corr: 0.377
********************
***** Epoch 36 Test (windowed) *****
  loss: 0.0558 rmse: 14.236 r2: 0.182 corr: 0.434
********************
  Epoch 36 done in 32.6s

----- Epoch 37 (windowed) -----

###### Windowed train epoch 37 overall metrics
  loss: 0.1202 rmse: 19.152 r2: -0.012 corr: 0.266
***** Epoch 37 Val (windowed) *****
  loss: 0.0480 rmse: 15.760 r2: 0.022 corr: 0.363
********************
***** Epoch 37 Test (windowed) *****
  loss: 0.0542 rmse: 15.841 r2: -0.013 corr: 0.384
********************
  Epoch 37 done in 34.5s

----- Epoch 38 (windowed) -----

###### Windowed train epoch 38 overall metrics
  loss: 0.1193 rmse: 20.016 r2: -0.105 corr: 0.262
***** Epoch 38 Val (windowed) *****
  loss: 0.0453 rmse: 15.141 r2: 0.097 corr: 0.342
********************
***** Epoch 38 Test (windowed) *****
  loss: 0.0546 rmse: 14.575 r2: 0.142 corr: 0.393
********************
  Epoch 38 done in 33.1s

----- Epoch 39 (windowed) -----

###### Windowed train epoch 39 overall metrics
  loss: 0.1179 rmse: 19.552 r2: -0.054 corr: 0.293
***** Epoch 39 Val (windowed) *****
  loss: 0.0449 rmse: 15.541 r2: 0.049 corr: 0.315
********************
***** Epoch 39 Test (windowed) *****
  loss: 0.0550 rmse: 15.001 r2: 0.092 corr: 0.361
********************
  Epoch 39 done in 32.8s

----- Epoch 40 (windowed) -----

###### Windowed train epoch 40 overall metrics
  loss: 0.1172 rmse: 20.095 r2: -0.114 corr: 0.275
***** Epoch 40 Val (windowed) *****
  loss: 0.0448 rmse: 15.488 r2: 0.055 corr: 0.345
********************
***** Epoch 40 Test (windowed) *****
  loss: 0.0544 rmse: 15.200 r2: 0.067 corr: 0.377
********************
  Epoch 40 done in 33.2s

----- Epoch 41 (windowed) -----

###### Windowed train epoch 41 overall metrics
  loss: 0.1165 rmse: 20.745 r2: -0.187 corr: 0.222
***** Epoch 41 Val (windowed) *****
  loss: 0.0447 rmse: 15.242 r2: 0.085 corr: 0.336
********************
***** Epoch 41 Test (windowed) *****
  loss: 0.0537 rmse: 14.745 r2: 0.122 corr: 0.378
********************
  Epoch 41 done in 33.3s

----- Epoch 42 (windowed) -----

###### Windowed train epoch 42 overall metrics
  loss: 0.1159 rmse: 20.205 r2: -0.126 corr: 0.240
***** Epoch 42 Val (windowed) *****
  loss: 0.0454 rmse: 15.548 r2: 0.048 corr: 0.328
********************
***** Epoch 42 Test (windowed) *****
  loss: 0.0532 rmse: 14.920 r2: 0.101 corr: 0.380
********************
  Epoch 42 done in 33.9s

----- Epoch 43 (windowed) -----

###### Windowed train epoch 43 overall metrics
  loss: 0.1158 rmse: 19.515 r2: -0.050 corr: 0.276
***** Epoch 43 Val (windowed) *****
  loss: 0.0491 rmse: 15.805 r2: 0.016 corr: 0.268
********************
***** Epoch 43 Test (windowed) *****
  loss: 0.0529 rmse: 15.136 r2: 0.075 corr: 0.325
********************
  Epoch 43 done in 33.2s

----- Epoch 44 (windowed) -----

###### Windowed train epoch 44 overall metrics
  loss: 0.1157 rmse: 19.833 r2: -0.085 corr: 0.261
***** Epoch 44 Val (windowed) *****
  loss: 0.0454 rmse: 15.368 r2: 0.070 corr: 0.370
********************
***** Epoch 44 Test (windowed) *****
  loss: 0.0533 rmse: 15.072 r2: 0.083 corr: 0.413
********************
  Epoch 44 done in 33.1s

----- Epoch 45 (windowed) -----

###### Windowed train epoch 45 overall metrics
  loss: 0.1139 rmse: 20.224 r2: -0.128 corr: 0.239
***** Epoch 45 Val (windowed) *****
  loss: 0.0451 rmse: 15.313 r2: 0.077 corr: 0.335
********************
***** Epoch 45 Test (windowed) *****
  loss: 0.0539 rmse: 15.006 r2: 0.091 corr: 0.364
********************
  Epoch 45 done in 33.0s

----- Epoch 46 (windowed) -----

###### Windowed train epoch 46 overall metrics
  loss: 0.1134 rmse: 20.511 r2: -0.160 corr: 0.250
***** Epoch 46 Val (windowed) *****
  loss: 0.0451 rmse: 15.418 r2: 0.064 corr: 0.315
********************
***** Epoch 46 Test (windowed) *****
  loss: 0.0549 rmse: 14.896 r2: 0.104 corr: 0.362
********************
  Epoch 46 done in 32.9s

----- Epoch 47 (windowed) -----

###### Windowed train epoch 47 overall metrics
  loss: 0.1129 rmse: 19.947 r2: -0.098 corr: 0.243
***** Epoch 47 Val (windowed) *****
  loss: 0.0449 rmse: 15.309 r2: 0.077 corr: 0.337
********************
***** Epoch 47 Test (windowed) *****
  loss: 0.0537 rmse: 14.866 r2: 0.108 corr: 0.376
********************
  Epoch 47 done in 33.5s

----- Epoch 48 (windowed) -----

###### Windowed train epoch 48 overall metrics
  loss: 0.1123 rmse: 21.342 r2: -0.256 corr: 0.209
***** Epoch 48 Val (windowed) *****
  loss: 0.0450 rmse: 15.322 r2: 0.076 corr: 0.304
********************
***** Epoch 48 Test (windowed) *****
  loss: 0.0537 rmse: 14.854 r2: 0.109 corr: 0.343
********************
  Epoch 48 done in 32.9s

----- Epoch 49 (windowed) -----

###### Windowed train epoch 49 overall metrics
  loss: 0.1122 rmse: 26.285 r2: -0.906 corr: 0.147
***** Epoch 49 Val (windowed) *****
  loss: 0.0445 rmse: 15.229 r2: 0.087 corr: 0.321
********************
***** Epoch 49 Test (windowed) *****
  loss: 0.0556 rmse: 14.734 r2: 0.124 corr: 0.365
********************
  Epoch 49 done in 32.8s
Fold done — best val RMSE=14.7582 test R²=0.1817 corr=0.4546

================================================================
Rolling-windowed  test_year=2017
  Val  : 2016
  Test : 2017
  win_size=3  n_windows=10
================================================================
Initially data (54319, 166)
After filtering (40126, 166)
get_X_Y
X shape (40126, 130)
Y shape (40126, 34)
Y (output) means tensor([[0.1478, 0.0119, 0.2544, 0.1549, 0.0175, 0.0615, 0.1639, 0.6646, 0.9137,
         0.0228, 0.0478, 0.0106, 0.0803, 0.1417, 1.0162, 1.0041, 0.3496, 0.3893,
         0.8950, 0.3853, 0.1865, 0.2166, 0.4288, 0.1773, 0.4097, 0.4656, 0.2826,
         0.6457, 0.5169, 0.1488, 0.2837, 0.1087, 0.1293, 0.1308]]) stds tensor([[0.4810, 0.1349, 0.6272, 0.5677, 0.1579, 0.3003, 0.5241, 1.4549, 1.6422,
         0.1910, 0.3016, 0.1381, 0.4258, 0.4486, 2.0955, 1.6625, 0.8585, 1.1663,
         1.6269, 0.9178, 0.5259, 0.6815, 1.1027, 0.5943, 0.9893, 1.0227, 0.7157,
         1.3933, 1.0465, 0.4416, 0.8480, 0.3462, 0.3923, 0.3732]])
Y count-scale means tensor([[4.9452e-01, 3.3984e-02, 9.8194e-01, 8.1968e-01, 4.8356e-02, 2.0072e-01,
         6.0586e-01, 1.4598e+01, 3.2756e+01, 7.0195e-02, 2.0176e-01, 3.5760e-02,
         5.4688e-01, 4.2128e-01, 2.4536e+02, 2.0913e+01, 2.6860e+00, 1.4177e+01,
         2.7182e+01, 3.0460e+00, 5.9642e-01, 1.5640e+00, 7.9609e+00, 1.6553e+00,
         3.4306e+00, 3.9116e+00, 1.2936e+00, 3.1637e+01, 6.1414e+00, 4.2804e-01,
         3.1848e+00, 2.3101e-01, 3.0197e-01, 2.7187e-01]]) stds tensor([[3.3045e+00, 6.1336e-01, 5.8942e+00, 6.2990e+00, 9.2654e-01, 3.7543e+00,
         3.8391e+00, 7.2363e+01, 2.4253e+02, 1.0068e+00, 2.6381e+00, 6.8188e-01,
         8.7474e+00, 2.6550e+00, 2.9254e+03, 8.8294e+01, 1.9692e+01, 1.6555e+02,
         2.2308e+02, 1.9043e+01, 3.1153e+00, 2.2115e+01, 8.2098e+01, 4.8013e+01,
         1.6475e+01, 2.1493e+01, 6.9807e+00, 8.8620e+02, 7.4830e+01, 4.6064e+00,
         2.7164e+01, 1.0217e+00, 1.4031e+00, 1.0747e+00]])
Loaded per-window (calendar) month weights from analysis/figures/month_weights_per_window.npz: cube.shape=(25, 12, 34)
/Users/liyingnceas/GitHub/GNN-RNN-main/gnn-lstm-v3/utils/data_utils.py:264: RuntimeWarning: Mean of empty slice
  np.nanmean(county_dict[county], axis=0).astype(np.float32)
Filled 101494 missing (node, year) entries from neighbors or year averages
[2D] Station nodes: 596, adj nnz: 2980
[build_year_XY_windowed] data_start=1998, min_pred_year=2009, test_year=2017, win_size=3, n_windows=10
  built windows for T=2009
  built windows for T=2014
[build_year_XY_windowed] built windowed XY for 9 prediction years (2009–2017)
  GAT_RNN_V2: edge_feat_dim=3, n_heads=4, n_hidden=64

----- Epoch 0 (windowed) -----

###### Windowed train epoch 0 overall metrics
  loss: 0.1914 rmse: 18.588 r2: 0.010 corr: 0.101
***** Epoch 0 Val (windowed) *****
  loss: 0.0690 rmse: 15.302 r2: 0.057 corr: 0.243
********************
***** Epoch 0 Test (windowed) *****
  loss: 0.0693 rmse: 23.041 r2: 0.029 corr: 0.175
********************
  Epoch 0 done in 37.2s
  Saved best model → model/FIM_restoration_0412_stations_monthly/2017/gat-rnn-v2-windowed_bs-128_lr-0.001_maxepoch-50_testyear-2017_win-3_nwin-10_seed-0/model-0

----- Epoch 1 (windowed) -----

###### Windowed train epoch 1 overall metrics
  loss: 0.1791 rmse: 18.392 r2: 0.031 corr: 0.183
***** Epoch 1 Val (windowed) *****
  loss: 0.0644 rmse: 15.073 r2: 0.085 corr: 0.299
********************
***** Epoch 1 Test (windowed) *****
  loss: 0.0654 rmse: 22.859 r2: 0.045 corr: 0.216
********************
  Epoch 1 done in 37.3s
  Saved best model → model/FIM_restoration_0412_stations_monthly/2017/gat-rnn-v2-windowed_bs-128_lr-0.001_maxepoch-50_testyear-2017_win-3_nwin-10_seed-0/model-1

----- Epoch 2 (windowed) -----

###### Windowed train epoch 2 overall metrics
  loss: 0.1729 rmse: 18.751 r2: -0.007 corr: 0.181
***** Epoch 2 Val (windowed) *****
  loss: 0.0618 rmse: 14.938 r2: 0.101 corr: 0.325
********************
***** Epoch 2 Test (windowed) *****
  loss: 0.0629 rmse: 22.818 r2: 0.048 corr: 0.223
********************
  Epoch 2 done in 37.7s
  Saved best model → model/FIM_restoration_0412_stations_monthly/2017/gat-rnn-v2-windowed_bs-128_lr-0.001_maxepoch-50_testyear-2017_win-3_nwin-10_seed-0/model-2

----- Epoch 3 (windowed) -----

###### Windowed train epoch 3 overall metrics
  loss: 0.1673 rmse: 18.737 r2: -0.006 corr: 0.193
***** Epoch 3 Val (windowed) *****
  loss: 0.0602 rmse: 14.948 r2: 0.100 corr: 0.326
********************
***** Epoch 3 Test (windowed) *****
  loss: 0.0611 rmse: 22.803 r2: 0.049 corr: 0.228
********************
  Epoch 3 done in 39.6s

----- Epoch 4 (windowed) -----

###### Windowed train epoch 4 overall metrics
  loss: 0.1631 rmse: 18.541 r2: 0.015 corr: 0.208
***** Epoch 4 Val (windowed) *****
  loss: 0.0594 rmse: 14.751 r2: 0.124 corr: 0.362
********************
***** Epoch 4 Test (windowed) *****
  loss: 0.0601 rmse: 22.633 r2: 0.064 corr: 0.259
********************
  Epoch 4 done in 38.7s
  Saved best model → model/FIM_restoration_0412_stations_monthly/2017/gat-rnn-v2-windowed_bs-128_lr-0.001_maxepoch-50_testyear-2017_win-3_nwin-10_seed-0/model-4

----- Epoch 5 (windowed) -----

###### Windowed train epoch 5 overall metrics
  loss: 0.1595 rmse: 18.640 r2: 0.004 corr: 0.208
***** Epoch 5 Val (windowed) *****
  loss: 0.0572 rmse: 14.959 r2: 0.099 corr: 0.322
********************
***** Epoch 5 Test (windowed) *****
  loss: 0.0584 rmse: 22.743 r2: 0.054 corr: 0.237
********************
  Epoch 5 done in 39.3s

----- Epoch 6 (windowed) -----

###### Windowed train epoch 6 overall metrics
  loss: 0.1568 rmse: 18.229 r2: 0.048 corr: 0.257
***** Epoch 6 Val (windowed) *****
  loss: 0.0572 rmse: 15.043 r2: 0.089 corr: 0.303
********************
***** Epoch 6 Test (windowed) *****
  loss: 0.0593 rmse: 22.813 r2: 0.049 corr: 0.224
********************
  Epoch 6 done in 39.7s

----- Epoch 7 (windowed) -----

###### Windowed train epoch 7 overall metrics
  loss: 0.1536 rmse: 18.470 r2: 0.023 corr: 0.247
***** Epoch 7 Val (windowed) *****
  loss: 0.0556 rmse: 14.665 r2: 0.134 corr: 0.374
********************
***** Epoch 7 Test (windowed) *****
  loss: 0.0571 rmse: 22.457 r2: 0.078 corr: 0.286
********************
  Epoch 7 done in 38.2s
  Saved best model → model/FIM_restoration_0412_stations_monthly/2017/gat-rnn-v2-windowed_bs-128_lr-0.001_maxepoch-50_testyear-2017_win-3_nwin-10_seed-0/model-7

----- Epoch 8 (windowed) -----

###### Windowed train epoch 8 overall metrics
  loss: 0.1505 rmse: 18.253 r2: 0.045 corr: 0.265
***** Epoch 8 Val (windowed) *****
  loss: 0.0544 rmse: 14.498 r2: 0.154 corr: 0.399
********************
***** Epoch 8 Test (windowed) *****
  loss: 0.0565 rmse: 22.277 r2: 0.093 corr: 0.309
********************
  Epoch 8 done in 67.1s
  Saved best model → model/FIM_restoration_0412_stations_monthly/2017/gat-rnn-v2-windowed_bs-128_lr-0.001_maxepoch-50_testyear-2017_win-3_nwin-10_seed-0/model-8

----- Epoch 9 (windowed) -----

###### Windowed train epoch 9 overall metrics
  loss: 0.1483 rmse: 18.190 r2: 0.052 corr: 0.292
***** Epoch 9 Val (windowed) *****
  loss: 0.0536 rmse: 13.759 r2: 0.238 corr: 0.502
********************
***** Epoch 9 Test (windowed) *****
  loss: 0.0554 rmse: 21.627 r2: 0.145 corr: 0.392
********************
  Epoch 9 done in 37.1s
  Saved best model → model/FIM_restoration_0412_stations_monthly/2017/gat-rnn-v2-windowed_bs-128_lr-0.001_maxepoch-50_testyear-2017_win-3_nwin-10_seed-0/model-9

----- Epoch 10 (windowed) -----

###### Windowed train epoch 10 overall metrics
  loss: 0.1464 rmse: 18.078 r2: 0.064 corr: 0.290
***** Epoch 10 Val (windowed) *****
  loss: 0.0531 rmse: 14.360 r2: 0.170 corr: 0.432
********************
***** Epoch 10 Test (windowed) *****
  loss: 0.0562 rmse: 22.043 r2: 0.112 corr: 0.344
********************
  Epoch 10 done in 37.9s

----- Epoch 11 (windowed) -----

###### Windowed train epoch 11 overall metrics
  loss: 0.1447 rmse: 18.181 r2: 0.053 corr: 0.298
***** Epoch 11 Val (windowed) *****
  loss: 0.0526 rmse: 14.073 r2: 0.202 corr: 0.469
********************
***** Epoch 11 Test (windowed) *****
  loss: 0.0551 rmse: 21.892 r2: 0.124 corr: 0.364
********************
  Epoch 11 done in 37.3s

----- Epoch 12 (windowed) -----

###### Windowed train epoch 12 overall metrics
  loss: 0.1433 rmse: 18.331 r2: 0.037 corr: 0.292
***** Epoch 12 Val (windowed) *****
  loss: 0.0547 rmse: 14.664 r2: 0.134 corr: 0.379
********************
***** Epoch 12 Test (windowed) *****
  loss: 0.0567 rmse: 22.458 r2: 0.078 corr: 0.287
********************
  Epoch 12 done in 35.5s

----- Epoch 13 (windowed) -----

###### Windowed train epoch 13 overall metrics
  loss: 0.1426 rmse: 18.310 r2: 0.039 corr: 0.303
***** Epoch 13 Val (windowed) *****
  loss: 0.0584 rmse: 14.865 r2: 0.110 corr: 0.349
********************
***** Epoch 13 Test (windowed) *****
  loss: 0.0597 rmse: 22.670 r2: 0.060 corr: 0.255
********************
  Epoch 13 done in 36.8s

----- Epoch 14 (windowed) -----

###### Windowed train epoch 14 overall metrics
  loss: 0.1415 rmse: 18.100 r2: 0.061 corr: 0.295
***** Epoch 14 Val (windowed) *****
  loss: 0.0508 rmse: 13.948 r2: 0.217 corr: 0.471
********************
***** Epoch 14 Test (windowed) *****
  loss: 0.0538 rmse: 21.885 r2: 0.124 corr: 0.356
********************
  Epoch 14 done in 36.2s

----- Epoch 15 (windowed) -----

###### Windowed train epoch 15 overall metrics
  loss: 0.1385 rmse: 18.052 r2: 0.066 corr: 0.321
***** Epoch 15 Val (windowed) *****
  loss: 0.0515 rmse: 14.583 r2: 0.144 corr: 0.390
********************
***** Epoch 15 Test (windowed) *****
  loss: 0.0543 rmse: 22.381 r2: 0.084 corr: 0.296
********************
  Epoch 15 done in 37.4s

----- Epoch 16 (windowed) -----

###### Windowed train epoch 16 overall metrics
  loss: 0.1370 rmse: 18.142 r2: 0.057 corr: 0.303
***** Epoch 16 Val (windowed) *****
  loss: 0.0509 rmse: 14.286 r2: 0.178 corr: 0.431
********************
***** Epoch 16 Test (windowed) *****
  loss: 0.0536 rmse: 22.187 r2: 0.100 corr: 0.323
********************
  Epoch 16 done in 36.8s

----- Epoch 17 (windowed) -----

###### Windowed train epoch 17 overall metrics
  loss: 0.1368 rmse: 18.038 r2: 0.068 corr: 0.318
***** Epoch 17 Val (windowed) *****
  loss: 0.0508 rmse: 14.016 r2: 0.209 corr: 0.470
********************
***** Epoch 17 Test (windowed) *****
  loss: 0.0536 rmse: 21.970 r2: 0.118 corr: 0.357
********************
  Epoch 17 done in 36.1s

----- Epoch 18 (windowed) -----

###### Windowed train epoch 18 overall metrics
  loss: 0.1350 rmse: 18.286 r2: 0.042 corr: 0.297
***** Epoch 18 Val (windowed) *****
  loss: 0.0543 rmse: 14.680 r2: 0.132 corr: 0.388
********************
***** Epoch 18 Test (windowed) *****
  loss: 0.0573 rmse: 22.521 r2: 0.073 corr: 0.283
********************
  Epoch 18 done in 36.6s

----- Epoch 19 (windowed) -----

###### Windowed train epoch 19 overall metrics
  loss: 0.1343 rmse: 17.834 r2: 0.089 corr: 0.347
***** Epoch 19 Val (windowed) *****
  loss: 0.0490 rmse: 13.693 r2: 0.245 corr: 0.506
********************
***** Epoch 19 Test (windowed) *****
  loss: 0.0529 rmse: 21.847 r2: 0.127 corr: 0.365
********************
  Epoch 19 done in 36.5s
  Saved best model → model/FIM_restoration_0412_stations_monthly/2017/gat-rnn-v2-windowed_bs-128_lr-0.001_maxepoch-50_testyear-2017_win-3_nwin-10_seed-0/model-19

----- Epoch 20 (windowed) -----

###### Windowed train epoch 20 overall metrics
  loss: 0.1321 rmse: 18.273 r2: 0.043 corr: 0.296
***** Epoch 20 Val (windowed) *****
  loss: 0.0505 rmse: 14.513 r2: 0.152 corr: 0.403
********************
***** Epoch 20 Test (windowed) *****
  loss: 0.0539 rmse: 22.379 r2: 0.084 corr: 0.298
********************
  Epoch 20 done in 36.3s

----- Epoch 21 (windowed) -----

###### Windowed train epoch 21 overall metrics
  loss: 0.1320 rmse: 18.275 r2: 0.043 corr: 0.291
***** Epoch 21 Val (windowed) *****
  loss: 0.0488 rmse: 13.604 r2: 0.255 corr: 0.513
********************
***** Epoch 21 Test (windowed) *****
  loss: 0.0523 rmse: 21.690 r2: 0.140 corr: 0.379
********************
  Epoch 21 done in 37.3s
  Saved best model → model/FIM_restoration_0412_stations_monthly/2017/gat-rnn-v2-windowed_bs-128_lr-0.001_maxepoch-50_testyear-2017_win-3_nwin-10_seed-0/model-21

----- Epoch 22 (windowed) -----

###### Windowed train epoch 22 overall metrics
  loss: 0.1310 rmse: 18.817 r2: -0.015 corr: 0.266
***** Epoch 22 Val (windowed) *****
  loss: 0.0496 rmse: 14.331 r2: 0.173 corr: 0.425
********************
***** Epoch 22 Test (windowed) *****
  loss: 0.0529 rmse: 22.194 r2: 0.099 corr: 0.321
********************
  Epoch 22 done in 38.7s

----- Epoch 23 (windowed) -----

###### Windowed train epoch 23 overall metrics
  loss: 0.1295 rmse: 18.645 r2: 0.004 corr: 0.299
***** Epoch 23 Val (windowed) *****
  loss: 0.0485 rmse: 14.051 r2: 0.205 corr: 0.462
********************
***** Epoch 23 Test (windowed) *****
  loss: 0.0528 rmse: 22.059 r2: 0.110 corr: 0.338
********************
  Epoch 23 done in 36.1s

----- Epoch 24 (windowed) -----

###### Windowed train epoch 24 overall metrics
  loss: 0.1287 rmse: 18.646 r2: 0.004 corr: 0.302
***** Epoch 24 Val (windowed) *****
  loss: 0.0487 rmse: 14.527 r2: 0.150 corr: 0.398
********************
***** Epoch 24 Test (windowed) *****
  loss: 0.0530 rmse: 22.368 r2: 0.085 corr: 0.298
********************
  Epoch 24 done in 36.3s

----- Epoch 25 (windowed) -----

###### Windowed train epoch 25 overall metrics
  loss: 0.1273 rmse: 18.490 r2: 0.020 corr: 0.305
***** Epoch 25 Val (windowed) *****
  loss: 0.0479 rmse: 14.094 r2: 0.200 corr: 0.458
********************
***** Epoch 25 Test (windowed) *****
  loss: 0.0530 rmse: 21.872 r2: 0.125 corr: 0.359
********************
  Epoch 25 done in 36.8s

----- Epoch 26 (windowed) -----

###### Windowed train epoch 26 overall metrics
  loss: 0.1270 rmse: 18.500 r2: 0.019 corr: 0.282
***** Epoch 26 Val (windowed) *****
  loss: 0.0482 rmse: 14.253 r2: 0.182 corr: 0.434
********************
***** Epoch 26 Test (windowed) *****
  loss: 0.0525 rmse: 22.223 r2: 0.097 corr: 0.317
********************
  Epoch 26 done in 36.5s

----- Epoch 27 (windowed) -----

###### Windowed train epoch 27 overall metrics
  loss: 0.1254 rmse: 18.745 r2: -0.007 corr: 0.266
***** Epoch 27 Val (windowed) *****
  loss: 0.0482 rmse: 14.230 r2: 0.185 corr: 0.441
********************
***** Epoch 27 Test (windowed) *****
  loss: 0.0523 rmse: 22.014 r2: 0.114 corr: 0.345
********************
  Epoch 27 done in 36.2s

----- Epoch 28 (windowed) -----

###### Windowed train epoch 28 overall metrics
  loss: 0.1244 rmse: 18.147 r2: 0.056 corr: 0.321
***** Epoch 28 Val (windowed) *****
  loss: 0.0521 rmse: 14.930 r2: 0.102 corr: 0.374
********************
***** Epoch 28 Test (windowed) *****
  loss: 0.0548 rmse: 22.543 r2: 0.071 corr: 0.287
********************
  Epoch 28 done in 36.2s

----- Epoch 29 (windowed) -----

###### Windowed train epoch 29 overall metrics
  loss: 0.1234 rmse: 18.616 r2: 0.007 corr: 0.284
***** Epoch 29 Val (windowed) *****
  loss: 0.0477 rmse: 14.283 r2: 0.178 corr: 0.435
********************
***** Epoch 29 Test (windowed) *****
  loss: 0.0522 rmse: 22.130 r2: 0.105 corr: 0.330
********************
  Epoch 29 done in 36.5s

----- Epoch 30 (windowed) -----

###### Windowed train epoch 30 overall metrics
  loss: 0.1228 rmse: 18.814 r2: -0.014 corr: 0.245
***** Epoch 30 Val (windowed) *****
  loss: 0.0538 rmse: 14.697 r2: 0.130 corr: 0.395
********************
***** Epoch 30 Test (windowed) *****
  loss: 0.0564 rmse: 22.528 r2: 0.072 corr: 0.285
********************
  Epoch 30 done in 36.5s

----- Epoch 31 (windowed) -----

###### Windowed train epoch 31 overall metrics
  loss: 0.1221 rmse: 18.354 r2: 0.035 corr: 0.303
***** Epoch 31 Val (windowed) *****
  loss: 0.0478 rmse: 14.123 r2: 0.197 corr: 0.458
********************
***** Epoch 31 Test (windowed) *****
  loss: 0.0525 rmse: 22.051 r2: 0.111 corr: 0.340
********************
  Epoch 31 done in 35.6s

----- Epoch 32 (windowed) -----

###### Windowed train epoch 32 overall metrics
  loss: 0.1211 rmse: 20.628 r2: -0.219 corr: 0.232
***** Epoch 32 Val (windowed) *****
  loss: 0.0529 rmse: 14.943 r2: 0.101 corr: 0.351
********************
***** Epoch 32 Test (windowed) *****
  loss: 0.0545 rmse: 22.645 r2: 0.062 corr: 0.262
********************
  Epoch 32 done in 35.9s

----- Epoch 33 (windowed) -----

###### Windowed train epoch 33 overall metrics
  loss: 0.1210 rmse: 18.670 r2: 0.001 corr: 0.266
***** Epoch 33 Val (windowed) *****
  loss: 0.0508 rmse: 14.988 r2: 0.095 corr: 0.362
********************
***** Epoch 33 Test (windowed) *****
  loss: 0.0545 rmse: 22.692 r2: 0.059 corr: 0.265
********************
  Epoch 33 done in 36.1s

----- Epoch 34 (windowed) -----

###### Windowed train epoch 34 overall metrics
  loss: 0.1198 rmse: 18.143 r2: 0.057 corr: 0.315
***** Epoch 34 Val (windowed) *****
  loss: 0.0482 rmse: 14.427 r2: 0.162 corr: 0.420
********************
***** Epoch 34 Test (windowed) *****
  loss: 0.0521 rmse: 22.185 r2: 0.100 corr: 0.323
********************
  Epoch 34 done in 36.1s

----- Epoch 35 (windowed) -----

###### Windowed train epoch 35 overall metrics
  loss: 0.1184 rmse: 18.628 r2: 0.006 corr: 0.292
***** Epoch 35 Val (windowed) *****
  loss: 0.0488 rmse: 14.766 r2: 0.122 corr: 0.380
********************
***** Epoch 35 Test (windowed) *****
  loss: 0.0527 rmse: 22.573 r2: 0.068 corr: 0.275
********************
  Epoch 35 done in 36.0s

----- Epoch 36 (windowed) -----

###### Windowed train epoch 36 overall metrics
  loss: 0.1181 rmse: 18.390 r2: 0.031 corr: 0.274
***** Epoch 36 Val (windowed) *****
  loss: 0.0469 rmse: 14.032 r2: 0.207 corr: 0.480
********************
***** Epoch 36 Test (windowed) *****
  loss: 0.0526 rmse: 22.005 r2: 0.115 corr: 0.350
********************
  Epoch 36 done in 36.8s

----- Epoch 37 (windowed) -----

###### Windowed train epoch 37 overall metrics
  loss: 0.1179 rmse: 18.911 r2: -0.025 corr: 0.268
***** Epoch 37 Val (windowed) *****
  loss: 0.0486 rmse: 14.455 r2: 0.159 corr: 0.420
********************
***** Epoch 37 Test (windowed) *****
  loss: 0.0529 rmse: 22.307 r2: 0.090 corr: 0.310
********************
  Epoch 37 done in 37.0s

----- Epoch 38 (windowed) -----

###### Windowed train epoch 38 overall metrics
  loss: 0.1169 rmse: 18.624 r2: 0.006 corr: 0.255
***** Epoch 38 Val (windowed) *****
  loss: 0.0475 rmse: 14.502 r2: 0.153 corr: 0.402
********************
***** Epoch 38 Test (windowed) *****
  loss: 0.0517 rmse: 22.312 r2: 0.090 corr: 0.308
********************
  Epoch 38 done in 36.5s

----- Epoch 39 (windowed) -----

###### Windowed train epoch 39 overall metrics
  loss: 0.1161 rmse: 18.351 r2: 0.035 corr: 0.294
***** Epoch 39 Val (windowed) *****
  loss: 0.0481 rmse: 14.424 r2: 0.162 corr: 0.421
********************
***** Epoch 39 Test (windowed) *****
  loss: 0.0521 rmse: 22.167 r2: 0.102 corr: 0.326
********************
  Epoch 39 done in 38.2s

----- Epoch 40 (windowed) -----

###### Windowed train epoch 40 overall metrics
  loss: 0.1151 rmse: 18.754 r2: -0.008 corr: 0.280
***** Epoch 40 Val (windowed) *****
  loss: 0.0465 rmse: 14.103 r2: 0.199 corr: 0.459
********************
***** Epoch 40 Test (windowed) *****
  loss: 0.0517 rmse: 21.934 r2: 0.120 corr: 0.353
********************
  Epoch 40 done in 36.8s

----- Epoch 41 (windowed) -----

###### Windowed train epoch 41 overall metrics
  loss: 0.1141 rmse: 18.854 r2: -0.019 corr: 0.237
***** Epoch 41 Val (windowed) *****
  loss: 0.0457 rmse: 14.206 r2: 0.187 corr: 0.444
********************
***** Epoch 41 Test (windowed) *****
  loss: 0.0517 rmse: 22.072 r2: 0.109 corr: 0.337
********************
  Epoch 41 done in 36.2s

----- Epoch 42 (windowed) -----

###### Windowed train epoch 42 overall metrics
  loss: 0.1133 rmse: 18.501 r2: 0.019 corr: 0.285
***** Epoch 42 Val (windowed) *****
  loss: 0.0484 rmse: 14.762 r2: 0.122 corr: 0.371
********************
***** Epoch 42 Test (windowed) *****
  loss: 0.0536 rmse: 22.566 r2: 0.069 corr: 0.272
********************
  Epoch 42 done in 36.8s

----- Epoch 43 (windowed) -----

###### Windowed train epoch 43 overall metrics
  loss: 0.1133 rmse: 19.432 r2: -0.082 corr: 0.254
***** Epoch 43 Val (windowed) *****
  loss: 0.0488 rmse: 14.653 r2: 0.135 corr: 0.397
********************
***** Epoch 43 Test (windowed) *****
  loss: 0.0527 rmse: 22.407 r2: 0.082 corr: 0.298
********************
  Epoch 43 done in 37.4s

----- Epoch 44 (windowed) -----

###### Windowed train epoch 44 overall metrics
  loss: 0.1128 rmse: 18.806 r2: -0.013 corr: 0.262
***** Epoch 44 Val (windowed) *****
  loss: 0.0490 rmse: 14.905 r2: 0.105 corr: 0.343
********************
***** Epoch 44 Test (windowed) *****
  loss: 0.0528 rmse: 22.687 r2: 0.059 corr: 0.251
********************
  Epoch 44 done in 36.6s

----- Epoch 45 (windowed) -----

###### Windowed train epoch 45 overall metrics
  loss: 0.1118 rmse: 18.220 r2: 0.049 corr: 0.334
***** Epoch 45 Val (windowed) *****
  loss: 0.0464 rmse: 14.620 r2: 0.139 corr: 0.404
********************
***** Epoch 45 Test (windowed) *****
  loss: 0.0514 rmse: 22.351 r2: 0.087 corr: 0.305
********************
  Epoch 45 done in 36.8s

----- Epoch 46 (windowed) -----

###### Windowed train epoch 46 overall metrics
  loss: 0.1104 rmse: 18.575 r2: 0.011 corr: 0.296
***** Epoch 46 Val (windowed) *****
  loss: 0.0453 rmse: 14.203 r2: 0.188 corr: 0.449
********************
***** Epoch 46 Test (windowed) *****
  loss: 0.0513 rmse: 22.071 r2: 0.109 corr: 0.338
********************
  Epoch 46 done in 36.9s

----- Epoch 47 (windowed) -----

###### Windowed train epoch 47 overall metrics
  loss: 0.1102 rmse: 18.635 r2: 0.005 corr: 0.283
***** Epoch 47 Val (windowed) *****
  loss: 0.0459 rmse: 14.700 r2: 0.130 corr: 0.385
********************
***** Epoch 47 Test (windowed) *****
  loss: 0.0519 rmse: 22.484 r2: 0.076 corr: 0.284
********************
  Epoch 47 done in 36.6s

----- Epoch 48 (windowed) -----

###### Windowed train epoch 48 overall metrics
  loss: 0.1095 rmse: 19.013 r2: -0.036 corr: 0.265
***** Epoch 48 Val (windowed) *****
  loss: 0.0460 rmse: 14.736 r2: 0.126 corr: 0.386
********************
***** Epoch 48 Test (windowed) *****
  loss: 0.0510 rmse: 22.496 r2: 0.075 corr: 0.286
********************
  Epoch 48 done in 36.0s

----- Epoch 49 (windowed) -----

###### Windowed train epoch 49 overall metrics
  loss: 0.1092 rmse: 18.792 r2: -0.012 corr: 0.280
***** Epoch 49 Val (windowed) *****
  loss: 0.0466 rmse: 14.636 r2: 0.137 corr: 0.385
********************
***** Epoch 49 Test (windowed) *****
  loss: 0.0513 rmse: 22.535 r2: 0.072 corr: 0.275
********************
  Epoch 49 done in 37.0s
Fold done — best val RMSE=13.6037 test R²=0.1399 corr=0.3787

================================================================
Rolling-windowed  test_year=2018
  Val  : 2017
  Test : 2018
  win_size=3  n_windows=10
================================================================
Initially data (54319, 166)
After filtering (42427, 166)
get_X_Y
X shape (42427, 130)
Y shape (42427, 34)
Y (output) means tensor([[0.1487, 0.0126, 0.2547, 0.1570, 0.0198, 0.0604, 0.1637, 0.6617, 0.9057,
         0.0241, 0.0488, 0.0103, 0.0819, 0.1409, 1.0156, 1.0387, 0.3513, 0.3930,
         0.8966, 0.3924, 0.1867, 0.2145, 0.4259, 0.1723, 0.4169, 0.4829, 0.2802,
         0.6295, 0.5111, 0.1493, 0.2826, 0.1083, 0.1297, 0.1304]]) stds tensor([[0.4849, 0.1385, 0.6257, 0.5736, 0.1681, 0.2968, 0.5216, 1.4569, 1.6352,
         0.1967, 0.3046, 0.1359, 0.4315, 0.4470, 2.0957, 1.6871, 0.8605, 1.1683,
         1.6235, 0.9249, 0.5246, 0.6793, 1.0985, 0.5845, 0.9948, 1.0418, 0.7123,
         1.3721, 1.0424, 0.4423, 0.8477, 0.3453, 0.3924, 0.3722]])
Y count-scale means tensor([[5.0603e-01, 3.5639e-02, 9.7682e-01, 8.4845e-01, 5.4609e-02, 1.9502e-01,
         5.9726e-01, 1.4926e+01, 3.2162e+01, 7.4003e-02, 2.0978e-01, 3.4580e-02,
         5.6144e-01, 4.1634e-01, 2.4204e+02, 2.2044e+01, 2.6912e+00, 1.4052e+01,
         2.6635e+01, 3.0964e+00, 5.9244e-01, 1.5435e+00, 7.8283e+00, 1.5740e+00,
         3.4667e+00, 4.1196e+00, 1.2791e+00, 2.9956e+01, 6.0548e+00, 4.2878e-01,
         3.1856e+00, 2.2955e-01, 3.0294e-01, 2.7043e-01]]) stds tensor([[3.3727e+00, 6.2036e-01, 5.8815e+00, 6.5365e+00, 9.5087e-01, 3.6480e+00,
         3.7599e+00, 7.4741e+01, 2.3762e+02, 1.0155e+00, 3.0043e+00, 6.6787e-01,
         8.6958e+00, 2.6028e+00, 2.8579e+03, 9.1099e+01, 1.9466e+01, 1.6191e+02,
         2.1725e+02, 1.9025e+01, 3.0741e+00, 2.1528e+01, 8.0334e+01, 4.6530e+01,
         1.6549e+01, 2.2026e+01, 6.9235e+00, 8.5877e+02, 7.3317e+01, 4.5117e+00,
         2.7022e+01, 1.0120e+00, 1.4387e+00, 1.0660e+00]])
Loaded per-window (calendar) month weights from analysis/figures/month_weights_per_window.npz: cube.shape=(25, 12, 34)
/Users/liyingnceas/GitHub/GNN-RNN-main/gnn-lstm-v3/utils/data_utils.py:264: RuntimeWarning: Mean of empty slice
  np.nanmean(county_dict[county], axis=0).astype(np.float32)
Filled 106589 missing (node, year) entries from neighbors or year averages
[2D] Station nodes: 596, adj nnz: 2980
[build_year_XY_windowed] data_start=1998, min_pred_year=2009, test_year=2018, win_size=3, n_windows=10
  built windows for T=2009
  built windows for T=2014
[build_year_XY_windowed] built windowed XY for 10 prediction years (2009–2018)
  GAT_RNN_V2: edge_feat_dim=3, n_heads=4, n_hidden=64

----- Epoch 0 (windowed) -----

###### Windowed train epoch 0 overall metrics
  loss: 0.1889 rmse: 19.169 r2: 0.009 corr: 0.099
***** Epoch 0 Val (windowed) *****
  loss: 0.0671 rmse: 23.155 r2: 0.020 corr: 0.143
********************
***** Epoch 0 Test (windowed) *****
  loss: 0.0675 rmse: 22.893 r2: 0.019 corr: 0.139
********************
  Epoch 0 done in 41.0s
  Saved best model → model/FIM_restoration_0412_stations_monthly/2018/gat-rnn-v2-windowed_bs-128_lr-0.001_maxepoch-50_testyear-2018_win-3_nwin-10_seed-0/model-0

----- Epoch 1 (windowed) -----

###### Windowed train epoch 1 overall metrics
  loss: 0.1756 rmse: 18.903 r2: 0.037 corr: 0.199
***** Epoch 1 Val (windowed) *****
  loss: 0.0643 rmse: 22.828 r2: 0.048 corr: 0.222
********************
***** Epoch 1 Test (windowed) *****
  loss: 0.0656 rmse: 22.439 r2: 0.058 corr: 0.246
********************
  Epoch 1 done in 41.9s
  Saved best model → model/FIM_restoration_0412_stations_monthly/2018/gat-rnn-v2-windowed_bs-128_lr-0.001_maxepoch-50_testyear-2018_win-3_nwin-10_seed-0/model-1

----- Epoch 2 (windowed) -----

###### Windowed train epoch 2 overall metrics
  loss: 0.1693 rmse: 18.929 r2: 0.034 corr: 0.208
***** Epoch 2 Val (windowed) *****
  loss: 0.0609 rmse: 22.905 r2: 0.041 corr: 0.206
********************
***** Epoch 2 Test (windowed) *****
  loss: 0.0618 rmse: 22.559 r2: 0.047 corr: 0.223
********************
  Epoch 2 done in 39.7s

----- Epoch 3 (windowed) -----

###### Windowed train epoch 3 overall metrics
  loss: 0.1646 rmse: 19.007 r2: 0.026 corr: 0.198
***** Epoch 3 Val (windowed) *****
  loss: 0.0594 rmse: 22.797 r2: 0.050 corr: 0.235
********************
***** Epoch 3 Test (windowed) *****
  loss: 0.0601 rmse: 22.486 r2: 0.054 corr: 0.244
********************
  Epoch 3 done in 39.6s
  Saved best model → model/FIM_restoration_0412_stations_monthly/2018/gat-rnn-v2-windowed_bs-128_lr-0.001_maxepoch-50_testyear-2018_win-3_nwin-10_seed-0/model-3

----- Epoch 4 (windowed) -----

###### Windowed train epoch 4 overall metrics
  loss: 0.1607 rmse: 18.930 r2: 0.034 corr: 0.210
***** Epoch 4 Val (windowed) *****
  loss: 0.0600 rmse: 22.867 r2: 0.044 corr: 0.217
********************
***** Epoch 4 Test (windowed) *****
  loss: 0.0603 rmse: 22.608 r2: 0.043 corr: 0.214
********************
  Epoch 4 done in 39.6s

----- Epoch 5 (windowed) -----

###### Windowed train epoch 5 overall metrics
  loss: 0.1581 rmse: 18.926 r2: 0.034 corr: 0.219
***** Epoch 5 Val (windowed) *****
  loss: 0.0579 rmse: 22.816 r2: 0.049 corr: 0.224
********************
***** Epoch 5 Test (windowed) *****
  loss: 0.0584 rmse: 22.568 r2: 0.047 corr: 0.219
********************
  Epoch 5 done in 39.7s

----- Epoch 6 (windowed) -----

###### Windowed train epoch 6 overall metrics
  loss: 0.1538 rmse: 19.209 r2: 0.005 corr: 0.198
***** Epoch 6 Val (windowed) *****
  loss: 0.0552 rmse: 22.634 r2: 0.064 corr: 0.257
********************
***** Epoch 6 Test (windowed) *****
  loss: 0.0563 rmse: 22.429 r2: 0.058 corr: 0.246
********************
  Epoch 6 done in 40.3s
  Saved best model → model/FIM_restoration_0412_stations_monthly/2018/gat-rnn-v2-windowed_bs-128_lr-0.001_maxepoch-50_testyear-2018_win-3_nwin-10_seed-0/model-6

----- Epoch 7 (windowed) -----

###### Windowed train epoch 7 overall metrics
  loss: 0.1505 rmse: 19.016 r2: 0.025 corr: 0.226
***** Epoch 7 Val (windowed) *****
  loss: 0.0565 rmse: 22.651 r2: 0.062 corr: 0.253
********************
***** Epoch 7 Test (windowed) *****
  loss: 0.0584 rmse: 22.434 r2: 0.058 corr: 0.243
********************
  Epoch 7 done in 39.4s

----- Epoch 8 (windowed) -----

###### Windowed train epoch 8 overall metrics
  loss: 0.1489 rmse: 19.042 r2: 0.022 corr: 0.238
***** Epoch 8 Val (windowed) *****
  loss: 0.0542 rmse: 22.042 r2: 0.112 corr: 0.339
********************
***** Epoch 8 Test (windowed) *****
  loss: 0.0552 rmse: 21.702 r2: 0.118 corr: 0.349
********************
  Epoch 8 done in 39.8s
  Saved best model → model/FIM_restoration_0412_stations_monthly/2018/gat-rnn-v2-windowed_bs-128_lr-0.001_maxepoch-50_testyear-2018_win-3_nwin-10_seed-0/model-8

----- Epoch 9 (windowed) -----

###### Windowed train epoch 9 overall metrics
  loss: 0.1461 rmse: 18.593 r2: 0.068 corr: 0.304
***** Epoch 9 Val (windowed) *****
  loss: 0.0536 rmse: 22.080 r2: 0.109 corr: 0.345
********************
***** Epoch 9 Test (windowed) *****
  loss: 0.0556 rmse: 21.835 r2: 0.108 corr: 0.341
********************
  Epoch 9 done in 39.7s

----- Epoch 10 (windowed) -----

###### Windowed train epoch 10 overall metrics
  loss: 0.1438 rmse: 19.247 r2: 0.001 corr: 0.267
***** Epoch 10 Val (windowed) *****
  loss: 0.0530 rmse: 22.184 r2: 0.101 corr: 0.330
********************
***** Epoch 10 Test (windowed) *****
  loss: 0.0551 rmse: 21.888 r2: 0.103 corr: 0.334
********************
  Epoch 10 done in 40.8s

----- Epoch 11 (windowed) -----

###### Windowed train epoch 11 overall metrics
  loss: 0.1417 rmse: 18.689 r2: 0.058 corr: 0.295
***** Epoch 11 Val (windowed) *****
  loss: 0.0542 rmse: 22.000 r2: 0.115 corr: 0.353
********************
***** Epoch 11 Test (windowed) *****
  loss: 0.0561 rmse: 21.753 r2: 0.114 corr: 0.349
********************
  Epoch 11 done in 39.8s
  Saved best model → model/FIM_restoration_0412_stations_monthly/2018/gat-rnn-v2-windowed_bs-128_lr-0.001_maxepoch-50_testyear-2018_win-3_nwin-10_seed-0/model-11

----- Epoch 12 (windowed) -----

###### Windowed train epoch 12 overall metrics
  loss: 0.1412 rmse: 18.328 r2: 0.094 corr: 0.347
***** Epoch 12 Val (windowed) *****
  loss: 0.0531 rmse: 22.149 r2: 0.103 corr: 0.336
********************
***** Epoch 12 Test (windowed) *****
  loss: 0.0542 rmse: 21.926 r2: 0.100 corr: 0.329
********************
  Epoch 12 done in 40.0s

----- Epoch 13 (windowed) -----

###### Windowed train epoch 13 overall metrics
  loss: 0.1394 rmse: 18.457 r2: 0.081 corr: 0.320
***** Epoch 13 Val (windowed) *****
  loss: 0.0523 rmse: 21.584 r2: 0.148 corr: 0.399
********************
***** Epoch 13 Test (windowed) *****
  loss: 0.0546 rmse: 21.275 r2: 0.153 corr: 0.402
********************
  Epoch 13 done in 39.7s
  Saved best model → model/FIM_restoration_0412_stations_monthly/2018/gat-rnn-v2-windowed_bs-128_lr-0.001_maxepoch-50_testyear-2018_win-3_nwin-10_seed-0/model-13

----- Epoch 14 (windowed) -----

###### Windowed train epoch 14 overall metrics
  loss: 0.1376 rmse: 18.362 r2: 0.091 corr: 0.341
***** Epoch 14 Val (windowed) *****
  loss: 0.0523 rmse: 21.769 r2: 0.134 corr: 0.374
********************
***** Epoch 14 Test (windowed) *****
  loss: 0.0555 rmse: 21.499 r2: 0.135 corr: 0.376
********************
  Epoch 14 done in 39.7s

----- Epoch 15 (windowed) -----

###### Windowed train epoch 15 overall metrics
  loss: 0.1361 rmse: 18.551 r2: 0.072 corr: 0.321
***** Epoch 15 Val (windowed) *****
  loss: 0.0615 rmse: 22.062 r2: 0.110 corr: 0.345
********************
***** Epoch 15 Test (windowed) *****
  loss: 0.0650 rmse: 21.781 r2: 0.112 corr: 0.350
********************
  Epoch 15 done in 39.9s

----- Epoch 16 (windowed) -----

###### Windowed train epoch 16 overall metrics
  loss: 0.1365 rmse: 19.234 r2: 0.002 corr: 0.275
***** Epoch 16 Val (windowed) *****
  loss: 0.0509 rmse: 21.695 r2: 0.140 corr: 0.385
********************
***** Epoch 16 Test (windowed) *****
  loss: 0.0532 rmse: 21.441 r2: 0.139 corr: 0.384
********************
  Epoch 16 done in 41.0s

----- Epoch 17 (windowed) -----

###### Windowed train epoch 17 overall metrics
  loss: 0.1344 rmse: 18.831 r2: 0.044 corr: 0.298
***** Epoch 17 Val (windowed) *****
  loss: 0.0502 rmse: 21.678 r2: 0.141 corr: 0.382
********************
***** Epoch 17 Test (windowed) *****
  loss: 0.0535 rmse: 21.478 r2: 0.137 corr: 0.375
********************
  Epoch 17 done in 40.8s

----- Epoch 18 (windowed) -----

###### Windowed train epoch 18 overall metrics
  loss: 0.1326 rmse: 18.294 r2: 0.098 corr: 0.353
***** Epoch 18 Val (windowed) *****
  loss: 0.0498 rmse: 21.982 r2: 0.117 corr: 0.349
********************
***** Epoch 18 Test (windowed) *****
  loss: 0.0527 rmse: 21.763 r2: 0.113 corr: 0.344
********************
  Epoch 18 done in 40.4s

----- Epoch 19 (windowed) -----

###### Windowed train epoch 19 overall metrics
  loss: 0.1312 rmse: 18.307 r2: 0.096 corr: 0.353
***** Epoch 19 Val (windowed) *****
  loss: 0.0506 rmse: 21.733 r2: 0.137 corr: 0.380
********************
***** Epoch 19 Test (windowed) *****
  loss: 0.0537 rmse: 21.402 r2: 0.143 corr: 0.389
********************
  Epoch 19 done in 40.9s

----- Epoch 20 (windowed) -----

###### Windowed train epoch 20 overall metrics
  loss: 0.1300 rmse: 18.978 r2: 0.029 corr: 0.308
***** Epoch 20 Val (windowed) *****
  loss: 0.0493 rmse: 22.211 r2: 0.098 corr: 0.319
********************
***** Epoch 20 Test (windowed) *****
  loss: 0.0523 rmse: 21.892 r2: 0.103 corr: 0.327
********************
  Epoch 20 done in 39.8s

----- Epoch 21 (windowed) -----

###### Windowed train epoch 21 overall metrics
  loss: 0.1289 rmse: 19.070 r2: 0.019 corr: 0.264
***** Epoch 21 Val (windowed) *****
  loss: 0.0497 rmse: 21.902 r2: 0.123 corr: 0.359
********************
***** Epoch 21 Test (windowed) *****
  loss: 0.0538 rmse: 21.616 r2: 0.125 corr: 0.364
********************
  Epoch 21 done in 39.7s

----- Epoch 22 (windowed) -----

###### Windowed train epoch 22 overall metrics
  loss: 0.1278 rmse: 18.876 r2: 0.039 corr: 0.299
***** Epoch 22 Val (windowed) *****
  loss: 0.0486 rmse: 21.921 r2: 0.122 corr: 0.354
********************
***** Epoch 22 Test (windowed) *****
  loss: 0.0517 rmse: 21.589 r2: 0.128 corr: 0.365
********************
  Epoch 22 done in 40.0s

----- Epoch 23 (windowed) -----

###### Windowed train epoch 23 overall metrics
  loss: 0.1275 rmse: 18.341 r2: 0.093 corr: 0.357
***** Epoch 23 Val (windowed) *****
  loss: 0.0495 rmse: 21.647 r2: 0.144 corr: 0.383
********************
***** Epoch 23 Test (windowed) *****
  loss: 0.0520 rmse: 21.411 r2: 0.142 corr: 0.382
********************
  Epoch 23 done in 42.9s

----- Epoch 24 (windowed) -----

###### Windowed train epoch 24 overall metrics
  loss: 0.1261 rmse: 19.147 r2: 0.011 corr: 0.283
***** Epoch 24 Val (windowed) *****
  loss: 0.0511 rmse: 21.901 r2: 0.123 corr: 0.360
********************
***** Epoch 24 Test (windowed) *****
  loss: 0.0557 rmse: 21.701 r2: 0.119 corr: 0.354
********************
  Epoch 24 done in 85.6s

----- Epoch 25 (windowed) -----

###### Windowed train epoch 25 overall metrics
  loss: 0.1248 rmse: 18.690 r2: 0.058 corr: 0.330
***** Epoch 25 Val (windowed) *****
  loss: 0.0483 rmse: 21.786 r2: 0.133 corr: 0.369
********************
***** Epoch 25 Test (windowed) *****
  loss: 0.0516 rmse: 21.544 r2: 0.131 corr: 0.368
********************
  Epoch 25 done in 604.6s

----- Epoch 26 (windowed) -----

###### Windowed train epoch 26 overall metrics
  loss: 0.1248 rmse: 19.202 r2: 0.006 corr: 0.279
***** Epoch 26 Val (windowed) *****
  loss: 0.0490 rmse: 21.999 r2: 0.115 corr: 0.353
********************
***** Epoch 26 Test (windowed) *****
  loss: 0.0521 rmse: 21.847 r2: 0.107 corr: 0.338
********************
  Epoch 26 done in 41.4s

----- Epoch 27 (windowed) -----

###### Windowed train epoch 27 overall metrics
  loss: 0.1228 rmse: 18.927 r2: 0.034 corr: 0.307
***** Epoch 27 Val (windowed) *****
  loss: 0.0513 rmse: 22.163 r2: 0.102 corr: 0.331
********************
***** Epoch 27 Test (windowed) *****
  loss: 0.0548 rmse: 21.981 r2: 0.096 corr: 0.319
********************
  Epoch 27 done in 41.5s

----- Epoch 28 (windowed) -----

###### Windowed train epoch 28 overall metrics
  loss: 0.1224 rmse: 18.975 r2: 0.029 corr: 0.295
***** Epoch 28 Val (windowed) *****
  loss: 0.0486 rmse: 22.060 r2: 0.111 corr: 0.349
********************
***** Epoch 28 Test (windowed) *****
  loss: 0.0522 rmse: 21.940 r2: 0.099 corr: 0.328
********************
  Epoch 28 done in 40.3s

----- Epoch 29 (windowed) -----

###### Windowed train epoch 29 overall metrics
  loss: 0.1210 rmse: 19.176 r2: 0.009 corr: 0.300
***** Epoch 29 Val (windowed) *****
  loss: 0.0495 rmse: 22.342 r2: 0.088 corr: 0.304
********************
***** Epoch 29 Test (windowed) *****
  loss: 0.0524 rmse: 22.007 r2: 0.093 corr: 0.314
********************
  Epoch 29 done in 39.2s

----- Epoch 30 (windowed) -----

###### Windowed train epoch 30 overall metrics
  loss: 0.1205 rmse: 18.803 r2: 0.047 corr: 0.301
***** Epoch 30 Val (windowed) *****
  loss: 0.0484 rmse: 22.355 r2: 0.087 corr: 0.301
********************
***** Epoch 30 Test (windowed) *****
  loss: 0.0519 rmse: 22.079 r2: 0.088 corr: 0.303
********************
  Epoch 30 done in 39.1s

----- Epoch 31 (windowed) -----

###### Windowed train epoch 31 overall metrics
  loss: 0.1191 rmse: 18.944 r2: 0.032 corr: 0.323
***** Epoch 31 Val (windowed) *****
  loss: 0.0479 rmse: 22.414 r2: 0.082 corr: 0.292
********************
***** Epoch 31 Test (windowed) *****
  loss: 0.0516 rmse: 22.174 r2: 0.080 corr: 0.288
********************
  Epoch 31 done in 41.8s

----- Epoch 32 (windowed) -----

###### Windowed train epoch 32 overall metrics
  loss: 0.1182 rmse: 19.490 r2: -0.024 corr: 0.258
***** Epoch 32 Val (windowed) *****
  loss: 0.0508 rmse: 22.346 r2: 0.087 corr: 0.307
********************
***** Epoch 32 Test (windowed) *****
  loss: 0.0554 rmse: 21.955 r2: 0.098 corr: 0.325
********************
  Epoch 32 done in 40.0s

----- Epoch 33 (windowed) -----

###### Windowed train epoch 33 overall metrics
  loss: 0.1182 rmse: 19.429 r2: -0.018 corr: 0.257
***** Epoch 33 Val (windowed) *****
  loss: 0.0477 rmse: 22.273 r2: 0.093 corr: 0.313
********************
***** Epoch 33 Test (windowed) *****
  loss: 0.0513 rmse: 22.033 r2: 0.091 corr: 0.310
********************
  Epoch 33 done in 39.8s

----- Epoch 34 (windowed) -----

###### Windowed train epoch 34 overall metrics
  loss: 0.1168 rmse: 19.529 r2: -0.028 corr: 0.295
***** Epoch 34 Val (windowed) *****
  loss: 0.0479 rmse: 22.580 r2: 0.068 corr: 0.269
********************
***** Epoch 34 Test (windowed) *****
  loss: 0.0516 rmse: 22.323 r2: 0.067 corr: 0.268
********************
  Epoch 34 done in 40.0s

----- Epoch 35 (windowed) -----

###### Windowed train epoch 35 overall metrics
  loss: 0.1159 rmse: 18.945 r2: 0.032 corr: 0.298
***** Epoch 35 Val (windowed) *****
  loss: 0.0475 rmse: 22.188 r2: 0.100 corr: 0.322
********************
***** Epoch 35 Test (windowed) *****
  loss: 0.0511 rmse: 21.906 r2: 0.102 corr: 0.325
********************
  Epoch 35 done in 39.0s

----- Epoch 36 (windowed) -----

###### Windowed train epoch 36 overall metrics
  loss: 0.1152 rmse: 18.738 r2: 0.053 corr: 0.304
***** Epoch 36 Val (windowed) *****
  loss: 0.0471 rmse: 22.378 r2: 0.085 corr: 0.296
********************
***** Epoch 36 Test (windowed) *****
  loss: 0.0508 rmse: 22.002 r2: 0.094 corr: 0.313
********************
  Epoch 36 done in 39.3s

----- Epoch 37 (windowed) -----

###### Windowed train epoch 37 overall metrics
  loss: 0.1147 rmse: 20.313 r2: -0.113 corr: 0.227
***** Epoch 37 Val (windowed) *****
  loss: 0.0475 rmse: 22.373 r2: 0.085 corr: 0.298
********************
***** Epoch 37 Test (windowed) *****
  loss: 0.0515 rmse: 22.139 r2: 0.083 corr: 0.294
********************
  Epoch 37 done in 40.1s

----- Epoch 38 (windowed) -----

###### Windowed train epoch 38 overall metrics
  loss: 0.1134 rmse: 19.596 r2: -0.035 corr: 0.302
***** Epoch 38 Val (windowed) *****
  loss: 0.0518 rmse: 22.854 r2: 0.045 corr: 0.229
********************
***** Epoch 38 Test (windowed) *****
  loss: 0.0559 rmse: 22.632 r2: 0.041 corr: 0.222
********************
  Epoch 38 done in 42.3s

----- Epoch 39 (windowed) -----

###### Windowed train epoch 39 overall metrics
  loss: 0.1132 rmse: 18.735 r2: 0.054 corr: 0.340
***** Epoch 39 Val (windowed) *****
  loss: 0.0483 rmse: 22.372 r2: 0.085 corr: 0.300
********************
***** Epoch 39 Test (windowed) *****
  loss: 0.0524 rmse: 22.112 r2: 0.085 corr: 0.300
********************
  Epoch 39 done in 41.3s

----- Epoch 40 (windowed) -----

###### Windowed train epoch 40 overall metrics
  loss: 0.1118 rmse: 19.447 r2: -0.020 corr: 0.254
***** Epoch 40 Val (windowed) *****
  loss: 0.0483 rmse: 22.305 r2: 0.091 corr: 0.310
********************
***** Epoch 40 Test (windowed) *****
  loss: 0.0522 rmse: 22.125 r2: 0.084 corr: 0.298
********************
  Epoch 40 done in 39.4s

----- Epoch 41 (windowed) -----

###### Windowed train epoch 41 overall metrics
  loss: 0.1118 rmse: 19.518 r2: -0.027 corr: 0.274
***** Epoch 41 Val (windowed) *****
  loss: 0.0470 rmse: 22.425 r2: 0.081 corr: 0.289
********************
***** Epoch 41 Test (windowed) *****
  loss: 0.0511 rmse: 22.193 r2: 0.078 corr: 0.285
********************
  Epoch 41 done in 38.9s

----- Epoch 42 (windowed) -----

###### Windowed train epoch 42 overall metrics
  loss: 0.1103 rmse: 20.260 r2: -0.107 corr: 0.280
***** Epoch 42 Val (windowed) *****
  loss: 0.0463 rmse: 22.477 r2: 0.077 corr: 0.298
********************
***** Epoch 42 Test (windowed) *****
  loss: 0.0510 rmse: 22.202 r2: 0.077 corr: 0.298
********************
  Epoch 42 done in 39.6s

----- Epoch 43 (windowed) -----

###### Windowed train epoch 43 overall metrics
  loss: 0.1096 rmse: 19.493 r2: -0.025 corr: 0.245
***** Epoch 43 Val (windowed) *****
  loss: 0.0484 rmse: 23.118 r2: 0.023 corr: 0.217
********************
***** Epoch 43 Test (windowed) *****
  loss: 0.0539 rmse: 22.762 r2: 0.030 corr: 0.226
********************
  Epoch 43 done in 39.6s

----- Epoch 44 (windowed) -----

###### Windowed train epoch 44 overall metrics
  loss: 0.1090 rmse: 19.819 r2: -0.059 corr: 0.254
***** Epoch 44 Val (windowed) *****
  loss: 0.0465 rmse: 22.623 r2: 0.065 corr: 0.269
********************
***** Epoch 44 Test (windowed) *****
  loss: 0.0517 rmse: 22.390 r2: 0.062 corr: 0.265
********************
  Epoch 44 done in 69.6s

----- Epoch 45 (windowed) -----

###### Windowed train epoch 45 overall metrics
  loss: 0.1078 rmse: 20.097 r2: -0.089 corr: 0.260
***** Epoch 45 Val (windowed) *****
  loss: 0.0487 rmse: 22.855 r2: 0.045 corr: 0.235
********************
***** Epoch 45 Test (windowed) *****
  loss: 0.0532 rmse: 22.630 r2: 0.041 corr: 0.229
********************
  Epoch 45 done in 987.4s

----- Epoch 46 (windowed) -----

###### Windowed train epoch 46 overall metrics
  loss: 0.1070 rmse: 19.909 r2: -0.069 corr: 0.239
***** Epoch 46 Val (windowed) *****
  loss: 0.0460 rmse: 22.497 r2: 0.075 corr: 0.285
********************
***** Epoch 46 Test (windowed) *****
  loss: 0.0501 rmse: 22.014 r2: 0.093 corr: 0.311
********************
  Epoch 46 done in 39.4s

----- Epoch 47 (windowed) -----

###### Windowed train epoch 47 overall metrics
  loss: 0.1061 rmse: 20.283 r2: -0.109 corr: 0.274
***** Epoch 47 Val (windowed) *****
  loss: 0.0455 rmse: 22.477 r2: 0.077 corr: 0.283
********************
***** Epoch 47 Test (windowed) *****
  loss: 0.0503 rmse: 22.196 r2: 0.078 corr: 0.286
********************
  Epoch 47 done in 45.3s

----- Epoch 48 (windowed) -----

###### Windowed train epoch 48 overall metrics
  loss: 0.1057 rmse: 19.078 r2: 0.019 corr: 0.323
***** Epoch 48 Val (windowed) *****
  loss: 0.0464 rmse: 22.304 r2: 0.091 corr: 0.308
********************
***** Epoch 48 Test (windowed) *****
  loss: 0.0514 rmse: 21.797 r2: 0.111 corr: 0.338
********************
  Epoch 48 done in 39.2s

----- Epoch 49 (windowed) -----

###### Windowed train epoch 49 overall metrics
  loss: 0.1050 rmse: 19.335 r2: -0.008 corr: 0.293
***** Epoch 49 Val (windowed) *****
  loss: 0.0513 rmse: 22.726 r2: 0.056 corr: 0.257
********************
***** Epoch 49 Test (windowed) *****
  loss: 0.0566 rmse: 22.429 r2: 0.058 corr: 0.260
********************
  Epoch 49 done in 941.6s
Fold done — best val RMSE=21.5842 test R²=0.1528 corr=0.4025

================================================================
Rolling-windowed  test_year=2019
  Val  : 2018
  Test : 2019
  win_size=3  n_windows=10
================================================================
Initially data (54319, 166)
After filtering (44769, 166)
get_X_Y
X shape (44769, 130)
Y shape (44769, 34)
Y (output) means tensor([[0.1487, 0.0126, 0.2565, 0.1601, 0.0223, 0.0595, 0.1622, 0.6568, 0.8954,
         0.0239, 0.0511, 0.0102, 0.0841, 0.1385, 1.0186, 1.0679, 0.3501, 0.3970,
         0.9009, 0.3988, 0.1863, 0.2150, 0.4200, 0.1692, 0.4242, 0.5006, 0.2795,
         0.6077, 0.5050, 0.1494, 0.2772, 0.1075, 0.1321, 0.1315]]) stds tensor([[0.4857, 0.1381, 0.6264, 0.5807, 0.1786, 0.2937, 0.5186, 1.4537, 1.6254,
         0.1958, 0.3156, 0.1357, 0.4368, 0.4418, 2.0975, 1.7090, 0.8597, 1.1725,
         1.6233, 0.9322, 0.5226, 0.6806, 1.0903, 0.5773, 1.0047, 1.0604, 0.7113,
         1.3482, 1.0338, 0.4432, 0.8399, 0.3441, 0.3962, 0.3738]])
Y count-scale means tensor([[5.0797e-01, 3.5339e-02, 9.7338e-01, 8.7295e-01, 6.0983e-02, 1.8958e-01,
         5.8790e-01, 1.4899e+01, 3.1298e+01, 7.3070e-02, 2.3778e-01, 3.4716e-02,
         5.6858e-01, 4.0510e-01, 2.3924e+02, 2.3259e+01, 2.6788e+00, 1.4194e+01,
         2.6359e+01, 3.1770e+00, 5.8593e-01, 1.5280e+00, 7.7353e+00, 1.5083e+00,
         3.5676e+00, 4.3447e+00, 1.2704e+00, 2.8370e+01, 5.8598e+00, 4.2885e-01,
         3.1256e+00, 2.2766e-01, 3.0830e-01, 2.7279e-01]]) stds tensor([[3.3576e+00, 6.1114e-01, 5.7694e+00, 6.7201e+00, 9.6033e-01, 3.5449e+00,
         3.6938e+00, 7.4370e+01, 2.3162e+02, 9.9862e-01, 3.7179e+00, 6.8248e-01,
         8.5310e+00, 2.5396e+00, 2.7971e+03, 9.4884e+01, 1.9261e+01, 1.6073e+02,
         2.1245e+02, 1.9317e+01, 3.0229e+00, 2.0954e+01, 8.2804e+01, 4.5170e+01,
         1.6905e+01, 2.3097e+01, 6.8358e+00, 8.3353e+02, 7.1269e+01, 4.4141e+00,
         2.6716e+01, 1.0057e+00, 1.4327e+00, 1.0641e+00]])
Loaded per-window (calendar) month weights from analysis/figures/month_weights_per_window.npz: cube.shape=(25, 12, 34)
/Users/liyingnceas/GitHub/GNN-RNN-main/gnn-lstm-v3/utils/data_utils.py:264: RuntimeWarning: Mean of empty slice
  np.nanmean(county_dict[county], axis=0).astype(np.float32)
Filled 111585 missing (node, year) entries from neighbors or year averages
[2D] Station nodes: 596, adj nnz: 2980
[build_year_XY_windowed] data_start=1998, min_pred_year=2009, test_year=2019, win_size=3, n_windows=10
  built windows for T=2009
  built windows for T=2014
  built windows for T=2019
[build_year_XY_windowed] built windowed XY for 11 prediction years (2009–2019)
  GAT_RNN_V2: edge_feat_dim=3, n_heads=4, n_hidden=64

----- Epoch 0 (windowed) -----
  batch 49 | loss 0.1982 rmse 48.474 r2 0.008 corr 0.097

###### Windowed train epoch 0 overall metrics
  loss: 0.1885 rmse: 19.573 r2: 0.011 corr: 0.107
***** Epoch 0 Val (windowed) *****
  loss: 0.0667 rmse: 22.843 r2: 0.025 corr: 0.158
********************
***** Epoch 0 Test (windowed) *****
  loss: 0.0668 rmse: 35.323 r2: 0.014 corr: 0.122
********************
  Epoch 0 done in 47.1s
  Saved best model → model/FIM_restoration_0412_stations_monthly/2019/gat-rnn-v2-windowed_bs-128_lr-0.001_maxepoch-50_testyear-2019_win-3_nwin-10_seed-0/model-0

----- Epoch 1 (windowed) -----
  batch 49 | loss 0.1866 rmse 12.031 r2 0.052 corr 0.265

###### Windowed train epoch 1 overall metrics
  loss: 0.1753 rmse: 19.537 r2: 0.015 corr: 0.153
***** Epoch 1 Val (windowed) *****
  loss: 0.0628 rmse: 22.551 r2: 0.049 corr: 0.230
********************
***** Epoch 1 Test (windowed) *****
  loss: 0.0630 rmse: 35.013 r2: 0.032 corr: 0.198
********************
  Epoch 1 done in 46.3s
  Saved best model → model/FIM_restoration_0412_stations_monthly/2019/gat-rnn-v2-windowed_bs-128_lr-0.001_maxepoch-50_testyear-2019_win-3_nwin-10_seed-0/model-1

----- Epoch 2 (windowed) -----
  batch 49 | loss 0.1830 rmse 5.612 r2 0.072 corr 0.459

###### Windowed train epoch 2 overall metrics
  loss: 0.1691 rmse: 19.461 r2: 0.022 corr: 0.190
***** Epoch 2 Val (windowed) *****
  loss: 0.0610 rmse: 22.381 r2: 0.064 corr: 0.263
********************
***** Epoch 2 Test (windowed) *****
  loss: 0.0612 rmse: 34.832 r2: 0.042 corr: 0.230
********************
  Epoch 2 done in 47.3s
  Saved best model → model/FIM_restoration_0412_stations_monthly/2019/gat-rnn-v2-windowed_bs-128_lr-0.001_maxepoch-50_testyear-2019_win-3_nwin-10_seed-0/model-2

----- Epoch 3 (windowed) -----
  batch 49 | loss 0.1772 rmse 61.636 r2 0.051 corr 0.234

###### Windowed train epoch 3 overall metrics
  loss: 0.1646 rmse: 19.335 r2: 0.035 corr: 0.225
***** Epoch 3 Val (windowed) *****
  loss: 0.0593 rmse: 22.134 r2: 0.084 corr: 0.293
********************
***** Epoch 3 Test (windowed) *****
  loss: 0.0593 rmse: 34.396 r2: 0.066 corr: 0.274
********************
  Epoch 3 done in 46.3s
  Saved best model → model/FIM_restoration_0412_stations_monthly/2019/gat-rnn-v2-windowed_bs-128_lr-0.001_maxepoch-50_testyear-2019_win-3_nwin-10_seed-0/model-3

----- Epoch 4 (windowed) -----
  batch 49 | loss 0.1752 rmse 12.720 r2 -0.052 corr 0.360

###### Windowed train epoch 4 overall metrics
  loss: 0.1607 rmse: 19.541 r2: 0.014 corr: 0.211
***** Epoch 4 Val (windowed) *****
  loss: 0.0592 rmse: 22.482 r2: 0.055 corr: 0.242
********************
***** Epoch 4 Test (windowed) *****
  loss: 0.0608 rmse: 34.967 r2: 0.034 corr: 0.201
********************
  Epoch 4 done in 47.2s

----- Epoch 5 (windowed) -----
  batch 49 | loss 0.1742 rmse 32.808 r2 0.016 corr 0.129

###### Windowed train epoch 5 overall metrics
  loss: 0.1571 rmse: 19.871 r2: -0.019 corr: 0.199
***** Epoch 5 Val (windowed) *****
  loss: 0.0561 rmse: 22.094 r2: 0.088 corr: 0.306
********************
***** Epoch 5 Test (windowed) *****
  loss: 0.0571 rmse: 34.529 r2: 0.058 corr: 0.272
********************
  Epoch 5 done in 47.0s
  Saved best model → model/FIM_restoration_0412_stations_monthly/2019/gat-rnn-v2-windowed_bs-128_lr-0.001_maxepoch-50_testyear-2019_win-3_nwin-10_seed-0/model-5

----- Epoch 6 (windowed) -----
  batch 49 | loss 0.1670 rmse 12.244 r2 0.094 corr 0.354

###### Windowed train epoch 6 overall metrics
  loss: 0.1539 rmse: 19.316 r2: 0.037 corr: 0.234
***** Epoch 6 Val (windowed) *****
  loss: 0.0557 rmse: 21.720 r2: 0.118 corr: 0.358
********************
***** Epoch 6 Test (windowed) *****
  loss: 0.0574 rmse: 34.274 r2: 0.072 corr: 0.314
********************
  Epoch 6 done in 44.0s
  Saved best model → model/FIM_restoration_0412_stations_monthly/2019/gat-rnn-v2-windowed_bs-128_lr-0.001_maxepoch-50_testyear-2019_win-3_nwin-10_seed-0/model-6

----- Epoch 7 (windowed) -----
  batch 49 | loss 0.1652 rmse 7.984 r2 0.007 corr 0.433

###### Windowed train epoch 7 overall metrics
  loss: 0.1505 rmse: 19.225 r2: 0.046 corr: 0.263
***** Epoch 7 Val (windowed) *****
  loss: 0.0609 rmse: 22.566 r2: 0.048 corr: 0.229
********************
***** Epoch 7 Test (windowed) *****
  loss: 0.0640 rmse: 35.110 r2: 0.026 corr: 0.173
********************
  Epoch 7 done in 43.8s

----- Epoch 8 (windowed) -----
  batch 49 | loss 0.1649 rmse 18.504 r2 0.284 corr 0.546

###### Windowed train epoch 8 overall metrics
  loss: 0.1491 rmse: 18.965 r2: 0.071 corr: 0.283
***** Epoch 8 Val (windowed) *****
  loss: 0.0534 rmse: 21.553 r2: 0.132 corr: 0.377
********************
***** Epoch 8 Test (windowed) *****
  loss: 0.0565 rmse: 34.098 r2: 0.082 corr: 0.327
********************
  Epoch 8 done in 45.7s
  Saved best model → model/FIM_restoration_0412_stations_monthly/2019/gat-rnn-v2-windowed_bs-128_lr-0.001_maxepoch-50_testyear-2019_win-3_nwin-10_seed-0/model-8

----- Epoch 9 (windowed) -----
  batch 49 | loss 0.1614 rmse 11.558 r2 -0.344 corr 0.461

###### Windowed train epoch 9 overall metrics
  loss: 0.1454 rmse: 19.687 r2: -0.001 corr: 0.233
***** Epoch 9 Val (windowed) *****
  loss: 0.0533 rmse: 22.186 r2: 0.080 corr: 0.291
********************
***** Epoch 9 Test (windowed) *****
  loss: 0.0574 rmse: 34.690 r2: 0.049 corr: 0.241
********************
  Epoch 9 done in 43.9s

----- Epoch 10 (windowed) -----
  batch 49 | loss 0.1569 rmse 12.156 r2 -2.430 corr 0.235

###### Windowed train epoch 10 overall metrics
  loss: 0.1455 rmse: 19.268 r2: 0.041 corr: 0.245
***** Epoch 10 Val (windowed) *****
  loss: 0.0590 rmse: 21.938 r2: 0.100 corr: 0.325
********************
***** Epoch 10 Test (windowed) *****
  loss: 0.0568 rmse: 34.436 r2: 0.063 corr: 0.271
********************
  Epoch 10 done in 43.4s

----- Epoch 11 (windowed) -----
  batch 49 | loss 0.1550 rmse 27.461 r2 0.126 corr 0.358

###### Windowed train epoch 11 overall metrics
  loss: 0.1440 rmse: 19.081 r2: 0.060 corr: 0.288
***** Epoch 11 Val (windowed) *****
  loss: 0.0551 rmse: 21.777 r2: 0.114 corr: 0.351
********************
***** Epoch 11 Test (windowed) *****
  loss: 0.0591 rmse: 34.311 r2: 0.070 corr: 0.293
********************
  Epoch 11 done in 43.1s

----- Epoch 12 (windowed) -----
  batch 49 | loss 0.1533 rmse 36.105 r2 0.028 corr 0.169

###### Windowed train epoch 12 overall metrics
  loss: 0.1401 rmse: 19.708 r2: -0.003 corr: 0.278
***** Epoch 12 Val (windowed) *****
  loss: 0.0527 rmse: 22.174 r2: 0.081 corr: 0.296
********************
***** Epoch 12 Test (windowed) *****
  loss: 0.0562 rmse: 34.726 r2: 0.047 corr: 0.238
********************
  Epoch 12 done in 43.8s

----- Epoch 13 (windowed) -----
  batch 49 | loss 0.1505 rmse 21.091 r2 0.112 corr 0.405

###### Windowed train epoch 13 overall metrics
  loss: 0.1381 rmse: 18.875 r2: 0.080 corr: 0.312
***** Epoch 13 Val (windowed) *****
  loss: 0.0542 rmse: 21.835 r2: 0.109 corr: 0.340
********************
***** Epoch 13 Test (windowed) *****
  loss: 0.0598 rmse: 34.289 r2: 0.071 corr: 0.284
********************
  Epoch 13 done in 43.3s

----- Epoch 14 (windowed) -----
  batch 49 | loss 0.1528 rmse 14.413 r2 0.115 corr 0.367

###### Windowed train epoch 14 overall metrics
  loss: 0.1371 rmse: 19.189 r2: 0.049 corr: 0.300
***** Epoch 14 Val (windowed) *****
  loss: 0.0516 rmse: 21.891 r2: 0.104 corr: 0.341
********************
***** Epoch 14 Test (windowed) *****
  loss: 0.0563 rmse: 34.473 r2: 0.061 corr: 0.278
********************
  Epoch 14 done in 45.1s

----- Epoch 15 (windowed) -----
  batch 49 | loss 0.1455 rmse 10.419 r2 -0.040 corr 0.332

###### Windowed train epoch 15 overall metrics
  loss: 0.1357 rmse: 19.197 r2: 0.048 corr: 0.295
***** Epoch 15 Val (windowed) *****
  loss: 0.0510 rmse: 22.006 r2: 0.095 corr: 0.317
********************
***** Epoch 15 Test (windowed) *****
  loss: 0.0561 rmse: 34.512 r2: 0.059 corr: 0.259
********************
  Epoch 15 done in 943.7s

----- Epoch 16 (windowed) -----
  batch 49 | loss 0.1444 rmse 15.006 r2 0.057 corr 0.292

###### Windowed train epoch 16 overall metrics
  loss: 0.1339 rmse: 19.052 r2: 0.063 corr: 0.292
***** Epoch 16 Val (windowed) *****
  loss: 0.0541 rmse: 21.998 r2: 0.095 corr: 0.321
********************
***** Epoch 16 Test (windowed) *****
  loss: 0.0616 rmse: 34.486 r2: 0.061 corr: 0.260
********************
  Epoch 16 done in 979.6s

----- Epoch 17 (windowed) -----
  batch 49 | loss 0.1452 rmse 7.371 r2 0.097 corr 0.436

###### Windowed train epoch 17 overall metrics
  loss: 0.1324 rmse: 19.387 r2: 0.030 corr: 0.264
***** Epoch 17 Val (windowed) *****
  loss: 0.0499 rmse: 21.838 r2: 0.109 corr: 0.345
********************
***** Epoch 17 Test (windowed) *****
  loss: 0.0541 rmse: 34.371 r2: 0.067 corr: 0.287
********************
  Epoch 17 done in 43.6s

----- Epoch 18 (windowed) -----
  batch 49 | loss 0.1386 rmse 14.335 r2 -0.021 corr 0.322

###### Windowed train epoch 18 overall metrics
  loss: 0.1313 rmse: 18.924 r2: 0.075 corr: 0.325
***** Epoch 18 Val (windowed) *****
  loss: 0.0498 rmse: 21.731 r2: 0.117 corr: 0.355
********************
***** Epoch 18 Test (windowed) *****
  loss: 0.0565 rmse: 34.229 r2: 0.075 corr: 0.297
********************
  Epoch 18 done in 43.4s

----- Epoch 19 (windowed) -----
  batch 49 | loss 0.1393 rmse 6.571 r2 -0.169 corr 0.430

###### Windowed train epoch 19 overall metrics
  loss: 0.1303 rmse: 18.955 r2: 0.072 corr: 0.315
***** Epoch 19 Val (windowed) *****
  loss: 0.0502 rmse: 21.289 r2: 0.153 corr: 0.399
********************
***** Epoch 19 Test (windowed) *****
  loss: 0.0570 rmse: 33.563 r2: 0.110 corr: 0.346
********************
  Epoch 19 done in 92.4s
  Saved best model → model/FIM_restoration_0412_stations_monthly/2019/gat-rnn-v2-windowed_bs-128_lr-0.001_maxepoch-50_testyear-2019_win-3_nwin-10_seed-0/model-19

----- Epoch 20 (windowed) -----
  batch 49 | loss 0.1395 rmse 6.714 r2 -0.392 corr 0.421

###### Windowed train epoch 20 overall metrics
  loss: 0.1285 rmse: 18.816 r2: 0.086 corr: 0.344
***** Epoch 20 Val (windowed) *****
  loss: 0.0521 rmse: 21.553 r2: 0.132 corr: 0.374
********************
***** Epoch 20 Test (windowed) *****
  loss: 0.0588 rmse: 33.928 r2: 0.091 corr: 0.323
********************
  Epoch 20 done in 43.6s

----- Epoch 21 (windowed) -----
  batch 49 | loss 0.1381 rmse 62.472 r2 0.019 corr 0.141

###### Windowed train epoch 21 overall metrics
  loss: 0.1273 rmse: 19.712 r2: -0.003 corr: 0.299
***** Epoch 21 Val (windowed) *****
  loss: 0.0495 rmse: 21.637 r2: 0.125 corr: 0.362
********************
***** Epoch 21 Test (windowed) *****
  loss: 0.0541 rmse: 34.039 r2: 0.085 corr: 0.309
********************
  Epoch 21 done in 1103.5s

----- Epoch 22 (windowed) -----
  batch 49 | loss 0.1405 rmse 14.381 r2 0.120 corr 0.352

###### Windowed train epoch 22 overall metrics
  loss: 0.1265 rmse: 19.975 r2: -0.030 corr: 0.233
***** Epoch 22 Val (windowed) *****
  loss: 0.0488 rmse: 21.626 r2: 0.126 corr: 0.369
********************
***** Epoch 22 Test (windowed) *****
  loss: 0.0525 rmse: 34.171 r2: 0.078 corr: 0.307
********************
  Epoch 22 done in 47.9s

----- Epoch 23 (windowed) -----
  batch 49 | loss 0.1340 rmse 15.016 r2 -1.823 corr 0.405

###### Windowed train epoch 23 overall metrics
  loss: 0.1254 rmse: 19.627 r2: 0.005 corr: 0.268
***** Epoch 23 Val (windowed) *****
  loss: 0.0497 rmse: 21.579 r2: 0.130 corr: 0.369
********************
***** Epoch 23 Test (windowed) *****
  loss: 0.0565 rmse: 33.874 r2: 0.094 corr: 0.327
********************
  Epoch 23 done in 48.0s

----- Epoch 24 (windowed) -----
  batch 49 | loss 0.1313 rmse 13.130 r2 -0.080 corr 0.281

###### Windowed train epoch 24 overall metrics
  loss: 0.1242 rmse: 19.713 r2: -0.003 corr: 0.257
***** Epoch 24 Val (windowed) *****
  loss: 0.0488 rmse: 21.001 r2: 0.176 corr: 0.428
********************
***** Epoch 24 Test (windowed) *****
  loss: 0.0551 rmse: 33.067 r2: 0.136 corr: 0.382
********************
  Epoch 24 done in 49.0s
  Saved best model → model/FIM_restoration_0412_stations_monthly/2019/gat-rnn-v2-windowed_bs-128_lr-0.001_maxepoch-50_testyear-2019_win-3_nwin-10_seed-0/model-24

----- Epoch 25 (windowed) -----
  batch 49 | loss 0.1300 rmse 9.267 r2 -0.044 corr 0.379

###### Windowed train epoch 25 overall metrics
  loss: 0.1228 rmse: 20.396 r2: -0.074 corr: 0.229
***** Epoch 25 Val (windowed) *****
  loss: 0.0511 rmse: 21.790 r2: 0.112 corr: 0.345
********************
***** Epoch 25 Test (windowed) *****
  loss: 0.0590 rmse: 34.139 r2: 0.079 corr: 0.298
********************
  Epoch 25 done in 50.9s

----- Epoch 26 (windowed) -----
  batch 49 | loss 0.1272 rmse 9.424 r2 -0.169 corr 0.334

###### Windowed train epoch 26 overall metrics
  loss: 0.1224 rmse: 18.903 r2: 0.077 corr: 0.353
***** Epoch 26 Val (windowed) *****
  loss: 0.0490 rmse: 21.865 r2: 0.106 corr: 0.335
********************
***** Epoch 26 Test (windowed) *****
  loss: 0.0547 rmse: 34.314 r2: 0.070 corr: 0.280
********************
  Epoch 26 done in 253.0s

----- Epoch 27 (windowed) -----
  batch 49 | loss 0.1297 rmse 8.764 r2 -0.402 corr 0.483

###### Windowed train epoch 27 overall metrics
  loss: 0.1212 rmse: 20.175 r2: -0.051 corr: 0.245
***** Epoch 27 Val (windowed) *****
  loss: 0.0482 rmse: 21.872 r2: 0.106 corr: 0.335
********************
***** Epoch 27 Test (windowed) *****
  loss: 0.0550 rmse: 34.353 r2: 0.068 corr: 0.275
********************
  Epoch 27 done in 75.4s

----- Epoch 28 (windowed) -----
  batch 49 | loss 0.1282 rmse 29.321 r2 0.075 corr 0.279

###### Windowed train epoch 28 overall metrics
  loss: 0.1199 rmse: 19.548 r2: 0.013 corr: 0.266
***** Epoch 28 Val (windowed) *****
  loss: 0.0479 rmse: 21.615 r2: 0.127 corr: 0.365
********************
***** Epoch 28 Test (windowed) *****
  loss: 0.0514 rmse: 34.086 r2: 0.082 corr: 0.307
********************
  Epoch 28 done in 122.3s

----- Epoch 29 (windowed) -----
  batch 49 | loss 0.1285 rmse 9.019 r2 0.015 corr 0.397

###### Windowed train epoch 29 overall metrics
  loss: 0.1186 rmse: 19.265 r2: 0.042 corr: 0.291
***** Epoch 29 Val (windowed) *****
  loss: 0.0472 rmse: 21.706 r2: 0.119 corr: 0.355
********************
***** Epoch 29 Test (windowed) *****
  loss: 0.0527 rmse: 34.251 r2: 0.073 corr: 0.287
********************
  Epoch 29 done in 397.2s

----- Epoch 30 (windowed) -----
  batch 49 | loss 0.1235 rmse 10.645 r2 -0.852 corr 0.343

###### Windowed train epoch 30 overall metrics
  loss: 0.1176 rmse: 19.538 r2: 0.014 corr: 0.326
***** Epoch 30 Val (windowed) *****
  loss: 0.0471 rmse: 21.960 r2: 0.099 corr: 0.323
********************
***** Epoch 30 Test (windowed) *****
  loss: 0.0516 rmse: 34.578 r2: 0.056 corr: 0.249
********************
  Epoch 30 done in 42.8s

----- Epoch 31 (windowed) -----
  batch 49 | loss 0.1195 rmse 9.762 r2 -0.122 corr 0.368

###### Windowed train epoch 31 overall metrics
  loss: 0.1172 rmse: 19.741 r2: -0.006 corr: 0.259
***** Epoch 31 Val (windowed) *****
  loss: 0.0487 rmse: 21.887 r2: 0.105 corr: 0.332
********************
***** Epoch 31 Test (windowed) *****
  loss: 0.0549 rmse: 34.398 r2: 0.065 corr: 0.268
********************
  Epoch 31 done in 339.3s

----- Epoch 32 (windowed) -----
  batch 49 | loss 0.1213 rmse 7.631 r2 -1.064 corr 0.289

###### Windowed train epoch 32 overall metrics
  loss: 0.1162 rmse: 20.280 r2: -0.062 corr: 0.249
***** Epoch 32 Val (windowed) *****
  loss: 0.0472 rmse: 21.965 r2: 0.098 corr: 0.321
********************
***** Epoch 32 Test (windowed) *****
  loss: 0.0524 rmse: 34.566 r2: 0.056 corr: 0.246
********************
  Epoch 32 done in 43.3s

----- Epoch 33 (windowed) -----
  batch 49 | loss 0.1229 rmse 10.125 r2 0.047 corr 0.401

###### Windowed train epoch 33 overall metrics
  loss: 0.1146 rmse: 19.635 r2: 0.005 corr: 0.258
***** Epoch 33 Val (windowed) *****
  loss: 0.0466 rmse: 21.612 r2: 0.127 corr: 0.366
********************
***** Epoch 33 Test (windowed) *****
  loss: 0.0505 rmse: 34.218 r2: 0.075 corr: 0.291
********************
  Epoch 33 done in 43.3s

----- Epoch 34 (windowed) -----
  batch 49 | loss 0.1203 rmse 48.497 r2 0.019 corr 0.142

###### Windowed train epoch 34 overall metrics
  loss: 0.1137 rmse: 19.910 r2: -0.023 corr: 0.273
***** Epoch 34 Val (windowed) *****
  loss: 0.0464 rmse: 21.899 r2: 0.104 corr: 0.335
********************
***** Epoch 34 Test (windowed) *****
  loss: 0.0519 rmse: 34.391 r2: 0.066 corr: 0.263
********************
  Epoch 34 done in 150.1s

----- Epoch 35 (windowed) -----
  batch 49 | loss 0.1196 rmse 13.046 r2 -0.120 corr 0.284

###### Windowed train epoch 35 overall metrics
  loss: 0.1132 rmse: 20.322 r2: -0.066 corr: 0.272
***** Epoch 35 Val (windowed) *****
  loss: 0.0467 rmse: 22.157 r2: 0.082 corr: 0.294
********************
***** Epoch 35 Test (windowed) *****
  loss: 0.0520 rmse: 34.772 r2: 0.045 corr: 0.218
********************
  Epoch 35 done in 43.2s

----- Epoch 36 (windowed) -----
  batch 49 | loss 0.1181 rmse 12.915 r2 0.096 corr 0.333

###### Windowed train epoch 36 overall metrics
  loss: 0.1122 rmse: 19.853 r2: -0.018 corr: 0.261
***** Epoch 36 Val (windowed) *****
  loss: 0.0474 rmse: 21.496 r2: 0.136 corr: 0.379
********************
***** Epoch 36 Test (windowed) *****
  loss: 0.0517 rmse: 34.010 r2: 0.086 corr: 0.314
********************
  Epoch 36 done in 43.0s

----- Epoch 37 (windowed) -----
  batch 49 | loss 0.1202 rmse 30.350 r2 0.317 corr 0.642

###### Windowed train epoch 37 overall metrics
  loss: 0.1109 rmse: 19.637 r2: 0.004 corr: 0.293
***** Epoch 37 Val (windowed) *****
  loss: 0.0459 rmse: 21.561 r2: 0.131 corr: 0.371
********************
***** Epoch 37 Test (windowed) *****
  loss: 0.0523 rmse: 34.031 r2: 0.085 corr: 0.307
********************
  Epoch 37 done in 244.8s

----- Epoch 38 (windowed) -----
  batch 49 | loss 0.1174 rmse 20.671 r2 -4.062 corr 0.399

###### Windowed train epoch 38 overall metrics
  loss: 0.1103 rmse: 20.111 r2: -0.044 corr: 0.268
***** Epoch 38 Val (windowed) *****
  loss: 0.0454 rmse: 20.664 r2: 0.202 corr: 0.462
********************
***** Epoch 38 Test (windowed) *****
  loss: 0.0513 rmse: 33.329 r2: 0.123 corr: 0.372
********************
  Epoch 38 done in 260.1s
  Saved best model → model/FIM_restoration_0412_stations_monthly/2019/gat-rnn-v2-windowed_bs-128_lr-0.001_maxepoch-50_testyear-2019_win-3_nwin-10_seed-0/model-38

----- Epoch 39 (windowed) -----
  batch 49 | loss 0.1143 rmse 19.313 r2 -0.154 corr 0.290

###### Windowed train epoch 39 overall metrics
  loss: 0.1093 rmse: 20.048 r2: -0.038 corr: 0.244
***** Epoch 39 Val (windowed) *****
  loss: 0.0460 rmse: 21.904 r2: 0.103 corr: 0.329
********************
***** Epoch 39 Test (windowed) *****
  loss: 0.0513 rmse: 34.461 r2: 0.062 corr: 0.260
********************
  Epoch 39 done in 78.5s

----- Epoch 40 (windowed) -----
  batch 49 | loss 0.1165 rmse 9.006 r2 -0.287 corr 0.370

###### Windowed train epoch 40 overall metrics
  loss: 0.1088 rmse: 19.971 r2: -0.030 corr: 0.261
***** Epoch 40 Val (windowed) *****
  loss: 0.0457 rmse: 21.817 r2: 0.110 corr: 0.342
********************
***** Epoch 40 Test (windowed) *****
  loss: 0.0535 rmse: 34.331 r2: 0.069 corr: 0.277
********************
  Epoch 40 done in 89.0s

----- Epoch 41 (windowed) -----
  batch 49 | loss 0.1090 rmse 19.414 r2 -0.719 corr 0.526

###### Windowed train epoch 41 overall metrics
  loss: 0.1080 rmse: 21.098 r2: -0.149 corr: 0.275
***** Epoch 41 Val (windowed) *****
  loss: 0.0452 rmse: 22.146 r2: 0.083 corr: 0.297
********************
***** Epoch 41 Test (windowed) *****
  loss: 0.0513 rmse: 34.647 r2: 0.052 corr: 0.236
********************
  Epoch 41 done in 70.2s

----- Epoch 42 (windowed) -----
  batch 49 | loss 0.1140 rmse 8.371 r2 -0.421 corr 0.330

###### Windowed train epoch 42 overall metrics
  loss: 0.1064 rmse: 20.158 r2: -0.049 corr: 0.213
***** Epoch 42 Val (windowed) *****
  loss: 0.0459 rmse: 22.163 r2: 0.082 corr: 0.293
********************
***** Epoch 42 Test (windowed) *****
  loss: 0.0509 rmse: 34.625 r2: 0.053 corr: 0.237
********************
  Epoch 42 done in 354.0s

----- Epoch 43 (windowed) -----
  batch 49 | loss 0.1103 rmse 16.213 r2 0.102 corr 0.421

###### Windowed train epoch 43 overall metrics
  loss: 0.1054 rmse: 20.389 r2: -0.073 corr: 0.262
***** Epoch 43 Val (windowed) *****
  loss: 0.0469 rmse: 21.926 r2: 0.101 corr: 0.332
********************
***** Epoch 43 Test (windowed) *****
  loss: 0.0543 rmse: 34.290 r2: 0.071 corr: 0.276
********************
  Epoch 43 done in 138.8s

----- Epoch 44 (windowed) -----
  batch 49 | loss 0.1130 rmse 9.409 r2 -0.709 corr 0.388

###### Windowed train epoch 44 overall metrics
  loss: 0.1051 rmse: 21.021 r2: -0.141 corr: 0.210
***** Epoch 44 Val (windowed) *****
  loss: 0.0464 rmse: 21.998 r2: 0.096 corr: 0.316
********************
***** Epoch 44 Test (windowed) *****
  loss: 0.0500 rmse: 34.459 r2: 0.062 corr: 0.261
********************
  Epoch 44 done in 43.1s

----- Epoch 45 (windowed) -----
  batch 49 | loss 0.1103 rmse 8.963 r2 -0.302 corr 0.352

###### Windowed train epoch 45 overall metrics
  loss: 0.1047 rmse: 19.899 r2: -0.022 corr: 0.303
***** Epoch 45 Val (windowed) *****
  loss: 0.0454 rmse: 21.481 r2: 0.137 corr: 0.379
********************
***** Epoch 45 Test (windowed) *****
  loss: 0.0523 rmse: 33.697 r2: 0.103 corr: 0.334
********************
  Epoch 45 done in 43.5s

----- Epoch 46 (windowed) -----
  batch 49 | loss 0.1057 rmse 10.653 r2 -1.983 corr 0.362

###### Windowed train epoch 46 overall metrics
  loss: 0.1035 rmse: 20.021 r2: -0.035 corr: 0.279
***** Epoch 46 Val (windowed) *****
  loss: 0.0455 rmse: 22.168 r2: 0.081 corr: 0.301
********************
***** Epoch 46 Test (windowed) *****
  loss: 0.0524 rmse: 34.502 r2: 0.060 corr: 0.252
********************
  Epoch 46 done in 379.1s

----- Epoch 47 (windowed) -----
  batch 49 | loss 0.1069 rmse 24.784 r2 0.093 corr 0.316

###### Windowed train epoch 47 overall metrics
  loss: 0.1028 rmse: 20.159 r2: -0.049 corr: 0.267
***** Epoch 47 Val (windowed) *****
  loss: 0.0450 rmse: 22.112 r2: 0.086 corr: 0.306
********************
***** Epoch 47 Test (windowed) *****
  loss: 0.0530 rmse: 34.466 r2: 0.062 corr: 0.256
********************
  Epoch 47 done in 43.8s

----- Epoch 48 (windowed) -----
  batch 49 | loss 0.1047 rmse 8.753 r2 -0.110 corr 0.420

###### Windowed train epoch 48 overall metrics
  loss: 0.1016 rmse: 21.313 r2: -0.173 corr: 0.220
***** Epoch 48 Val (windowed) *****
  loss: 0.0453 rmse: 21.920 r2: 0.102 corr: 0.328
********************
***** Epoch 48 Test (windowed) *****
  loss: 0.0519 rmse: 34.298 r2: 0.071 corr: 0.276
********************
  Epoch 48 done in 47.6s

----- Epoch 49 (windowed) -----
  batch 49 | loss 0.1032 rmse 17.813 r2 -3.262 corr 0.480

###### Windowed train epoch 49 overall metrics
  loss: 0.1013 rmse: 21.863 r2: -0.234 corr: 0.209
***** Epoch 49 Val (windowed) *****
  loss: 0.0493 rmse: 22.206 r2: 0.078 corr: 0.291
********************
***** Epoch 49 Test (windowed) *****
  loss: 0.0602 rmse: 34.687 r2: 0.050 corr: 0.233
********************
  Epoch 49 done in 138.4s
Fold done — best val RMSE=20.6640 test R²=0.1226 corr=0.3718

================================================================
Rolling-windowed  test_year=2020
  Val  : 2019
  Test : 2020
  win_size=3  n_windows=10
================================================================
Initially data (54319, 166)
After filtering (46810, 166)
get_X_Y
X shape (46810, 130)
Y shape (46810, 34)
Y (output) means tensor([[0.1501, 0.0124, 0.2598, 0.1633, 0.0240, 0.0595, 0.1601, 0.6481, 0.8917,
         0.0237, 0.0516, 0.0097, 0.0847, 0.1378, 1.0257, 1.0650, 0.3451, 0.3997,
         0.9021, 0.4057, 0.1847, 0.2167, 0.4152, 0.1667, 0.4221, 0.5072, 0.2772,
         0.5999, 0.5027, 0.1490, 0.2747, 0.1065, 0.1322, 0.1305]]) stds tensor([[0.4897, 0.1366, 0.6288, 0.5874, 0.1864, 0.2944, 0.5151, 1.4456, 1.6213,
         0.1947, 0.3166, 0.1321, 0.4383, 0.4406, 2.1104, 1.7037, 0.8520, 1.1751,
         1.6203, 0.9391, 0.5207, 0.6854, 1.0838, 0.5724, 1.0008, 1.0685, 0.7082,
         1.3364, 1.0320, 0.4426, 0.8371, 0.3429, 0.3963, 0.3723]])
Y count-scale means tensor([[5.2306e-01, 3.4459e-02, 9.7627e-01, 9.0699e-01, 6.7080e-02, 1.9318e-01,
         5.7897e-01, 1.4624e+01, 3.0762e+01, 7.2053e-02, 2.4230e-01, 3.2880e-02,
         5.7195e-01, 4.0116e-01, 2.4809e+02, 2.3033e+01, 2.6086e+00, 1.4056e+01,
         2.6004e+01, 3.2454e+00, 5.8305e-01, 1.5505e+00, 7.5498e+00, 1.4555e+00,
         3.5312e+00, 4.4644e+00, 1.2569e+00, 2.7275e+01, 5.8145e+00, 4.3088e-01,
         3.0806e+00, 2.2596e-01, 3.0782e-01, 2.7023e-01]]) stds tensor([[3.6564e+00, 5.9747e-01, 5.6698e+00, 7.3423e+00, 1.0232e+00, 3.5733e+00,
         3.6405e+00, 7.3182e+01, 2.2645e+02, 9.8378e-01, 3.9375e+00, 6.6388e-01,
         8.4443e+00, 2.4975e+00, 2.8523e+03, 9.4136e+01, 1.8833e+01, 1.5722e+02,
         2.0800e+02, 1.9863e+01, 3.0578e+00, 2.0574e+01, 8.0812e+01, 4.3937e+01,
         1.6920e+01, 2.3929e+01, 6.8072e+00, 8.1078e+02, 6.9924e+01, 4.4925e+00,
         2.6229e+01, 1.0028e+00, 1.4198e+00, 1.0551e+00]])
Loaded per-window (calendar) month weights from analysis/figures/month_weights_per_window.npz: cube.shape=(25, 12, 34)
/Users/liyingnceas/GitHub/GNN-RNN-main/gnn-lstm-v3/utils/data_utils.py:264: RuntimeWarning: Mean of empty slice
  np.nanmean(county_dict[county], axis=0).astype(np.float32)
Filled 116835 missing (node, year) entries from neighbors or year averages
[2D] Station nodes: 596, adj nnz: 2980
[build_year_XY_windowed] data_start=1998, min_pred_year=2009, test_year=2020, win_size=3, n_windows=10
  built windows for T=2009
  built windows for T=2014
  built windows for T=2019
[build_year_XY_windowed] built windowed XY for 12 prediction years (2009–2020)
  GAT_RNN_V2: edge_feat_dim=3, n_heads=4, n_hidden=64

----- Epoch 0 (windowed) -----
  batch 49 | loss 0.1958 rmse 8.100 r2 0.032 corr 0.239

###### Windowed train epoch 0 overall metrics
  loss: 0.1871 rmse: 21.490 r2: 0.012 corr: 0.108
***** Epoch 0 Val (windowed) *****
  loss: 0.0656 rmse: 35.369 r2: 0.012 corr: 0.112
********************
***** Epoch 0 Test (windowed) *****
  loss: 0.0662 rmse: 40.587 r2: 0.009 corr: 0.097
********************
  Epoch 0 done in 47.2s
  Saved best model → model/FIM_restoration_0412_stations_monthly/2020/gat-rnn-v2-windowed_bs-128_lr-0.001_maxepoch-50_testyear-2020_win-3_nwin-10_seed-0/model-0

----- Epoch 1 (windowed) -----
  batch 49 | loss 0.1878 rmse 7.328 r2 -0.456 corr 0.268

###### Windowed train epoch 1 overall metrics
  loss: 0.1741 rmse: 21.437 r2: 0.016 corr: 0.137
***** Epoch 1 Val (windowed) *****
  loss: 0.0635 rmse: 35.303 r2: 0.016 corr: 0.128
********************
***** Epoch 1 Test (windowed) *****
  loss: 0.0636 rmse: 40.541 r2: 0.011 corr: 0.108
********************
  Epoch 1 done in 58.7s
  Saved best model → model/FIM_restoration_0412_stations_monthly/2020/gat-rnn-v2-windowed_bs-128_lr-0.001_maxepoch-50_testyear-2020_win-3_nwin-10_seed-0/model-1

----- Epoch 2 (windowed) -----
  batch 49 | loss 0.1848 rmse 15.330 r2 0.070 corr 0.267

###### Windowed train epoch 2 overall metrics
  loss: 0.1678 rmse: 21.383 r2: 0.021 corr: 0.159
***** Epoch 2 Val (windowed) *****
  loss: 0.0601 rmse: 35.093 r2: 0.027 corr: 0.178
********************
***** Epoch 2 Test (windowed) *****
  loss: 0.0609 rmse: 40.391 r2: 0.019 corr: 0.146
********************
  Epoch 2 done in 100.1s
  Saved best model → model/FIM_restoration_0412_stations_monthly/2020/gat-rnn-v2-windowed_bs-128_lr-0.001_maxepoch-50_testyear-2020_win-3_nwin-10_seed-0/model-2

----- Epoch 3 (windowed) -----
  batch 49 | loss 0.1787 rmse 11.142 r2 0.023 corr 0.321

###### Windowed train epoch 3 overall metrics
  loss: 0.1639 rmse: 21.320 r2: 0.027 corr: 0.179
***** Epoch 3 Val (windowed) *****
  loss: 0.0591 rmse: 34.963 r2: 0.034 corr: 0.203
********************
***** Epoch 3 Test (windowed) *****
  loss: 0.0601 rmse: 40.300 r2: 0.023 corr: 0.163
********************
  Epoch 3 done in 269.4s
  Saved best model → model/FIM_restoration_0412_stations_monthly/2020/gat-rnn-v2-windowed_bs-128_lr-0.001_maxepoch-50_testyear-2020_win-3_nwin-10_seed-0/model-3

----- Epoch 4 (windowed) -----
  batch 49 | loss 0.1746 rmse 8.892 r2 0.049 corr 0.349

###### Windowed train epoch 4 overall metrics
  loss: 0.1590 rmse: 21.329 r2: 0.026 corr: 0.187
***** Epoch 4 Val (windowed) *****
  loss: 0.0588 rmse: 35.032 r2: 0.031 corr: 0.182
********************
***** Epoch 4 Test (windowed) *****
  loss: 0.0590 rmse: 40.360 r2: 0.020 corr: 0.146
********************
  Epoch 4 done in 58.4s

----- Epoch 5 (windowed) -----
  batch 49 | loss 0.1682 rmse 7.635 r2 -0.763 corr 0.365

###### Windowed train epoch 5 overall metrics
  loss: 0.1550 rmse: 21.132 r2: 0.044 corr: 0.220
***** Epoch 5 Val (windowed) *****
  loss: 0.0577 rmse: 34.540 r2: 0.058 corr: 0.275
********************
***** Epoch 5 Test (windowed) *****
  loss: 0.0601 rmse: 39.869 r2: 0.044 corr: 0.239
********************
  Epoch 5 done in 57.4s
  Saved best model → model/FIM_restoration_0412_stations_monthly/2020/gat-rnn-v2-windowed_bs-128_lr-0.001_maxepoch-50_testyear-2020_win-3_nwin-10_seed-0/model-5

----- Epoch 6 (windowed) -----
  batch 49 | loss 0.1627 rmse 5.673 r2 0.127 corr 0.475

###### Windowed train epoch 6 overall metrics
  loss: 0.1517 rmse: 21.128 r2: 0.045 corr: 0.229
***** Epoch 6 Val (windowed) *****
  loss: 0.0558 rmse: 34.754 r2: 0.046 corr: 0.230
********************
***** Epoch 6 Test (windowed) *****
  loss: 0.0561 rmse: 40.083 r2: 0.033 corr: 0.196
********************
  Epoch 6 done in 76.5s

----- Epoch 7 (windowed) -----
  batch 49 | loss 0.1629 rmse 7.489 r2 0.038 corr 0.482

###### Windowed train epoch 7 overall metrics
  loss: 0.1490 rmse: 21.091 r2: 0.048 corr: 0.239
***** Epoch 7 Val (windowed) *****
  loss: 0.0574 rmse: 34.332 r2: 0.069 corr: 0.300
********************
***** Epoch 7 Test (windowed) *****
  loss: 0.0562 rmse: 39.554 r2: 0.059 corr: 0.283
********************
  Epoch 7 done in 1067.3s
  Saved best model → model/FIM_restoration_0412_stations_monthly/2020/gat-rnn-v2-windowed_bs-128_lr-0.001_maxepoch-50_testyear-2020_win-3_nwin-10_seed-0/model-7

----- Epoch 8 (windowed) -----
  batch 49 | loss 0.1611 rmse 7.453 r2 -0.151 corr 0.377

###### Windowed train epoch 8 overall metrics
  loss: 0.1462 rmse: 21.088 r2: 0.048 corr: 0.250
***** Epoch 8 Val (windowed) *****
  loss: 0.0525 rmse: 34.126 r2: 0.080 corr: 0.332
********************
***** Epoch 8 Test (windowed) *****
  loss: 0.0553 rmse: 39.166 r2: 0.077 corr: 0.345
********************
  Epoch 8 done in 51.1s
  Saved best model → model/FIM_restoration_0412_stations_monthly/2020/gat-rnn-v2-windowed_bs-128_lr-0.001_maxepoch-50_testyear-2020_win-3_nwin-10_seed-0/model-8

----- Epoch 9 (windowed) -----
  batch 49 | loss 0.1547 rmse 8.391 r2 0.020 corr 0.353

###### Windowed train epoch 9 overall metrics
  loss: 0.1431 rmse: 20.578 r2: 0.094 corr: 0.317
***** Epoch 9 Val (windowed) *****
  loss: 0.0541 rmse: 34.422 r2: 0.064 corr: 0.265
********************
***** Epoch 9 Test (windowed) *****
  loss: 0.0534 rmse: 39.407 r2: 0.066 corr: 0.278
********************
  Epoch 9 done in 51.8s

----- Epoch 10 (windowed) -----
  batch 49 | loss 0.1516 rmse 15.677 r2 0.105 corr 0.362

###### Windowed train epoch 10 overall metrics
  loss: 0.1416 rmse: 20.729 r2: 0.080 corr: 0.302
***** Epoch 10 Val (windowed) *****
  loss: 0.0565 rmse: 34.221 r2: 0.075 corr: 0.305
********************
***** Epoch 10 Test (windowed) *****
  loss: 0.0615 rmse: 39.321 r2: 0.070 corr: 0.306
********************
  Epoch 10 done in 57.2s

----- Epoch 11 (windowed) -----
  batch 49 | loss 0.1537 rmse 22.727 r2 0.086 corr 0.302

###### Windowed train epoch 11 overall metrics
  loss: 0.1396 rmse: 20.769 r2: 0.077 corr: 0.291
***** Epoch 11 Val (windowed) *****
  loss: 0.0519 rmse: 33.785 r2: 0.098 corr: 0.344
********************
***** Epoch 11 Test (windowed) *****
  loss: 0.0578 rmse: 38.764 r2: 0.096 corr: 0.354
********************
  Epoch 11 done in 70.8s
  Saved best model → model/FIM_restoration_0412_stations_monthly/2020/gat-rnn-v2-windowed_bs-128_lr-0.001_maxepoch-50_testyear-2020_win-3_nwin-10_seed-0/model-11

----- Epoch 12 (windowed) -----
  batch 49 | loss 0.1485 rmse 8.542 r2 -0.526 corr 0.502

###### Windowed train epoch 12 overall metrics
  loss: 0.1373 rmse: 20.869 r2: 0.068 corr: 0.298
***** Epoch 12 Val (windowed) *****
  loss: 0.0500 rmse: 34.423 r2: 0.064 corr: 0.287
********************
***** Epoch 12 Test (windowed) *****
  loss: 0.0539 rmse: 39.511 r2: 0.061 corr: 0.294
********************
  Epoch 12 done in 48.2s

----- Epoch 13 (windowed) -----
  batch 49 | loss 0.1529 rmse 8.389 r2 0.002 corr 0.301

###### Windowed train epoch 13 overall metrics
  loss: 0.1363 rmse: 20.865 r2: 0.068 corr: 0.290
***** Epoch 13 Val (windowed) *****
  loss: 0.0505 rmse: 34.503 r2: 0.060 corr: 0.269
********************
***** Epoch 13 Test (windowed) *****
  loss: 0.0532 rmse: 39.486 r2: 0.062 corr: 0.292
********************
  Epoch 13 done in 537.2s

----- Epoch 14 (windowed) -----
  batch 49 | loss 0.1459 rmse 13.735 r2 -1.559 corr 0.429

###### Windowed train epoch 14 overall metrics
  loss: 0.1359 rmse: 20.896 r2: 0.065 corr: 0.295
***** Epoch 14 Val (windowed) *****
  loss: 0.0499 rmse: 34.302 r2: 0.071 corr: 0.284
********************
***** Epoch 14 Test (windowed) *****
  loss: 0.0529 rmse: 39.296 r2: 0.071 corr: 0.301
********************
  Epoch 14 done in 983.6s

----- Epoch 15 (windowed) -----
  batch 49 | loss 0.1430 rmse 28.980 r2 0.044 corr 0.232

###### Windowed train epoch 15 overall metrics
  loss: 0.1339 rmse: 20.969 r2: 0.059 corr: 0.328
***** Epoch 15 Val (windowed) *****
  loss: 0.0495 rmse: 34.383 r2: 0.066 corr: 0.295
********************
***** Epoch 15 Test (windowed) *****
  loss: 0.0517 rmse: 39.474 r2: 0.063 corr: 0.301
********************
  Epoch 15 done in 1050.6s

----- Epoch 16 (windowed) -----
  batch 49 | loss 0.1478 rmse 8.788 r2 0.115 corr 0.469

###### Windowed train epoch 16 overall metrics
  loss: 0.1322 rmse: 21.055 r2: 0.051 corr: 0.269
***** Epoch 16 Val (windowed) *****
  loss: 0.0492 rmse: 34.243 r2: 0.074 corr: 0.293
********************
***** Epoch 16 Test (windowed) *****
  loss: 0.0520 rmse: 39.284 r2: 0.072 corr: 0.300
********************
  Epoch 16 done in 47.2s

----- Epoch 17 (windowed) -----
  batch 49 | loss 0.1419 rmse 11.914 r2 0.168 corr 0.427

###### Windowed train epoch 17 overall metrics
  loss: 0.1302 rmse: 22.046 r2: -0.040 corr: 0.221
***** Epoch 17 Val (windowed) *****
  loss: 0.0496 rmse: 34.260 r2: 0.073 corr: 0.293
********************
***** Epoch 17 Test (windowed) *****
  loss: 0.0512 rmse: 39.215 r2: 0.075 corr: 0.314
********************
  Epoch 17 done in 46.4s

----- Epoch 18 (windowed) -----
  batch 49 | loss 0.1398 rmse 10.753 r2 0.156 corr 0.409

###### Windowed train epoch 18 overall metrics
  loss: 0.1284 rmse: 20.922 r2: 0.063 corr: 0.308
***** Epoch 18 Val (windowed) *****
  loss: 0.0482 rmse: 34.428 r2: 0.064 corr: 0.262
********************
***** Epoch 18 Test (windowed) *****
  loss: 0.0520 rmse: 39.437 r2: 0.064 corr: 0.272
********************
  Epoch 18 done in 982.8s

----- Epoch 19 (windowed) -----
  batch 49 | loss 0.1417 rmse 56.844 r2 0.045 corr 0.262

###### Windowed train epoch 19 overall metrics
  loss: 0.1268 rmse: 21.296 r2: 0.029 corr: 0.258
***** Epoch 19 Val (windowed) *****
  loss: 0.0478 rmse: 34.638 r2: 0.052 corr: 0.242
********************
***** Epoch 19 Test (windowed) *****
  loss: 0.0516 rmse: 39.675 r2: 0.053 corr: 0.256
********************
  Epoch 19 done in 47.6s

----- Epoch 20 (windowed) -----
  batch 49 | loss 0.1355 rmse 18.652 r2 -1.286 corr 0.241

###### Windowed train epoch 20 overall metrics
  loss: 0.1269 rmse: 21.307 r2: 0.028 corr: 0.252
***** Epoch 20 Val (windowed) *****
  loss: 0.0480 rmse: 34.291 r2: 0.071 corr: 0.287
********************
***** Epoch 20 Test (windowed) *****
  loss: 0.0521 rmse: 39.238 r2: 0.074 corr: 0.302
********************
  Epoch 20 done in 47.1s

----- Epoch 21 (windowed) -----
  batch 49 | loss 0.1345 rmse 12.523 r2 -0.010 corr 0.265

###### Windowed train epoch 21 overall metrics
  loss: 0.1247 rmse: 21.304 r2: 0.029 corr: 0.268
***** Epoch 21 Val (windowed) *****
  loss: 0.0479 rmse: 34.457 r2: 0.062 corr: 0.262
********************
***** Epoch 21 Test (windowed) *****
  loss: 0.0528 rmse: 39.354 r2: 0.068 corr: 0.290
********************
  Epoch 21 done in 46.6s

----- Epoch 22 (windowed) -----
  batch 49 | loss 0.1358 rmse 21.385 r2 -0.380 corr 0.321

###### Windowed train epoch 22 overall metrics
  loss: 0.1239 rmse: 21.041 r2: 0.052 corr: 0.304
***** Epoch 22 Val (windowed) *****
  loss: 0.0517 rmse: 34.117 r2: 0.081 corr: 0.301
********************
***** Epoch 22 Test (windowed) *****
  loss: 0.0511 rmse: 38.954 r2: 0.087 corr: 0.332
********************
  Epoch 22 done in 46.8s

----- Epoch 23 (windowed) -----
  batch 49 | loss 0.1345 rmse 11.775 r2 0.114 corr 0.399

###### Windowed train epoch 23 overall metrics
  loss: 0.1234 rmse: 20.998 r2: 0.056 corr: 0.307
***** Epoch 23 Val (windowed) *****
  loss: 0.0487 rmse: 34.523 r2: 0.059 corr: 0.266
********************
***** Epoch 23 Test (windowed) *****
  loss: 0.0513 rmse: 39.691 r2: 0.052 corr: 0.260
********************
  Epoch 23 done in 47.4s

----- Epoch 24 (windowed) -----
  batch 49 | loss 0.1296 rmse 8.053 r2 -0.347 corr 0.464

###### Windowed train epoch 24 overall metrics
  loss: 0.1218 rmse: 21.316 r2: 0.027 corr: 0.254
***** Epoch 24 Val (windowed) *****
  loss: 0.0496 rmse: 34.339 r2: 0.069 corr: 0.271
********************
***** Epoch 24 Test (windowed) *****
  loss: 0.0509 rmse: 39.350 r2: 0.068 corr: 0.279
********************
  Epoch 24 done in 983.0s

----- Epoch 25 (windowed) -----
  batch 49 | loss 0.1279 rmse 8.820 r2 -0.245 corr 0.593

###### Windowed train epoch 25 overall metrics
  loss: 0.1207 rmse: 21.087 r2: 0.048 corr: 0.289
***** Epoch 25 Val (windowed) *****
  loss: 0.0466 rmse: 34.304 r2: 0.070 corr: 0.290
********************
***** Epoch 25 Test (windowed) *****
  loss: 0.0516 rmse: 39.172 r2: 0.077 corr: 0.323
********************
  Epoch 25 done in 51.6s

----- Epoch 26 (windowed) -----
  batch 49 | loss 0.1268 rmse 30.443 r2 0.076 corr 0.290

###### Windowed train epoch 26 overall metrics
  loss: 0.1199 rmse: 21.499 r2: 0.011 corr: 0.246
***** Epoch 26 Val (windowed) *****
  loss: 0.0482 rmse: 34.279 r2: 0.072 corr: 0.277
********************
***** Epoch 26 Test (windowed) *****
  loss: 0.0511 rmse: 39.435 r2: 0.064 corr: 0.264
********************
  Epoch 26 done in 46.7s

----- Epoch 27 (windowed) -----
  batch 49 | loss 0.1261 rmse 10.074 r2 -0.052 corr 0.398

###### Windowed train epoch 27 overall metrics
  loss: 0.1194 rmse: 21.368 r2: 0.023 corr: 0.263
***** Epoch 27 Val (windowed) *****
  loss: 0.0511 rmse: 34.376 r2: 0.067 corr: 0.274
********************
***** Epoch 27 Test (windowed) *****
  loss: 0.0516 rmse: 39.498 r2: 0.061 corr: 0.270
********************
  Epoch 27 done in 1061.2s

----- Epoch 28 (windowed) -----
  batch 49 | loss 0.1271 rmse 9.505 r2 -0.568 corr 0.474

###### Windowed train epoch 28 overall metrics
  loss: 0.1182 rmse: 21.375 r2: 0.022 corr: 0.271
***** Epoch 28 Val (windowed) *****
  loss: 0.0541 rmse: 34.276 r2: 0.072 corr: 0.276
********************
***** Epoch 28 Test (windowed) *****
  loss: 0.0540 rmse: 39.332 r2: 0.069 corr: 0.274
********************
  Epoch 28 done in 47.1s

----- Epoch 29 (windowed) -----
  batch 49 | loss 0.1240 rmse 48.961 r2 0.042 corr 0.235

###### Windowed train epoch 29 overall metrics
  loss: 0.1181 rmse: 21.388 r2: 0.021 corr: 0.287
***** Epoch 29 Val (windowed) *****
  loss: 0.0473 rmse: 34.125 r2: 0.080 corr: 0.312
********************
***** Epoch 29 Test (windowed) *****
  loss: 0.0510 rmse: 39.167 r2: 0.077 corr: 0.317
********************
  Epoch 29 done in 47.0s

----- Epoch 30 (windowed) -----
  batch 49 | loss 0.1247 rmse 9.288 r2 0.105 corr 0.457

###### Windowed train epoch 30 overall metrics
  loss: 0.1163 rmse: 21.220 r2: 0.036 corr: 0.283
***** Epoch 30 Val (windowed) *****
  loss: 0.0470 rmse: 34.010 r2: 0.086 corr: 0.315
********************
***** Epoch 30 Test (windowed) *****
  loss: 0.0507 rmse: 38.715 r2: 0.098 corr: 0.353
********************
  Epoch 30 done in 1100.4s

----- Epoch 31 (windowed) -----
  batch 49 | loss 0.1238 rmse 23.381 r2 -4.756 corr 0.263

###### Windowed train epoch 31 overall metrics
  loss: 0.1153 rmse: 21.471 r2: 0.013 corr: 0.283
***** Epoch 31 Val (windowed) *****
  loss: 0.0476 rmse: 34.254 r2: 0.073 corr: 0.315
********************
***** Epoch 31 Test (windowed) *****
  loss: 0.0505 rmse: 39.205 r2: 0.075 corr: 0.332
********************
  Epoch 31 done in 47.0s

----- Epoch 32 (windowed) -----
  batch 49 | loss 0.1200 rmse 22.152 r2 -0.605 corr 0.245

###### Windowed train epoch 32 overall metrics
  loss: 0.1144 rmse: 21.404 r2: 0.019 corr: 0.282
***** Epoch 32 Val (windowed) *****
  loss: 0.0472 rmse: 34.062 r2: 0.084 corr: 0.307
********************
***** Epoch 32 Test (windowed) *****
  loss: 0.0504 rmse: 38.983 r2: 0.086 corr: 0.319
********************
  Epoch 32 done in 47.0s

----- Epoch 33 (windowed) -----
  batch 49 | loss 0.1212 rmse 49.871 r2 0.083 corr 0.327

###### Windowed train epoch 33 overall metrics
  loss: 0.1130 rmse: 21.508 r2: 0.010 corr: 0.289
***** Epoch 33 Val (windowed) *****
  loss: 0.0458 rmse: 33.809 r2: 0.097 corr: 0.339
********************
***** Epoch 33 Test (windowed) *****
  loss: 0.0524 rmse: 38.346 r2: 0.115 corr: 0.387
********************
  Epoch 33 done in 947.8s

----- Epoch 34 (windowed) -----
  batch 49 | loss 0.1162 rmse 8.606 r2 -0.484 corr 0.336

###### Windowed train epoch 34 overall metrics
  loss: 0.1122 rmse: 21.032 r2: 0.053 corr: 0.310
***** Epoch 34 Val (windowed) *****
  loss: 0.0464 rmse: 33.893 r2: 0.093 corr: 0.332
********************
***** Epoch 34 Test (windowed) *****
  loss: 0.0510 rmse: 38.663 r2: 0.101 corr: 0.356
********************
  Epoch 34 done in 46.6s

----- Epoch 35 (windowed) -----
  batch 49 | loss 0.1158 rmse 9.287 r2 0.209 corr 0.514

###### Windowed train epoch 35 overall metrics
  loss: 0.1110 rmse: 21.331 r2: 0.026 corr: 0.303
***** Epoch 35 Val (windowed) *****
  loss: 0.0467 rmse: 34.368 r2: 0.067 corr: 0.273
********************
***** Epoch 35 Test (windowed) *****
  loss: 0.0507 rmse: 39.242 r2: 0.074 corr: 0.296
********************
  Epoch 35 done in 47.1s

----- Epoch 36 (windowed) -----
  batch 49 | loss 0.1218 rmse 10.975 r2 -0.382 corr 0.278

###### Windowed train epoch 36 overall metrics
  loss: 0.1105 rmse: 21.186 r2: 0.039 corr: 0.318
***** Epoch 36 Val (windowed) *****
  loss: 0.0458 rmse: 33.848 r2: 0.095 corr: 0.334
********************
***** Epoch 36 Test (windowed) *****
  loss: 0.0511 rmse: 38.321 r2: 0.117 corr: 0.390
********************
  Epoch 36 done in 1045.9s

----- Epoch 37 (windowed) -----
  batch 49 | loss 0.1153 rmse 13.230 r2 -0.176 corr 0.246

###### Windowed train epoch 37 overall metrics
  loss: 0.1093 rmse: 21.771 r2: -0.015 corr: 0.278
***** Epoch 37 Val (windowed) *****
  loss: 0.0490 rmse: 34.147 r2: 0.079 corr: 0.292
********************
***** Epoch 37 Test (windowed) *****
  loss: 0.0513 rmse: 39.008 r2: 0.085 corr: 0.308
********************
  Epoch 37 done in 47.5s

----- Epoch 38 (windowed) -----
  batch 49 | loss 0.1151 rmse 16.118 r2 -4.278 corr 0.408

###### Windowed train epoch 38 overall metrics
  loss: 0.1093 rmse: 22.277 r2: -0.062 corr: 0.299
***** Epoch 38 Val (windowed) *****
  loss: 0.0512 rmse: 34.427 r2: 0.064 corr: 0.266
********************
***** Epoch 38 Test (windowed) *****
  loss: 0.0519 rmse: 39.379 r2: 0.067 corr: 0.280
********************
  Epoch 38 done in 46.4s

----- Epoch 39 (windowed) -----
  batch 49 | loss 0.1140 rmse 11.055 r2 -0.300 corr 0.346

###### Windowed train epoch 39 overall metrics
  loss: 0.1091 rmse: 21.754 r2: -0.013 corr: 0.243
***** Epoch 39 Val (windowed) *****
  loss: 0.0454 rmse: 34.055 r2: 0.084 corr: 0.324
********************
***** Epoch 39 Test (windowed) *****
  loss: 0.0523 rmse: 38.879 r2: 0.091 corr: 0.355
********************
  Epoch 39 done in 1008.1s

----- Epoch 40 (windowed) -----
  batch 49 | loss 0.1113 rmse 13.361 r2 -0.949 corr 0.338

###### Windowed train epoch 40 overall metrics
  loss: 0.1077 rmse: 21.612 r2: 0.000 corr: 0.278
***** Epoch 40 Val (windowed) *****
  loss: 0.0480 rmse: 34.458 r2: 0.062 corr: 0.275
********************
***** Epoch 40 Test (windowed) *****
  loss: 0.0507 rmse: 39.418 r2: 0.065 corr: 0.298
********************
  Epoch 40 done in 47.0s

----- Epoch 41 (windowed) -----
  batch 49 | loss 0.1075 rmse 6.388 r2 -0.350 corr 0.444

###### Windowed train epoch 41 overall metrics
  loss: 0.1074 rmse: 22.089 r2: -0.044 corr: 0.250
***** Epoch 41 Val (windowed) *****
  loss: 0.0460 rmse: 33.765 r2: 0.099 corr: 0.342
********************
***** Epoch 41 Test (windowed) *****
  loss: 0.0521 rmse: 38.486 r2: 0.109 corr: 0.376
********************
  Epoch 41 done in 46.7s
  Saved best model → model/FIM_restoration_0412_stations_monthly/2020/gat-rnn-v2-windowed_bs-128_lr-0.001_maxepoch-50_testyear-2020_win-3_nwin-10_seed-0/model-41

----- Epoch 42 (windowed) -----
  batch 49 | loss 0.1082 rmse 9.837 r2 -0.468 corr 0.430

###### Windowed train epoch 42 overall metrics
  loss: 0.1070 rmse: 21.429 r2: 0.017 corr: 0.305
***** Epoch 42 Val (windowed) *****
  loss: 0.0470 rmse: 34.287 r2: 0.071 corr: 0.289
********************
***** Epoch 42 Test (windowed) *****
  loss: 0.0504 rmse: 39.159 r2: 0.077 corr: 0.309
********************
  Epoch 42 done in 47.2s

----- Epoch 43 (windowed) -----
  batch 49 | loss 0.1093 rmse 21.407 r2 0.184 corr 0.523

###### Windowed train epoch 43 overall metrics
  loss: 0.1052 rmse: 22.008 r2: -0.037 corr: 0.283
***** Epoch 43 Val (windowed) *****
  loss: 0.0452 rmse: 34.323 r2: 0.069 corr: 0.282
********************
***** Epoch 43 Test (windowed) *****
  loss: 0.0515 rmse: 39.031 r2: 0.084 corr: 0.327
********************
  Epoch 43 done in 47.1s

----- Epoch 44 (windowed) -----
  batch 49 | loss 0.1105 rmse 13.564 r2 0.070 corr 0.324

###### Windowed train epoch 44 overall metrics
  loss: 0.1045 rmse: 21.806 r2: -0.018 corr: 0.271
***** Epoch 44 Val (windowed) *****
  loss: 0.0451 rmse: 33.173 r2: 0.131 corr: 0.382
********************
***** Epoch 44 Test (windowed) *****
  loss: 0.0517 rmse: 37.373 r2: 0.160 corr: 0.432
********************
  Epoch 44 done in 948.1s
  Saved best model → model/FIM_restoration_0412_stations_monthly/2020/gat-rnn-v2-windowed_bs-128_lr-0.001_maxepoch-50_testyear-2020_win-3_nwin-10_seed-0/model-44

----- Epoch 45 (windowed) -----
  batch 49 | loss 0.1078 rmse 27.515 r2 0.049 corr 0.269

###### Windowed train epoch 45 overall metrics
  loss: 0.1031 rmse: 22.528 r2: -0.086 corr: 0.249
***** Epoch 45 Val (windowed) *****
  loss: 0.0449 rmse: 34.083 r2: 0.082 corr: 0.313
********************
***** Epoch 45 Test (windowed) *****
  loss: 0.0528 rmse: 38.773 r2: 0.096 corr: 0.349
********************
  Epoch 45 done in 47.5s

----- Epoch 46 (windowed) -----
  batch 49 | loss 0.1029 rmse 13.455 r2 -1.235 corr 0.427

###### Windowed train epoch 46 overall metrics
  loss: 0.1026 rmse: 21.156 r2: 0.042 corr: 0.339
***** Epoch 46 Val (windowed) *****
  loss: 0.0443 rmse: 33.887 r2: 0.093 corr: 0.341
********************
***** Epoch 46 Test (windowed) *****
  loss: 0.0516 rmse: 38.422 r2: 0.112 corr: 0.397
********************
  Epoch 46 done in 46.6s

----- Epoch 47 (windowed) -----
  batch 49 | loss 0.1063 rmse 33.638 r2 0.123 corr 0.386

###### Windowed train epoch 47 overall metrics
  loss: 0.1019 rmse: 21.683 r2: -0.006 corr: 0.281
***** Epoch 47 Val (windowed) *****
  loss: 0.0462 rmse: 34.211 r2: 0.076 corr: 0.304
********************
***** Epoch 47 Test (windowed) *****
  loss: 0.0496 rmse: 38.804 r2: 0.094 corr: 0.354
********************
  Epoch 47 done in 1059.9s

----- Epoch 48 (windowed) -----
  batch 49 | loss 0.1046 rmse 10.875 r2 -0.969 corr 0.337

###### Windowed train epoch 48 overall metrics
  loss: 0.1016 rmse: 21.881 r2: -0.025 corr: 0.273
***** Epoch 48 Val (windowed) *****
  loss: 0.0458 rmse: 34.893 r2: 0.038 corr: 0.200
********************
***** Epoch 48 Test (windowed) *****
  loss: 0.0500 rmse: 39.892 r2: 0.043 corr: 0.215
********************
  Epoch 48 done in 47.8s

----- Epoch 49 (windowed) -----
  batch 49 | loss 0.1037 rmse 16.870 r2 -0.121 corr 0.391

###### Windowed train epoch 49 overall metrics
  loss: 0.1006 rmse: 22.359 r2: -0.070 corr: 0.262
***** Epoch 49 Val (windowed) *****
  loss: 0.0454 rmse: 34.097 r2: 0.082 corr: 0.300
********************
***** Epoch 49 Test (windowed) *****
  loss: 0.0498 rmse: 38.630 r2: 0.102 corr: 0.347
********************
  Epoch 49 done in 46.6s
Fold done — best val RMSE=33.1730 test R²=0.1597 corr=0.4317

================================================================
Rolling-windowed  test_year=2021
  Val  : 2020
  Test : 2021
  win_size=3  n_windows=10
================================================================
Initially data (54319, 166)
After filtering (49048, 166)
get_X_Y
X shape (49048, 130)
Y shape (49048, 34)
Y (output) means tensor([[0.1497, 0.0118, 0.2595, 0.1671, 0.0250, 0.0592, 0.1589, 0.6373, 0.8764,
         0.0234, 0.0532, 0.0096, 0.0847, 0.1383, 1.0314, 1.0826, 0.3451, 0.4096,
         0.9099, 0.4168, 0.1830, 0.2199, 0.4111, 0.1660, 0.4210, 0.5167, 0.2781,
         0.5890, 0.4978, 0.1511, 0.2725, 0.1046, 0.1343, 0.1315]]) stds tensor([[0.4891, 0.1331, 0.6283, 0.5942, 0.1910, 0.2939, 0.5127, 1.4358, 1.6083,
         0.1928, 0.3231, 0.1307, 0.4378, 0.4408, 2.1209, 1.7159, 0.8527, 1.1915,
         1.6286, 0.9527, 0.5171, 0.6928, 1.0773, 0.5699, 0.9990, 1.0776, 0.7106,
         1.3208, 1.0275, 0.4478, 0.8332, 0.3399, 0.4010, 0.3740]])
Y count-scale means tensor([[5.2166e-01, 3.2746e-02, 9.7291e-01, 9.2595e-01, 7.1188e-02, 1.9509e-01,
         5.7129e-01, 1.4559e+01, 2.9802e+01, 7.0763e-02, 2.5004e-01, 3.2076e-02,
         5.6838e-01, 4.0046e-01, 2.5505e+02, 2.3692e+01, 2.6369e+00, 1.4715e+01,
         2.6446e+01, 3.3877e+00, 5.7305e-01, 1.6025e+00, 7.3736e+00, 1.4133e+00,
         3.5012e+00, 4.5552e+00, 1.2641e+00, 2.6070e+01, 5.7300e+00, 4.4348e-01,
         3.0339e+00, 2.2163e-01, 3.1705e-01, 2.7289e-01]]) stds tensor([[3.6440e+00, 5.8186e-01, 5.6227e+00, 7.3164e+00, 1.0846e+00, 3.6579e+00,
         3.5853e+00, 7.4642e+01, 2.2092e+02, 9.6790e-01, 3.8904e+00, 6.4894e-01,
         8.3071e+00, 2.4623e+00, 2.8646e+03, 9.6088e+01, 1.9561e+01, 1.5910e+02,
         2.0698e+02, 2.0463e+01, 2.9993e+00, 2.0712e+01, 7.8935e+01, 4.2790e+01,
         1.6726e+01, 2.3983e+01, 6.7668e+00, 7.8935e+02, 6.8528e+01, 4.5100e+00,
         2.6045e+01, 9.9133e-01, 1.5011e+00, 1.0584e+00]])
Loaded per-window (calendar) month weights from analysis/figures/month_weights_per_window.npz: cube.shape=(25, 12, 34)
/Users/liyingnceas/GitHub/GNN-RNN-main/gnn-lstm-v3/utils/data_utils.py:264: RuntimeWarning: Mean of empty slice
  np.nanmean(county_dict[county], axis=0).astype(np.float32)
Filled 121976 missing (node, year) entries from neighbors or year averages
[2D] Station nodes: 596, adj nnz: 2980
[build_year_XY_windowed] data_start=1998, min_pred_year=2009, test_year=2021, win_size=3, n_windows=10
  built windows for T=2009
  built windows for T=2014
  built windows for T=2019
[build_year_XY_windowed] built windowed XY for 13 prediction years (2009–2021)
  GAT_RNN_V2: edge_feat_dim=3, n_heads=4, n_hidden=64

----- Epoch 0 (windowed) -----
  batch 49 | loss 0.2001 rmse 10.313 r2 -0.003 corr 0.205
