Device cpu
  [forage] Moving ['Lagodon rhomboides_A', 'Lagodon rhomboides_R'] from targets → input features
  [nonprey_targets] Promoted 45 non-prey community species to targets. Total targets: 57. Kept 47 prey species as input features.
FIM targets: 57 life-stage species (_A/_R/_SA/_J)
FIM forage (input only): ['Lagodon rhomboides_A', 'Lagodon rhomboides_R']
FIM community species as input features: 47
FIM n_env_feats: 58
HybridEncoder individual_indices: 0 features
HybridEncoder group_slices: [(0, 2, 'forage'), (2, 49, 'prey_community'), (49, 55, 'env'), (55, 63, 'restoration'), (63, 70, 'habitat_structured'), (70, 77, 'habitat_open'), (77, 84, 'shoreline'), (84, 87, 'water_effort'), (87, 101, 'bycatch'), (101, 107, 'na_indicators')]
FIM dataset: 57 species, time_intervals=1
Time intervals 1

================================================================
Rolling-windowed  test_year=2010
  Val  : 2009
  Test : 2010
  win_size=3  n_windows=10
================================================================
Initially data (54319, 166)
After filtering (24937, 166)
[data hygiene] 3 target column(s) look like raw counts (max > 15); applying log1p
get_X_Y
X shape (24937, 107)
Y shape (24937, 57)
Y (output) means tensor([[0.1447, 0.0127, 0.2670, 0.1674, 0.0142, 0.0624, 0.1688, 0.0218, 0.0433,
         0.0141, 0.0743, 0.1473, 0.0193, 0.0147, 0.0083, 0.0024, 0.0000, 0.1130,
         0.1130, 0.1130, 0.1130, 0.5539, 0.5412, 0.0488, 0.0412, 0.0882, 1.0253,
         0.0160, 0.0369, 0.0622, 0.0812, 0.0062, 0.0500, 0.0047, 0.9296, 0.3659,
         0.0697, 0.1311, 0.0029, 0.0919, 0.0084, 0.0082, 0.0733, 0.0991, 0.1237,
         0.1138, 0.0077, 0.0212, 0.0115, 0.0222, 0.0179, 0.0168, 0.0081, 0.0243,
         0.0053, 0.4133, 0.0148]]) stds tensor([[0.4759, 0.1425, 0.6450, 0.5957, 0.1432, 0.3048, 0.5325, 0.1856, 0.2852,
         0.1612, 0.4045, 0.4611, 0.1406, 0.1704, 0.1292, 0.1493, 1.0000, 0.3166,
         0.3166, 0.3166, 0.3166, 0.4971, 0.4983, 0.2580, 0.3670, 0.5204, 2.1130,
         0.1472, 0.2256, 0.3771, 0.4379, 0.1309, 0.3850, 0.0996, 1.6207, 0.8917,
         0.4013, 0.6637, 0.0655, 0.4614, 0.1383, 0.1318, 0.4701, 0.4139, 0.5021,
         0.4479, 0.1250, 0.1586, 0.1547, 0.2204, 0.1899, 0.1873, 0.1295, 0.2629,
         0.1257, 1.2119, 0.1577]])
Y count-scale means tensor([[4.7995e-01, 3.8462e-02, 1.0546e+00, 9.2712e-01, 3.8750e-02, 1.9678e-01,
         6.3365e-01, 6.5048e-02, 1.8567e-01, 4.8798e-02, 5.0606e-01, 4.4933e-01,
         4.3766e-02, 7.7663e-02, 4.3053e-02, 1.0352e+01, 0.0000e+00, 1.9413e-01,
         1.9413e-01, 1.9413e-01, 1.9413e-01, 9.5189e-01, 9.3008e-01, 1.4798e-01,
         5.1688e-01, 2.6134e+00, 2.7225e+02, 4.0481e-02, 9.5385e-02, 3.7226e-01,
         6.0486e-01, 5.1106e-02, 8.7995e-01, 2.4423e-02, 2.0047e+01, 3.0278e+00,
         4.2231e-01, 2.6117e+00, 8.5577e-03, 5.7942e-01, 4.2788e-02, 5.4615e-02,
         1.1795e+00, 3.7707e-01, 6.7000e-01, 4.7822e-01, 4.0529e-02, 4.6923e-02,
         5.9231e-02, 1.3058e-01, 7.7115e-02, 7.5865e-02, 3.5000e-02, 4.1288e-01,
         9.2788e-02, 1.6869e+01, 4.8029e-02]]) stds tensor([[3.2201e+00, 6.9984e-01, 6.2948e+00, 7.0654e+00, 6.5841e-01, 2.0970e+00,
         4.1402e+00, 8.7345e-01, 2.7362e+00, 8.0355e-01, 9.2696e+00, 2.7550e+00,
         7.5700e-01, 1.9127e+00, 1.4797e+00, 1.1503e+03, 1.0000e+00, 5.4389e-01,
         5.4389e-01, 5.4389e-01, 5.4389e-01, 8.5411e-01, 8.5621e-01, 2.5371e+00,
         8.2392e+00, 6.7232e+01, 3.1861e+03, 7.2738e-01, 9.6775e-01, 4.4037e+00,
         8.3083e+00, 1.9874e+00, 2.2879e+01, 9.5559e-01, 9.3559e+01, 2.1775e+01,
         4.3966e+00, 3.7265e+01, 3.8125e-01, 6.3895e+00, 1.1275e+00, 2.3631e+00,
         2.2764e+01, 3.1187e+00, 6.8199e+00, 4.2412e+00, 1.6360e+00, 5.8570e-01,
         1.9301e+00, 3.7973e+00, 1.3782e+00, 1.4015e+00, 8.5817e-01, 1.7644e+01,
         5.2782e+00, 2.0322e+02, 8.2619e-01]])
Loaded per-window (calendar) month weights from analysis/figures/month_weights_per_window.npz: cube.shape=(25, 12, 57)
/Users/liyingnceas/GitHub/GNN-RNN-main/gnn-lstm-v3/utils/data_utils.py:258: RuntimeWarning: Mean of empty slice
  np.nanmean(county_dict[county], axis=0).astype(np.float32)
Filled 62371 missing (node, year) entries from neighbors or year averages
[2D] Station nodes: 586, adj nnz: 2905
[build_year_XY_windowed] data_start=1998, min_pred_year=2009, test_year=2010, win_size=3, n_windows=10
  built windows for T=2009
[build_year_XY_windowed] built windowed XY for 2 prediction years (2009–2010)
  GAT_RNN_V2: edge_feat_dim=3, n_heads=4, n_hidden=64

----- Epoch 0 (windowed) -----

###### Windowed train epoch 0 overall metrics
  loss: 0.1292 rmse: 21.057 r2: 0.003 corr: 0.083
***** Epoch 0 Val (windowed) *****
  loss: 0.0145 rmse: 21.056 r2: 0.003 corr: 0.084
********************
***** Epoch 0 Test (windowed) *****
  loss: 0.0155 rmse: 12.426 r2: 0.006 corr: 0.102
********************
  Epoch 0 done in 10.7s
  Saved best model → model/FIM_restoration_0412_stations_monthly/2010/gat-rnn-v2-windowed_bs-128_lr-0.001_maxepoch-50_testyear-2010_win-3_nwin-10_seed-0/model-0

----- Epoch 1 (windowed) -----

###### Windowed train epoch 1 overall metrics
  loss: 0.1280 rmse: 21.051 r2: 0.004 corr: 0.080
***** Epoch 1 Val (windowed) *****
  loss: 0.0139 rmse: 21.053 r2: 0.004 corr: 0.084
********************
***** Epoch 1 Test (windowed) *****
  loss: 0.0149 rmse: 12.421 r2: 0.007 corr: 0.103
********************
  Epoch 1 done in 10.4s
  Saved best model → model/FIM_restoration_0412_stations_monthly/2010/gat-rnn-v2-windowed_bs-128_lr-0.001_maxepoch-50_testyear-2010_win-3_nwin-10_seed-0/model-1

----- Epoch 2 (windowed) -----

###### Windowed train epoch 2 overall metrics
  loss: 0.1235 rmse: 21.048 r2: 0.004 corr: 0.085
***** Epoch 2 Val (windowed) *****
  loss: 0.0137 rmse: 21.046 r2: 0.004 corr: 0.082
********************
***** Epoch 2 Test (windowed) *****
  loss: 0.0147 rmse: 12.414 r2: 0.008 corr: 0.103
********************
  Epoch 2 done in 10.6s
  Saved best model → model/FIM_restoration_0412_stations_monthly/2010/gat-rnn-v2-windowed_bs-128_lr-0.001_maxepoch-50_testyear-2010_win-3_nwin-10_seed-0/model-2

----- Epoch 3 (windowed) -----

###### Windowed train epoch 3 overall metrics
  loss: 0.1165 rmse: 21.036 r2: 0.005 corr: 0.078
***** Epoch 3 Val (windowed) *****
  loss: 0.0133 rmse: 21.036 r2: 0.005 corr: 0.082
********************
***** Epoch 3 Test (windowed) *****
  loss: 0.0144 rmse: 12.404 r2: 0.010 corr: 0.104
********************
  Epoch 3 done in 10.7s
  Saved best model → model/FIM_restoration_0412_stations_monthly/2010/gat-rnn-v2-windowed_bs-128_lr-0.001_maxepoch-50_testyear-2010_win-3_nwin-10_seed-0/model-3

----- Epoch 4 (windowed) -----

###### Windowed train epoch 4 overall metrics
  loss: 0.1138 rmse: 21.035 r2: 0.005 corr: 0.079
***** Epoch 4 Val (windowed) *****
  loss: 0.0133 rmse: 21.044 r2: 0.004 corr: 0.073
********************
***** Epoch 4 Test (windowed) *****
  loss: 0.0145 rmse: 12.412 r2: 0.009 corr: 0.095
********************
  Epoch 4 done in 10.7s

----- Epoch 5 (windowed) -----

###### Windowed train epoch 5 overall metrics
  loss: 0.1123 rmse: 21.052 r2: 0.004 corr: 0.064
***** Epoch 5 Val (windowed) *****
  loss: 0.0126 rmse: 21.046 r2: 0.004 corr: 0.073
********************
***** Epoch 5 Test (windowed) *****
  loss: 0.0134 rmse: 12.414 r2: 0.008 corr: 0.095
********************
  Epoch 5 done in 10.7s

----- Epoch 6 (windowed) -----

###### Windowed train epoch 6 overall metrics
  loss: 0.1117 rmse: 21.048 r2: 0.004 corr: 0.070
***** Epoch 6 Val (windowed) *****
  loss: 0.0123 rmse: 21.040 r2: 0.005 corr: 0.080
********************
***** Epoch 6 Test (windowed) *****
  loss: 0.0135 rmse: 12.406 r2: 0.009 corr: 0.102
********************
  Epoch 6 done in 10.1s

----- Epoch 7 (windowed) -----

###### Windowed train epoch 7 overall metrics
  loss: 0.1098 rmse: 21.049 r2: 0.004 corr: 0.071
***** Epoch 7 Val (windowed) *****
  loss: 0.0114 rmse: 21.043 r2: 0.005 corr: 0.077
********************
***** Epoch 7 Test (windowed) *****
  loss: 0.0125 rmse: 12.410 r2: 0.009 corr: 0.100
********************
  Epoch 7 done in 10.0s

----- Epoch 8 (windowed) -----

###### Windowed train epoch 8 overall metrics
  loss: 0.1086 rmse: 21.045 r2: 0.004 corr: 0.076
***** Epoch 8 Val (windowed) *****
  loss: 0.0110 rmse: 21.048 r2: 0.004 corr: 0.073
********************
***** Epoch 8 Test (windowed) *****
  loss: 0.0118 rmse: 12.415 r2: 0.008 corr: 0.095
********************
  Epoch 8 done in 10.0s

----- Epoch 9 (windowed) -----

###### Windowed train epoch 9 overall metrics
  loss: 0.1071 rmse: 21.052 r2: 0.004 corr: 0.068
***** Epoch 9 Val (windowed) *****
  loss: 0.0104 rmse: 21.051 r2: 0.004 corr: 0.070
********************
***** Epoch 9 Test (windowed) *****
  loss: 0.0115 rmse: 12.418 r2: 0.008 corr: 0.092
********************
  Epoch 9 done in 10.0s

----- Epoch 10 (windowed) -----

###### Windowed train epoch 10 overall metrics
  loss: 0.1061 rmse: 21.055 r2: 0.003 corr: 0.063
***** Epoch 10 Val (windowed) *****
  loss: 0.0102 rmse: 21.052 r2: 0.004 corr: 0.068
********************
***** Epoch 10 Test (windowed) *****
  loss: 0.0116 rmse: 12.420 r2: 0.007 corr: 0.090
********************
  Epoch 10 done in 10.0s

----- Epoch 11 (windowed) -----

###### Windowed train epoch 11 overall metrics
  loss: 0.1053 rmse: 21.055 r2: 0.003 corr: 0.064
***** Epoch 11 Val (windowed) *****
  loss: 0.0098 rmse: 21.053 r2: 0.004 corr: 0.069
********************
***** Epoch 11 Test (windowed) *****
  loss: 0.0108 rmse: 12.420 r2: 0.007 corr: 0.092
********************
  Epoch 11 done in 10.0s

----- Epoch 12 (windowed) -----

###### Windowed train epoch 12 overall metrics
  loss: 0.1046 rmse: 21.049 r2: 0.004 corr: 0.071
***** Epoch 12 Val (windowed) *****
  loss: 0.0094 rmse: 21.054 r2: 0.004 corr: 0.069
********************
***** Epoch 12 Test (windowed) *****
  loss: 0.0106 rmse: 12.420 r2: 0.007 corr: 0.092
********************
  Epoch 12 done in 10.4s

----- Epoch 13 (windowed) -----

###### Windowed train epoch 13 overall metrics
  loss: 0.1042 rmse: 21.052 r2: 0.004 corr: 0.069
***** Epoch 13 Val (windowed) *****
  loss: 0.0096 rmse: 21.053 r2: 0.004 corr: 0.068
********************
***** Epoch 13 Test (windowed) *****
  loss: 0.0110 rmse: 12.419 r2: 0.007 corr: 0.091
********************
  Epoch 13 done in 10.1s

----- Epoch 14 (windowed) -----

###### Windowed train epoch 14 overall metrics
  loss: 0.1031 rmse: 21.040 r2: 0.005 corr: 0.076
***** Epoch 14 Val (windowed) *****
  loss: 0.0090 rmse: 21.053 r2: 0.004 corr: 0.070
********************
***** Epoch 14 Test (windowed) *****
  loss: 0.0101 rmse: 12.418 r2: 0.008 corr: 0.094
********************
  Epoch 14 done in 10.1s

----- Epoch 15 (windowed) -----

###### Windowed train epoch 15 overall metrics
  loss: 0.1026 rmse: 21.047 r2: 0.004 corr: 0.072
***** Epoch 15 Val (windowed) *****
  loss: 0.0088 rmse: 21.053 r2: 0.004 corr: 0.071
********************
***** Epoch 15 Test (windowed) *****
  loss: 0.0100 rmse: 12.419 r2: 0.008 corr: 0.095
********************
  Epoch 15 done in 10.1s

----- Epoch 16 (windowed) -----

###### Windowed train epoch 16 overall metrics
  loss: 0.1016 rmse: 21.060 r2: 0.003 corr: 0.060
***** Epoch 16 Val (windowed) *****
  loss: 0.0087 rmse: 21.055 r2: 0.003 corr: 0.070
********************
***** Epoch 16 Test (windowed) *****
  loss: 0.0099 rmse: 12.420 r2: 0.007 corr: 0.095
********************
  Epoch 16 done in 10.2s

----- Epoch 17 (windowed) -----

###### Windowed train epoch 17 overall metrics
  loss: 0.1014 rmse: 21.063 r2: 0.003 corr: 0.056
***** Epoch 17 Val (windowed) *****
  loss: 0.0085 rmse: 21.054 r2: 0.004 corr: 0.068
********************
***** Epoch 17 Test (windowed) *****
  loss: 0.0097 rmse: 12.419 r2: 0.008 corr: 0.093
********************
  Epoch 17 done in 10.2s

----- Epoch 18 (windowed) -----

###### Windowed train epoch 18 overall metrics
  loss: 0.1011 rmse: 21.055 r2: 0.003 corr: 0.064
***** Epoch 18 Val (windowed) *****
  loss: 0.0083 rmse: 21.054 r2: 0.003 corr: 0.065
********************
***** Epoch 18 Test (windowed) *****
  loss: 0.0099 rmse: 12.419 r2: 0.007 corr: 0.090
********************
  Epoch 18 done in 10.3s

----- Epoch 19 (windowed) -----

###### Windowed train epoch 19 overall metrics
  loss: 0.1002 rmse: 21.062 r2: 0.003 corr: 0.057
***** Epoch 19 Val (windowed) *****
  loss: 0.0082 rmse: 21.055 r2: 0.003 corr: 0.063
********************
***** Epoch 19 Test (windowed) *****
  loss: 0.0095 rmse: 12.419 r2: 0.007 corr: 0.089
********************
  Epoch 19 done in 10.2s

----- Epoch 20 (windowed) -----

###### Windowed train epoch 20 overall metrics
  loss: 0.0998 rmse: 21.053 r2: 0.004 corr: 0.061
***** Epoch 20 Val (windowed) *****
  loss: 0.0080 rmse: 21.054 r2: 0.004 corr: 0.065
********************
***** Epoch 20 Test (windowed) *****
  loss: 0.0095 rmse: 12.418 r2: 0.008 corr: 0.091
********************
  Epoch 20 done in 10.1s

----- Epoch 21 (windowed) -----

###### Windowed train epoch 21 overall metrics
  loss: 0.0993 rmse: 21.046 r2: 0.004 corr: 0.072
***** Epoch 21 Val (windowed) *****
  loss: 0.0080 rmse: 21.054 r2: 0.004 corr: 0.066
********************
***** Epoch 21 Test (windowed) *****
  loss: 0.0094 rmse: 12.418 r2: 0.008 corr: 0.091
********************
  Epoch 21 done in 10.2s

----- Epoch 22 (windowed) -----

###### Windowed train epoch 22 overall metrics
  loss: 0.0990 rmse: 21.058 r2: 0.003 corr: 0.059
***** Epoch 22 Val (windowed) *****
  loss: 0.0078 rmse: 21.055 r2: 0.003 corr: 0.064
********************
***** Epoch 22 Test (windowed) *****
  loss: 0.0093 rmse: 12.419 r2: 0.008 corr: 0.090
********************
  Epoch 22 done in 10.4s

----- Epoch 23 (windowed) -----

###### Windowed train epoch 23 overall metrics
  loss: 0.0984 rmse: 21.050 r2: 0.004 corr: 0.066
***** Epoch 23 Val (windowed) *****
  loss: 0.0078 rmse: 21.055 r2: 0.003 corr: 0.065
********************
***** Epoch 23 Test (windowed) *****
  loss: 0.0091 rmse: 12.419 r2: 0.007 corr: 0.092
********************
  Epoch 23 done in 10.4s

----- Epoch 24 (windowed) -----

###### Windowed train epoch 24 overall metrics
  loss: 0.0979 rmse: 21.057 r2: 0.003 corr: 0.059
***** Epoch 24 Val (windowed) *****
  loss: 0.0077 rmse: 21.056 r2: 0.003 corr: 0.063
********************
***** Epoch 24 Test (windowed) *****
  loss: 0.0093 rmse: 12.420 r2: 0.007 corr: 0.088
********************
  Epoch 24 done in 10.3s

----- Epoch 25 (windowed) -----

###### Windowed train epoch 25 overall metrics
  loss: 0.0979 rmse: 21.059 r2: 0.003 corr: 0.059
***** Epoch 25 Val (windowed) *****
  loss: 0.0076 rmse: 21.056 r2: 0.003 corr: 0.062
********************
***** Epoch 25 Test (windowed) *****
  loss: 0.0091 rmse: 12.420 r2: 0.007 corr: 0.088
********************
  Epoch 25 done in 10.3s

----- Epoch 26 (windowed) -----

###### Windowed train epoch 26 overall metrics
  loss: 0.0973 rmse: 21.061 r2: 0.003 corr: 0.055
***** Epoch 26 Val (windowed) *****
  loss: 0.0074 rmse: 21.057 r2: 0.003 corr: 0.061
********************
***** Epoch 26 Test (windowed) *****
  loss: 0.0088 rmse: 12.421 r2: 0.007 corr: 0.087
********************
  Epoch 26 done in 10.2s

----- Epoch 27 (windowed) -----

###### Windowed train epoch 27 overall metrics
  loss: 0.0970 rmse: 21.062 r2: 0.003 corr: 0.056
***** Epoch 27 Val (windowed) *****
  loss: 0.0073 rmse: 21.058 r2: 0.003 corr: 0.063
********************
***** Epoch 27 Test (windowed) *****
  loss: 0.0087 rmse: 12.423 r2: 0.007 corr: 0.089
********************
  Epoch 27 done in 11.7s

----- Epoch 28 (windowed) -----

###### Windowed train epoch 28 overall metrics
  loss: 0.0967 rmse: 21.055 r2: 0.003 corr: 0.065
***** Epoch 28 Val (windowed) *****
  loss: 0.0073 rmse: 21.058 r2: 0.003 corr: 0.061
********************
***** Epoch 28 Test (windowed) *****
  loss: 0.0089 rmse: 12.423 r2: 0.007 corr: 0.087
********************
  Epoch 28 done in 11.9s

----- Epoch 29 (windowed) -----

###### Windowed train epoch 29 overall metrics
  loss: 0.0960 rmse: 21.065 r2: 0.002 corr: 0.052
***** Epoch 29 Val (windowed) *****
  loss: 0.0070 rmse: 21.058 r2: 0.003 corr: 0.060
********************
***** Epoch 29 Test (windowed) *****
  loss: 0.0087 rmse: 12.423 r2: 0.007 corr: 0.085
********************
  Epoch 29 done in 11.2s

----- Epoch 30 (windowed) -----

###### Windowed train epoch 30 overall metrics
  loss: 0.0958 rmse: 21.053 r2: 0.004 corr: 0.064
***** Epoch 30 Val (windowed) *****
  loss: 0.0073 rmse: 21.059 r2: 0.003 corr: 0.061
********************
***** Epoch 30 Test (windowed) *****
  loss: 0.0089 rmse: 12.423 r2: 0.007 corr: 0.086
********************
  Epoch 30 done in 11.5s

----- Epoch 31 (windowed) -----

###### Windowed train epoch 31 overall metrics
  loss: 0.0956 rmse: 21.064 r2: 0.003 corr: 0.058
***** Epoch 31 Val (windowed) *****
  loss: 0.0070 rmse: 21.058 r2: 0.003 corr: 0.059
********************
***** Epoch 31 Test (windowed) *****
  loss: 0.0086 rmse: 12.423 r2: 0.007 corr: 0.084
********************
  Epoch 31 done in 11.5s

----- Epoch 32 (windowed) -----

###### Windowed train epoch 32 overall metrics
  loss: 0.0953 rmse: 21.052 r2: 0.004 corr: 0.064
***** Epoch 32 Val (windowed) *****
  loss: 0.0070 rmse: 21.058 r2: 0.003 corr: 0.060
********************
***** Epoch 32 Test (windowed) *****
  loss: 0.0087 rmse: 12.422 r2: 0.007 corr: 0.085
********************
  Epoch 32 done in 11.4s

----- Epoch 33 (windowed) -----

###### Windowed train epoch 33 overall metrics
  loss: 0.0953 rmse: 21.057 r2: 0.003 corr: 0.061
***** Epoch 33 Val (windowed) *****
  loss: 0.0069 rmse: 21.059 r2: 0.003 corr: 0.060
********************
***** Epoch 33 Test (windowed) *****
  loss: 0.0090 rmse: 12.424 r2: 0.007 corr: 0.085
********************
  Epoch 33 done in 11.4s

----- Epoch 34 (windowed) -----

###### Windowed train epoch 34 overall metrics
  loss: 0.0949 rmse: 21.062 r2: 0.003 corr: 0.055
***** Epoch 34 Val (windowed) *****
  loss: 0.0068 rmse: 21.059 r2: 0.003 corr: 0.060
********************
***** Epoch 34 Test (windowed) *****
  loss: 0.0085 rmse: 12.424 r2: 0.007 corr: 0.085
********************
  Epoch 34 done in 11.4s

----- Epoch 35 (windowed) -----

###### Windowed train epoch 35 overall metrics
  loss: 0.0942 rmse: 21.058 r2: 0.003 corr: 0.062
***** Epoch 35 Val (windowed) *****
  loss: 0.0069 rmse: 21.059 r2: 0.003 corr: 0.059
********************
***** Epoch 35 Test (windowed) *****
  loss: 0.0084 rmse: 12.424 r2: 0.007 corr: 0.084
********************
  Epoch 35 done in 11.1s

----- Epoch 36 (windowed) -----

###### Windowed train epoch 36 overall metrics
  loss: 0.0944 rmse: 21.055 r2: 0.003 corr: 0.063
***** Epoch 36 Val (windowed) *****
  loss: 0.0068 rmse: 21.060 r2: 0.003 corr: 0.060
********************
***** Epoch 36 Test (windowed) *****
  loss: 0.0085 rmse: 12.425 r2: 0.007 corr: 0.085
********************
  Epoch 36 done in 11.4s

----- Epoch 37 (windowed) -----

###### Windowed train epoch 37 overall metrics
  loss: 0.0937 rmse: 21.063 r2: 0.003 corr: 0.054
***** Epoch 37 Val (windowed) *****
  loss: 0.0068 rmse: 21.061 r2: 0.003 corr: 0.059
********************
***** Epoch 37 Test (windowed) *****
  loss: 0.0087 rmse: 12.425 r2: 0.006 corr: 0.084
********************
  Epoch 37 done in 11.4s

----- Epoch 38 (windowed) -----

###### Windowed train epoch 38 overall metrics
  loss: 0.0936 rmse: 21.058 r2: 0.003 corr: 0.061
***** Epoch 38 Val (windowed) *****
  loss: 0.0066 rmse: 21.060 r2: 0.003 corr: 0.058
********************
***** Epoch 38 Test (windowed) *****
  loss: 0.0083 rmse: 12.425 r2: 0.007 corr: 0.083
********************
  Epoch 38 done in 11.3s

----- Epoch 39 (windowed) -----

###### Windowed train epoch 39 overall metrics
  loss: 0.0932 rmse: 21.065 r2: 0.002 corr: 0.052
***** Epoch 39 Val (windowed) *****
  loss: 0.0067 rmse: 21.060 r2: 0.003 corr: 0.060
********************
***** Epoch 39 Test (windowed) *****
  loss: 0.0084 rmse: 12.425 r2: 0.007 corr: 0.085
********************
  Epoch 39 done in 11.4s

----- Epoch 40 (windowed) -----

###### Windowed train epoch 40 overall metrics
  loss: 0.0930 rmse: 21.060 r2: 0.003 corr: 0.057
***** Epoch 40 Val (windowed) *****
  loss: 0.0064 rmse: 21.060 r2: 0.003 corr: 0.059
********************
***** Epoch 40 Test (windowed) *****
  loss: 0.0081 rmse: 12.425 r2: 0.007 corr: 0.084
********************
  Epoch 40 done in 11.4s

----- Epoch 41 (windowed) -----

###### Windowed train epoch 41 overall metrics
  loss: 0.0927 rmse: 21.063 r2: 0.003 corr: 0.053
***** Epoch 41 Val (windowed) *****
  loss: 0.0064 rmse: 21.061 r2: 0.003 corr: 0.060
********************
***** Epoch 41 Test (windowed) *****
  loss: 0.0082 rmse: 12.425 r2: 0.007 corr: 0.084
********************
  Epoch 41 done in 11.4s

----- Epoch 42 (windowed) -----

###### Windowed train epoch 42 overall metrics
  loss: 0.0923 rmse: 21.063 r2: 0.003 corr: 0.059
***** Epoch 42 Val (windowed) *****
  loss: 0.0064 rmse: 21.061 r2: 0.003 corr: 0.061
********************
***** Epoch 42 Test (windowed) *****
  loss: 0.0079 rmse: 12.425 r2: 0.007 corr: 0.086
********************
  Epoch 42 done in 11.4s

----- Epoch 43 (windowed) -----

###### Windowed train epoch 43 overall metrics
  loss: 0.0921 rmse: 21.061 r2: 0.003 corr: 0.058
***** Epoch 43 Val (windowed) *****
  loss: 0.0064 rmse: 21.061 r2: 0.003 corr: 0.058
********************
***** Epoch 43 Test (windowed) *****
  loss: 0.0081 rmse: 12.426 r2: 0.006 corr: 0.083
********************
  Epoch 43 done in 11.5s

----- Epoch 44 (windowed) -----

###### Windowed train epoch 44 overall metrics
  loss: 0.0915 rmse: 21.061 r2: 0.003 corr: 0.057
***** Epoch 44 Val (windowed) *****
  loss: 0.0063 rmse: 21.061 r2: 0.003 corr: 0.059
********************
***** Epoch 44 Test (windowed) *****
  loss: 0.0083 rmse: 12.426 r2: 0.006 corr: 0.084
********************
  Epoch 44 done in 11.5s

----- Epoch 45 (windowed) -----

###### Windowed train epoch 45 overall metrics
  loss: 0.0916 rmse: 21.056 r2: 0.003 corr: 0.068
***** Epoch 45 Val (windowed) *****
  loss: 0.0061 rmse: 21.061 r2: 0.003 corr: 0.058
********************
***** Epoch 45 Test (windowed) *****
  loss: 0.0080 rmse: 12.425 r2: 0.006 corr: 0.083
********************
  Epoch 45 done in 11.4s

----- Epoch 46 (windowed) -----

###### Windowed train epoch 46 overall metrics
  loss: 0.0913 rmse: 21.060 r2: 0.003 corr: 0.057
***** Epoch 46 Val (windowed) *****
  loss: 0.0061 rmse: 21.061 r2: 0.003 corr: 0.056
********************
***** Epoch 46 Test (windowed) *****
  loss: 0.0079 rmse: 12.426 r2: 0.006 corr: 0.081
********************
  Epoch 46 done in 11.5s

----- Epoch 47 (windowed) -----

###### Windowed train epoch 47 overall metrics
  loss: 0.0911 rmse: 21.063 r2: 0.003 corr: 0.056
***** Epoch 47 Val (windowed) *****
  loss: 0.0061 rmse: 21.061 r2: 0.003 corr: 0.058
********************
***** Epoch 47 Test (windowed) *****
  loss: 0.0079 rmse: 12.426 r2: 0.006 corr: 0.083
********************
  Epoch 47 done in 11.3s

----- Epoch 48 (windowed) -----

###### Windowed train epoch 48 overall metrics
  loss: 0.0910 rmse: 21.059 r2: 0.003 corr: 0.059
***** Epoch 48 Val (windowed) *****
  loss: 0.0063 rmse: 21.061 r2: 0.003 corr: 0.057
********************
***** Epoch 48 Test (windowed) *****
  loss: 0.0082 rmse: 12.426 r2: 0.006 corr: 0.082
********************
  Epoch 48 done in 11.7s

----- Epoch 49 (windowed) -----

###### Windowed train epoch 49 overall metrics
  loss: 0.0908 rmse: 21.066 r2: 0.002 corr: 0.052
***** Epoch 49 Val (windowed) *****
  loss: 0.0060 rmse: 21.061 r2: 0.003 corr: 0.058
********************
***** Epoch 49 Test (windowed) *****
  loss: 0.0077 rmse: 12.425 r2: 0.006 corr: 0.083
********************
  Epoch 49 done in 11.6s
Fold done — best val RMSE=21.0362 test R²=0.0099 corr=0.1041

================================================================
Rolling-windowed  test_year=2011
  Val  : 2010
  Test : 2011
  win_size=3  n_windows=10
================================================================
Initially data (54319, 166)
After filtering (27035, 166)
[data hygiene] 3 target column(s) look like raw counts (max > 15); applying log1p
get_X_Y
X shape (27035, 107)
Y shape (27035, 57)
Y (output) means tensor([[0.1433, 0.0123, 0.2580, 0.1637, 0.0142, 0.0620, 0.1670, 0.0225, 0.0438,
         0.0141, 0.0728, 0.1453, 0.0189, 0.0144, 0.0085, 0.0022, 0.0000, 0.1111,
         0.1111, 0.1111, 0.1111, 0.5152, 0.5007, 0.0478, 0.0414, 0.0892, 1.0233,
         0.0157, 0.0362, 0.0633, 0.0799, 0.0060, 0.0489, 0.0044, 0.9476, 0.3614,
         0.0678, 0.1306, 0.0029, 0.0912, 0.0082, 0.0077, 0.0713, 0.0969, 0.1199,
         0.1116, 0.0077, 0.0203, 0.0114, 0.0227, 0.0174, 0.0159, 0.0088, 0.0251,
         0.0055, 0.4128, 0.0159]]) stds tensor([[0.4733, 0.1385, 0.6345, 0.5865, 0.1426, 0.3028, 0.5300, 0.1881, 0.2859,
         0.1611, 0.4009, 0.4589, 0.1371, 0.1692, 0.1344, 0.1423, 1.0000, 0.3142,
         0.3142, 0.3142, 0.3142, 0.4998, 0.5000, 0.2536, 0.3650, 0.5228, 2.1098,
         0.1462, 0.2218, 0.3793, 0.4326, 0.1283, 0.3773, 0.0959, 1.6306, 0.8817,
         0.3959, 0.6591, 0.0672, 0.4605, 0.1376, 0.1269, 0.4621, 0.4078, 0.4903,
         0.4395, 0.1235, 0.1542, 0.1525, 0.2229, 0.1872, 0.1813, 0.1342, 0.2685,
         0.1316, 1.2075, 0.1624]])
Y count-scale means tensor([[4.7390e-01, 3.6249e-02, 1.0112e+00, 8.9239e-01, 3.8302e-02, 1.9247e-01,
         6.2641e-01, 6.6515e-02, 1.8295e-01, 4.9089e-02, 4.9762e-01, 4.4552e-01,
         4.1806e-02, 7.5746e-02, 4.6998e-02, 9.4036e+00, 0.0000e+00, 1.9083e-01,
         1.9083e-01, 1.9083e-01, 1.9083e-01, 8.8536e-01, 8.6051e-01, 1.4211e-01,
         5.0229e-01, 2.5871e+00, 2.6660e+02, 3.9962e-02, 9.1890e-02, 3.7752e-01,
         5.9615e-01, 4.8041e-02, 8.2085e-01, 2.2492e-02, 2.0438e+01, 2.9268e+00,
         4.1071e-01, 2.5916e+00, 8.9095e-03, 5.8920e-01, 4.3106e-02, 5.0225e-02,
         1.1125e+00, 3.6372e-01, 6.2934e-01, 4.5539e-01, 3.8651e-02, 4.4373e-02,
         5.6427e-02, 1.3438e-01, 7.5119e-02, 7.0664e-02, 3.7691e-02, 4.1826e-01,
         1.1967e-01, 1.6256e+01, 5.0356e-02]]) stds tensor([[3.1711e+00, 6.6853e-01, 6.0830e+00, 6.8677e+00, 6.4214e-01, 2.0271e+00,
         4.0717e+00, 8.7238e-01, 2.6325e+00, 8.1717e-01, 9.0924e+00, 2.7965e+00,
         7.2465e-01, 1.8621e+00, 1.5233e+00, 1.0963e+03, 1.0000e+00, 5.3999e-01,
         5.3999e-01, 5.3999e-01, 5.3999e-01, 8.5873e-01, 8.5907e-01, 2.4360e+00,
         8.0097e+00, 6.5106e+01, 3.0861e+03, 7.1507e-01, 9.3137e-01, 4.4786e+00,
         8.7044e+00, 1.8987e+00, 2.1848e+01, 9.1123e-01, 9.5310e+01, 2.1287e+01,
         4.3133e+00, 3.8020e+01, 3.8094e-01, 6.6219e+00, 1.1645e+00, 2.2530e+00,
         2.1761e+01, 3.0221e+00, 6.5130e+00, 4.0636e+00, 1.5637e+00, 5.6102e-01,
         1.8443e+00, 3.7781e+00, 1.3663e+00, 1.3398e+00, 8.8561e-01, 1.7107e+01,
         7.0551e+00, 1.9488e+02, 8.1933e-01]])
Loaded per-window (calendar) month weights from analysis/figures/month_weights_per_window.npz: cube.shape=(25, 12, 57)
/Users/liyingnceas/GitHub/GNN-RNN-main/gnn-lstm-v3/utils/data_utils.py:258: RuntimeWarning: Mean of empty slice
  np.nanmean(county_dict[county], axis=0).astype(np.float32)
Filled 67759 missing (node, year) entries from neighbors or year averages
[2D] Station nodes: 586, adj nnz: 2905
[build_year_XY_windowed] data_start=1998, min_pred_year=2009, test_year=2011, win_size=3, n_windows=10
  built windows for T=2009
[build_year_XY_windowed] built windowed XY for 3 prediction years (2009–2011)
  GAT_RNN_V2: edge_feat_dim=3, n_heads=4, n_hidden=64

----- Epoch 0 (windowed) -----

###### Windowed train epoch 0 overall metrics
  loss: 0.1303 rmse: 17.288 r2: 0.004 corr: 0.079
***** Epoch 0 Val (windowed) *****
  loss: 0.0144 rmse: 12.424 r2: 0.007 corr: 0.089
********************
***** Epoch 0 Test (windowed) *****
  loss: 0.0151 rmse: 22.301 r2: 0.002 corr: 0.055
********************
  Epoch 0 done in 15.9s
  Saved best model → model/FIM_restoration_0412_stations_monthly/2011/gat-rnn-v2-windowed_bs-128_lr-0.001_maxepoch-50_testyear-2011_win-3_nwin-10_seed-0/model-0

----- Epoch 1 (windowed) -----

###### Windowed train epoch 1 overall metrics
  loss: 0.1231 rmse: 17.290 r2: 0.004 corr: 0.067
***** Epoch 1 Val (windowed) *****
  loss: 0.0134 rmse: 12.425 r2: 0.007 corr: 0.082
********************
***** Epoch 1 Test (windowed) *****
  loss: 0.0137 rmse: 22.302 r2: 0.002 corr: 0.049
********************
  Epoch 1 done in 16.2s

----- Epoch 2 (windowed) -----

###### Windowed train epoch 2 overall metrics
  loss: 0.1153 rmse: 17.290 r2: 0.004 corr: 0.063
***** Epoch 2 Val (windowed) *****
  loss: 0.0125 rmse: 12.432 r2: 0.005 corr: 0.076
********************
***** Epoch 2 Test (windowed) *****
  loss: 0.0131 rmse: 22.306 r2: 0.002 corr: 0.045
********************
  Epoch 2 done in 45.9s

----- Epoch 3 (windowed) -----

###### Windowed train epoch 3 overall metrics
  loss: 0.1092 rmse: 17.289 r2: 0.004 corr: 0.066
***** Epoch 3 Val (windowed) *****
  loss: 0.0113 rmse: 12.423 r2: 0.007 corr: 0.087
********************
***** Epoch 3 Test (windowed) *****
  loss: 0.0111 rmse: 22.299 r2: 0.003 corr: 0.054
********************
  Epoch 3 done in 14.8s
  Saved best model → model/FIM_restoration_0412_stations_monthly/2011/gat-rnn-v2-windowed_bs-128_lr-0.001_maxepoch-50_testyear-2011_win-3_nwin-10_seed-0/model-3

----- Epoch 4 (windowed) -----

###### Windowed train epoch 4 overall metrics
  loss: 0.1074 rmse: 17.293 r2: 0.004 corr: 0.065
***** Epoch 4 Val (windowed) *****
  loss: 0.0109 rmse: 12.428 r2: 0.006 corr: 0.083
********************
***** Epoch 4 Test (windowed) *****
  loss: 0.0112 rmse: 22.304 r2: 0.002 corr: 0.050
********************
  Epoch 4 done in 80.0s

----- Epoch 5 (windowed) -----

###### Windowed train epoch 5 overall metrics
  loss: 0.1055 rmse: 17.292 r2: 0.004 corr: 0.065
***** Epoch 5 Val (windowed) *****
  loss: 0.0105 rmse: 12.430 r2: 0.006 corr: 0.081
********************
***** Epoch 5 Test (windowed) *****
  loss: 0.0102 rmse: 22.306 r2: 0.002 corr: 0.049
********************
  Epoch 5 done in 27.5s

----- Epoch 6 (windowed) -----

###### Windowed train epoch 6 overall metrics
  loss: 0.1038 rmse: 17.295 r2: 0.003 corr: 0.062
***** Epoch 6 Val (windowed) *****
  loss: 0.0099 rmse: 12.428 r2: 0.006 corr: 0.085
********************
***** Epoch 6 Test (windowed) *****
  loss: 0.0097 rmse: 22.304 r2: 0.002 corr: 0.051
********************
  Epoch 6 done in 921.1s

----- Epoch 7 (windowed) -----

###### Windowed train epoch 7 overall metrics
  loss: 0.1029 rmse: 17.295 r2: 0.003 corr: 0.062
***** Epoch 7 Val (windowed) *****
  loss: 0.0103 rmse: 12.431 r2: 0.006 corr: 0.078
********************
***** Epoch 7 Test (windowed) *****
  loss: 0.0100 rmse: 22.306 r2: 0.002 corr: 0.047
********************
  Epoch 7 done in 16.7s

----- Epoch 8 (windowed) -----

###### Windowed train epoch 8 overall metrics
  loss: 0.1021 rmse: 17.291 r2: 0.004 corr: 0.067
***** Epoch 8 Val (windowed) *****
  loss: 0.0097 rmse: 12.429 r2: 0.006 corr: 0.080
********************
***** Epoch 8 Test (windowed) *****
  loss: 0.0094 rmse: 22.305 r2: 0.002 corr: 0.048
********************
  Epoch 8 done in 15.9s

----- Epoch 9 (windowed) -----

###### Windowed train epoch 9 overall metrics
  loss: 0.1014 rmse: 17.296 r2: 0.003 corr: 0.059
***** Epoch 9 Val (windowed) *****
  loss: 0.0094 rmse: 12.430 r2: 0.006 corr: 0.078
********************
***** Epoch 9 Test (windowed) *****
  loss: 0.0090 rmse: 22.306 r2: 0.002 corr: 0.046
********************
  Epoch 9 done in 16.4s

----- Epoch 10 (windowed) -----

###### Windowed train epoch 10 overall metrics
  loss: 0.1005 rmse: 17.293 r2: 0.004 corr: 0.063
***** Epoch 10 Val (windowed) *****
  loss: 0.0092 rmse: 12.430 r2: 0.006 corr: 0.080
********************
***** Epoch 10 Test (windowed) *****
  loss: 0.0093 rmse: 22.306 r2: 0.002 corr: 0.047
********************
  Epoch 10 done in 16.2s

----- Epoch 11 (windowed) -----

###### Windowed train epoch 11 overall metrics
  loss: 0.0999 rmse: 17.288 r2: 0.004 corr: 0.069
***** Epoch 11 Val (windowed) *****
  loss: 0.0091 rmse: 12.428 r2: 0.006 corr: 0.083
********************
***** Epoch 11 Test (windowed) *****
  loss: 0.0091 rmse: 22.305 r2: 0.002 corr: 0.049
********************
  Epoch 11 done in 16.1s

----- Epoch 12 (windowed) -----

###### Windowed train epoch 12 overall metrics
  loss: 0.0991 rmse: 17.298 r2: 0.003 corr: 0.060
***** Epoch 12 Val (windowed) *****
  loss: 0.0089 rmse: 12.428 r2: 0.006 corr: 0.082
********************
***** Epoch 12 Test (windowed) *****
  loss: 0.0090 rmse: 22.305 r2: 0.002 corr: 0.048
********************
  Epoch 12 done in 16.2s

----- Epoch 13 (windowed) -----

###### Windowed train epoch 13 overall metrics
  loss: 0.0979 rmse: 17.291 r2: 0.004 corr: 0.067
***** Epoch 13 Val (windowed) *****
  loss: 0.0084 rmse: 12.428 r2: 0.006 corr: 0.082
********************
***** Epoch 13 Test (windowed) *****
  loss: 0.0086 rmse: 22.305 r2: 0.002 corr: 0.048
********************
  Epoch 13 done in 16.3s

----- Epoch 14 (windowed) -----

###### Windowed train epoch 14 overall metrics
  loss: 0.0973 rmse: 17.294 r2: 0.003 corr: 0.061
***** Epoch 14 Val (windowed) *****
  loss: 0.0082 rmse: 12.427 r2: 0.006 corr: 0.083
********************
***** Epoch 14 Test (windowed) *****
  loss: 0.0087 rmse: 22.305 r2: 0.002 corr: 0.048
********************
  Epoch 14 done in 16.6s

----- Epoch 15 (windowed) -----

###### Windowed train epoch 15 overall metrics
  loss: 0.0964 rmse: 17.290 r2: 0.004 corr: 0.066
***** Epoch 15 Val (windowed) *****
  loss: 0.0081 rmse: 12.425 r2: 0.006 corr: 0.084
********************
***** Epoch 15 Test (windowed) *****
  loss: 0.0087 rmse: 22.304 r2: 0.002 corr: 0.049
********************
  Epoch 15 done in 17.2s

----- Epoch 16 (windowed) -----

###### Windowed train epoch 16 overall metrics
  loss: 0.0956 rmse: 17.289 r2: 0.004 corr: 0.067
***** Epoch 16 Val (windowed) *****
  loss: 0.0079 rmse: 12.425 r2: 0.007 corr: 0.085
********************
***** Epoch 16 Test (windowed) *****
  loss: 0.0087 rmse: 22.304 r2: 0.002 corr: 0.049
********************
  Epoch 16 done in 17.9s

----- Epoch 17 (windowed) -----

###### Windowed train epoch 17 overall metrics
  loss: 0.0951 rmse: 17.294 r2: 0.003 corr: 0.060
***** Epoch 17 Val (windowed) *****
  loss: 0.0077 rmse: 12.425 r2: 0.007 corr: 0.083
********************
***** Epoch 17 Test (windowed) *****
  loss: 0.0088 rmse: 22.304 r2: 0.002 corr: 0.048
********************
  Epoch 17 done in 17.9s

----- Epoch 18 (windowed) -----

###### Windowed train epoch 18 overall metrics
  loss: 0.0946 rmse: 17.292 r2: 0.004 corr: 0.062
***** Epoch 18 Val (windowed) *****
  loss: 0.0076 rmse: 12.425 r2: 0.006 corr: 0.083
********************
***** Epoch 18 Test (windowed) *****
  loss: 0.0085 rmse: 22.304 r2: 0.002 corr: 0.047
********************
  Epoch 18 done in 22.1s

----- Epoch 19 (windowed) -----

###### Windowed train epoch 19 overall metrics
  loss: 0.0940 rmse: 17.286 r2: 0.004 corr: 0.070
***** Epoch 19 Val (windowed) *****
  loss: 0.0076 rmse: 12.425 r2: 0.006 corr: 0.081
********************
***** Epoch 19 Test (windowed) *****
  loss: 0.0086 rmse: 22.304 r2: 0.002 corr: 0.046
********************
  Epoch 19 done in 46.0s

----- Epoch 20 (windowed) -----

###### Windowed train epoch 20 overall metrics
  loss: 0.0936 rmse: 17.290 r2: 0.004 corr: 0.065
***** Epoch 20 Val (windowed) *****
  loss: 0.0075 rmse: 12.424 r2: 0.007 corr: 0.084
********************
***** Epoch 20 Test (windowed) *****
  loss: 0.0083 rmse: 22.304 r2: 0.002 corr: 0.048
********************
  Epoch 20 done in 17.8s

----- Epoch 21 (windowed) -----

###### Windowed train epoch 21 overall metrics
  loss: 0.0930 rmse: 17.289 r2: 0.004 corr: 0.065
***** Epoch 21 Val (windowed) *****
  loss: 0.0072 rmse: 12.423 r2: 0.007 corr: 0.084
********************
***** Epoch 21 Test (windowed) *****
  loss: 0.0080 rmse: 22.303 r2: 0.002 corr: 0.048
********************
  Epoch 21 done in 15.2s

----- Epoch 22 (windowed) -----

###### Windowed train epoch 22 overall metrics
  loss: 0.0926 rmse: 17.292 r2: 0.004 corr: 0.064
***** Epoch 22 Val (windowed) *****
  loss: 0.0072 rmse: 12.423 r2: 0.007 corr: 0.084
********************
***** Epoch 22 Test (windowed) *****
  loss: 0.0080 rmse: 22.303 r2: 0.002 corr: 0.048
********************
  Epoch 22 done in 419.3s

----- Epoch 23 (windowed) -----

###### Windowed train epoch 23 overall metrics
  loss: 0.0918 rmse: 17.289 r2: 0.004 corr: 0.065
***** Epoch 23 Val (windowed) *****
  loss: 0.0069 rmse: 12.422 r2: 0.007 corr: 0.084
********************
***** Epoch 23 Test (windowed) *****
  loss: 0.0081 rmse: 22.303 r2: 0.002 corr: 0.048
********************
  Epoch 23 done in 14.4s
  Saved best model → model/FIM_restoration_0412_stations_monthly/2011/gat-rnn-v2-windowed_bs-128_lr-0.001_maxepoch-50_testyear-2011_win-3_nwin-10_seed-0/model-23

----- Epoch 24 (windowed) -----

###### Windowed train epoch 24 overall metrics
  loss: 0.0916 rmse: 17.294 r2: 0.003 corr: 0.059
***** Epoch 24 Val (windowed) *****
  loss: 0.0070 rmse: 12.420 r2: 0.007 corr: 0.089
********************
***** Epoch 24 Test (windowed) *****
  loss: 0.0081 rmse: 22.302 r2: 0.002 corr: 0.051
********************
  Epoch 24 done in 14.3s
  Saved best model → model/FIM_restoration_0412_stations_monthly/2011/gat-rnn-v2-windowed_bs-128_lr-0.001_maxepoch-50_testyear-2011_win-3_nwin-10_seed-0/model-24

----- Epoch 25 (windowed) -----

###### Windowed train epoch 25 overall metrics
  loss: 0.0911 rmse: 17.290 r2: 0.004 corr: 0.065
***** Epoch 25 Val (windowed) *****
  loss: 0.0069 rmse: 12.419 r2: 0.007 corr: 0.088
********************
***** Epoch 25 Test (windowed) *****
  loss: 0.0082 rmse: 22.301 r2: 0.002 corr: 0.051
********************
  Epoch 25 done in 16.2s
  Saved best model → model/FIM_restoration_0412_stations_monthly/2011/gat-rnn-v2-windowed_bs-128_lr-0.001_maxepoch-50_testyear-2011_win-3_nwin-10_seed-0/model-25

----- Epoch 26 (windowed) -----

###### Windowed train epoch 26 overall metrics
  loss: 0.0907 rmse: 17.289 r2: 0.004 corr: 0.066
***** Epoch 26 Val (windowed) *****
  loss: 0.0067 rmse: 12.418 r2: 0.008 corr: 0.090
********************
***** Epoch 26 Test (windowed) *****
  loss: 0.0079 rmse: 22.300 r2: 0.002 corr: 0.052
********************
  Epoch 26 done in 16.1s
  Saved best model → model/FIM_restoration_0412_stations_monthly/2011/gat-rnn-v2-windowed_bs-128_lr-0.001_maxepoch-50_testyear-2011_win-3_nwin-10_seed-0/model-26

----- Epoch 27 (windowed) -----

###### Windowed train epoch 27 overall metrics
  loss: 0.0901 rmse: 17.283 r2: 0.005 corr: 0.070
***** Epoch 27 Val (windowed) *****
  loss: 0.0068 rmse: 12.416 r2: 0.008 corr: 0.094
********************
***** Epoch 27 Test (windowed) *****
  loss: 0.0078 rmse: 22.299 r2: 0.003 corr: 0.054
********************
  Epoch 27 done in 16.4s
  Saved best model → model/FIM_restoration_0412_stations_monthly/2011/gat-rnn-v2-windowed_bs-128_lr-0.001_maxepoch-50_testyear-2011_win-3_nwin-10_seed-0/model-27

----- Epoch 28 (windowed) -----

###### Windowed train epoch 28 overall metrics
  loss: 0.0895 rmse: 17.288 r2: 0.004 corr: 0.067
***** Epoch 28 Val (windowed) *****
  loss: 0.0065 rmse: 12.414 r2: 0.008 corr: 0.092
********************
***** Epoch 28 Test (windowed) *****
  loss: 0.0076 rmse: 22.298 r2: 0.003 corr: 0.053
********************
  Epoch 28 done in 16.4s
  Saved best model → model/FIM_restoration_0412_stations_monthly/2011/gat-rnn-v2-windowed_bs-128_lr-0.001_maxepoch-50_testyear-2011_win-3_nwin-10_seed-0/model-28

----- Epoch 29 (windowed) -----

###### Windowed train epoch 29 overall metrics
  loss: 0.0889 rmse: 17.289 r2: 0.004 corr: 0.064
***** Epoch 29 Val (windowed) *****
  loss: 0.0064 rmse: 12.411 r2: 0.009 corr: 0.097
********************
***** Epoch 29 Test (windowed) *****
  loss: 0.0079 rmse: 22.297 r2: 0.003 corr: 0.056
********************
  Epoch 29 done in 16.1s
  Saved best model → model/FIM_restoration_0412_stations_monthly/2011/gat-rnn-v2-windowed_bs-128_lr-0.001_maxepoch-50_testyear-2011_win-3_nwin-10_seed-0/model-29

----- Epoch 30 (windowed) -----

###### Windowed train epoch 30 overall metrics
  loss: 0.0888 rmse: 17.283 r2: 0.005 corr: 0.070
***** Epoch 30 Val (windowed) *****
  loss: 0.0067 rmse: 12.409 r2: 0.009 corr: 0.101
********************
***** Epoch 30 Test (windowed) *****
  loss: 0.0080 rmse: 22.295 r2: 0.003 corr: 0.059
********************
  Epoch 30 done in 16.3s
  Saved best model → model/FIM_restoration_0412_stations_monthly/2011/gat-rnn-v2-windowed_bs-128_lr-0.001_maxepoch-50_testyear-2011_win-3_nwin-10_seed-0/model-30

----- Epoch 31 (windowed) -----

###### Windowed train epoch 31 overall metrics
  loss: 0.0884 rmse: 17.284 r2: 0.005 corr: 0.071
***** Epoch 31 Val (windowed) *****
  loss: 0.0064 rmse: 12.404 r2: 0.010 corr: 0.104
********************
***** Epoch 31 Test (windowed) *****
  loss: 0.0076 rmse: 22.293 r2: 0.003 corr: 0.061
********************
  Epoch 31 done in 16.0s
  Saved best model → model/FIM_restoration_0412_stations_monthly/2011/gat-rnn-v2-windowed_bs-128_lr-0.001_maxepoch-50_testyear-2011_win-3_nwin-10_seed-0/model-31

----- Epoch 32 (windowed) -----

###### Windowed train epoch 32 overall metrics
  loss: 0.0878 rmse: 17.273 r2: 0.006 corr: 0.079
***** Epoch 32 Val (windowed) *****
  loss: 0.0062 rmse: 12.399 r2: 0.011 corr: 0.107
********************
***** Epoch 32 Test (windowed) *****
  loss: 0.0075 rmse: 22.289 r2: 0.003 corr: 0.063
********************
  Epoch 32 done in 16.5s
  Saved best model → model/FIM_restoration_0412_stations_monthly/2011/gat-rnn-v2-windowed_bs-128_lr-0.001_maxepoch-50_testyear-2011_win-3_nwin-10_seed-0/model-32

----- Epoch 33 (windowed) -----

###### Windowed train epoch 33 overall metrics
  loss: 0.0872 rmse: 17.274 r2: 0.006 corr: 0.077
***** Epoch 33 Val (windowed) *****
  loss: 0.0062 rmse: 12.399 r2: 0.011 corr: 0.108
********************
***** Epoch 33 Test (windowed) *****
  loss: 0.0075 rmse: 22.289 r2: 0.003 corr: 0.063
********************
  Epoch 33 done in 16.0s
  Saved best model → model/FIM_restoration_0412_stations_monthly/2011/gat-rnn-v2-windowed_bs-128_lr-0.001_maxepoch-50_testyear-2011_win-3_nwin-10_seed-0/model-33

----- Epoch 34 (windowed) -----

###### Windowed train epoch 34 overall metrics
  loss: 0.0867 rmse: 17.258 r2: 0.008 corr: 0.093
***** Epoch 34 Val (windowed) *****
  loss: 0.0061 rmse: 12.397 r2: 0.011 corr: 0.116
********************
***** Epoch 34 Test (windowed) *****
  loss: 0.0074 rmse: 22.288 r2: 0.004 corr: 0.069
********************
  Epoch 34 done in 16.4s
  Saved best model → model/FIM_restoration_0412_stations_monthly/2011/gat-rnn-v2-windowed_bs-128_lr-0.001_maxepoch-50_testyear-2011_win-3_nwin-10_seed-0/model-34

----- Epoch 35 (windowed) -----

###### Windowed train epoch 35 overall metrics
  loss: 0.0865 rmse: 17.271 r2: 0.006 corr: 0.083
***** Epoch 35 Val (windowed) *****
  loss: 0.0061 rmse: 12.393 r2: 0.012 corr: 0.115
********************
***** Epoch 35 Test (windowed) *****
  loss: 0.0077 rmse: 22.286 r2: 0.004 corr: 0.069
********************
  Epoch 35 done in 23.7s
  Saved best model → model/FIM_restoration_0412_stations_monthly/2011/gat-rnn-v2-windowed_bs-128_lr-0.001_maxepoch-50_testyear-2011_win-3_nwin-10_seed-0/model-35

----- Epoch 36 (windowed) -----

###### Windowed train epoch 36 overall metrics
  loss: 0.0860 rmse: 17.282 r2: 0.005 corr: 0.073
***** Epoch 36 Val (windowed) *****
  loss: 0.0059 rmse: 12.391 r2: 0.012 corr: 0.115
********************
***** Epoch 36 Test (windowed) *****
  loss: 0.0074 rmse: 22.285 r2: 0.004 corr: 0.068
********************
  Epoch 36 done in 31.1s
  Saved best model → model/FIM_restoration_0412_stations_monthly/2011/gat-rnn-v2-windowed_bs-128_lr-0.001_maxepoch-50_testyear-2011_win-3_nwin-10_seed-0/model-36

----- Epoch 37 (windowed) -----

###### Windowed train epoch 37 overall metrics
  loss: 0.0854 rmse: 17.269 r2: 0.006 corr: 0.081
***** Epoch 37 Val (windowed) *****
  loss: 0.0060 rmse: 12.394 r2: 0.011 corr: 0.120
********************
***** Epoch 37 Test (windowed) *****
  loss: 0.0073 rmse: 22.287 r2: 0.004 corr: 0.071
********************
  Epoch 37 done in 14.6s

----- Epoch 38 (windowed) -----

###### Windowed train epoch 38 overall metrics
  loss: 0.0849 rmse: 17.260 r2: 0.007 corr: 0.098
***** Epoch 38 Val (windowed) *****
  loss: 0.0057 rmse: 12.391 r2: 0.012 corr: 0.118
********************
***** Epoch 38 Test (windowed) *****
  loss: 0.0071 rmse: 22.285 r2: 0.004 corr: 0.070
********************
  Epoch 38 done in 14.5s

----- Epoch 39 (windowed) -----

###### Windowed train epoch 39 overall metrics
  loss: 0.0846 rmse: 17.262 r2: 0.007 corr: 0.088
***** Epoch 39 Val (windowed) *****
  loss: 0.0057 rmse: 12.389 r2: 0.012 corr: 0.120
********************
***** Epoch 39 Test (windowed) *****
  loss: 0.0073 rmse: 22.283 r2: 0.004 corr: 0.071
********************
  Epoch 39 done in 35.6s
  Saved best model → model/FIM_restoration_0412_stations_monthly/2011/gat-rnn-v2-windowed_bs-128_lr-0.001_maxepoch-50_testyear-2011_win-3_nwin-10_seed-0/model-39

----- Epoch 40 (windowed) -----

###### Windowed train epoch 40 overall metrics
  loss: 0.0839 rmse: 17.244 r2: 0.009 corr: 0.110
***** Epoch 40 Val (windowed) *****
  loss: 0.0060 rmse: 12.388 r2: 0.012 corr: 0.119
********************
***** Epoch 40 Test (windowed) *****
  loss: 0.0073 rmse: 22.283 r2: 0.004 corr: 0.071
********************
  Epoch 40 done in 14.6s
  Saved best model → model/FIM_restoration_0412_stations_monthly/2011/gat-rnn-v2-windowed_bs-128_lr-0.001_maxepoch-50_testyear-2011_win-3_nwin-10_seed-0/model-40

----- Epoch 41 (windowed) -----

###### Windowed train epoch 41 overall metrics
  loss: 0.0840 rmse: 17.251 r2: 0.008 corr: 0.101
***** Epoch 41 Val (windowed) *****
  loss: 0.0058 rmse: 12.385 r2: 0.013 corr: 0.122
********************
***** Epoch 41 Test (windowed) *****
  loss: 0.0072 rmse: 22.281 r2: 0.004 corr: 0.073
********************
  Epoch 41 done in 970.1s
  Saved best model → model/FIM_restoration_0412_stations_monthly/2011/gat-rnn-v2-windowed_bs-128_lr-0.001_maxepoch-50_testyear-2011_win-3_nwin-10_seed-0/model-41

----- Epoch 42 (windowed) -----

###### Windowed train epoch 42 overall metrics
  loss: 0.0838 rmse: 17.262 r2: 0.007 corr: 0.090
***** Epoch 42 Val (windowed) *****
  loss: 0.0056 rmse: 12.384 r2: 0.013 corr: 0.122
********************
***** Epoch 42 Test (windowed) *****
  loss: 0.0070 rmse: 22.280 r2: 0.004 corr: 0.073
********************
  Epoch 42 done in 15.1s
  Saved best model → model/FIM_restoration_0412_stations_monthly/2011/gat-rnn-v2-windowed_bs-128_lr-0.001_maxepoch-50_testyear-2011_win-3_nwin-10_seed-0/model-42

----- Epoch 43 (windowed) -----

###### Windowed train epoch 43 overall metrics
  loss: 0.0834 rmse: 17.264 r2: 0.007 corr: 0.085
***** Epoch 43 Val (windowed) *****
  loss: 0.0056 rmse: 12.392 r2: 0.012 corr: 0.123
********************
***** Epoch 43 Test (windowed) *****
  loss: 0.0070 rmse: 22.285 r2: 0.004 corr: 0.073
********************
  Epoch 43 done in 14.9s

----- Epoch 44 (windowed) -----

###### Windowed train epoch 44 overall metrics
  loss: 0.0826 rmse: 17.261 r2: 0.007 corr: 0.090
***** Epoch 44 Val (windowed) *****
  loss: 0.0055 rmse: 12.388 r2: 0.012 corr: 0.121
********************
***** Epoch 44 Test (windowed) *****
  loss: 0.0073 rmse: 22.283 r2: 0.004 corr: 0.070
********************
  Epoch 44 done in 14.4s

----- Epoch 45 (windowed) -----

###### Windowed train epoch 45 overall metrics
  loss: 0.0821 rmse: 17.266 r2: 0.007 corr: 0.087
***** Epoch 45 Val (windowed) *****
  loss: 0.0053 rmse: 12.388 r2: 0.012 corr: 0.121
********************
***** Epoch 45 Test (windowed) *****
  loss: 0.0069 rmse: 22.282 r2: 0.004 corr: 0.072
********************
  Epoch 45 done in 14.4s

----- Epoch 46 (windowed) -----

###### Windowed train epoch 46 overall metrics
  loss: 0.0817 rmse: 17.266 r2: 0.007 corr: 0.086
***** Epoch 46 Val (windowed) *****
  loss: 0.0053 rmse: 12.388 r2: 0.012 corr: 0.123
********************
***** Epoch 46 Test (windowed) *****
  loss: 0.0067 rmse: 22.283 r2: 0.004 corr: 0.073
********************
  Epoch 46 done in 14.4s

----- Epoch 47 (windowed) -----

###### Windowed train epoch 47 overall metrics
  loss: 0.0814 rmse: 17.258 r2: 0.008 corr: 0.092
***** Epoch 47 Val (windowed) *****
  loss: 0.0053 rmse: 12.392 r2: 0.012 corr: 0.125
********************
***** Epoch 47 Test (windowed) *****
  loss: 0.0068 rmse: 22.285 r2: 0.004 corr: 0.075
********************
  Epoch 47 done in 14.6s

----- Epoch 48 (windowed) -----

###### Windowed train epoch 48 overall metrics
  loss: 0.0809 rmse: 17.243 r2: 0.009 corr: 0.114
***** Epoch 48 Val (windowed) *****
  loss: 0.0052 rmse: 12.386 r2: 0.013 corr: 0.120
********************
***** Epoch 48 Test (windowed) *****
  loss: 0.0068 rmse: 22.282 r2: 0.004 corr: 0.071
********************
  Epoch 48 done in 14.8s

----- Epoch 49 (windowed) -----

###### Windowed train epoch 49 overall metrics
  loss: 0.0806 rmse: 17.255 r2: 0.008 corr: 0.096
***** Epoch 49 Val (windowed) *****
  loss: 0.0053 rmse: 12.387 r2: 0.013 corr: 0.122
********************
***** Epoch 49 Test (windowed) *****
  loss: 0.0066 rmse: 22.282 r2: 0.004 corr: 0.073
********************
  Epoch 49 done in 14.5s
Fold done — best val RMSE=12.3838 test R²=0.0043 corr=0.0733

================================================================
Rolling-windowed  test_year=2012
  Val  : 2011
  Test : 2012
  win_size=3  n_windows=10
================================================================
Initially data (54319, 166)
After filtering (29145, 166)
[data hygiene] 3 target column(s) look like raw counts (max > 15); applying log1p
get_X_Y
X shape (29145, 107)
Y shape (29145, 57)
Y (output) means tensor([[0.1445, 0.0115, 0.2581, 0.1554, 0.0146, 0.0630, 0.1656, 0.0222, 0.0425,
         0.0138, 0.0732, 0.1426, 0.0189, 0.0142, 0.0083, 0.0020, 0.0000, 0.1140,
         0.1140, 0.1140, 0.1140, 0.4827, 0.4673, 0.0460, 0.0406, 0.0873, 1.0221,
         0.0150, 0.0359, 0.0628, 0.0795, 0.0067, 0.0484, 0.0043, 0.9389, 0.3591,
         0.0663, 0.1279, 0.0029, 0.0902, 0.0086, 0.0079, 0.0698, 0.0937, 0.1155,
         0.1078, 0.0077, 0.0192, 0.0110, 0.0228, 0.0179, 0.0161, 0.0094, 0.0275,
         0.0058, 0.4062, 0.0154]]) stds tensor([[0.4769, 0.1333, 0.6350, 0.5701, 0.1436, 0.3081, 0.5275, 0.1874, 0.2796,
         0.1589, 0.4013, 0.4536, 0.1359, 0.1666, 0.1309, 0.1364, 1.0000, 0.3179,
         0.3179, 0.3179, 0.3179, 0.4997, 0.4989, 0.2474, 0.3600, 0.5123, 2.1066,
         0.1427, 0.2196, 0.3771, 0.4321, 0.1388, 0.3722, 0.0936, 1.6225, 0.8760,
         0.3921, 0.6457, 0.0660, 0.4553, 0.1419, 0.1272, 0.4548, 0.4000, 0.4816,
         0.4296, 0.1222, 0.1496, 0.1499, 0.2257, 0.1889, 0.1796, 0.1371, 0.2908,
         0.1370, 1.1947, 0.1584]])
Y count-scale means tensor([[4.8454e-01, 3.3565e-02, 1.0224e+00, 8.3679e-01, 3.8457e-02, 2.1859e-01,
         6.1996e-01, 6.7931e-02, 1.7352e-01, 4.7600e-02, 4.9084e-01, 4.3297e-01,
         4.1659e-02, 7.2279e-02, 4.4148e-02, 8.6343e+00, 0.0000e+00, 1.9596e-01,
         1.9596e-01, 1.9596e-01, 1.9596e-01, 8.2947e-01, 8.0301e-01, 1.3434e-01,
         4.8386e-01, 2.4113e+00, 2.5806e+02, 3.7936e-02, 8.9666e-02, 3.7254e-01,
         6.0749e-01, 6.5605e-02, 7.7203e-01, 2.1173e-02, 1.9894e+01, 2.8693e+00,
         4.0209e-01, 2.4288e+00, 8.5816e-03, 5.6727e-01, 4.7881e-02, 4.8643e-02,
         1.0532e+00, 3.4984e-01, 6.0721e-01, 4.3245e-01, 3.7254e-02, 4.1745e-02,
         5.3695e-02, 1.4104e-01, 7.5951e-02, 6.8452e-02, 3.8778e-02, 7.6104e-01,
         1.3025e-01, 1.5708e+01, 4.7720e-02]]) stds tensor([[3.2868e+00, 6.4101e-01, 6.3128e+00, 6.6073e+00, 6.2581e-01, 4.3657e+00,
         4.0478e+00, 1.0171e+00, 2.5300e+00, 7.9834e-01, 8.7832e+00, 2.7134e+00,
         7.2500e-01, 1.7904e+00, 1.4606e+00, 1.0505e+03, 1.0000e+00, 5.4627e-01,
         5.4627e-01, 5.4627e-01, 5.4627e-01, 8.5865e-01, 8.5728e-01, 2.3364e+00,
         7.7882e+00, 6.2406e+01, 2.9814e+03, 6.8764e-01, 9.0135e-01, 4.4254e+00,
         9.2874e+00, 2.7846e+00, 2.0949e+01, 8.7425e-01, 9.2363e+01, 2.0773e+01,
         4.2420e+00, 3.6471e+01, 3.6579e-01, 6.3827e+00, 1.3479e+00, 2.1648e+00,
         2.0898e+01, 2.9573e+00, 6.3610e+00, 3.9246e+00, 1.5045e+00, 5.3923e-01,
         1.7718e+00, 3.8013e+00, 1.3535e+00, 1.2905e+00, 8.7592e-01, 4.3704e+01,
         7.2174e+00, 1.8833e+02, 7.8727e-01]])
Loaded per-window (calendar) month weights from analysis/figures/month_weights_per_window.npz: cube.shape=(25, 12, 57)
/Users/liyingnceas/GitHub/GNN-RNN-main/gnn-lstm-v3/utils/data_utils.py:258: RuntimeWarning: Mean of empty slice
  np.nanmean(county_dict[county], axis=0).astype(np.float32)
Filled 73125 missing (node, year) entries from neighbors or year averages
[2D] Station nodes: 587, adj nnz: 2910
[build_year_XY_windowed] data_start=1998, min_pred_year=2009, test_year=2012, win_size=3, n_windows=10
  built windows for T=2009
[build_year_XY_windowed] built windowed XY for 4 prediction years (2009–2012)
  GAT_RNN_V2: edge_feat_dim=3, n_heads=4, n_hidden=64

----- Epoch 0 (windowed) -----

###### Windowed train epoch 0 overall metrics
  loss: 0.1267 rmse: 19.078 r2: 0.004 corr: 0.077
***** Epoch 0 Val (windowed) *****
  loss: 0.0147 rmse: 22.275 r2: 0.003 corr: 0.065
********************
***** Epoch 0 Test (windowed) *****
  loss: 0.0148 rmse: 8.902 r2: 0.016 corr: 0.137
********************
  Epoch 0 done in 19.4s
  Saved best model → model/FIM_restoration_0412_stations_monthly/2012/gat-rnn-v2-windowed_bs-128_lr-0.001_maxepoch-50_testyear-2012_win-3_nwin-10_seed-0/model-0

----- Epoch 1 (windowed) -----

###### Windowed train epoch 1 overall metrics
  loss: 0.1161 rmse: 19.078 r2: 0.004 corr: 0.071
***** Epoch 1 Val (windowed) *****
  loss: 0.0142 rmse: 22.279 r2: 0.003 corr: 0.055
********************
***** Epoch 1 Test (windowed) *****
  loss: 0.0142 rmse: 8.910 r2: 0.014 corr: 0.120
********************
  Epoch 1 done in 19.5s

----- Epoch 2 (windowed) -----

###### Windowed train epoch 2 overall metrics
  loss: 0.1102 rmse: 19.082 r2: 0.004 corr: 0.067
***** Epoch 2 Val (windowed) *****
  loss: 0.0122 rmse: 22.279 r2: 0.003 corr: 0.056
********************
***** Epoch 2 Test (windowed) *****
  loss: 0.0124 rmse: 8.910 r2: 0.014 corr: 0.122
********************
  Epoch 2 done in 19.6s

----- Epoch 3 (windowed) -----

###### Windowed train epoch 3 overall metrics
  loss: 0.1062 rmse: 19.084 r2: 0.004 corr: 0.067
***** Epoch 3 Val (windowed) *****
  loss: 0.0101 rmse: 22.280 r2: 0.003 corr: 0.056
********************
***** Epoch 3 Test (windowed) *****
  loss: 0.0100 rmse: 8.911 r2: 0.014 corr: 0.123
********************
  Epoch 3 done in 19.5s

----- Epoch 4 (windowed) -----

###### Windowed train epoch 4 overall metrics
  loss: 0.1036 rmse: 19.090 r2: 0.003 corr: 0.059
***** Epoch 4 Val (windowed) *****
  loss: 0.0098 rmse: 22.284 r2: 0.002 corr: 0.053
********************
***** Epoch 4 Test (windowed) *****
  loss: 0.0096 rmse: 8.917 r2: 0.012 corr: 0.118
********************
  Epoch 4 done in 19.4s

----- Epoch 5 (windowed) -----

###### Windowed train epoch 5 overall metrics
  loss: 0.1025 rmse: 19.085 r2: 0.004 corr: 0.067
***** Epoch 5 Val (windowed) *****
  loss: 0.0085 rmse: 22.284 r2: 0.002 corr: 0.052
********************
***** Epoch 5 Test (windowed) *****
  loss: 0.0088 rmse: 8.917 r2: 0.012 corr: 0.117
********************
  Epoch 5 done in 19.4s

----- Epoch 6 (windowed) -----

###### Windowed train epoch 6 overall metrics
  loss: 0.1008 rmse: 19.088 r2: 0.003 corr: 0.062
***** Epoch 6 Val (windowed) *****
  loss: 0.0085 rmse: 22.284 r2: 0.002 corr: 0.053
********************
***** Epoch 6 Test (windowed) *****
  loss: 0.0085 rmse: 8.917 r2: 0.012 corr: 0.119
********************
  Epoch 6 done in 19.3s

----- Epoch 7 (windowed) -----

###### Windowed train epoch 7 overall metrics
  loss: 0.0996 rmse: 19.089 r2: 0.003 corr: 0.061
***** Epoch 7 Val (windowed) *****
  loss: 0.0082 rmse: 22.285 r2: 0.002 corr: 0.053
********************
***** Epoch 7 Test (windowed) *****
  loss: 0.0086 rmse: 8.917 r2: 0.012 corr: 0.120
********************
  Epoch 7 done in 920.1s

----- Epoch 8 (windowed) -----

###### Windowed train epoch 8 overall metrics
  loss: 0.0985 rmse: 19.092 r2: 0.003 corr: 0.059
***** Epoch 8 Val (windowed) *****
  loss: 0.0081 rmse: 22.285 r2: 0.002 corr: 0.051
********************
***** Epoch 8 Test (windowed) *****
  loss: 0.0083 rmse: 8.918 r2: 0.012 corr: 0.117
********************
  Epoch 8 done in 19.8s

----- Epoch 9 (windowed) -----

###### Windowed train epoch 9 overall metrics
  loss: 0.0975 rmse: 19.093 r2: 0.003 corr: 0.056
***** Epoch 9 Val (windowed) *****
  loss: 0.0077 rmse: 22.286 r2: 0.002 corr: 0.051
********************
***** Epoch 9 Test (windowed) *****
  loss: 0.0081 rmse: 8.919 r2: 0.012 corr: 0.117
********************
  Epoch 9 done in 19.7s

----- Epoch 10 (windowed) -----

###### Windowed train epoch 10 overall metrics
  loss: 0.0965 rmse: 19.091 r2: 0.003 corr: 0.058
***** Epoch 10 Val (windowed) *****
  loss: 0.0076 rmse: 22.286 r2: 0.002 corr: 0.050
********************
***** Epoch 10 Test (windowed) *****
  loss: 0.0078 rmse: 8.918 r2: 0.012 corr: 0.116
********************
  Epoch 10 done in 19.4s

----- Epoch 11 (windowed) -----

###### Windowed train epoch 11 overall metrics
  loss: 0.0955 rmse: 19.090 r2: 0.003 corr: 0.060
***** Epoch 11 Val (windowed) *****
  loss: 0.0076 rmse: 22.285 r2: 0.002 corr: 0.050
********************
***** Epoch 11 Test (windowed) *****
  loss: 0.0078 rmse: 8.917 r2: 0.012 corr: 0.119
********************
  Epoch 11 done in 19.6s

----- Epoch 12 (windowed) -----

###### Windowed train epoch 12 overall metrics
  loss: 0.0944 rmse: 19.090 r2: 0.003 corr: 0.059
***** Epoch 12 Val (windowed) *****
  loss: 0.0073 rmse: 22.285 r2: 0.002 corr: 0.053
********************
***** Epoch 12 Test (windowed) *****
  loss: 0.0077 rmse: 8.917 r2: 0.012 corr: 0.125
********************
  Epoch 12 done in 19.6s

----- Epoch 13 (windowed) -----

###### Windowed train epoch 13 overall metrics
  loss: 0.0936 rmse: 19.089 r2: 0.003 corr: 0.060
***** Epoch 13 Val (windowed) *****
  loss: 0.0074 rmse: 22.284 r2: 0.002 corr: 0.051
********************
***** Epoch 13 Test (windowed) *****
  loss: 0.0077 rmse: 8.912 r2: 0.013 corr: 0.121
********************
  Epoch 13 done in 19.2s

----- Epoch 14 (windowed) -----

###### Windowed train epoch 14 overall metrics
  loss: 0.0931 rmse: 19.089 r2: 0.003 corr: 0.060
***** Epoch 14 Val (windowed) *****
  loss: 0.0070 rmse: 22.283 r2: 0.002 corr: 0.053
********************
***** Epoch 14 Test (windowed) *****
  loss: 0.0074 rmse: 8.913 r2: 0.013 corr: 0.126
********************
  Epoch 14 done in 19.6s

----- Epoch 15 (windowed) -----

###### Windowed train epoch 15 overall metrics
  loss: 0.0920 rmse: 19.086 r2: 0.004 corr: 0.062
***** Epoch 15 Val (windowed) *****
  loss: 0.0071 rmse: 22.283 r2: 0.002 corr: 0.055
********************
***** Epoch 15 Test (windowed) *****
  loss: 0.0074 rmse: 8.912 r2: 0.013 corr: 0.131
********************
  Epoch 15 done in 977.8s

----- Epoch 16 (windowed) -----

###### Windowed train epoch 16 overall metrics
  loss: 0.0916 rmse: 19.087 r2: 0.003 corr: 0.063
***** Epoch 16 Val (windowed) *****
  loss: 0.0068 rmse: 22.281 r2: 0.003 corr: 0.055
********************
***** Epoch 16 Test (windowed) *****
  loss: 0.0074 rmse: 8.907 r2: 0.014 corr: 0.132
********************
  Epoch 16 done in 20.3s

----- Epoch 17 (windowed) -----

###### Windowed train epoch 17 overall metrics
  loss: 0.0905 rmse: 19.085 r2: 0.004 corr: 0.063
***** Epoch 17 Val (windowed) *****
  loss: 0.0066 rmse: 22.280 r2: 0.003 corr: 0.061
********************
***** Epoch 17 Test (windowed) *****
  loss: 0.0073 rmse: 8.908 r2: 0.014 corr: 0.142
********************
  Epoch 17 done in 19.8s

----- Epoch 18 (windowed) -----

###### Windowed train epoch 18 overall metrics
  loss: 0.0898 rmse: 19.083 r2: 0.004 corr: 0.068
***** Epoch 18 Val (windowed) *****
  loss: 0.0072 rmse: 22.277 r2: 0.003 corr: 0.062
********************
***** Epoch 18 Test (windowed) *****
  loss: 0.0075 rmse: 8.901 r2: 0.016 corr: 0.145
********************
  Epoch 18 done in 19.3s

----- Epoch 19 (windowed) -----

###### Windowed train epoch 19 overall metrics
  loss: 0.0893 rmse: 19.080 r2: 0.004 corr: 0.067
***** Epoch 19 Val (windowed) *****
  loss: 0.0063 rmse: 22.275 r2: 0.003 corr: 0.063
********************
***** Epoch 19 Test (windowed) *****
  loss: 0.0072 rmse: 8.899 r2: 0.016 corr: 0.146
********************
  Epoch 19 done in 19.5s

----- Epoch 20 (windowed) -----

###### Windowed train epoch 20 overall metrics
  loss: 0.0886 rmse: 19.079 r2: 0.004 corr: 0.069
***** Epoch 20 Val (windowed) *****
  loss: 0.0065 rmse: 22.272 r2: 0.003 corr: 0.065
********************
***** Epoch 20 Test (windowed) *****
  loss: 0.0072 rmse: 8.894 r2: 0.017 corr: 0.149
********************
  Epoch 20 done in 19.6s
  Saved best model → model/FIM_restoration_0412_stations_monthly/2012/gat-rnn-v2-windowed_bs-128_lr-0.001_maxepoch-50_testyear-2012_win-3_nwin-10_seed-0/model-20

----- Epoch 21 (windowed) -----

###### Windowed train epoch 21 overall metrics
  loss: 0.0878 rmse: 19.077 r2: 0.004 corr: 0.069
***** Epoch 21 Val (windowed) *****
  loss: 0.0063 rmse: 22.272 r2: 0.003 corr: 0.067
********************
***** Epoch 21 Test (windowed) *****
  loss: 0.0072 rmse: 8.895 r2: 0.017 corr: 0.150
********************
  Epoch 21 done in 19.4s
  Saved best model → model/FIM_restoration_0412_stations_monthly/2012/gat-rnn-v2-windowed_bs-128_lr-0.001_maxepoch-50_testyear-2012_win-3_nwin-10_seed-0/model-21

----- Epoch 22 (windowed) -----

###### Windowed train epoch 22 overall metrics
  loss: 0.0872 rmse: 19.075 r2: 0.005 corr: 0.069
***** Epoch 22 Val (windowed) *****
  loss: 0.0066 rmse: 22.272 r2: 0.003 corr: 0.072
********************
***** Epoch 22 Test (windowed) *****
  loss: 0.0076 rmse: 8.897 r2: 0.017 corr: 0.159
********************
  Epoch 22 done in 928.0s

----- Epoch 23 (windowed) -----

###### Windowed train epoch 23 overall metrics
  loss: 0.0864 rmse: 19.077 r2: 0.005 corr: 0.073
***** Epoch 23 Val (windowed) *****
  loss: 0.0059 rmse: 22.268 r2: 0.004 corr: 0.070
********************
***** Epoch 23 Test (windowed) *****
  loss: 0.0072 rmse: 8.890 r2: 0.018 corr: 0.152
********************
  Epoch 23 done in 19.4s
  Saved best model → model/FIM_restoration_0412_stations_monthly/2012/gat-rnn-v2-windowed_bs-128_lr-0.001_maxepoch-50_testyear-2012_win-3_nwin-10_seed-0/model-23

----- Epoch 24 (windowed) -----

###### Windowed train epoch 24 overall metrics
  loss: 0.0859 rmse: 19.073 r2: 0.005 corr: 0.072
***** Epoch 24 Val (windowed) *****
  loss: 0.0059 rmse: 22.271 r2: 0.003 corr: 0.071
********************
***** Epoch 24 Test (windowed) *****
  loss: 0.0072 rmse: 8.896 r2: 0.017 corr: 0.156
********************
  Epoch 24 done in 19.6s

----- Epoch 25 (windowed) -----

###### Windowed train epoch 25 overall metrics
  loss: 0.0853 rmse: 19.071 r2: 0.005 corr: 0.074
***** Epoch 25 Val (windowed) *****
  loss: 0.0058 rmse: 22.265 r2: 0.004 corr: 0.070
********************
***** Epoch 25 Test (windowed) *****
  loss: 0.0069 rmse: 8.885 r2: 0.019 corr: 0.152
********************
  Epoch 25 done in 19.5s
  Saved best model → model/FIM_restoration_0412_stations_monthly/2012/gat-rnn-v2-windowed_bs-128_lr-0.001_maxepoch-50_testyear-2012_win-3_nwin-10_seed-0/model-25

----- Epoch 26 (windowed) -----

###### Windowed train epoch 26 overall metrics
  loss: 0.0846 rmse: 19.069 r2: 0.005 corr: 0.077
***** Epoch 26 Val (windowed) *****
  loss: 0.0057 rmse: 22.268 r2: 0.004 corr: 0.072
********************
***** Epoch 26 Test (windowed) *****
  loss: 0.0070 rmse: 8.890 r2: 0.018 corr: 0.156
********************
  Epoch 26 done in 19.4s

----- Epoch 27 (windowed) -----

###### Windowed train epoch 27 overall metrics
  loss: 0.0840 rmse: 19.069 r2: 0.005 corr: 0.075
***** Epoch 27 Val (windowed) *****
  loss: 0.0057 rmse: 22.271 r2: 0.003 corr: 0.074
********************
***** Epoch 27 Test (windowed) *****
  loss: 0.0070 rmse: 8.898 r2: 0.017 corr: 0.161
********************
  Epoch 27 done in 1049.8s

----- Epoch 28 (windowed) -----

###### Windowed train epoch 28 overall metrics
  loss: 0.0833 rmse: 19.066 r2: 0.006 corr: 0.080
***** Epoch 28 Val (windowed) *****
  loss: 0.0056 rmse: 22.263 r2: 0.004 corr: 0.072
********************
***** Epoch 28 Test (windowed) *****
  loss: 0.0070 rmse: 8.884 r2: 0.020 corr: 0.154
********************
  Epoch 28 done in 19.7s
  Saved best model → model/FIM_restoration_0412_stations_monthly/2012/gat-rnn-v2-windowed_bs-128_lr-0.001_maxepoch-50_testyear-2012_win-3_nwin-10_seed-0/model-28

----- Epoch 29 (windowed) -----

###### Windowed train epoch 29 overall metrics
  loss: 0.0827 rmse: 19.068 r2: 0.005 corr: 0.076
***** Epoch 29 Val (windowed) *****
  loss: 0.0058 rmse: 22.271 r2: 0.004 corr: 0.077
********************
***** Epoch 29 Test (windowed) *****
  loss: 0.0072 rmse: 8.898 r2: 0.017 corr: 0.164
********************
  Epoch 29 done in 19.8s

----- Epoch 30 (windowed) -----

###### Windowed train epoch 30 overall metrics
  loss: 0.0821 rmse: 19.075 r2: 0.005 corr: 0.072
***** Epoch 30 Val (windowed) *****
  loss: 0.0054 rmse: 22.265 r2: 0.004 corr: 0.072
********************
***** Epoch 30 Test (windowed) *****
  loss: 0.0068 rmse: 8.884 r2: 0.020 corr: 0.156
********************
  Epoch 30 done in 19.6s

----- Epoch 31 (windowed) -----

###### Windowed train epoch 31 overall metrics
  loss: 0.0816 rmse: 19.068 r2: 0.005 corr: 0.076
***** Epoch 31 Val (windowed) *****
  loss: 0.0053 rmse: 22.266 r2: 0.004 corr: 0.071
********************
***** Epoch 31 Test (windowed) *****
  loss: 0.0067 rmse: 8.883 r2: 0.020 corr: 0.159
********************
  Epoch 31 done in 19.5s

----- Epoch 32 (windowed) -----

###### Windowed train epoch 32 overall metrics
  loss: 0.0808 rmse: 19.065 r2: 0.006 corr: 0.081
***** Epoch 32 Val (windowed) *****
  loss: 0.0054 rmse: 22.261 r2: 0.004 corr: 0.071
********************
***** Epoch 32 Test (windowed) *****
  loss: 0.0067 rmse: 8.877 r2: 0.021 corr: 0.153
********************
  Epoch 32 done in 19.4s
  Saved best model → model/FIM_restoration_0412_stations_monthly/2012/gat-rnn-v2-windowed_bs-128_lr-0.001_maxepoch-50_testyear-2012_win-3_nwin-10_seed-0/model-32

----- Epoch 33 (windowed) -----

###### Windowed train epoch 33 overall metrics
  loss: 0.0803 rmse: 19.068 r2: 0.005 corr: 0.077
***** Epoch 33 Val (windowed) *****
  loss: 0.0050 rmse: 22.262 r2: 0.004 corr: 0.075
********************
***** Epoch 33 Test (windowed) *****
  loss: 0.0067 rmse: 8.880 r2: 0.020 corr: 0.159
********************
  Epoch 33 done in 20.3s

----- Epoch 34 (windowed) -----

###### Windowed train epoch 34 overall metrics
  loss: 0.0796 rmse: 19.053 r2: 0.007 corr: 0.089
***** Epoch 34 Val (windowed) *****
  loss: 0.0050 rmse: 22.264 r2: 0.004 corr: 0.076
********************
***** Epoch 34 Test (windowed) *****
  loss: 0.0068 rmse: 8.882 r2: 0.020 corr: 0.160
********************
  Epoch 34 done in 20.2s

----- Epoch 35 (windowed) -----

###### Windowed train epoch 35 overall metrics
  loss: 0.0792 rmse: 19.071 r2: 0.005 corr: 0.073
***** Epoch 35 Val (windowed) *****
  loss: 0.0051 rmse: 22.262 r2: 0.004 corr: 0.075
********************
***** Epoch 35 Test (windowed) *****
  loss: 0.0068 rmse: 8.879 r2: 0.021 corr: 0.160
********************
  Epoch 35 done in 19.5s

----- Epoch 36 (windowed) -----

###### Windowed train epoch 36 overall metrics
  loss: 0.0787 rmse: 19.066 r2: 0.006 corr: 0.078
***** Epoch 36 Val (windowed) *****
  loss: 0.0050 rmse: 22.262 r2: 0.004 corr: 0.073
********************
***** Epoch 36 Test (windowed) *****
  loss: 0.0067 rmse: 8.877 r2: 0.021 corr: 0.159
********************
  Epoch 36 done in 19.5s

----- Epoch 37 (windowed) -----

###### Windowed train epoch 37 overall metrics
  loss: 0.0781 rmse: 19.062 r2: 0.006 corr: 0.080
***** Epoch 37 Val (windowed) *****
  loss: 0.0049 rmse: 22.262 r2: 0.004 corr: 0.076
********************
***** Epoch 37 Test (windowed) *****
  loss: 0.0068 rmse: 8.879 r2: 0.021 corr: 0.161
********************
  Epoch 37 done in 19.2s

----- Epoch 38 (windowed) -----

###### Windowed train epoch 38 overall metrics
  loss: 0.0775 rmse: 19.067 r2: 0.006 corr: 0.078
***** Epoch 38 Val (windowed) *****
  loss: 0.0048 rmse: 22.260 r2: 0.004 corr: 0.074
********************
***** Epoch 38 Test (windowed) *****
  loss: 0.0066 rmse: 8.875 r2: 0.022 corr: 0.158
********************
  Epoch 38 done in 19.4s
  Saved best model → model/FIM_restoration_0412_stations_monthly/2012/gat-rnn-v2-windowed_bs-128_lr-0.001_maxepoch-50_testyear-2012_win-3_nwin-10_seed-0/model-38

----- Epoch 39 (windowed) -----

###### Windowed train epoch 39 overall metrics
  loss: 0.0770 rmse: 19.056 r2: 0.007 corr: 0.085
***** Epoch 39 Val (windowed) *****
  loss: 0.0049 rmse: 22.263 r2: 0.004 corr: 0.079
********************
***** Epoch 39 Test (windowed) *****
  loss: 0.0066 rmse: 8.881 r2: 0.020 corr: 0.165
********************
  Epoch 39 done in 19.7s

----- Epoch 40 (windowed) -----

###### Windowed train epoch 40 overall metrics
  loss: 0.0765 rmse: 19.067 r2: 0.006 corr: 0.080
***** Epoch 40 Val (windowed) *****
  loss: 0.0047 rmse: 22.258 r2: 0.005 corr: 0.074
********************
***** Epoch 40 Test (windowed) *****
  loss: 0.0064 rmse: 8.870 r2: 0.023 corr: 0.159
********************
  Epoch 40 done in 20.0s
  Saved best model → model/FIM_restoration_0412_stations_monthly/2012/gat-rnn-v2-windowed_bs-128_lr-0.001_maxepoch-50_testyear-2012_win-3_nwin-10_seed-0/model-40

----- Epoch 41 (windowed) -----

###### Windowed train epoch 41 overall metrics
  loss: 0.0759 rmse: 19.067 r2: 0.006 corr: 0.076
***** Epoch 41 Val (windowed) *****
  loss: 0.0047 rmse: 22.262 r2: 0.004 corr: 0.076
********************
***** Epoch 41 Test (windowed) *****
  loss: 0.0065 rmse: 8.878 r2: 0.021 corr: 0.164
********************
  Epoch 41 done in 20.0s

----- Epoch 42 (windowed) -----

###### Windowed train epoch 42 overall metrics
  loss: 0.0757 rmse: 19.071 r2: 0.005 corr: 0.076
***** Epoch 42 Val (windowed) *****
  loss: 0.0048 rmse: 22.261 r2: 0.004 corr: 0.076
********************
***** Epoch 42 Test (windowed) *****
  loss: 0.0066 rmse: 8.878 r2: 0.021 corr: 0.160
********************
  Epoch 42 done in 19.5s

----- Epoch 43 (windowed) -----

###### Windowed train epoch 43 overall metrics
  loss: 0.0747 rmse: 19.064 r2: 0.006 corr: 0.079
***** Epoch 43 Val (windowed) *****
  loss: 0.0045 rmse: 22.263 r2: 0.004 corr: 0.076
********************
***** Epoch 43 Test (windowed) *****
  loss: 0.0064 rmse: 8.879 r2: 0.021 corr: 0.162
********************
  Epoch 43 done in 19.5s

----- Epoch 44 (windowed) -----

###### Windowed train epoch 44 overall metrics
  loss: 0.0744 rmse: 19.066 r2: 0.006 corr: 0.077
***** Epoch 44 Val (windowed) *****
  loss: 0.0049 rmse: 22.261 r2: 0.004 corr: 0.075
********************
***** Epoch 44 Test (windowed) *****
  loss: 0.0065 rmse: 8.875 r2: 0.022 corr: 0.161
********************
  Epoch 44 done in 19.5s

----- Epoch 45 (windowed) -----

###### Windowed train epoch 45 overall metrics
  loss: 0.0740 rmse: 19.070 r2: 0.005 corr: 0.076
***** Epoch 45 Val (windowed) *****
  loss: 0.0046 rmse: 22.258 r2: 0.005 corr: 0.073
********************
***** Epoch 45 Test (windowed) *****
  loss: 0.0064 rmse: 8.868 r2: 0.023 corr: 0.158
********************
  Epoch 45 done in 19.5s

----- Epoch 46 (windowed) -----

###### Windowed train epoch 46 overall metrics
  loss: 0.0735 rmse: 19.048 r2: 0.008 corr: 0.092
***** Epoch 46 Val (windowed) *****
  loss: 0.0052 rmse: 22.264 r2: 0.004 corr: 0.076
********************
***** Epoch 46 Test (windowed) *****
  loss: 0.0069 rmse: 8.878 r2: 0.021 corr: 0.165
********************
  Epoch 46 done in 918.0s

----- Epoch 47 (windowed) -----

###### Windowed train epoch 47 overall metrics
  loss: 0.0730 rmse: 19.062 r2: 0.006 corr: 0.079
***** Epoch 47 Val (windowed) *****
  loss: 0.0046 rmse: 22.265 r2: 0.004 corr: 0.079
********************
***** Epoch 47 Test (windowed) *****
  loss: 0.0067 rmse: 8.882 r2: 0.020 corr: 0.169
********************
  Epoch 47 done in 19.8s

----- Epoch 48 (windowed) -----

###### Windowed train epoch 48 overall metrics
  loss: 0.0724 rmse: 19.061 r2: 0.006 corr: 0.084
***** Epoch 48 Val (windowed) *****
  loss: 0.0045 rmse: 22.258 r2: 0.005 corr: 0.074
********************
***** Epoch 48 Test (windowed) *****
  loss: 0.0065 rmse: 8.869 r2: 0.023 corr: 0.159
********************
  Epoch 48 done in 19.6s
  Saved best model → model/FIM_restoration_0412_stations_monthly/2012/gat-rnn-v2-windowed_bs-128_lr-0.001_maxepoch-50_testyear-2012_win-3_nwin-10_seed-0/model-48

----- Epoch 49 (windowed) -----

###### Windowed train epoch 49 overall metrics
  loss: 0.0720 rmse: 19.052 r2: 0.007 corr: 0.089
***** Epoch 49 Val (windowed) *****
  loss: 0.0048 rmse: 22.259 r2: 0.005 corr: 0.076
********************
***** Epoch 49 Test (windowed) *****
  loss: 0.0068 rmse: 8.872 r2: 0.022 corr: 0.162
********************
  Epoch 49 done in 19.3s
Fold done — best val RMSE=22.2576 test R²=0.0229 corr=0.1587

================================================================
Rolling-windowed  test_year=2013
  Val  : 2012
  Test : 2013
  win_size=3  n_windows=10
================================================================
Initially data (54319, 166)
After filtering (31272, 166)
[data hygiene] 3 target column(s) look like raw counts (max > 15); applying log1p
get_X_Y
X shape (31272, 107)
Y shape (31272, 57)
Y (output) means tensor([[0.1417, 0.0112, 0.2628, 0.1501, 0.0152, 0.0632, 0.1666, 0.0213, 0.0409,
         0.0127, 0.0738, 0.1403, 0.0194, 0.0153, 0.0081, 0.0018, 0.0000, 0.1165,
         0.1165, 0.1165, 0.1165, 0.4550, 0.4388, 0.0442, 0.0394, 0.0898, 1.0341,
         0.0144, 0.0363, 0.0631, 0.0799, 0.0081, 0.0470, 0.0042, 0.9393, 0.3591,
         0.0715, 0.1258, 0.0028, 0.0895, 0.0088, 0.0081, 0.0680, 0.0917, 0.1134,
         0.1070, 0.0076, 0.0186, 0.0112, 0.0229, 0.0178, 0.0159, 0.0093, 0.0286,
         0.0061, 0.4006, 0.0150]]) stds tensor([[0.4722, 0.1316, 0.6428, 0.5588, 0.1458, 0.3083, 0.5297, 0.1835, 0.2743,
         0.1529, 0.4004, 0.4492, 0.1366, 0.1783, 0.1286, 0.1310, 1.0000, 0.3208,
         0.3208, 0.3208, 0.3208, 0.4980, 0.4962, 0.2414, 0.3539, 0.5192, 2.1110,
         0.1396, 0.2212, 0.3752, 0.4306, 0.1567, 0.3661, 0.0931, 1.6199, 0.8737,
         0.4060, 0.6366, 0.0649, 0.4525, 0.1430, 0.1291, 0.4470, 0.3940, 0.4738,
         0.4249, 0.1208, 0.1463, 0.1501, 0.2269, 0.1874, 0.1763, 0.1363, 0.2931,
         0.1418, 1.1838, 0.1559]])
Y count-scale means tensor([[4.7768e-01, 3.2624e-02, 1.0507e+00, 7.9737e-01, 3.9578e-02, 2.1787e-01,
         6.2541e-01, 6.5101e-02, 1.6856e-01, 4.4017e-02, 4.7901e-01, 4.2290e-01,
         4.1906e-02, 1.1385e-01, 4.2054e-02, 7.9643e+00, 0.0000e+00, 2.0014e-01,
         2.0014e-01, 2.0014e-01, 2.0014e-01, 7.8195e-01, 7.5410e-01, 1.2724e-01,
         4.6580e-01, 2.4595e+00, 2.5241e+02, 3.6212e-02, 9.0475e-02, 3.6353e-01,
         5.8905e-01, 9.1881e-02, 7.7814e-01, 2.0825e-02, 1.9589e+01, 2.8240e+00,
         4.3229e-01, 2.3086e+00, 8.2486e-03, 5.5461e-01, 4.8049e-02, 4.9380e-02,
         1.0117e+00, 3.3941e-01, 5.8095e-01, 4.2034e-01, 3.6027e-02, 3.9911e-02,
         5.2561e-02, 1.4082e-01, 7.4126e-02, 6.5323e-02, 3.7988e-02, 7.2155e-01,
         1.3394e-01, 1.5088e+01, 4.5977e-02]]) stds tensor([[3.4002e+00, 6.2538e-01, 6.3290e+00, 6.3890e+00, 6.2082e-01, 4.2347e+00,
         4.0371e+00, 9.9105e-01, 2.5418e+00, 7.6718e-01, 8.4774e+00, 2.6510e+00,
         7.0446e-01, 5.8108e+00, 1.4068e+00, 1.0090e+03, 1.0000e+00, 5.5120e-01,
         5.5120e-01, 5.5120e-01, 5.5120e-01, 8.5567e-01, 8.5263e-01, 2.2461e+00,
         7.6145e+00, 6.1556e+01, 2.8916e+03, 6.6402e-01, 8.8855e-01, 4.2922e+00,
         8.9587e+00, 3.6527e+00, 2.2252e+01, 8.5726e-01, 9.0018e+01, 2.0524e+01,
         4.4116e+00, 3.5117e+01, 3.5252e-01, 6.1996e+00, 1.3242e+00, 2.1201e+00,
         2.0308e+01, 2.9212e+00, 6.1287e+00, 3.8101e+00, 1.4536e+00, 5.1991e-01,
         1.7074e+00, 3.6965e+00, 1.3161e+00, 1.2432e+00, 8.5356e-01, 4.1983e+01,
         7.0844e+00, 1.8192e+02, 7.6295e-01]])
Loaded per-window (calendar) month weights from analysis/figures/month_weights_per_window.npz: cube.shape=(25, 12, 57)
/Users/liyingnceas/GitHub/GNN-RNN-main/gnn-lstm-v3/utils/data_utils.py:258: RuntimeWarning: Mean of empty slice
  np.nanmean(county_dict[county], axis=0).astype(np.float32)
Filled 78616 missing (node, year) entries from neighbors or year averages
[2D] Station nodes: 587, adj nnz: 2910
[build_year_XY_windowed] data_start=1998, min_pred_year=2009, test_year=2013, win_size=3, n_windows=10
  built windows for T=2009
[build_year_XY_windowed] built windowed XY for 5 prediction years (2009–2013)
  GAT_RNN_V2: edge_feat_dim=3, n_heads=4, n_hidden=64

----- Epoch 0 (windowed) -----

###### Windowed train epoch 0 overall metrics
  loss: 0.1252 rmse: 17.127 r2: 0.004 corr: 0.076
***** Epoch 0 Val (windowed) *****
  loss: 0.0159 rmse: 8.926 r2: 0.011 corr: 0.120
********************
***** Epoch 0 Test (windowed) *****
  loss: 0.0158 rmse: 6.632 r2: 0.020 corr: 0.156
********************
  Epoch 0 done in 23.4s
  Saved best model → model/FIM_restoration_0412_stations_monthly/2013/gat-rnn-v2-windowed_bs-128_lr-0.001_maxepoch-50_testyear-2013_win-3_nwin-10_seed-0/model-0

----- Epoch 1 (windowed) -----

###### Windowed train epoch 1 overall metrics
  loss: 0.1119 rmse: 17.125 r2: 0.004 corr: 0.067
***** Epoch 1 Val (windowed) *****
  loss: 0.0113 rmse: 8.931 r2: 0.010 corr: 0.105
********************
***** Epoch 1 Test (windowed) *****
  loss: 0.0116 rmse: 6.637 r2: 0.018 corr: 0.138
********************
  Epoch 1 done in 946.2s

----- Epoch 2 (windowed) -----

###### Windowed train epoch 2 overall metrics
  loss: 0.1062 rmse: 17.127 r2: 0.003 corr: 0.063
***** Epoch 2 Val (windowed) *****
  loss: 0.0097 rmse: 8.929 r2: 0.011 corr: 0.112
********************
***** Epoch 2 Test (windowed) *****
  loss: 0.0101 rmse: 6.632 r2: 0.020 corr: 0.150
********************
  Epoch 2 done in 23.9s

----- Epoch 3 (windowed) -----

###### Windowed train epoch 3 overall metrics
  loss: 0.1035 rmse: 17.127 r2: 0.004 corr: 0.065
***** Epoch 3 Val (windowed) *****
  loss: 0.0088 rmse: 8.928 r2: 0.011 corr: 0.112
********************
***** Epoch 3 Test (windowed) *****
  loss: 0.0095 rmse: 6.630 r2: 0.020 corr: 0.153
********************
  Epoch 3 done in 23.7s

----- Epoch 4 (windowed) -----

###### Windowed train epoch 4 overall metrics
  loss: 0.1016 rmse: 17.128 r2: 0.003 corr: 0.064
***** Epoch 4 Val (windowed) *****
  loss: 0.0085 rmse: 8.929 r2: 0.011 corr: 0.112
********************
***** Epoch 4 Test (windowed) *****
  loss: 0.0094 rmse: 6.631 r2: 0.020 corr: 0.154
********************
  Epoch 4 done in 23.8s

----- Epoch 5 (windowed) -----

###### Windowed train epoch 5 overall metrics
  loss: 0.1000 rmse: 17.129 r2: 0.003 corr: 0.059
***** Epoch 5 Val (windowed) *****
  loss: 0.0089 rmse: 8.928 r2: 0.011 corr: 0.112
********************
***** Epoch 5 Test (windowed) *****
  loss: 0.0096 rmse: 6.630 r2: 0.020 corr: 0.154
********************
  Epoch 5 done in 23.5s

----- Epoch 6 (windowed) -----

###### Windowed train epoch 6 overall metrics
  loss: 0.0988 rmse: 17.127 r2: 0.003 corr: 0.063
***** Epoch 6 Val (windowed) *****
  loss: 0.0080 rmse: 8.927 r2: 0.011 corr: 0.110
********************
***** Epoch 6 Test (windowed) *****
  loss: 0.0089 rmse: 6.627 r2: 0.021 corr: 0.152
********************
  Epoch 6 done in 23.7s

----- Epoch 7 (windowed) -----

###### Windowed train epoch 7 overall metrics
  loss: 0.0975 rmse: 17.125 r2: 0.004 corr: 0.064
***** Epoch 7 Val (windowed) *****
  loss: 0.0081 rmse: 8.925 r2: 0.012 corr: 0.112
********************
***** Epoch 7 Test (windowed) *****
  loss: 0.0089 rmse: 6.624 r2: 0.022 corr: 0.156
********************
  Epoch 7 done in 944.2s
  Saved best model → model/FIM_restoration_0412_stations_monthly/2013/gat-rnn-v2-windowed_bs-128_lr-0.001_maxepoch-50_testyear-2013_win-3_nwin-10_seed-0/model-7

----- Epoch 8 (windowed) -----

###### Windowed train epoch 8 overall metrics
  loss: 0.0964 rmse: 17.126 r2: 0.004 corr: 0.062
***** Epoch 8 Val (windowed) *****
  loss: 0.0076 rmse: 8.923 r2: 0.012 corr: 0.114
********************
***** Epoch 8 Test (windowed) *****
  loss: 0.0088 rmse: 6.621 r2: 0.023 corr: 0.158
********************
  Epoch 8 done in 24.0s
  Saved best model → model/FIM_restoration_0412_stations_monthly/2013/gat-rnn-v2-windowed_bs-128_lr-0.001_maxepoch-50_testyear-2013_win-3_nwin-10_seed-0/model-8

----- Epoch 9 (windowed) -----

###### Windowed train epoch 9 overall metrics
  loss: 0.0951 rmse: 17.123 r2: 0.004 corr: 0.065
***** Epoch 9 Val (windowed) *****
  loss: 0.0074 rmse: 8.922 r2: 0.012 corr: 0.115
********************
***** Epoch 9 Test (windowed) *****
  loss: 0.0086 rmse: 6.620 r2: 0.023 corr: 0.159
********************
  Epoch 9 done in 23.3s
  Saved best model → model/FIM_restoration_0412_stations_monthly/2013/gat-rnn-v2-windowed_bs-128_lr-0.001_maxepoch-50_testyear-2013_win-3_nwin-10_seed-0/model-9

----- Epoch 10 (windowed) -----

###### Windowed train epoch 10 overall metrics
  loss: 0.0940 rmse: 17.126 r2: 0.004 corr: 0.062
***** Epoch 10 Val (windowed) *****
  loss: 0.0077 rmse: 8.920 r2: 0.013 corr: 0.121
********************
***** Epoch 10 Test (windowed) *****
  loss: 0.0084 rmse: 6.619 r2: 0.024 corr: 0.166
********************
  Epoch 10 done in 24.0s
  Saved best model → model/FIM_restoration_0412_stations_monthly/2013/gat-rnn-v2-windowed_bs-128_lr-0.001_maxepoch-50_testyear-2013_win-3_nwin-10_seed-0/model-10

----- Epoch 11 (windowed) -----

###### Windowed train epoch 11 overall metrics
  loss: 0.0930 rmse: 17.121 r2: 0.004 corr: 0.069
***** Epoch 11 Val (windowed) *****
  loss: 0.0072 rmse: 8.920 r2: 0.013 corr: 0.119
********************
***** Epoch 11 Test (windowed) *****
  loss: 0.0086 rmse: 6.617 r2: 0.024 corr: 0.164
********************
  Epoch 11 done in 23.6s
  Saved best model → model/FIM_restoration_0412_stations_monthly/2013/gat-rnn-v2-windowed_bs-128_lr-0.001_maxepoch-50_testyear-2013_win-3_nwin-10_seed-0/model-11

----- Epoch 12 (windowed) -----

###### Windowed train epoch 12 overall metrics
  loss: 0.0919 rmse: 17.125 r2: 0.004 corr: 0.062
***** Epoch 12 Val (windowed) *****
  loss: 0.0070 rmse: 8.919 r2: 0.013 corr: 0.125
********************
***** Epoch 12 Test (windowed) *****
  loss: 0.0078 rmse: 6.617 r2: 0.024 corr: 0.171
********************
  Epoch 12 done in 23.6s
  Saved best model → model/FIM_restoration_0412_stations_monthly/2013/gat-rnn-v2-windowed_bs-128_lr-0.001_maxepoch-50_testyear-2013_win-3_nwin-10_seed-0/model-12

----- Epoch 13 (windowed) -----

###### Windowed train epoch 13 overall metrics
  loss: 0.0909 rmse: 17.123 r2: 0.004 corr: 0.066
***** Epoch 13 Val (windowed) *****
  loss: 0.0069 rmse: 8.918 r2: 0.013 corr: 0.117
********************
***** Epoch 13 Test (windowed) *****
  loss: 0.0078 rmse: 6.613 r2: 0.025 corr: 0.163
********************
  Epoch 13 done in 973.4s
  Saved best model → model/FIM_restoration_0412_stations_monthly/2013/gat-rnn-v2-windowed_bs-128_lr-0.001_maxepoch-50_testyear-2013_win-3_nwin-10_seed-0/model-13

----- Epoch 14 (windowed) -----

###### Windowed train epoch 14 overall metrics
  loss: 0.0900 rmse: 17.122 r2: 0.004 corr: 0.067
***** Epoch 14 Val (windowed) *****
  loss: 0.0068 rmse: 8.918 r2: 0.013 corr: 0.121
********************
***** Epoch 14 Test (windowed) *****
  loss: 0.0077 rmse: 6.613 r2: 0.025 corr: 0.168
********************
  Epoch 14 done in 23.8s
  Saved best model → model/FIM_restoration_0412_stations_monthly/2013/gat-rnn-v2-windowed_bs-128_lr-0.001_maxepoch-50_testyear-2013_win-3_nwin-10_seed-0/model-14

----- Epoch 15 (windowed) -----

###### Windowed train epoch 15 overall metrics
  loss: 0.0891 rmse: 17.118 r2: 0.005 corr: 0.070
***** Epoch 15 Val (windowed) *****
  loss: 0.0067 rmse: 8.916 r2: 0.014 corr: 0.125
********************
***** Epoch 15 Test (windowed) *****
  loss: 0.0076 rmse: 6.611 r2: 0.026 corr: 0.172
********************
  Epoch 15 done in 23.8s
  Saved best model → model/FIM_restoration_0412_stations_monthly/2013/gat-rnn-v2-windowed_bs-128_lr-0.001_maxepoch-50_testyear-2013_win-3_nwin-10_seed-0/model-15

----- Epoch 16 (windowed) -----

###### Windowed train epoch 16 overall metrics
  loss: 0.0883 rmse: 17.123 r2: 0.004 corr: 0.065
***** Epoch 16 Val (windowed) *****
  loss: 0.0066 rmse: 8.915 r2: 0.014 corr: 0.122
********************
***** Epoch 16 Test (windowed) *****
  loss: 0.0076 rmse: 6.608 r2: 0.027 corr: 0.171
********************
  Epoch 16 done in 24.1s
  Saved best model → model/FIM_restoration_0412_stations_monthly/2013/gat-rnn-v2-windowed_bs-128_lr-0.001_maxepoch-50_testyear-2013_win-3_nwin-10_seed-0/model-16

----- Epoch 17 (windowed) -----

###### Windowed train epoch 17 overall metrics
  loss: 0.0872 rmse: 17.118 r2: 0.004 corr: 0.068
***** Epoch 17 Val (windowed) *****
  loss: 0.0065 rmse: 8.914 r2: 0.014 corr: 0.125
********************
***** Epoch 17 Test (windowed) *****
  loss: 0.0074 rmse: 6.607 r2: 0.027 corr: 0.174
********************
  Epoch 17 done in 23.6s
  Saved best model → model/FIM_restoration_0412_stations_monthly/2013/gat-rnn-v2-windowed_bs-128_lr-0.001_maxepoch-50_testyear-2013_win-3_nwin-10_seed-0/model-17

----- Epoch 18 (windowed) -----

###### Windowed train epoch 18 overall metrics
  loss: 0.0863 rmse: 17.118 r2: 0.005 corr: 0.070
***** Epoch 18 Val (windowed) *****
  loss: 0.0064 rmse: 8.914 r2: 0.014 corr: 0.128
********************
***** Epoch 18 Test (windowed) *****
  loss: 0.0079 rmse: 6.606 r2: 0.027 corr: 0.178
********************
  Epoch 18 done in 23.8s
  Saved best model → model/FIM_restoration_0412_stations_monthly/2013/gat-rnn-v2-windowed_bs-128_lr-0.001_maxepoch-50_testyear-2013_win-3_nwin-10_seed-0/model-18

----- Epoch 19 (windowed) -----

###### Windowed train epoch 19 overall metrics
  loss: 0.0856 rmse: 17.120 r2: 0.004 corr: 0.068
***** Epoch 19 Val (windowed) *****
  loss: 0.0065 rmse: 8.911 r2: 0.015 corr: 0.129
********************
***** Epoch 19 Test (windowed) *****
  loss: 0.0075 rmse: 6.600 r2: 0.029 corr: 0.181
********************
  Epoch 19 done in 23.6s
  Saved best model → model/FIM_restoration_0412_stations_monthly/2013/gat-rnn-v2-windowed_bs-128_lr-0.001_maxepoch-50_testyear-2013_win-3_nwin-10_seed-0/model-19

----- Epoch 20 (windowed) -----

###### Windowed train epoch 20 overall metrics
  loss: 0.0846 rmse: 17.123 r2: 0.004 corr: 0.064
***** Epoch 20 Val (windowed) *****
  loss: 0.0061 rmse: 8.910 r2: 0.015 corr: 0.134
********************
***** Epoch 20 Test (windowed) *****
  loss: 0.0072 rmse: 6.599 r2: 0.030 corr: 0.187
********************
  Epoch 20 done in 951.7s
  Saved best model → model/FIM_restoration_0412_stations_monthly/2013/gat-rnn-v2-windowed_bs-128_lr-0.001_maxepoch-50_testyear-2013_win-3_nwin-10_seed-0/model-20

----- Epoch 21 (windowed) -----

###### Windowed train epoch 21 overall metrics
  loss: 0.0839 rmse: 17.111 r2: 0.005 corr: 0.078
***** Epoch 21 Val (windowed) *****
  loss: 0.0061 rmse: 8.905 r2: 0.016 corr: 0.134
********************
***** Epoch 21 Test (windowed) *****
  loss: 0.0072 rmse: 6.591 r2: 0.032 corr: 0.189
********************
  Epoch 21 done in 23.9s
  Saved best model → model/FIM_restoration_0412_stations_monthly/2013/gat-rnn-v2-windowed_bs-128_lr-0.001_maxepoch-50_testyear-2013_win-3_nwin-10_seed-0/model-21

----- Epoch 22 (windowed) -----

###### Windowed train epoch 22 overall metrics
  loss: 0.0832 rmse: 17.116 r2: 0.005 corr: 0.071
***** Epoch 22 Val (windowed) *****
  loss: 0.0067 rmse: 8.903 r2: 0.017 corr: 0.134
********************
***** Epoch 22 Test (windowed) *****
  loss: 0.0074 rmse: 6.585 r2: 0.033 corr: 0.191
********************
  Epoch 22 done in 23.8s
  Saved best model → model/FIM_restoration_0412_stations_monthly/2013/gat-rnn-v2-windowed_bs-128_lr-0.001_maxepoch-50_testyear-2013_win-3_nwin-10_seed-0/model-22

----- Epoch 23 (windowed) -----

###### Windowed train epoch 23 overall metrics
  loss: 0.0824 rmse: 17.113 r2: 0.005 corr: 0.073
***** Epoch 23 Val (windowed) *****
  loss: 0.0060 rmse: 8.899 r2: 0.017 corr: 0.142
********************
***** Epoch 23 Test (windowed) *****
  loss: 0.0070 rmse: 6.583 r2: 0.034 corr: 0.198
********************
  Epoch 23 done in 23.7s
  Saved best model → model/FIM_restoration_0412_stations_monthly/2013/gat-rnn-v2-windowed_bs-128_lr-0.001_maxepoch-50_testyear-2013_win-3_nwin-10_seed-0/model-23

----- Epoch 24 (windowed) -----

###### Windowed train epoch 24 overall metrics
  loss: 0.0814 rmse: 17.108 r2: 0.006 corr: 0.079
***** Epoch 24 Val (windowed) *****
  loss: 0.0060 rmse: 8.894 r2: 0.018 corr: 0.142
********************
***** Epoch 24 Test (windowed) *****
  loss: 0.0073 rmse: 6.575 r2: 0.036 corr: 0.198
********************
  Epoch 24 done in 969.9s
  Saved best model → model/FIM_restoration_0412_stations_monthly/2013/gat-rnn-v2-windowed_bs-128_lr-0.001_maxepoch-50_testyear-2013_win-3_nwin-10_seed-0/model-24

----- Epoch 25 (windowed) -----

###### Windowed train epoch 25 overall metrics
  loss: 0.0807 rmse: 17.104 r2: 0.006 corr: 0.081
***** Epoch 25 Val (windowed) *****
  loss: 0.0061 rmse: 8.893 r2: 0.019 corr: 0.147
********************
***** Epoch 25 Test (windowed) *****
  loss: 0.0072 rmse: 6.575 r2: 0.036 corr: 0.205
********************
  Epoch 25 done in 24.0s
  Saved best model → model/FIM_restoration_0412_stations_monthly/2013/gat-rnn-v2-windowed_bs-128_lr-0.001_maxepoch-50_testyear-2013_win-3_nwin-10_seed-0/model-25

----- Epoch 26 (windowed) -----

###### Windowed train epoch 26 overall metrics
  loss: 0.0799 rmse: 17.103 r2: 0.006 corr: 0.082
***** Epoch 26 Val (windowed) *****
  loss: 0.0057 rmse: 8.888 r2: 0.020 corr: 0.151
********************
***** Epoch 26 Test (windowed) *****
  loss: 0.0070 rmse: 6.570 r2: 0.038 corr: 0.208
********************
  Epoch 26 done in 23.9s
  Saved best model → model/FIM_restoration_0412_stations_monthly/2013/gat-rnn-v2-windowed_bs-128_lr-0.001_maxepoch-50_testyear-2013_win-3_nwin-10_seed-0/model-26

----- Epoch 27 (windowed) -----

###### Windowed train epoch 27 overall metrics
  loss: 0.0793 rmse: 17.111 r2: 0.005 corr: 0.076
***** Epoch 27 Val (windowed) *****
  loss: 0.0058 rmse: 8.887 r2: 0.020 corr: 0.150
********************
***** Epoch 27 Test (windowed) *****
  loss: 0.0069 rmse: 6.567 r2: 0.039 corr: 0.208
********************
  Epoch 27 done in 995.4s
  Saved best model → model/FIM_restoration_0412_stations_monthly/2013/gat-rnn-v2-windowed_bs-128_lr-0.001_maxepoch-50_testyear-2013_win-3_nwin-10_seed-0/model-27

----- Epoch 28 (windowed) -----

###### Windowed train epoch 28 overall metrics
  loss: 0.0784 rmse: 17.106 r2: 0.006 corr: 0.079
***** Epoch 28 Val (windowed) *****
  loss: 0.0061 rmse: 8.884 r2: 0.021 corr: 0.151
********************
***** Epoch 28 Test (windowed) *****
  loss: 0.0071 rmse: 6.565 r2: 0.039 corr: 0.208
********************
  Epoch 28 done in 23.8s
  Saved best model → model/FIM_restoration_0412_stations_monthly/2013/gat-rnn-v2-windowed_bs-128_lr-0.001_maxepoch-50_testyear-2013_win-3_nwin-10_seed-0/model-28

----- Epoch 29 (windowed) -----

###### Windowed train epoch 29 overall metrics
  loss: 0.0777 rmse: 17.109 r2: 0.006 corr: 0.077
***** Epoch 29 Val (windowed) *****
  loss: 0.0058 rmse: 8.885 r2: 0.020 corr: 0.155
********************
***** Epoch 29 Test (windowed) *****
  loss: 0.0070 rmse: 6.568 r2: 0.038 corr: 0.211
********************
  Epoch 29 done in 23.9s

----- Epoch 30 (windowed) -----

###### Windowed train epoch 30 overall metrics
  loss: 0.0772 rmse: 17.104 r2: 0.006 corr: 0.080
***** Epoch 30 Val (windowed) *****
  loss: 0.0056 rmse: 8.881 r2: 0.021 corr: 0.153
********************
***** Epoch 30 Test (windowed) *****
  loss: 0.0069 rmse: 6.562 r2: 0.040 corr: 0.209
********************
  Epoch 30 done in 23.9s
  Saved best model → model/FIM_restoration_0412_stations_monthly/2013/gat-rnn-v2-windowed_bs-128_lr-0.001_maxepoch-50_testyear-2013_win-3_nwin-10_seed-0/model-30

----- Epoch 31 (windowed) -----

###### Windowed train epoch 31 overall metrics
  loss: 0.0763 rmse: 17.104 r2: 0.006 corr: 0.082
***** Epoch 31 Val (windowed) *****
  loss: 0.0053 rmse: 8.878 r2: 0.022 corr: 0.156
********************
***** Epoch 31 Test (windowed) *****
  loss: 0.0069 rmse: 6.559 r2: 0.041 corr: 0.211
********************
  Epoch 31 done in 952.0s
  Saved best model → model/FIM_restoration_0412_stations_monthly/2013/gat-rnn-v2-windowed_bs-128_lr-0.001_maxepoch-50_testyear-2013_win-3_nwin-10_seed-0/model-31

----- Epoch 32 (windowed) -----

###### Windowed train epoch 32 overall metrics
  loss: 0.0755 rmse: 17.103 r2: 0.006 corr: 0.081
***** Epoch 32 Val (windowed) *****
  loss: 0.0053 rmse: 8.886 r2: 0.020 corr: 0.160
********************
***** Epoch 32 Test (windowed) *****
  loss: 0.0066 rmse: 6.571 r2: 0.038 corr: 0.216
********************
  Epoch 32 done in 23.8s

----- Epoch 33 (windowed) -----

###### Windowed train epoch 33 overall metrics
  loss: 0.0748 rmse: 17.096 r2: 0.007 corr: 0.091
***** Epoch 33 Val (windowed) *****
  loss: 0.0053 rmse: 8.874 r2: 0.023 corr: 0.158
********************
***** Epoch 33 Test (windowed) *****
  loss: 0.0067 rmse: 6.556 r2: 0.042 corr: 0.213
********************
  Epoch 33 done in 23.8s
  Saved best model → model/FIM_restoration_0412_stations_monthly/2013/gat-rnn-v2-windowed_bs-128_lr-0.001_maxepoch-50_testyear-2013_win-3_nwin-10_seed-0/model-33

----- Epoch 34 (windowed) -----

###### Windowed train epoch 34 overall metrics
  loss: 0.0741 rmse: 17.097 r2: 0.007 corr: 0.085
***** Epoch 34 Val (windowed) *****
  loss: 0.0054 rmse: 8.886 r2: 0.020 corr: 0.163
********************
***** Epoch 34 Test (windowed) *****
  loss: 0.0068 rmse: 6.572 r2: 0.037 corr: 0.219
********************
  Epoch 34 done in 23.5s

----- Epoch 35 (windowed) -----

###### Windowed train epoch 35 overall metrics
  loss: 0.0736 rmse: 17.100 r2: 0.007 corr: 0.085
***** Epoch 35 Val (windowed) *****
  loss: 0.0060 rmse: 8.875 r2: 0.023 corr: 0.162
********************
***** Epoch 35 Test (windowed) *****
  loss: 0.0078 rmse: 6.556 r2: 0.042 corr: 0.217
********************
  Epoch 35 done in 136.9s

----- Epoch 36 (windowed) -----

###### Windowed train epoch 36 overall metrics
  loss: 0.0731 rmse: 17.096 r2: 0.007 corr: 0.086
***** Epoch 36 Val (windowed) *****
  loss: 0.0052 rmse: 8.875 r2: 0.023 corr: 0.161
********************
***** Epoch 36 Test (windowed) *****
  loss: 0.0066 rmse: 6.557 r2: 0.042 corr: 0.217
********************
  Epoch 36 done in 23.8s

----- Epoch 37 (windowed) -----

###### Windowed train epoch 37 overall metrics
  loss: 0.0722 rmse: 17.101 r2: 0.007 corr: 0.083
***** Epoch 37 Val (windowed) *****
  loss: 0.0049 rmse: 8.870 r2: 0.024 corr: 0.161
********************
***** Epoch 37 Test (windowed) *****
  loss: 0.0067 rmse: 6.552 r2: 0.043 corr: 0.216
********************
  Epoch 37 done in 24.1s
  Saved best model → model/FIM_restoration_0412_stations_monthly/2013/gat-rnn-v2-windowed_bs-128_lr-0.001_maxepoch-50_testyear-2013_win-3_nwin-10_seed-0/model-37

----- Epoch 38 (windowed) -----

###### Windowed train epoch 38 overall metrics
  loss: 0.0714 rmse: 17.102 r2: 0.006 corr: 0.081
***** Epoch 38 Val (windowed) *****
  loss: 0.0051 rmse: 8.876 r2: 0.022 corr: 0.164
********************
***** Epoch 38 Test (windowed) *****
  loss: 0.0066 rmse: 6.560 r2: 0.041 corr: 0.219
********************
  Epoch 38 done in 23.8s

----- Epoch 39 (windowed) -----

###### Windowed train epoch 39 overall metrics
  loss: 0.0709 rmse: 17.088 r2: 0.008 corr: 0.093
***** Epoch 39 Val (windowed) *****
  loss: 0.0055 rmse: 8.869 r2: 0.024 corr: 0.160
********************
***** Epoch 39 Test (windowed) *****
  loss: 0.0075 rmse: 6.550 r2: 0.044 corr: 0.215
********************
  Epoch 39 done in 24.2s
  Saved best model → model/FIM_restoration_0412_stations_monthly/2013/gat-rnn-v2-windowed_bs-128_lr-0.001_maxepoch-50_testyear-2013_win-3_nwin-10_seed-0/model-39

----- Epoch 40 (windowed) -----

###### Windowed train epoch 40 overall metrics
  loss: 0.0707 rmse: 17.101 r2: 0.006 corr: 0.081
***** Epoch 40 Val (windowed) *****
  loss: 0.0053 rmse: 8.874 r2: 0.023 corr: 0.162
********************
***** Epoch 40 Test (windowed) *****
  loss: 0.0066 rmse: 6.556 r2: 0.042 corr: 0.217
********************
  Epoch 40 done in 23.9s

----- Epoch 41 (windowed) -----

###### Windowed train epoch 41 overall metrics
  loss: 0.0702 rmse: 17.101 r2: 0.006 corr: 0.084
***** Epoch 41 Val (windowed) *****
  loss: 0.0053 rmse: 8.873 r2: 0.023 corr: 0.163
********************
***** Epoch 41 Test (windowed) *****
  loss: 0.0067 rmse: 6.556 r2: 0.042 corr: 0.217
********************
  Epoch 41 done in 23.7s

----- Epoch 42 (windowed) -----

###### Windowed train epoch 42 overall metrics
  loss: 0.0693 rmse: 17.104 r2: 0.006 corr: 0.080
***** Epoch 42 Val (windowed) *****
  loss: 0.0051 rmse: 8.874 r2: 0.023 corr: 0.165
********************
***** Epoch 42 Test (windowed) *****
  loss: 0.0069 rmse: 6.558 r2: 0.041 corr: 0.220
********************
  Epoch 42 done in 23.6s

----- Epoch 43 (windowed) -----

###### Windowed train epoch 43 overall metrics
  loss: 0.0684 rmse: 17.095 r2: 0.007 corr: 0.086
***** Epoch 43 Val (windowed) *****
  loss: 0.0048 rmse: 8.869 r2: 0.024 corr: 0.164
********************
***** Epoch 43 Test (windowed) *****
  loss: 0.0064 rmse: 6.552 r2: 0.043 corr: 0.219
********************
  Epoch 43 done in 23.9s
  Saved best model → model/FIM_restoration_0412_stations_monthly/2013/gat-rnn-v2-windowed_bs-128_lr-0.001_maxepoch-50_testyear-2013_win-3_nwin-10_seed-0/model-43

----- Epoch 44 (windowed) -----

###### Windowed train epoch 44 overall metrics
  loss: 0.0675 rmse: 17.092 r2: 0.008 corr: 0.092
***** Epoch 44 Val (windowed) *****
  loss: 0.0046 rmse: 8.867 r2: 0.024 corr: 0.164
********************
***** Epoch 44 Test (windowed) *****
  loss: 0.0064 rmse: 6.551 r2: 0.043 corr: 0.219
********************
  Epoch 44 done in 996.6s
  Saved best model → model/FIM_restoration_0412_stations_monthly/2013/gat-rnn-v2-windowed_bs-128_lr-0.001_maxepoch-50_testyear-2013_win-3_nwin-10_seed-0/model-44

----- Epoch 45 (windowed) -----

###### Windowed train epoch 45 overall metrics
  loss: 0.0668 rmse: 17.099 r2: 0.007 corr: 0.085
***** Epoch 45 Val (windowed) *****
  loss: 0.0048 rmse: 8.865 r2: 0.025 corr: 0.163
********************
***** Epoch 45 Test (windowed) *****
  loss: 0.0065 rmse: 6.547 r2: 0.045 corr: 0.219
********************
  Epoch 45 done in 23.7s
  Saved best model → model/FIM_restoration_0412_stations_monthly/2013/gat-rnn-v2-windowed_bs-128_lr-0.001_maxepoch-50_testyear-2013_win-3_nwin-10_seed-0/model-45

----- Epoch 46 (windowed) -----

###### Windowed train epoch 46 overall metrics
  loss: 0.0661 rmse: 17.094 r2: 0.007 corr: 0.087
***** Epoch 46 Val (windowed) *****
  loss: 0.0047 rmse: 8.871 r2: 0.024 corr: 0.166
********************
***** Epoch 46 Test (windowed) *****
  loss: 0.0066 rmse: 6.556 r2: 0.042 corr: 0.221
********************
  Epoch 46 done in 23.8s

----- Epoch 47 (windowed) -----

###### Windowed train epoch 47 overall metrics
  loss: 0.0655 rmse: 17.102 r2: 0.006 corr: 0.082
***** Epoch 47 Val (windowed) *****
  loss: 0.0048 rmse: 8.873 r2: 0.023 corr: 0.167
********************
***** Epoch 47 Test (windowed) *****
  loss: 0.0065 rmse: 6.561 r2: 0.041 corr: 0.224
********************
  Epoch 47 done in 23.8s

----- Epoch 48 (windowed) -----

###### Windowed train epoch 48 overall metrics
  loss: 0.0649 rmse: 17.100 r2: 0.007 corr: 0.085
***** Epoch 48 Val (windowed) *****
  loss: 0.0049 rmse: 8.867 r2: 0.025 corr: 0.159
********************
***** Epoch 48 Test (windowed) *****
  loss: 0.0064 rmse: 6.547 r2: 0.045 corr: 0.215
********************
  Epoch 48 done in 322.4s

----- Epoch 49 (windowed) -----

###### Windowed train epoch 49 overall metrics
  loss: 0.0646 rmse: 17.099 r2: 0.007 corr: 0.082
***** Epoch 49 Val (windowed) *****
  loss: 0.0047 rmse: 8.881 r2: 0.021 corr: 0.171
********************
***** Epoch 49 Test (windowed) *****
  loss: 0.0066 rmse: 6.575 r2: 0.037 corr: 0.224
********************
  Epoch 49 done in 24.0s
Fold done — best val RMSE=8.8646 test R²=0.0446 corr=0.2188

================================================================
Rolling-windowed  test_year=2014
  Val  : 2013
  Test : 2014
  win_size=3  n_windows=10
================================================================
Initially data (54319, 166)
After filtering (33349, 166)
[data hygiene] 3 target column(s) look like raw counts (max > 15); applying log1p
get_X_Y
X shape (33349, 107)
Y shape (33349, 57)
Y (output) means tensor([[0.1413, 0.0112, 0.2588, 0.1486, 0.0158, 0.0633, 0.1654, 0.0232, 0.0415,
         0.0122, 0.0728, 0.1400, 0.0200, 0.0150, 0.0082, 0.0017, 0.0000, 0.1172,
         0.1172, 0.1172, 0.1172, 0.4308, 0.4137, 0.0426, 0.0384, 0.0923, 1.0255,
         0.0140, 0.0361, 0.0641, 0.0789, 0.0086, 0.0449, 0.0040, 0.9593, 0.3527,
         0.0742, 0.1235, 0.0027, 0.0878, 0.0083, 0.0078, 0.0672, 0.0887, 0.1116,
         0.1056, 0.0077, 0.0186, 0.0106, 0.0224, 0.0172, 0.0151, 0.0090, 0.0286,
         0.0066, 0.3951, 0.0154]]) stds tensor([[0.4695, 0.1307, 0.6365, 0.5543, 0.1488, 0.3080, 0.5266, 0.1933, 0.2753,
         0.1486, 0.3957, 0.4479, 0.1387, 0.1767, 0.1297, 0.1261, 1.0000, 0.3217,
         0.3217, 0.3217, 0.3217, 0.4952, 0.4924, 0.2358, 0.3482, 0.5303, 2.0993,
         0.1375, 0.2198, 0.3782, 0.4279, 0.1601, 0.3572, 0.0901, 1.6309, 0.8633,
         0.4107, 0.6286, 0.0631, 0.4464, 0.1381, 0.1255, 0.4456, 0.3858, 0.4679,
         0.4198, 0.1204, 0.1454, 0.1454, 0.2243, 0.1840, 0.1712, 0.1328, 0.2903,
         0.1454, 1.1749, 0.1574]])
Y count-scale means tensor([[4.6989e-01, 3.2253e-02, 1.0255e+00, 7.8010e-01, 4.1311e-02, 2.1462e-01,
         6.1640e-01, 7.2568e-02, 1.6758e-01, 4.1551e-02, 4.6042e-01, 4.2096e-01,
         4.2971e-02, 1.1866e-01, 4.2458e-02, 7.3877e+00, 0.0000e+00, 2.0145e-01,
         2.0145e-01, 2.0145e-01, 2.0145e-01, 7.4038e-01, 7.1089e-01, 1.2071e-01,
         4.4457e-01, 2.6034e+00, 2.4440e+02, 3.4997e-02, 8.9141e-02, 3.7313e-01,
         5.9846e-01, 9.2709e-02, 7.3474e-01, 1.9454e-02, 1.9778e+01, 2.7245e+00,
         4.4889e-01, 2.2071e+00, 7.7886e-03, 5.3375e-01, 4.4776e-02, 4.6286e-02,
         1.0956e+00, 3.2445e-01, 5.5996e-01, 4.0810e-01, 3.5203e-02, 3.9355e-02,
         4.9134e-02, 1.3522e-01, 7.0921e-02, 6.1348e-02, 3.5924e-02, 6.8036e-01,
         1.3296e-01, 1.4645e+01, 4.7041e-02]]) stds tensor([[3.3118e+00, 6.2025e-01, 6.2501e+00, 6.2437e+00, 6.3738e-01, 4.0883e+00,
         3.9653e+00, 1.0581e+00, 2.4707e+00, 7.4082e-01, 8.1820e+00, 2.6878e+00,
         6.9667e-01, 5.9602e+00, 1.3923e+00, 9.7175e+02, 1.0000e+00, 5.5282e-01,
         5.5282e-01, 5.5282e-01, 5.5282e-01, 8.5090e-01, 8.4622e-01, 2.1648e+00,
         7.3632e+00, 6.3845e+01, 2.8060e+03, 6.4467e-01, 8.6965e-01, 4.4580e+00,
         9.5865e+00, 3.5591e+00, 2.1468e+01, 8.2580e-01, 8.8625e+01, 1.9914e+01,
         4.9106e+00, 3.3928e+01, 3.3973e-01, 6.0021e+00, 1.2756e+00, 2.0423e+00,
         2.8334e+01, 2.8343e+00, 5.9282e+00, 3.7120e+00, 1.4059e+00, 5.0689e-01,
         1.6449e+00, 3.5675e+00, 1.2745e+00, 1.1989e+00, 8.2363e-01, 4.0440e+01,
         6.8747e+00, 1.7619e+02, 7.7396e-01]])
Loaded per-window (calendar) month weights from analysis/figures/month_weights_per_window.npz: cube.shape=(25, 12, 57)
/Users/liyingnceas/GitHub/GNN-RNN-main/gnn-lstm-v3/utils/data_utils.py:258: RuntimeWarning: Mean of empty slice
  np.nanmean(county_dict[county], axis=0).astype(np.float32)
Filled 83815 missing (node, year) entries from neighbors or year averages
[2D] Station nodes: 587, adj nnz: 2910
[build_year_XY_windowed] data_start=1998, min_pred_year=2009, test_year=2014, win_size=3, n_windows=10
  built windows for T=2009
  built windows for T=2014
[build_year_XY_windowed] built windowed XY for 6 prediction years (2009–2014)
  GAT_RNN_V2: edge_feat_dim=3, n_heads=4, n_hidden=64

----- Epoch 0 (windowed) -----

###### Windowed train epoch 0 overall metrics
  loss: 0.1211 rmse: 15.600 r2: 0.004 corr: 0.080
***** Epoch 0 Val (windowed) *****
  loss: 0.0141 rmse: 6.620 r2: 0.023 corr: 0.160
********************
***** Epoch 0 Test (windowed) *****
  loss: 0.0165 rmse: 5.409 r2: 0.034 corr: 0.196
********************
  Epoch 0 done in 28.7s
  Saved best model → model/FIM_restoration_0412_stations_monthly/2014/gat-rnn-v2-windowed_bs-128_lr-0.001_maxepoch-50_testyear-2014_win-3_nwin-10_seed-0/model-0

----- Epoch 1 (windowed) -----

###### Windowed train epoch 1 overall metrics
  loss: 0.1094 rmse: 15.601 r2: 0.004 corr: 0.065
***** Epoch 1 Val (windowed) *****
  loss: 0.0107 rmse: 6.632 r2: 0.019 corr: 0.141
********************
***** Epoch 1 Test (windowed) *****
  loss: 0.0138 rmse: 5.414 r2: 0.032 corr: 0.185
********************
  Epoch 1 done in 27.9s

----- Epoch 2 (windowed) -----

###### Windowed train epoch 2 overall metrics
  loss: 0.1043 rmse: 15.605 r2: 0.004 corr: 0.061
***** Epoch 2 Val (windowed) *****
  loss: 0.0095 rmse: 6.633 r2: 0.019 corr: 0.145
********************
***** Epoch 2 Test (windowed) *****
  loss: 0.0124 rmse: 5.413 r2: 0.033 corr: 0.194
********************
  Epoch 2 done in 28.5s

----- Epoch 3 (windowed) -----

###### Windowed train epoch 3 overall metrics
  loss: 0.1021 rmse: 15.602 r2: 0.004 corr: 0.066
***** Epoch 3 Val (windowed) *****
  loss: 0.0093 rmse: 6.629 r2: 0.020 corr: 0.150
********************
***** Epoch 3 Test (windowed) *****
  loss: 0.0122 rmse: 5.407 r2: 0.035 corr: 0.201
********************
  Epoch 3 done in 1007.0s

----- Epoch 4 (windowed) -----

###### Windowed train epoch 4 overall metrics
  loss: 0.1004 rmse: 15.602 r2: 0.004 corr: 0.065
***** Epoch 4 Val (windowed) *****
  loss: 0.0090 rmse: 6.629 r2: 0.020 corr: 0.152
********************
***** Epoch 4 Test (windowed) *****
  loss: 0.0117 rmse: 5.406 r2: 0.035 corr: 0.205
********************
  Epoch 4 done in 29.9s

----- Epoch 5 (windowed) -----

###### Windowed train epoch 5 overall metrics
  loss: 0.0986 rmse: 15.601 r2: 0.004 corr: 0.067
***** Epoch 5 Val (windowed) *****
  loss: 0.0084 rmse: 6.620 r2: 0.023 corr: 0.155
********************
***** Epoch 5 Test (windowed) *****
  loss: 0.0112 rmse: 5.389 r2: 0.041 corr: 0.214
********************
  Epoch 5 done in 28.2s

----- Epoch 6 (windowed) -----

###### Windowed train epoch 6 overall metrics
  loss: 0.0970 rmse: 15.600 r2: 0.004 corr: 0.067
***** Epoch 6 Val (windowed) *****
  loss: 0.0080 rmse: 6.617 r2: 0.024 corr: 0.164
********************
***** Epoch 6 Test (windowed) *****
  loss: 0.0108 rmse: 5.384 r2: 0.043 corr: 0.225
********************
  Epoch 6 done in 27.9s
  Saved best model → model/FIM_restoration_0412_stations_monthly/2014/gat-rnn-v2-windowed_bs-128_lr-0.001_maxepoch-50_testyear-2014_win-3_nwin-10_seed-0/model-6

----- Epoch 7 (windowed) -----

###### Windowed train epoch 7 overall metrics
  loss: 0.0955 rmse: 15.598 r2: 0.005 corr: 0.068
***** Epoch 7 Val (windowed) *****
  loss: 0.0078 rmse: 6.617 r2: 0.024 corr: 0.170
********************
***** Epoch 7 Test (windowed) *****
  loss: 0.0107 rmse: 5.389 r2: 0.041 corr: 0.230
********************
  Epoch 7 done in 28.2s

----- Epoch 8 (windowed) -----

###### Windowed train epoch 8 overall metrics
  loss: 0.0942 rmse: 15.594 r2: 0.005 corr: 0.072
***** Epoch 8 Val (windowed) *****
  loss: 0.0079 rmse: 6.613 r2: 0.025 corr: 0.175
********************
***** Epoch 8 Test (windowed) *****
  loss: 0.0104 rmse: 5.385 r2: 0.043 corr: 0.234
********************
  Epoch 8 done in 1035.9s
  Saved best model → model/FIM_restoration_0412_stations_monthly/2014/gat-rnn-v2-windowed_bs-128_lr-0.001_maxepoch-50_testyear-2014_win-3_nwin-10_seed-0/model-8

----- Epoch 9 (windowed) -----

###### Windowed train epoch 9 overall metrics
  loss: 0.0926 rmse: 15.596 r2: 0.005 corr: 0.071
***** Epoch 9 Val (windowed) *****
  loss: 0.0077 rmse: 6.606 r2: 0.027 corr: 0.168
********************
***** Epoch 9 Test (windowed) *****
  loss: 0.0101 rmse: 5.368 r2: 0.049 corr: 0.229
********************
  Epoch 9 done in 27.9s
  Saved best model → model/FIM_restoration_0412_stations_monthly/2014/gat-rnn-v2-windowed_bs-128_lr-0.001_maxepoch-50_testyear-2014_win-3_nwin-10_seed-0/model-9

----- Epoch 10 (windowed) -----

###### Windowed train epoch 10 overall metrics
  loss: 0.0915 rmse: 15.598 r2: 0.005 corr: 0.068
***** Epoch 10 Val (windowed) *****
  loss: 0.0075 rmse: 6.607 r2: 0.027 corr: 0.181
********************
***** Epoch 10 Test (windowed) *****
  loss: 0.0100 rmse: 5.376 r2: 0.046 corr: 0.242
********************
  Epoch 10 done in 28.1s

----- Epoch 11 (windowed) -----

###### Windowed train epoch 11 overall metrics
  loss: 0.0904 rmse: 15.591 r2: 0.005 corr: 0.076
***** Epoch 11 Val (windowed) *****
  loss: 0.0072 rmse: 6.596 r2: 0.030 corr: 0.184
********************
***** Epoch 11 Test (windowed) *****
  loss: 0.0097 rmse: 5.357 r2: 0.053 corr: 0.248
********************
  Epoch 11 done in 970.0s
  Saved best model → model/FIM_restoration_0412_stations_monthly/2014/gat-rnn-v2-windowed_bs-128_lr-0.001_maxepoch-50_testyear-2014_win-3_nwin-10_seed-0/model-11

----- Epoch 12 (windowed) -----

###### Windowed train epoch 12 overall metrics
  loss: 0.0891 rmse: 15.583 r2: 0.006 corr: 0.084
***** Epoch 12 Val (windowed) *****
  loss: 0.0071 rmse: 6.589 r2: 0.032 corr: 0.190
********************
***** Epoch 12 Test (windowed) *****
  loss: 0.0093 rmse: 5.347 r2: 0.056 corr: 0.257
********************
  Epoch 12 done in 28.3s
  Saved best model → model/FIM_restoration_0412_stations_monthly/2014/gat-rnn-v2-windowed_bs-128_lr-0.001_maxepoch-50_testyear-2014_win-3_nwin-10_seed-0/model-12

----- Epoch 13 (windowed) -----

###### Windowed train epoch 13 overall metrics
  loss: 0.0882 rmse: 15.585 r2: 0.006 corr: 0.081
***** Epoch 13 Val (windowed) *****
  loss: 0.0071 rmse: 6.582 r2: 0.034 corr: 0.194
********************
***** Epoch 13 Test (windowed) *****
  loss: 0.0094 rmse: 5.336 r2: 0.060 corr: 0.263
********************
  Epoch 13 done in 28.5s
  Saved best model → model/FIM_restoration_0412_stations_monthly/2014/gat-rnn-v2-windowed_bs-128_lr-0.001_maxepoch-50_testyear-2014_win-3_nwin-10_seed-0/model-13

----- Epoch 14 (windowed) -----

###### Windowed train epoch 14 overall metrics
  loss: 0.0870 rmse: 15.586 r2: 0.006 corr: 0.081
***** Epoch 14 Val (windowed) *****
  loss: 0.0068 rmse: 6.577 r2: 0.036 corr: 0.198
********************
***** Epoch 14 Test (windowed) *****
  loss: 0.0090 rmse: 5.325 r2: 0.064 corr: 0.272
********************
  Epoch 14 done in 28.5s
  Saved best model → model/FIM_restoration_0412_stations_monthly/2014/gat-rnn-v2-windowed_bs-128_lr-0.001_maxepoch-50_testyear-2014_win-3_nwin-10_seed-0/model-14

----- Epoch 15 (windowed) -----

###### Windowed train epoch 15 overall metrics
  loss: 0.0860 rmse: 15.580 r2: 0.007 corr: 0.084
***** Epoch 15 Val (windowed) *****
  loss: 0.0068 rmse: 6.579 r2: 0.035 corr: 0.203
********************
***** Epoch 15 Test (windowed) *****
  loss: 0.0089 rmse: 5.334 r2: 0.061 corr: 0.276
********************
  Epoch 15 done in 28.0s

----- Epoch 16 (windowed) -----

###### Windowed train epoch 16 overall metrics
  loss: 0.0849 rmse: 15.581 r2: 0.007 corr: 0.086
***** Epoch 16 Val (windowed) *****
  loss: 0.0066 rmse: 6.576 r2: 0.036 corr: 0.202
********************
***** Epoch 16 Test (windowed) *****
  loss: 0.0089 rmse: 5.327 r2: 0.063 corr: 0.276
********************
  Epoch 16 done in 28.2s
  Saved best model → model/FIM_restoration_0412_stations_monthly/2014/gat-rnn-v2-windowed_bs-128_lr-0.001_maxepoch-50_testyear-2014_win-3_nwin-10_seed-0/model-16

----- Epoch 17 (windowed) -----

###### Windowed train epoch 17 overall metrics
  loss: 0.0840 rmse: 15.582 r2: 0.007 corr: 0.083
***** Epoch 17 Val (windowed) *****
  loss: 0.0066 rmse: 6.578 r2: 0.035 corr: 0.203
********************
***** Epoch 17 Test (windowed) *****
  loss: 0.0088 rmse: 5.332 r2: 0.062 corr: 0.278
********************
  Epoch 17 done in 28.1s

----- Epoch 18 (windowed) -----

###### Windowed train epoch 18 overall metrics
  loss: 0.0829 rmse: 15.580 r2: 0.007 corr: 0.085
***** Epoch 18 Val (windowed) *****
  loss: 0.0065 rmse: 6.577 r2: 0.036 corr: 0.204
********************
***** Epoch 18 Test (windowed) *****
  loss: 0.0087 rmse: 5.329 r2: 0.062 corr: 0.280
********************
  Epoch 18 done in 555.0s

----- Epoch 19 (windowed) -----

###### Windowed train epoch 19 overall metrics
  loss: 0.0819 rmse: 15.574 r2: 0.008 corr: 0.091
***** Epoch 19 Val (windowed) *****
  loss: 0.0066 rmse: 6.577 r2: 0.036 corr: 0.204
********************
***** Epoch 19 Test (windowed) *****
  loss: 0.0087 rmse: 5.328 r2: 0.063 corr: 0.279
********************
  Epoch 19 done in 28.7s

----- Epoch 20 (windowed) -----

###### Windowed train epoch 20 overall metrics
  loss: 0.0810 rmse: 15.583 r2: 0.006 corr: 0.082
***** Epoch 20 Val (windowed) *****
  loss: 0.0063 rmse: 6.586 r2: 0.033 corr: 0.206
********************
***** Epoch 20 Test (windowed) *****
  loss: 0.0088 rmse: 5.342 r2: 0.058 corr: 0.280
********************
  Epoch 20 done in 28.3s

----- Epoch 21 (windowed) -----

###### Windowed train epoch 21 overall metrics
  loss: 0.0801 rmse: 15.582 r2: 0.006 corr: 0.083
***** Epoch 21 Val (windowed) *****
  loss: 0.0063 rmse: 6.574 r2: 0.037 corr: 0.203
********************
***** Epoch 21 Test (windowed) *****
  loss: 0.0085 rmse: 5.322 r2: 0.065 corr: 0.280
********************
  Epoch 21 done in 28.2s
  Saved best model → model/FIM_restoration_0412_stations_monthly/2014/gat-rnn-v2-windowed_bs-128_lr-0.001_maxepoch-50_testyear-2014_win-3_nwin-10_seed-0/model-21

----- Epoch 22 (windowed) -----

###### Windowed train epoch 22 overall metrics
  loss: 0.0795 rmse: 15.580 r2: 0.007 corr: 0.083
***** Epoch 22 Val (windowed) *****
  loss: 0.0070 rmse: 6.581 r2: 0.035 corr: 0.206
********************
***** Epoch 22 Test (windowed) *****
  loss: 0.0094 rmse: 5.335 r2: 0.061 corr: 0.282
********************
  Epoch 22 done in 376.4s

----- Epoch 23 (windowed) -----

###### Windowed train epoch 23 overall metrics
  loss: 0.0788 rmse: 15.576 r2: 0.007 corr: 0.090
***** Epoch 23 Val (windowed) *****
  loss: 0.0062 rmse: 6.570 r2: 0.038 corr: 0.202
********************
***** Epoch 23 Test (windowed) *****
  loss: 0.0083 rmse: 5.313 r2: 0.068 corr: 0.280
********************
  Epoch 23 done in 28.4s
  Saved best model → model/FIM_restoration_0412_stations_monthly/2014/gat-rnn-v2-windowed_bs-128_lr-0.001_maxepoch-50_testyear-2014_win-3_nwin-10_seed-0/model-23

----- Epoch 24 (windowed) -----

###### Windowed train epoch 24 overall metrics
  loss: 0.0776 rmse: 15.583 r2: 0.006 corr: 0.083
***** Epoch 24 Val (windowed) *****
  loss: 0.0061 rmse: 6.578 r2: 0.035 corr: 0.205
********************
***** Epoch 24 Test (windowed) *****
  loss: 0.0083 rmse: 5.330 r2: 0.062 corr: 0.282
********************
  Epoch 24 done in 28.3s

----- Epoch 25 (windowed) -----

###### Windowed train epoch 25 overall metrics
  loss: 0.0767 rmse: 15.576 r2: 0.007 corr: 0.089
***** Epoch 25 Val (windowed) *****
  loss: 0.0065 rmse: 6.576 r2: 0.036 corr: 0.206
********************
***** Epoch 25 Test (windowed) *****
  loss: 0.0086 rmse: 5.329 r2: 0.063 corr: 0.283
********************
  Epoch 25 done in 28.2s

----- Epoch 26 (windowed) -----

###### Windowed train epoch 26 overall metrics
  loss: 0.0757 rmse: 15.580 r2: 0.007 corr: 0.085
***** Epoch 26 Val (windowed) *****
  loss: 0.0061 rmse: 6.577 r2: 0.036 corr: 0.211
********************
***** Epoch 26 Test (windowed) *****
  loss: 0.0085 rmse: 5.332 r2: 0.061 corr: 0.285
********************
  Epoch 26 done in 28.6s

----- Epoch 27 (windowed) -----

###### Windowed train epoch 27 overall metrics
  loss: 0.0749 rmse: 15.583 r2: 0.006 corr: 0.082
***** Epoch 27 Val (windowed) *****
  loss: 0.0059 rmse: 6.577 r2: 0.036 corr: 0.209
********************
***** Epoch 27 Test (windowed) *****
  loss: 0.0079 rmse: 5.330 r2: 0.062 corr: 0.286
********************
  Epoch 27 done in 28.4s

----- Epoch 28 (windowed) -----

###### Windowed train epoch 28 overall metrics
  loss: 0.0740 rmse: 15.579 r2: 0.007 corr: 0.085
***** Epoch 28 Val (windowed) *****
  loss: 0.0059 rmse: 6.570 r2: 0.038 corr: 0.208
********************
***** Epoch 28 Test (windowed) *****
  loss: 0.0084 rmse: 5.317 r2: 0.067 corr: 0.285
********************
  Epoch 28 done in 27.9s
  Saved best model → model/FIM_restoration_0412_stations_monthly/2014/gat-rnn-v2-windowed_bs-128_lr-0.001_maxepoch-50_testyear-2014_win-3_nwin-10_seed-0/model-28

----- Epoch 29 (windowed) -----

###### Windowed train epoch 29 overall metrics
  loss: 0.0729 rmse: 15.576 r2: 0.007 corr: 0.087
***** Epoch 29 Val (windowed) *****
  loss: 0.0056 rmse: 6.571 r2: 0.037 corr: 0.211
********************
***** Epoch 29 Test (windowed) *****
  loss: 0.0079 rmse: 5.323 r2: 0.065 corr: 0.288
********************
  Epoch 29 done in 1035.4s

----- Epoch 30 (windowed) -----

###### Windowed train epoch 30 overall metrics
  loss: 0.0721 rmse: 15.576 r2: 0.007 corr: 0.089
***** Epoch 30 Val (windowed) *****
  loss: 0.0056 rmse: 6.567 r2: 0.039 corr: 0.209
********************
***** Epoch 30 Test (windowed) *****
  loss: 0.0080 rmse: 5.312 r2: 0.069 corr: 0.288
********************
  Epoch 30 done in 28.2s
  Saved best model → model/FIM_restoration_0412_stations_monthly/2014/gat-rnn-v2-windowed_bs-128_lr-0.001_maxepoch-50_testyear-2014_win-3_nwin-10_seed-0/model-30

----- Epoch 31 (windowed) -----

###### Windowed train epoch 31 overall metrics
  loss: 0.0715 rmse: 15.574 r2: 0.007 corr: 0.089
***** Epoch 31 Val (windowed) *****
  loss: 0.0056 rmse: 6.574 r2: 0.036 corr: 0.215
********************
***** Epoch 31 Test (windowed) *****
  loss: 0.0081 rmse: 5.328 r2: 0.063 corr: 0.294
********************
  Epoch 31 done in 28.1s

----- Epoch 32 (windowed) -----

###### Windowed train epoch 32 overall metrics
  loss: 0.0705 rmse: 15.576 r2: 0.007 corr: 0.088
***** Epoch 32 Val (windowed) *****
  loss: 0.0055 rmse: 6.566 r2: 0.039 corr: 0.213
********************
***** Epoch 32 Test (windowed) *****
  loss: 0.0078 rmse: 5.312 r2: 0.069 corr: 0.295
********************
  Epoch 32 done in 28.1s
  Saved best model → model/FIM_restoration_0412_stations_monthly/2014/gat-rnn-v2-windowed_bs-128_lr-0.001_maxepoch-50_testyear-2014_win-3_nwin-10_seed-0/model-32

----- Epoch 33 (windowed) -----

###### Windowed train epoch 33 overall metrics
  loss: 0.0696 rmse: 15.574 r2: 0.008 corr: 0.089
***** Epoch 33 Val (windowed) *****
  loss: 0.0055 rmse: 6.560 r2: 0.040 corr: 0.213
********************
***** Epoch 33 Test (windowed) *****
  loss: 0.0081 rmse: 5.301 r2: 0.072 corr: 0.296
********************
  Epoch 33 done in 28.3s
  Saved best model → model/FIM_restoration_0412_stations_monthly/2014/gat-rnn-v2-windowed_bs-128_lr-0.001_maxepoch-50_testyear-2014_win-3_nwin-10_seed-0/model-33

----- Epoch 34 (windowed) -----

###### Windowed train epoch 34 overall metrics
  loss: 0.0688 rmse: 15.577 r2: 0.007 corr: 0.086
***** Epoch 34 Val (windowed) *****
  loss: 0.0054 rmse: 6.561 r2: 0.040 corr: 0.215
********************
***** Epoch 34 Test (windowed) *****
  loss: 0.0078 rmse: 5.304 r2: 0.071 corr: 0.299
********************
  Epoch 34 done in 28.4s

----- Epoch 35 (windowed) -----

###### Windowed train epoch 35 overall metrics
  loss: 0.0681 rmse: 15.570 r2: 0.008 corr: 0.092
***** Epoch 35 Val (windowed) *****
  loss: 0.0055 rmse: 6.569 r2: 0.038 corr: 0.220
********************
***** Epoch 35 Test (windowed) *****
  loss: 0.0077 rmse: 5.319 r2: 0.066 corr: 0.302
********************
  Epoch 35 done in 27.9s

----- Epoch 36 (windowed) -----

###### Windowed train epoch 36 overall metrics
  loss: 0.0673 rmse: 15.573 r2: 0.008 corr: 0.095
***** Epoch 36 Val (windowed) *****
  loss: 0.0052 rmse: 6.552 r2: 0.043 corr: 0.210
********************
***** Epoch 36 Test (windowed) *****
  loss: 0.0077 rmse: 5.280 r2: 0.080 corr: 0.295
********************
  Epoch 36 done in 27.9s
  Saved best model → model/FIM_restoration_0412_stations_monthly/2014/gat-rnn-v2-windowed_bs-128_lr-0.001_maxepoch-50_testyear-2014_win-3_nwin-10_seed-0/model-36

----- Epoch 37 (windowed) -----

###### Windowed train epoch 37 overall metrics
  loss: 0.0664 rmse: 15.574 r2: 0.008 corr: 0.088
***** Epoch 37 Val (windowed) *****
  loss: 0.0053 rmse: 6.563 r2: 0.040 corr: 0.218
********************
***** Epoch 37 Test (windowed) *****
  loss: 0.0078 rmse: 5.309 r2: 0.070 corr: 0.299
********************
  Epoch 37 done in 1044.5s

----- Epoch 38 (windowed) -----

###### Windowed train epoch 38 overall metrics
  loss: 0.0659 rmse: 15.568 r2: 0.008 corr: 0.096
***** Epoch 38 Val (windowed) *****
  loss: 0.0053 rmse: 6.547 r2: 0.044 corr: 0.214
********************
***** Epoch 38 Test (windowed) *****
  loss: 0.0077 rmse: 5.273 r2: 0.082 corr: 0.298
********************
  Epoch 38 done in 28.2s
  Saved best model → model/FIM_restoration_0412_stations_monthly/2014/gat-rnn-v2-windowed_bs-128_lr-0.001_maxepoch-50_testyear-2014_win-3_nwin-10_seed-0/model-38

----- Epoch 39 (windowed) -----

###### Windowed train epoch 39 overall metrics
  loss: 0.0652 rmse: 15.591 r2: 0.005 corr: 0.075
***** Epoch 39 Val (windowed) *****
  loss: 0.0053 rmse: 6.579 r2: 0.035 corr: 0.218
********************
***** Epoch 39 Test (windowed) *****
  loss: 0.0076 rmse: 5.335 r2: 0.061 corr: 0.299
********************
  Epoch 39 done in 28.2s

----- Epoch 40 (windowed) -----

###### Windowed train epoch 40 overall metrics
  loss: 0.0642 rmse: 15.575 r2: 0.007 corr: 0.088
***** Epoch 40 Val (windowed) *****
  loss: 0.0052 rmse: 6.558 r2: 0.041 corr: 0.222
********************
***** Epoch 40 Test (windowed) *****
  loss: 0.0077 rmse: 5.298 r2: 0.073 corr: 0.306
********************
  Epoch 40 done in 28.5s

----- Epoch 41 (windowed) -----

###### Windowed train epoch 41 overall metrics
  loss: 0.0635 rmse: 15.570 r2: 0.008 corr: 0.093
***** Epoch 41 Val (windowed) *****
  loss: 0.0054 rmse: 6.553 r2: 0.043 corr: 0.222
********************
***** Epoch 41 Test (windowed) *****
  loss: 0.0075 rmse: 5.294 r2: 0.075 corr: 0.308
********************
  Epoch 41 done in 83.2s

----- Epoch 42 (windowed) -----

###### Windowed train epoch 42 overall metrics
  loss: 0.0627 rmse: 15.584 r2: 0.006 corr: 0.080
***** Epoch 42 Val (windowed) *****
  loss: 0.0054 rmse: 6.594 r2: 0.031 corr: 0.227
********************
***** Epoch 42 Test (windowed) *****
  loss: 0.0079 rmse: 5.362 r2: 0.051 corr: 0.301
********************
  Epoch 42 done in 28.6s

----- Epoch 43 (windowed) -----

###### Windowed train epoch 43 overall metrics
  loss: 0.0621 rmse: 15.583 r2: 0.006 corr: 0.090
***** Epoch 43 Val (windowed) *****
  loss: 0.0058 rmse: 6.557 r2: 0.041 corr: 0.217
********************
***** Epoch 43 Test (windowed) *****
  loss: 0.0077 rmse: 5.295 r2: 0.075 corr: 0.305
********************
  Epoch 43 done in 28.2s

----- Epoch 44 (windowed) -----

###### Windowed train epoch 44 overall metrics
  loss: 0.0615 rmse: 15.574 r2: 0.008 corr: 0.088
***** Epoch 44 Val (windowed) *****
  loss: 0.0051 rmse: 6.569 r2: 0.038 corr: 0.229
********************
***** Epoch 44 Test (windowed) *****
  loss: 0.0078 rmse: 5.323 r2: 0.065 corr: 0.312
********************
  Epoch 44 done in 28.5s

----- Epoch 45 (windowed) -----

###### Windowed train epoch 45 overall metrics
  loss: 0.0604 rmse: 15.573 r2: 0.008 corr: 0.093
***** Epoch 45 Val (windowed) *****
  loss: 0.0051 rmse: 6.563 r2: 0.040 corr: 0.224
********************
***** Epoch 45 Test (windowed) *****
  loss: 0.0077 rmse: 5.314 r2: 0.068 corr: 0.307
********************
  Epoch 45 done in 28.4s

----- Epoch 46 (windowed) -----

###### Windowed train epoch 46 overall metrics
  loss: 0.0597 rmse: 15.569 r2: 0.008 corr: 0.092
***** Epoch 46 Val (windowed) *****
  loss: 0.0051 rmse: 6.556 r2: 0.042 corr: 0.229
********************
***** Epoch 46 Test (windowed) *****
  loss: 0.0078 rmse: 5.304 r2: 0.071 corr: 0.312
********************
  Epoch 46 done in 786.1s

----- Epoch 47 (windowed) -----

###### Windowed train epoch 47 overall metrics
  loss: 0.0592 rmse: 15.565 r2: 0.009 corr: 0.096
***** Epoch 47 Val (windowed) *****
  loss: 0.0054 rmse: 6.552 r2: 0.043 corr: 0.226
********************
***** Epoch 47 Test (windowed) *****
  loss: 0.0079 rmse: 5.299 r2: 0.073 corr: 0.310
********************
  Epoch 47 done in 28.9s

----- Epoch 48 (windowed) -----

###### Windowed train epoch 48 overall metrics
  loss: 0.0582 rmse: 15.565 r2: 0.009 corr: 0.094
***** Epoch 48 Val (windowed) *****
  loss: 0.0050 rmse: 6.558 r2: 0.041 corr: 0.228
********************
***** Epoch 48 Test (windowed) *****
  loss: 0.0076 rmse: 5.314 r2: 0.068 corr: 0.310
********************
  Epoch 48 done in 28.5s

----- Epoch 49 (windowed) -----

###### Windowed train epoch 49 overall metrics
  loss: 0.0575 rmse: 15.559 r2: 0.009 corr: 0.100
***** Epoch 49 Val (windowed) *****
  loss: 0.0047 rmse: 6.547 r2: 0.044 corr: 0.227
********************
***** Epoch 49 Test (windowed) *****
  loss: 0.0075 rmse: 5.286 r2: 0.078 corr: 0.312
********************
  Epoch 49 done in 28.4s
  Saved best model → model/FIM_restoration_0412_stations_monthly/2014/gat-rnn-v2-windowed_bs-128_lr-0.001_maxepoch-50_testyear-2014_win-3_nwin-10_seed-0/model-49
Fold done — best val RMSE=6.5470 test R²=0.0775 corr=0.3116

================================================================
Rolling-windowed  test_year=2015
  Val  : 2014
  Test : 2015
  win_size=3  n_windows=10
================================================================
Initially data (54319, 166)
After filtering (35487, 166)
[data hygiene] 3 target column(s) look like raw counts (max > 15); applying log1p
get_X_Y
X shape (35487, 107)
Y shape (35487, 57)
Y (output) means tensor([[0.1446, 0.0115, 0.2573, 0.1496, 0.0167, 0.0630, 0.1633, 0.0229, 0.0445,
         0.0117, 0.0764, 0.1410, 0.0205, 0.0146, 0.0082, 0.0016, 0.0000, 0.1185,
         0.1185, 0.1185, 0.1185, 0.4108, 0.3927, 0.0416, 0.0399, 0.0913, 1.0226,
         0.0135, 0.0361, 0.0650, 0.0770, 0.0082, 0.0432, 0.0039, 0.9765, 0.3476,
         0.0758, 0.1212, 0.0026, 0.0864, 0.0083, 0.0073, 0.0664, 0.0858, 0.1128,
         0.1033, 0.0077, 0.0184, 0.0106, 0.0221, 0.0168, 0.0153, 0.0095, 0.0283,
         0.0065, 0.3918, 0.0160]]) stds tensor([[0.4752, 0.1324, 0.6328, 0.5566, 0.1552, 0.3050, 0.5228, 0.1922, 0.2882,
         0.1460, 0.4122, 0.4493, 0.1418, 0.1754, 0.1312, 0.1218, 1.0000, 0.3233,
         0.3233, 0.3233, 0.3233, 0.4920, 0.4884, 0.2319, 0.3592, 0.5269, 2.0963,
         0.1346, 0.2195, 0.3784, 0.4214, 0.1558, 0.3507, 0.0898, 1.6418, 0.8550,
         0.4132, 0.6201, 0.0612, 0.4428, 0.1373, 0.1213, 0.4432, 0.3781, 0.4695,
         0.4127, 0.1209, 0.1442, 0.1445, 0.2215, 0.1806, 0.1717, 0.1347, 0.2888,
         0.1420, 1.1702, 0.1619]])
Y count-scale means tensor([[4.8216e-01, 3.3097e-02, 1.0077e+00, 7.8546e-01, 4.7551e-02, 2.0872e-01,
         6.0559e-01, 7.1789e-02, 1.8560e-01, 4.0068e-02, 5.1947e-01, 4.2223e-01,
         4.5571e-02, 1.2160e-01, 4.3581e-02, 6.8852e+00, 0.0000e+00, 2.0363e-01,
         2.0363e-01, 2.0363e-01, 2.0363e-01, 7.0596e-01, 6.7496e-01, 1.1630e-01,
         5.1241e-01, 2.5637e+00, 2.4308e+02, 3.3480e-02, 8.8706e-02, 3.6723e-01,
         5.7396e-01, 8.7075e-02, 6.9721e-01, 1.9698e-02, 2.0236e+01, 2.6366e+00,
         4.5414e-01, 2.1128e+00, 7.3228e-03, 5.2405e-01, 4.3521e-02, 4.3202e-02,
         1.0717e+00, 3.0993e-01, 5.5913e-01, 3.9195e-01, 3.5079e-02, 3.8693e-02,
         4.7774e-02, 1.3021e-01, 6.7984e-02, 6.1045e-02, 3.6582e-02, 6.5468e-01,
         1.2474e-01, 1.4393e+01, 5.0333e-02]]) stds tensor([[3.3257e+00, 6.2445e-01, 6.1222e+00, 6.1816e+00, 9.6805e-01, 3.9534e+00,
         3.9211e+00, 1.0461e+00, 2.6244e+00, 7.2528e-01, 9.0659e+00, 2.6515e+00,
         7.7267e-01, 6.0003e+00, 1.3960e+00, 9.3813e+02, 1.0000e+00, 5.5525e-01,
         5.5525e-01, 5.5525e-01, 5.5525e-01, 8.4529e-01, 8.3915e-01, 2.0952e+00,
         8.9429e+00, 6.2938e+01, 2.8611e+03, 6.2444e-01, 8.5870e-01, 4.3405e+00,
         9.2843e+00, 3.4370e+00, 2.0740e+01, 8.4214e-01, 8.8809e+01, 1.9329e+01,
         4.9244e+00, 3.2852e+01, 3.2818e-01, 5.9055e+00, 1.2357e+00, 1.9717e+00,
         2.7508e+01, 2.7471e+00, 5.7977e+00, 3.6003e+00, 1.3715e+00, 4.9371e-01,
         1.5916e+00, 3.4524e+00, 1.2350e+00, 1.1709e+00, 8.1106e-01, 3.9080e+01,
         6.6373e+00, 1.7185e+02, 8.2556e-01]])
Loaded per-window (calendar) month weights from analysis/figures/month_weights_per_window.npz: cube.shape=(25, 12, 57)
/Users/liyingnceas/GitHub/GNN-RNN-main/gnn-lstm-v3/utils/data_utils.py:258: RuntimeWarning: Mean of empty slice
  np.nanmean(county_dict[county], axis=0).astype(np.float32)
Filled 89145 missing (node, year) entries from neighbors or year averages
[2D] Station nodes: 587, adj nnz: 2910
[build_year_XY_windowed] data_start=1998, min_pred_year=2009, test_year=2015, win_size=3, n_windows=10
  built windows for T=2009
  built windows for T=2014
[build_year_XY_windowed] built windowed XY for 7 prediction years (2009–2015)
  GAT_RNN_V2: edge_feat_dim=3, n_heads=4, n_hidden=64

----- Epoch 0 (windowed) -----

###### Windowed train epoch 0 overall metrics
  loss: 0.1197 rmse: 14.425 r2: 0.003 corr: 0.061
***** Epoch 0 Val (windowed) *****
  loss: 0.0159 rmse: 5.428 r2: 0.027 corr: 0.173
********************
***** Epoch 0 Test (windowed) *****
  loss: 0.0175 rmse: 11.787 r2: 0.008 corr: 0.097
********************
  Epoch 0 done in 32.8s
  Saved best model → model/FIM_restoration_0412_stations_monthly/2015/gat-rnn-v2-windowed_bs-128_lr-0.001_maxepoch-50_testyear-2015_win-3_nwin-10_seed-0/model-0

----- Epoch 1 (windowed) -----

###### Windowed train epoch 1 overall metrics
  loss: 0.1089 rmse: 14.418 r2: 0.004 corr: 0.064
***** Epoch 1 Val (windowed) *****
  loss: 0.0128 rmse: 5.419 r2: 0.031 corr: 0.193
********************
***** Epoch 1 Test (windowed) *****
  loss: 0.0143 rmse: 11.781 r2: 0.009 corr: 0.110
********************
  Epoch 1 done in 32.3s
  Saved best model → model/FIM_restoration_0412_stations_monthly/2015/gat-rnn-v2-windowed_bs-128_lr-0.001_maxepoch-50_testyear-2015_win-3_nwin-10_seed-0/model-1

----- Epoch 2 (windowed) -----

###### Windowed train epoch 2 overall metrics
  loss: 0.1038 rmse: 14.412 r2: 0.005 corr: 0.074
***** Epoch 2 Val (windowed) *****
  loss: 0.0120 rmse: 5.407 r2: 0.035 corr: 0.205
********************
***** Epoch 2 Test (windowed) *****
  loss: 0.0134 rmse: 11.774 r2: 0.010 corr: 0.117
********************
  Epoch 2 done in 32.3s
  Saved best model → model/FIM_restoration_0412_stations_monthly/2015/gat-rnn-v2-windowed_bs-128_lr-0.001_maxepoch-50_testyear-2015_win-3_nwin-10_seed-0/model-2

----- Epoch 3 (windowed) -----

###### Windowed train epoch 3 overall metrics
  loss: 0.1015 rmse: 14.410 r2: 0.005 corr: 0.075
***** Epoch 3 Val (windowed) *****
  loss: 0.0116 rmse: 5.399 r2: 0.038 corr: 0.214
********************
***** Epoch 3 Test (windowed) *****
  loss: 0.0133 rmse: 11.768 r2: 0.011 corr: 0.120
********************
  Epoch 3 done in 933.0s
  Saved best model → model/FIM_restoration_0412_stations_monthly/2015/gat-rnn-v2-windowed_bs-128_lr-0.001_maxepoch-50_testyear-2015_win-3_nwin-10_seed-0/model-3

----- Epoch 4 (windowed) -----

###### Windowed train epoch 4 overall metrics
  loss: 0.0998 rmse: 14.407 r2: 0.005 corr: 0.080
***** Epoch 4 Val (windowed) *****
  loss: 0.0111 rmse: 5.389 r2: 0.041 corr: 0.226
********************
***** Epoch 4 Test (windowed) *****
  loss: 0.0126 rmse: 11.763 r2: 0.012 corr: 0.126
********************
  Epoch 4 done in 32.6s
  Saved best model → model/FIM_restoration_0412_stations_monthly/2015/gat-rnn-v2-windowed_bs-128_lr-0.001_maxepoch-50_testyear-2015_win-3_nwin-10_seed-0/model-4

----- Epoch 5 (windowed) -----

###### Windowed train epoch 5 overall metrics
  loss: 0.0977 rmse: 14.402 r2: 0.006 corr: 0.083
***** Epoch 5 Val (windowed) *****
  loss: 0.0106 rmse: 5.383 r2: 0.044 corr: 0.237
********************
***** Epoch 5 Test (windowed) *****
  loss: 0.0120 rmse: 11.759 r2: 0.012 corr: 0.134
********************
  Epoch 5 done in 32.6s
  Saved best model → model/FIM_restoration_0412_stations_monthly/2015/gat-rnn-v2-windowed_bs-128_lr-0.001_maxepoch-50_testyear-2015_win-3_nwin-10_seed-0/model-5

----- Epoch 6 (windowed) -----

###### Windowed train epoch 6 overall metrics
  loss: 0.0960 rmse: 14.405 r2: 0.006 corr: 0.080
***** Epoch 6 Val (windowed) *****
  loss: 0.0101 rmse: 5.367 r2: 0.049 corr: 0.236
********************
***** Epoch 6 Test (windowed) *****
  loss: 0.0118 rmse: 11.750 r2: 0.014 corr: 0.130
********************
  Epoch 6 done in 32.8s
  Saved best model → model/FIM_restoration_0412_stations_monthly/2015/gat-rnn-v2-windowed_bs-128_lr-0.001_maxepoch-50_testyear-2015_win-3_nwin-10_seed-0/model-6

----- Epoch 7 (windowed) -----

###### Windowed train epoch 7 overall metrics
  loss: 0.0937 rmse: 14.404 r2: 0.006 corr: 0.079
***** Epoch 7 Val (windowed) *****
  loss: 0.0104 rmse: 5.370 r2: 0.048 corr: 0.246
********************
***** Epoch 7 Test (windowed) *****
  loss: 0.0115 rmse: 11.752 r2: 0.014 corr: 0.135
********************
  Epoch 7 done in 32.4s

----- Epoch 8 (windowed) -----

###### Windowed train epoch 8 overall metrics
  loss: 0.0923 rmse: 14.400 r2: 0.006 corr: 0.084
***** Epoch 8 Val (windowed) *****
  loss: 0.0100 rmse: 5.361 r2: 0.051 corr: 0.248
********************
***** Epoch 8 Test (windowed) *****
  loss: 0.0117 rmse: 11.747 r2: 0.014 corr: 0.135
********************
  Epoch 8 done in 350.1s
  Saved best model → model/FIM_restoration_0412_stations_monthly/2015/gat-rnn-v2-windowed_bs-128_lr-0.001_maxepoch-50_testyear-2015_win-3_nwin-10_seed-0/model-8

----- Epoch 9 (windowed) -----

###### Windowed train epoch 9 overall metrics
  loss: 0.0912 rmse: 14.400 r2: 0.006 corr: 0.082
***** Epoch 9 Val (windowed) *****
  loss: 0.0092 rmse: 5.365 r2: 0.050 corr: 0.256
********************
***** Epoch 9 Test (windowed) *****
  loss: 0.0110 rmse: 11.750 r2: 0.014 corr: 0.140
********************
  Epoch 9 done in 32.3s

----- Epoch 10 (windowed) -----

###### Windowed train epoch 10 overall metrics
  loss: 0.0897 rmse: 14.394 r2: 0.007 corr: 0.088
***** Epoch 10 Val (windowed) *****
  loss: 0.0095 rmse: 5.339 r2: 0.059 corr: 0.263
********************
***** Epoch 10 Test (windowed) *****
  loss: 0.0111 rmse: 11.737 r2: 0.016 corr: 0.140
********************
  Epoch 10 done in 32.5s
  Saved best model → model/FIM_restoration_0412_stations_monthly/2015/gat-rnn-v2-windowed_bs-128_lr-0.001_maxepoch-50_testyear-2015_win-3_nwin-10_seed-0/model-10

----- Epoch 11 (windowed) -----

###### Windowed train epoch 11 overall metrics
  loss: 0.0884 rmse: 14.393 r2: 0.007 corr: 0.088
***** Epoch 11 Val (windowed) *****
  loss: 0.0086 rmse: 5.327 r2: 0.064 corr: 0.272
********************
***** Epoch 11 Test (windowed) *****
  loss: 0.0105 rmse: 11.731 r2: 0.017 corr: 0.144
********************
  Epoch 11 done in 934.2s
  Saved best model → model/FIM_restoration_0412_stations_monthly/2015/gat-rnn-v2-windowed_bs-128_lr-0.001_maxepoch-50_testyear-2015_win-3_nwin-10_seed-0/model-11

----- Epoch 12 (windowed) -----

###### Windowed train epoch 12 overall metrics
  loss: 0.0870 rmse: 14.388 r2: 0.008 corr: 0.092
***** Epoch 12 Val (windowed) *****
  loss: 0.0083 rmse: 5.315 r2: 0.068 corr: 0.278
********************
***** Epoch 12 Test (windowed) *****
  loss: 0.0103 rmse: 11.726 r2: 0.018 corr: 0.145
********************
  Epoch 12 done in 32.5s
  Saved best model → model/FIM_restoration_0412_stations_monthly/2015/gat-rnn-v2-windowed_bs-128_lr-0.001_maxepoch-50_testyear-2015_win-3_nwin-10_seed-0/model-12

----- Epoch 13 (windowed) -----

###### Windowed train epoch 13 overall metrics
  loss: 0.0856 rmse: 14.387 r2: 0.008 corr: 0.092
***** Epoch 13 Val (windowed) *****
  loss: 0.0081 rmse: 5.343 r2: 0.058 corr: 0.282
********************
***** Epoch 13 Test (windowed) *****
  loss: 0.0101 rmse: 11.739 r2: 0.016 corr: 0.151
********************
  Epoch 13 done in 35.0s

----- Epoch 14 (windowed) -----

###### Windowed train epoch 14 overall metrics
  loss: 0.0842 rmse: 14.387 r2: 0.008 corr: 0.095
***** Epoch 14 Val (windowed) *****
  loss: 0.0082 rmse: 5.291 r2: 0.076 corr: 0.278
********************
***** Epoch 14 Test (windowed) *****
  loss: 0.0107 rmse: 11.714 r2: 0.020 corr: 0.143
********************
  Epoch 14 done in 32.9s
  Saved best model → model/FIM_restoration_0412_stations_monthly/2015/gat-rnn-v2-windowed_bs-128_lr-0.001_maxepoch-50_testyear-2015_win-3_nwin-10_seed-0/model-14

----- Epoch 15 (windowed) -----

###### Windowed train epoch 15 overall metrics
  loss: 0.0832 rmse: 14.384 r2: 0.009 corr: 0.095
***** Epoch 15 Val (windowed) *****
  loss: 0.0078 rmse: 5.310 r2: 0.070 corr: 0.283
********************
***** Epoch 15 Test (windowed) *****
  loss: 0.0102 rmse: 11.721 r2: 0.019 corr: 0.148
********************
  Epoch 15 done in 32.9s

----- Epoch 16 (windowed) -----

###### Windowed train epoch 16 overall metrics
  loss: 0.0821 rmse: 14.376 r2: 0.010 corr: 0.102
***** Epoch 16 Val (windowed) *****
  loss: 0.0075 rmse: 5.296 r2: 0.074 corr: 0.288
********************
***** Epoch 16 Test (windowed) *****
  loss: 0.0097 rmse: 11.715 r2: 0.020 corr: 0.149
********************
  Epoch 16 done in 933.2s

----- Epoch 17 (windowed) -----

###### Windowed train epoch 17 overall metrics
  loss: 0.0808 rmse: 14.379 r2: 0.009 corr: 0.099
***** Epoch 17 Val (windowed) *****
  loss: 0.0073 rmse: 5.304 r2: 0.072 corr: 0.289
********************
***** Epoch 17 Test (windowed) *****
  loss: 0.0100 rmse: 11.717 r2: 0.019 corr: 0.151
********************
  Epoch 17 done in 33.9s

----- Epoch 18 (windowed) -----

###### Windowed train epoch 18 overall metrics
  loss: 0.0798 rmse: 14.381 r2: 0.009 corr: 0.099
***** Epoch 18 Val (windowed) *****
  loss: 0.0074 rmse: 5.273 r2: 0.082 corr: 0.290
********************
***** Epoch 18 Test (windowed) *****
  loss: 0.0100 rmse: 11.702 r2: 0.022 corr: 0.150
********************
  Epoch 18 done in 34.8s
  Saved best model → model/FIM_restoration_0412_stations_monthly/2015/gat-rnn-v2-windowed_bs-128_lr-0.001_maxepoch-50_testyear-2015_win-3_nwin-10_seed-0/model-18

----- Epoch 19 (windowed) -----

###### Windowed train epoch 19 overall metrics
  loss: 0.0788 rmse: 14.379 r2: 0.009 corr: 0.098
***** Epoch 19 Val (windowed) *****
  loss: 0.0079 rmse: 5.284 r2: 0.078 corr: 0.297
********************
***** Epoch 19 Test (windowed) *****
  loss: 0.0108 rmse: 11.708 r2: 0.021 corr: 0.158
********************
  Epoch 19 done in 34.2s

----- Epoch 20 (windowed) -----

###### Windowed train epoch 20 overall metrics
  loss: 0.0778 rmse: 14.381 r2: 0.009 corr: 0.097
***** Epoch 20 Val (windowed) *****
  loss: 0.0073 rmse: 5.310 r2: 0.069 corr: 0.303
********************
***** Epoch 20 Test (windowed) *****
  loss: 0.0092 rmse: 11.718 r2: 0.019 corr: 0.164
********************
  Epoch 20 done in 34.3s

----- Epoch 21 (windowed) -----

###### Windowed train epoch 21 overall metrics
  loss: 0.0769 rmse: 14.378 r2: 0.009 corr: 0.099
***** Epoch 21 Val (windowed) *****
  loss: 0.0066 rmse: 5.288 r2: 0.077 corr: 0.302
********************
***** Epoch 21 Test (windowed) *****
  loss: 0.0092 rmse: 11.706 r2: 0.021 corr: 0.162
********************
  Epoch 21 done in 34.3s

----- Epoch 22 (windowed) -----

###### Windowed train epoch 22 overall metrics
  loss: 0.0756 rmse: 14.380 r2: 0.009 corr: 0.098
***** Epoch 22 Val (windowed) *****
  loss: 0.0066 rmse: 5.285 r2: 0.078 corr: 0.299
********************
***** Epoch 22 Test (windowed) *****
  loss: 0.0089 rmse: 11.707 r2: 0.021 corr: 0.160
********************
  Epoch 22 done in 34.5s

----- Epoch 23 (windowed) -----

###### Windowed train epoch 23 overall metrics
  loss: 0.0744 rmse: 14.376 r2: 0.010 corr: 0.101
***** Epoch 23 Val (windowed) *****
  loss: 0.0067 rmse: 5.259 r2: 0.087 corr: 0.300
********************
***** Epoch 23 Test (windowed) *****
  loss: 0.0101 rmse: 11.688 r2: 0.024 corr: 0.160
********************
  Epoch 23 done in 34.6s
  Saved best model → model/FIM_restoration_0412_stations_monthly/2015/gat-rnn-v2-windowed_bs-128_lr-0.001_maxepoch-50_testyear-2015_win-3_nwin-10_seed-0/model-23

----- Epoch 24 (windowed) -----

###### Windowed train epoch 24 overall metrics
  loss: 0.0733 rmse: 14.374 r2: 0.010 corr: 0.101
***** Epoch 24 Val (windowed) *****
  loss: 0.0066 rmse: 5.264 r2: 0.085 corr: 0.311
********************
***** Epoch 24 Test (windowed) *****
  loss: 0.0093 rmse: 11.689 r2: 0.024 corr: 0.168
********************
  Epoch 24 done in 34.7s

----- Epoch 25 (windowed) -----

###### Windowed train epoch 25 overall metrics
  loss: 0.0723 rmse: 14.381 r2: 0.009 corr: 0.096
***** Epoch 25 Val (windowed) *****
  loss: 0.0064 rmse: 5.268 r2: 0.084 corr: 0.306
********************
***** Epoch 25 Test (windowed) *****
  loss: 0.0091 rmse: 11.693 r2: 0.024 corr: 0.167
********************
  Epoch 25 done in 34.8s

----- Epoch 26 (windowed) -----

###### Windowed train epoch 26 overall metrics
  loss: 0.0712 rmse: 14.377 r2: 0.010 corr: 0.102
***** Epoch 26 Val (windowed) *****
  loss: 0.0063 rmse: 5.247 r2: 0.091 corr: 0.311
********************
***** Epoch 26 Test (windowed) *****
  loss: 0.0089 rmse: 11.679 r2: 0.026 corr: 0.168
********************
  Epoch 26 done in 36.7s
  Saved best model → model/FIM_restoration_0412_stations_monthly/2015/gat-rnn-v2-windowed_bs-128_lr-0.001_maxepoch-50_testyear-2015_win-3_nwin-10_seed-0/model-26

----- Epoch 27 (windowed) -----

###### Windowed train epoch 27 overall metrics
  loss: 0.0703 rmse: 14.370 r2: 0.011 corr: 0.105
***** Epoch 27 Val (windowed) *****
  loss: 0.0062 rmse: 5.256 r2: 0.088 corr: 0.314
********************
***** Epoch 27 Test (windowed) *****
  loss: 0.0092 rmse: 11.681 r2: 0.026 corr: 0.171
********************
  Epoch 27 done in 37.1s

----- Epoch 28 (windowed) -----

###### Windowed train epoch 28 overall metrics
  loss: 0.0695 rmse: 14.380 r2: 0.009 corr: 0.097
***** Epoch 28 Val (windowed) *****
  loss: 0.0064 rmse: 5.291 r2: 0.076 corr: 0.302
********************
***** Epoch 28 Test (windowed) *****
  loss: 0.0102 rmse: 11.700 r2: 0.022 corr: 0.168
********************
  Epoch 28 done in 38.0s

----- Epoch 29 (windowed) -----

###### Windowed train epoch 29 overall metrics
  loss: 0.0687 rmse: 14.377 r2: 0.010 corr: 0.102
***** Epoch 29 Val (windowed) *****
  loss: 0.0061 rmse: 5.247 r2: 0.091 corr: 0.320
********************
***** Epoch 29 Test (windowed) *****
  loss: 0.0092 rmse: 11.675 r2: 0.026 corr: 0.175
********************
  Epoch 29 done in 53.3s

----- Epoch 30 (windowed) -----

###### Windowed train epoch 30 overall metrics
  loss: 0.0675 rmse: 14.375 r2: 0.010 corr: 0.101
***** Epoch 30 Val (windowed) *****
  loss: 0.0058 rmse: 5.253 r2: 0.089 corr: 0.324
********************
***** Epoch 30 Test (windowed) *****
  loss: 0.0089 rmse: 11.681 r2: 0.026 corr: 0.177
********************
  Epoch 30 done in 65.1s

----- Epoch 31 (windowed) -----

###### Windowed train epoch 31 overall metrics
  loss: 0.0665 rmse: 14.383 r2: 0.009 corr: 0.094
***** Epoch 31 Val (windowed) *****
  loss: 0.0060 rmse: 5.290 r2: 0.077 corr: 0.326
********************
***** Epoch 31 Test (windowed) *****
  loss: 0.0088 rmse: 11.703 r2: 0.022 corr: 0.182
********************
  Epoch 31 done in 69.4s

----- Epoch 32 (windowed) -----

###### Windowed train epoch 32 overall metrics
  loss: 0.0657 rmse: 14.374 r2: 0.010 corr: 0.104
***** Epoch 32 Val (windowed) *****
  loss: 0.0063 rmse: 5.273 r2: 0.082 corr: 0.326
********************
***** Epoch 32 Test (windowed) *****
  loss: 0.0091 rmse: 11.693 r2: 0.023 corr: 0.179
********************
  Epoch 32 done in 49.4s

----- Epoch 33 (windowed) -----

###### Windowed train epoch 33 overall metrics
  loss: 0.0647 rmse: 14.379 r2: 0.009 corr: 0.099
***** Epoch 33 Val (windowed) *****
  loss: 0.0057 rmse: 5.253 r2: 0.089 corr: 0.328
********************
***** Epoch 33 Test (windowed) *****
  loss: 0.0093 rmse: 11.680 r2: 0.026 corr: 0.178
********************
  Epoch 33 done in 48.7s

----- Epoch 34 (windowed) -----

###### Windowed train epoch 34 overall metrics
  loss: 0.0639 rmse: 14.376 r2: 0.010 corr: 0.103
***** Epoch 34 Val (windowed) *****
  loss: 0.0058 rmse: 5.227 r2: 0.098 corr: 0.328
********************
***** Epoch 34 Test (windowed) *****
  loss: 0.0082 rmse: 11.664 r2: 0.028 corr: 0.180
********************
  Epoch 34 done in 46.9s
  Saved best model → model/FIM_restoration_0412_stations_monthly/2015/gat-rnn-v2-windowed_bs-128_lr-0.001_maxepoch-50_testyear-2015_win-3_nwin-10_seed-0/model-34

----- Epoch 35 (windowed) -----

###### Windowed train epoch 35 overall metrics
  loss: 0.0630 rmse: 14.376 r2: 0.010 corr: 0.099
***** Epoch 35 Val (windowed) *****
  loss: 0.0055 rmse: 5.272 r2: 0.083 corr: 0.319
********************
***** Epoch 35 Test (windowed) *****
  loss: 0.0089 rmse: 11.694 r2: 0.023 corr: 0.176
********************
  Epoch 35 done in 44.3s

----- Epoch 36 (windowed) -----

###### Windowed train epoch 36 overall metrics
  loss: 0.0622 rmse: 14.375 r2: 0.010 corr: 0.102
***** Epoch 36 Val (windowed) *****
  loss: 0.0057 rmse: 5.229 r2: 0.098 corr: 0.329
********************
***** Epoch 36 Test (windowed) *****
  loss: 0.0092 rmse: 11.667 r2: 0.028 corr: 0.180
********************
  Epoch 36 done in 43.3s

----- Epoch 37 (windowed) -----

###### Windowed train epoch 37 overall metrics
  loss: 0.0615 rmse: 14.380 r2: 0.009 corr: 0.099
***** Epoch 37 Val (windowed) *****
  loss: 0.0062 rmse: 5.256 r2: 0.088 corr: 0.320
********************
***** Epoch 37 Test (windowed) *****
  loss: 0.0091 rmse: 11.680 r2: 0.026 corr: 0.176
********************
  Epoch 37 done in 45.2s

----- Epoch 38 (windowed) -----

###### Windowed train epoch 38 overall metrics
  loss: 0.0605 rmse: 14.371 r2: 0.010 corr: 0.104
***** Epoch 38 Val (windowed) *****
  loss: 0.0056 rmse: 5.222 r2: 0.100 corr: 0.333
********************
***** Epoch 38 Test (windowed) *****
  loss: 0.0089 rmse: 11.667 r2: 0.028 corr: 0.181
********************
  Epoch 38 done in 155.4s
  Saved best model → model/FIM_restoration_0412_stations_monthly/2015/gat-rnn-v2-windowed_bs-128_lr-0.001_maxepoch-50_testyear-2015_win-3_nwin-10_seed-0/model-38

----- Epoch 39 (windowed) -----

###### Windowed train epoch 39 overall metrics
  loss: 0.0595 rmse: 14.376 r2: 0.010 corr: 0.101
***** Epoch 39 Val (windowed) *****
  loss: 0.0057 rmse: 5.273 r2: 0.082 corr: 0.332
********************
***** Epoch 39 Test (windowed) *****
  loss: 0.0083 rmse: 11.692 r2: 0.024 corr: 0.183
********************
  Epoch 39 done in 197.5s

----- Epoch 40 (windowed) -----

###### Windowed train epoch 40 overall metrics
  loss: 0.0585 rmse: 14.372 r2: 0.010 corr: 0.105
***** Epoch 40 Val (windowed) *****
  loss: 0.0059 rmse: 5.236 r2: 0.095 corr: 0.336
********************
***** Epoch 40 Test (windowed) *****
  loss: 0.0084 rmse: 11.673 r2: 0.027 corr: 0.183
********************
  Epoch 40 done in 32.4s

----- Epoch 41 (windowed) -----

###### Windowed train epoch 41 overall metrics
  loss: 0.0576 rmse: 14.374 r2: 0.010 corr: 0.101
***** Epoch 41 Val (windowed) *****
  loss: 0.0060 rmse: 5.308 r2: 0.070 corr: 0.322
********************
***** Epoch 41 Test (windowed) *****
  loss: 0.0087 rmse: 11.717 r2: 0.019 corr: 0.178
********************
  Epoch 41 done in 100.3s

----- Epoch 42 (windowed) -----

###### Windowed train epoch 42 overall metrics
  loss: 0.0570 rmse: 14.377 r2: 0.010 corr: 0.102
***** Epoch 42 Val (windowed) *****
  loss: 0.0056 rmse: 5.251 r2: 0.090 corr: 0.327
********************
***** Epoch 42 Test (windowed) *****
  loss: 0.0093 rmse: 11.681 r2: 0.026 corr: 0.179
********************
  Epoch 42 done in 32.7s

----- Epoch 43 (windowed) -----

###### Windowed train epoch 43 overall metrics
  loss: 0.0564 rmse: 14.371 r2: 0.010 corr: 0.103
***** Epoch 43 Val (windowed) *****
  loss: 0.0058 rmse: 5.298 r2: 0.074 corr: 0.325
********************
***** Epoch 43 Test (windowed) *****
  loss: 0.0089 rmse: 11.711 r2: 0.021 corr: 0.181
********************
  Epoch 43 done in 32.2s

----- Epoch 44 (windowed) -----

###### Windowed train epoch 44 overall metrics
  loss: 0.0555 rmse: 14.390 r2: 0.008 corr: 0.089
***** Epoch 44 Val (windowed) *****
  loss: 0.0056 rmse: 5.286 r2: 0.078 corr: 0.319
********************
***** Epoch 44 Test (windowed) *****
  loss: 0.0092 rmse: 11.702 r2: 0.022 corr: 0.178
********************
  Epoch 44 done in 32.5s

----- Epoch 45 (windowed) -----

###### Windowed train epoch 45 overall metrics
  loss: 0.0545 rmse: 14.381 r2: 0.009 corr: 0.096
***** Epoch 45 Val (windowed) *****
  loss: 0.0054 rmse: 5.286 r2: 0.078 corr: 0.327
********************
***** Epoch 45 Test (windowed) *****
  loss: 0.0088 rmse: 11.700 r2: 0.022 corr: 0.181
********************
  Epoch 45 done in 1004.6s

----- Epoch 46 (windowed) -----

###### Windowed train epoch 46 overall metrics
  loss: 0.0536 rmse: 14.375 r2: 0.010 corr: 0.102
***** Epoch 46 Val (windowed) *****
  loss: 0.0054 rmse: 5.245 r2: 0.092 corr: 0.332
********************
***** Epoch 46 Test (windowed) *****
  loss: 0.0088 rmse: 11.676 r2: 0.026 corr: 0.182
********************
  Epoch 46 done in 33.5s

----- Epoch 47 (windowed) -----

###### Windowed train epoch 47 overall metrics
  loss: 0.0529 rmse: 14.367 r2: 0.011 corr: 0.106
***** Epoch 47 Val (windowed) *****
  loss: 0.0054 rmse: 5.273 r2: 0.082 corr: 0.324
********************
***** Epoch 47 Test (windowed) *****
  loss: 0.0087 rmse: 11.693 r2: 0.023 corr: 0.180
********************
  Epoch 47 done in 32.5s

----- Epoch 48 (windowed) -----

###### Windowed train epoch 48 overall metrics
  loss: 0.0520 rmse: 14.380 r2: 0.009 corr: 0.098
***** Epoch 48 Val (windowed) *****
  loss: 0.0054 rmse: 5.243 r2: 0.093 corr: 0.335
********************
***** Epoch 48 Test (windowed) *****
  loss: 0.0087 rmse: 11.675 r2: 0.027 corr: 0.186
********************
  Epoch 48 done in 32.2s

----- Epoch 49 (windowed) -----

###### Windowed train epoch 49 overall metrics
  loss: 0.0514 rmse: 14.369 r2: 0.011 corr: 0.108
***** Epoch 49 Val (windowed) *****
  loss: 0.0060 rmse: 5.231 r2: 0.097 corr: 0.316
********************
***** Epoch 49 Test (windowed) *****
  loss: 0.0099 rmse: 11.665 r2: 0.028 corr: 0.173
********************
  Epoch 49 done in 890.9s
Fold done — best val RMSE=5.2223 test R²=0.0279 corr=0.1814

================================================================
Rolling-windowed  test_year=2016
  Val  : 2015
  Test : 2016
  win_size=3  n_windows=10
================================================================
Initially data (54319, 166)
After filtering (37796, 166)
[data hygiene] 3 target column(s) look like raw counts (max > 15); applying log1p
get_X_Y
X shape (37796, 107)
Y shape (37796, 57)
Y (output) means tensor([[0.1462, 0.0125, 0.2567, 0.1512, 0.0174, 0.0629, 0.1632, 0.0232, 0.0453,
         0.0111, 0.0795, 0.1419, 0.0211, 0.0143, 0.0085, 0.0015, 0.0000, 0.1201,
         0.1201, 0.1201, 0.1201, 0.3930, 0.3753, 0.0424, 0.0426, 0.0911, 1.0214,
         0.0131, 0.0377, 0.0647, 0.0761, 0.0080, 0.0417, 0.0037, 0.9919, 0.3477,
         0.0771, 0.1209, 0.0027, 0.0853, 0.0089, 0.0077, 0.0654, 0.0857, 0.1136,
         0.1043, 0.0079, 0.0187, 0.0106, 0.0215, 0.0169, 0.0156, 0.0099, 0.0291,
         0.0062, 0.3881, 0.0158]]) stds tensor([[0.4778, 0.1387, 0.6312, 0.5601, 0.1581, 0.3051, 0.5219, 0.1927, 0.2901,
         0.1418, 0.4227, 0.4495, 0.1432, 0.1718, 0.1326, 0.1180, 1.0000, 0.3250,
         0.3250, 0.3250, 0.3250, 0.4884, 0.4841, 0.2329, 0.3749, 0.5265, 2.0968,
         0.1320, 0.2242, 0.3767, 0.4195, 0.1533, 0.3434, 0.0878, 1.6538, 0.8553,
         0.4163, 0.6192, 0.0612, 0.4414, 0.1427, 0.1262, 0.4380, 0.3767, 0.4694,
         0.4131, 0.1206, 0.1456, 0.1451, 0.2180, 0.1801, 0.1731, 0.1377, 0.2925,
         0.1380, 1.1631, 0.1603]])
Y count-scale means tensor([[4.8859e-01, 3.5833e-02, 9.9997e-01, 7.9858e-01, 4.8727e-02, 2.0843e-01,
         6.0113e-01, 7.1756e-02, 1.8603e-01, 3.7722e-02, 5.4277e-01, 4.2388e-01,
         4.6509e-02, 1.1533e-01, 4.4064e-02, 6.4564e+00, 0.0000e+00, 2.0635e-01,
         2.0635e-01, 2.0635e-01, 2.0635e-01, 6.7544e-01, 6.4493e-01, 1.1611e-01,
         5.8017e-01, 2.4929e+00, 2.3974e+02, 3.2145e-02, 9.2087e-02, 3.6277e-01,
         5.7300e-01, 8.3451e-02, 6.5951e-01, 1.8741e-02, 2.0613e+01, 2.6390e+00,
         4.6490e-01, 2.1205e+00, 7.2866e-03, 5.4292e-01, 4.7528e-02, 4.6688e-02,
         1.0276e+00, 3.0640e-01, 5.5465e-01, 3.8979e-01, 3.4364e-02, 3.9282e-02,
         4.8547e-02, 1.2477e-01, 6.7138e-02, 6.5249e-02, 3.8262e-02, 6.3984e-01,
         1.1721e-01, 1.4084e+01, 4.9057e-02]]) stds tensor([[3.3335e+00, 6.3231e-01, 6.0218e+00, 6.3010e+00, 9.4810e-01, 3.8696e+00,
         3.8595e+00, 1.0285e+00, 2.5689e+00, 7.0265e-01, 8.9316e+00, 2.6903e+00,
         7.6705e-01, 5.8111e+00, 1.3835e+00, 9.0845e+02, 1.0000e+00, 5.5865e-01,
         5.5865e-01, 5.5865e-01, 5.5865e-01, 8.3936e-01, 8.3203e-01, 2.0371e+00,
         9.6549e+00, 6.1132e+01, 2.8009e+03, 6.0629e-01, 8.5617e-01, 4.2727e+00,
         9.3122e+00, 3.3363e+00, 2.0089e+01, 8.1626e-01, 8.8395e+01, 1.9210e+01,
         5.0585e+00, 3.2689e+01, 3.1910e-01, 7.2795e+00, 1.2924e+00, 2.0133e+00,
         2.6676e+01, 2.7122e+00, 5.6766e+00, 3.5241e+00, 1.3306e+00, 4.9097e-01,
         1.5888e+00, 3.3435e+00, 1.2086e+00, 1.4769e+00, 8.3558e-01, 3.7876e+01,
         6.4275e+00, 1.6780e+02, 8.0516e-01]])
Loaded per-window (calendar) month weights from analysis/figures/month_weights_per_window.npz: cube.shape=(25, 12, 57)
/Users/liyingnceas/GitHub/GNN-RNN-main/gnn-lstm-v3/utils/data_utils.py:258: RuntimeWarning: Mean of empty slice
  np.nanmean(county_dict[county], axis=0).astype(np.float32)
Filled 95850 missing (node, year) entries from neighbors or year averages
[2D] Station nodes: 596, adj nnz: 2980
[build_year_XY_windowed] data_start=1998, min_pred_year=2009, test_year=2016, win_size=3, n_windows=10
  built windows for T=2009
  built windows for T=2014
[build_year_XY_windowed] built windowed XY for 8 prediction years (2009–2016)
  GAT_RNN_V2: edge_feat_dim=3, n_heads=4, n_hidden=64

----- Epoch 0 (windowed) -----

###### Windowed train epoch 0 overall metrics
  loss: 0.1161 rmse: 13.992 r2: 0.004 corr: 0.076
***** Epoch 0 Val (windowed) *****
  loss: 0.0160 rmse: 11.733 r2: 0.009 corr: 0.115
********************
***** Epoch 0 Test (windowed) *****
  loss: 0.0169 rmse: 11.446 r2: 0.010 corr: 0.124
********************
  Epoch 0 done in 39.2s
  Saved best model → model/FIM_restoration_0412_stations_monthly/2016/gat-rnn-v2-windowed_bs-128_lr-0.001_maxepoch-50_testyear-2016_win-3_nwin-10_seed-0/model-0

----- Epoch 1 (windowed) -----

###### Windowed train epoch 1 overall metrics
  loss: 0.1046 rmse: 13.989 r2: 0.005 corr: 0.071
***** Epoch 1 Val (windowed) *****
  loss: 0.0139 rmse: 11.733 r2: 0.009 corr: 0.121
********************
***** Epoch 1 Test (windowed) *****
  loss: 0.0144 rmse: 11.444 r2: 0.010 corr: 0.131
********************
  Epoch 1 done in 40.0s
  Saved best model → model/FIM_restoration_0412_stations_monthly/2016/gat-rnn-v2-windowed_bs-128_lr-0.001_maxepoch-50_testyear-2016_win-3_nwin-10_seed-0/model-1

----- Epoch 2 (windowed) -----

###### Windowed train epoch 2 overall metrics
  loss: 0.1009 rmse: 13.987 r2: 0.005 corr: 0.076
***** Epoch 2 Val (windowed) *****
  loss: 0.0130 rmse: 11.725 r2: 0.010 corr: 0.117
********************
***** Epoch 2 Test (windowed) *****
  loss: 0.0137 rmse: 11.435 r2: 0.012 corr: 0.126
********************
  Epoch 2 done in 39.1s
  Saved best model → model/FIM_restoration_0412_stations_monthly/2016/gat-rnn-v2-windowed_bs-128_lr-0.001_maxepoch-50_testyear-2016_win-3_nwin-10_seed-0/model-2

----- Epoch 3 (windowed) -----

###### Windowed train epoch 3 overall metrics
  loss: 0.0984 rmse: 13.983 r2: 0.005 corr: 0.077
***** Epoch 3 Val (windowed) *****
  loss: 0.0133 rmse: 11.725 r2: 0.010 corr: 0.128
********************
***** Epoch 3 Test (windowed) *****
  loss: 0.0141 rmse: 11.438 r2: 0.011 corr: 0.137
********************
  Epoch 3 done in 46.3s

----- Epoch 4 (windowed) -----

###### Windowed train epoch 4 overall metrics
  loss: 0.0960 rmse: 13.976 r2: 0.006 corr: 0.084
***** Epoch 4 Val (windowed) *****
  loss: 0.0119 rmse: 11.718 r2: 0.012 corr: 0.130
********************
***** Epoch 4 Test (windowed) *****
  loss: 0.0127 rmse: 11.429 r2: 0.013 corr: 0.139
********************
  Epoch 4 done in 46.7s
  Saved best model → model/FIM_restoration_0412_stations_monthly/2016/gat-rnn-v2-windowed_bs-128_lr-0.001_maxepoch-50_testyear-2016_win-3_nwin-10_seed-0/model-4

----- Epoch 5 (windowed) -----

###### Windowed train epoch 5 overall metrics
  loss: 0.0936 rmse: 13.976 r2: 0.006 corr: 0.085
***** Epoch 5 Val (windowed) *****
  loss: 0.0110 rmse: 11.702 r2: 0.014 corr: 0.129
********************
***** Epoch 5 Test (windowed) *****
  loss: 0.0119 rmse: 11.413 r2: 0.016 corr: 0.136
********************
  Epoch 5 done in 46.9s
  Saved best model → model/FIM_restoration_0412_stations_monthly/2016/gat-rnn-v2-windowed_bs-128_lr-0.001_maxepoch-50_testyear-2016_win-3_nwin-10_seed-0/model-5

----- Epoch 6 (windowed) -----

###### Windowed train epoch 6 overall metrics
  loss: 0.0921 rmse: 13.977 r2: 0.006 corr: 0.082
***** Epoch 6 Val (windowed) *****
  loss: 0.0116 rmse: 11.711 r2: 0.013 corr: 0.137
********************
***** Epoch 6 Test (windowed) *****
  loss: 0.0122 rmse: 11.424 r2: 0.014 corr: 0.146
********************
  Epoch 6 done in 46.5s

----- Epoch 7 (windowed) -----

###### Windowed train epoch 7 overall metrics
  loss: 0.0904 rmse: 13.973 r2: 0.007 corr: 0.087
***** Epoch 7 Val (windowed) *****
  loss: 0.0105 rmse: 11.700 r2: 0.015 corr: 0.137
********************
***** Epoch 7 Test (windowed) *****
  loss: 0.0112 rmse: 11.413 r2: 0.016 corr: 0.145
********************
  Epoch 7 done in 46.2s
  Saved best model → model/FIM_restoration_0412_stations_monthly/2016/gat-rnn-v2-windowed_bs-128_lr-0.001_maxepoch-50_testyear-2016_win-3_nwin-10_seed-0/model-7

----- Epoch 8 (windowed) -----

###### Windowed train epoch 8 overall metrics
  loss: 0.0885 rmse: 13.966 r2: 0.008 corr: 0.091
***** Epoch 8 Val (windowed) *****
  loss: 0.0104 rmse: 11.693 r2: 0.016 corr: 0.146
********************
***** Epoch 8 Test (windowed) *****
  loss: 0.0108 rmse: 11.407 r2: 0.017 corr: 0.154
********************
  Epoch 8 done in 46.9s
  Saved best model → model/FIM_restoration_0412_stations_monthly/2016/gat-rnn-v2-windowed_bs-128_lr-0.001_maxepoch-50_testyear-2016_win-3_nwin-10_seed-0/model-8

----- Epoch 9 (windowed) -----

###### Windowed train epoch 9 overall metrics
  loss: 0.0874 rmse: 13.957 r2: 0.009 corr: 0.099
***** Epoch 9 Val (windowed) *****
  loss: 0.0102 rmse: 11.694 r2: 0.016 corr: 0.153
********************
***** Epoch 9 Test (windowed) *****
  loss: 0.0110 rmse: 11.409 r2: 0.016 corr: 0.163
********************
  Epoch 9 done in 48.6s

----- Epoch 10 (windowed) -----

###### Windowed train epoch 10 overall metrics
  loss: 0.0855 rmse: 13.954 r2: 0.010 corr: 0.102
***** Epoch 10 Val (windowed) *****
  loss: 0.0099 rmse: 11.665 r2: 0.020 corr: 0.151
********************
***** Epoch 10 Test (windowed) *****
  loss: 0.0106 rmse: 11.378 r2: 0.022 corr: 0.159
********************
  Epoch 10 done in 47.0s
  Saved best model → model/FIM_restoration_0412_stations_monthly/2016/gat-rnn-v2-windowed_bs-128_lr-0.001_maxepoch-50_testyear-2016_win-3_nwin-10_seed-0/model-10

----- Epoch 11 (windowed) -----

###### Windowed train epoch 11 overall metrics
  loss: 0.0841 rmse: 13.953 r2: 0.010 corr: 0.103
***** Epoch 11 Val (windowed) *****
  loss: 0.0100 rmse: 11.670 r2: 0.020 corr: 0.157
********************
***** Epoch 11 Test (windowed) *****
  loss: 0.0105 rmse: 11.384 r2: 0.021 corr: 0.166
********************
  Epoch 11 done in 48.4s

----- Epoch 12 (windowed) -----

###### Windowed train epoch 12 overall metrics
  loss: 0.0827 rmse: 13.950 r2: 0.010 corr: 0.104
***** Epoch 12 Val (windowed) *****
  loss: 0.0092 rmse: 11.664 r2: 0.021 corr: 0.160
********************
***** Epoch 12 Test (windowed) *****
  loss: 0.0102 rmse: 11.378 r2: 0.022 corr: 0.169
********************
  Epoch 12 done in 46.6s
  Saved best model → model/FIM_restoration_0412_stations_monthly/2016/gat-rnn-v2-windowed_bs-128_lr-0.001_maxepoch-50_testyear-2016_win-3_nwin-10_seed-0/model-12

----- Epoch 13 (windowed) -----

###### Windowed train epoch 13 overall metrics
  loss: 0.0813 rmse: 13.947 r2: 0.011 corr: 0.105
***** Epoch 13 Val (windowed) *****
  loss: 0.0089 rmse: 11.656 r2: 0.022 corr: 0.164
********************
***** Epoch 13 Test (windowed) *****
  loss: 0.0099 rmse: 11.370 r2: 0.023 corr: 0.172
********************
  Epoch 13 done in 47.1s
  Saved best model → model/FIM_restoration_0412_stations_monthly/2016/gat-rnn-v2-windowed_bs-128_lr-0.001_maxepoch-50_testyear-2016_win-3_nwin-10_seed-0/model-13

----- Epoch 14 (windowed) -----

###### Windowed train epoch 14 overall metrics
  loss: 0.0800 rmse: 13.945 r2: 0.011 corr: 0.106
***** Epoch 14 Val (windowed) *****
  loss: 0.0087 rmse: 11.658 r2: 0.022 corr: 0.168
********************
***** Epoch 14 Test (windowed) *****
  loss: 0.0098 rmse: 11.372 r2: 0.023 corr: 0.175
********************
  Epoch 14 done in 48.5s

----- Epoch 15 (windowed) -----

###### Windowed train epoch 15 overall metrics
  loss: 0.0786 rmse: 13.950 r2: 0.010 corr: 0.109
***** Epoch 15 Val (windowed) *****
  loss: 0.0084 rmse: 11.650 r2: 0.023 corr: 0.165
********************
***** Epoch 15 Test (windowed) *****
  loss: 0.0097 rmse: 11.365 r2: 0.024 corr: 0.172
********************
  Epoch 15 done in 48.2s
  Saved best model → model/FIM_restoration_0412_stations_monthly/2016/gat-rnn-v2-windowed_bs-128_lr-0.001_maxepoch-50_testyear-2016_win-3_nwin-10_seed-0/model-15

----- Epoch 16 (windowed) -----

###### Windowed train epoch 16 overall metrics
  loss: 0.0777 rmse: 13.954 r2: 0.010 corr: 0.101
***** Epoch 16 Val (windowed) *****
  loss: 0.0084 rmse: 11.644 r2: 0.024 corr: 0.169
********************
***** Epoch 16 Test (windowed) *****
  loss: 0.0095 rmse: 11.356 r2: 0.025 corr: 0.174
********************
  Epoch 16 done in 47.6s
  Saved best model → model/FIM_restoration_0412_stations_monthly/2016/gat-rnn-v2-windowed_bs-128_lr-0.001_maxepoch-50_testyear-2016_win-3_nwin-10_seed-0/model-16

----- Epoch 17 (windowed) -----

###### Windowed train epoch 17 overall metrics
  loss: 0.0765 rmse: 13.939 r2: 0.012 corr: 0.112
***** Epoch 17 Val (windowed) *****
  loss: 0.0085 rmse: 11.679 r2: 0.018 corr: 0.177
********************
***** Epoch 17 Test (windowed) *****
  loss: 0.0101 rmse: 11.394 r2: 0.019 corr: 0.183
********************
  Epoch 17 done in 48.3s

----- Epoch 18 (windowed) -----

###### Windowed train epoch 18 overall metrics
  loss: 0.0752 rmse: 13.952 r2: 0.010 corr: 0.102
***** Epoch 18 Val (windowed) *****
  loss: 0.0080 rmse: 11.644 r2: 0.024 corr: 0.175
********************
***** Epoch 18 Test (windowed) *****
  loss: 0.0094 rmse: 11.360 r2: 0.025 corr: 0.179
********************
  Epoch 18 done in 49.4s
  Saved best model → model/FIM_restoration_0412_stations_monthly/2016/gat-rnn-v2-windowed_bs-128_lr-0.001_maxepoch-50_testyear-2016_win-3_nwin-10_seed-0/model-18

----- Epoch 19 (windowed) -----

###### Windowed train epoch 19 overall metrics
  loss: 0.0737 rmse: 13.949 r2: 0.010 corr: 0.105
***** Epoch 19 Val (windowed) *****
  loss: 0.0079 rmse: 11.632 r2: 0.026 corr: 0.179
********************
***** Epoch 19 Test (windowed) *****
  loss: 0.0095 rmse: 11.349 r2: 0.027 corr: 0.180
********************
  Epoch 19 done in 49.5s
  Saved best model → model/FIM_restoration_0412_stations_monthly/2016/gat-rnn-v2-windowed_bs-128_lr-0.001_maxepoch-50_testyear-2016_win-3_nwin-10_seed-0/model-19

----- Epoch 20 (windowed) -----

###### Windowed train epoch 20 overall metrics
  loss: 0.0724 rmse: 13.945 r2: 0.011 corr: 0.106
***** Epoch 20 Val (windowed) *****
  loss: 0.0078 rmse: 11.648 r2: 0.023 corr: 0.180
********************
***** Epoch 20 Test (windowed) *****
  loss: 0.0100 rmse: 11.363 r2: 0.024 corr: 0.183
********************
  Epoch 20 done in 49.2s

----- Epoch 21 (windowed) -----

###### Windowed train epoch 21 overall metrics
  loss: 0.0714 rmse: 13.947 r2: 0.011 corr: 0.103
***** Epoch 21 Val (windowed) *****
  loss: 0.0079 rmse: 11.637 r2: 0.025 corr: 0.187
********************
***** Epoch 21 Test (windowed) *****
  loss: 0.0094 rmse: 11.355 r2: 0.026 corr: 0.185
********************
  Epoch 21 done in 46.9s

----- Epoch 22 (windowed) -----

###### Windowed train epoch 22 overall metrics
  loss: 0.0701 rmse: 13.933 r2: 0.013 corr: 0.117
***** Epoch 22 Val (windowed) *****
  loss: 0.0075 rmse: 11.624 r2: 0.027 corr: 0.186
********************
***** Epoch 22 Test (windowed) *****
  loss: 0.0091 rmse: 11.342 r2: 0.028 corr: 0.185
********************
  Epoch 22 done in 46.9s
  Saved best model → model/FIM_restoration_0412_stations_monthly/2016/gat-rnn-v2-windowed_bs-128_lr-0.001_maxepoch-50_testyear-2016_win-3_nwin-10_seed-0/model-22

----- Epoch 23 (windowed) -----

###### Windowed train epoch 23 overall metrics
  loss: 0.0691 rmse: 13.938 r2: 0.012 corr: 0.111
***** Epoch 23 Val (windowed) *****
  loss: 0.0075 rmse: 11.628 r2: 0.027 corr: 0.190
********************
***** Epoch 23 Test (windowed) *****
  loss: 0.0091 rmse: 11.348 r2: 0.027 corr: 0.184
********************
  Epoch 23 done in 47.7s

----- Epoch 24 (windowed) -----

###### Windowed train epoch 24 overall metrics
  loss: 0.0682 rmse: 13.934 r2: 0.012 corr: 0.116
***** Epoch 24 Val (windowed) *****
  loss: 0.0077 rmse: 11.599 r2: 0.032 corr: 0.185
********************
***** Epoch 24 Test (windowed) *****
  loss: 0.0093 rmse: 11.323 r2: 0.031 corr: 0.181
********************
  Epoch 24 done in 47.6s
  Saved best model → model/FIM_restoration_0412_stations_monthly/2016/gat-rnn-v2-windowed_bs-128_lr-0.001_maxepoch-50_testyear-2016_win-3_nwin-10_seed-0/model-24

----- Epoch 25 (windowed) -----

###### Windowed train epoch 25 overall metrics
  loss: 0.0671 rmse: 13.944 r2: 0.011 corr: 0.106
***** Epoch 25 Val (windowed) *****
  loss: 0.0074 rmse: 11.630 r2: 0.026 corr: 0.191
********************
***** Epoch 25 Test (windowed) *****
  loss: 0.0091 rmse: 11.348 r2: 0.027 corr: 0.187
********************
  Epoch 25 done in 48.7s

----- Epoch 26 (windowed) -----

###### Windowed train epoch 26 overall metrics
  loss: 0.0659 rmse: 13.924 r2: 0.014 corr: 0.120
***** Epoch 26 Val (windowed) *****
  loss: 0.0074 rmse: 11.616 r2: 0.029 corr: 0.191
********************
***** Epoch 26 Test (windowed) *****
  loss: 0.0090 rmse: 11.336 r2: 0.029 corr: 0.186
********************
  Epoch 26 done in 46.9s

----- Epoch 27 (windowed) -----

###### Windowed train epoch 27 overall metrics
  loss: 0.0649 rmse: 13.938 r2: 0.012 corr: 0.111
***** Epoch 27 Val (windowed) *****
  loss: 0.0071 rmse: 11.631 r2: 0.026 corr: 0.190
********************
***** Epoch 27 Test (windowed) *****
  loss: 0.0091 rmse: 11.347 r2: 0.027 corr: 0.185
********************
  Epoch 27 done in 48.6s

----- Epoch 28 (windowed) -----

###### Windowed train epoch 28 overall metrics
  loss: 0.0638 rmse: 13.943 r2: 0.011 corr: 0.106
***** Epoch 28 Val (windowed) *****
  loss: 0.0071 rmse: 11.664 r2: 0.021 corr: 0.186
********************
***** Epoch 28 Test (windowed) *****
  loss: 0.0089 rmse: 11.381 r2: 0.021 corr: 0.188
********************
  Epoch 28 done in 49.3s

----- Epoch 29 (windowed) -----

###### Windowed train epoch 29 overall metrics
  loss: 0.0626 rmse: 13.942 r2: 0.011 corr: 0.110
***** Epoch 29 Val (windowed) *****
  loss: 0.0072 rmse: 11.635 r2: 0.025 corr: 0.193
********************
***** Epoch 29 Test (windowed) *****
  loss: 0.0091 rmse: 11.352 r2: 0.026 corr: 0.188
********************
  Epoch 29 done in 49.8s

----- Epoch 30 (windowed) -----
