Device cpu
  [prevalence_target_min=0.1] Promoted 20 community species to targets. Total targets: 34. Demoted 72 rare species to input features.
FIM targets: 34 life-stage species (_A/_R/_SA/_J)
FIM forage (input only): []
FIM community species as input features: 72
FIM n_env_feats: 58
HybridEncoder individual_indices: 0 features
HybridEncoder group_slices: [(0, 72, 'other_species'), (72, 78, 'env'), (78, 86, 'restoration'), (86, 93, 'habitat_structured'), (93, 100, 'habitat_open'), (100, 107, 'shoreline'), (107, 110, 'water_effort'), (110, 124, 'bycatch'), (124, 130, 'na_indicators')]
FIM dataset: 34 species, time_intervals=1
Time intervals 1

================================================================
Rolling-windowed  test_year=2020
  Val  : 2019
  Test : 2020
  win_size=3  n_windows=10
================================================================
Initially data (54319, 166)
After filtering (46810, 166)
get_X_Y
X shape (46810, 130)
Y shape (46810, 34)
Y (output) means tensor([[0.1501, 0.0124, 0.2598, 0.1633, 0.0240, 0.0595, 0.1601, 0.6481, 0.8917,
         0.0237, 0.0516, 0.0097, 0.0847, 0.1378, 1.0257, 1.0650, 0.3451, 0.3997,
         0.9021, 0.4057, 0.1847, 0.2167, 0.4152, 0.1667, 0.4221, 0.5072, 0.2772,
         0.5999, 0.5027, 0.1490, 0.2747, 0.1065, 0.1322, 0.1305]]) stds tensor([[0.4897, 0.1366, 0.6288, 0.5874, 0.1864, 0.2944, 0.5151, 1.4456, 1.6213,
         0.1947, 0.3166, 0.1321, 0.4383, 0.4406, 2.1104, 1.7037, 0.8520, 1.1751,
         1.6203, 0.9391, 0.5207, 0.6854, 1.0838, 0.5724, 1.0008, 1.0685, 0.7082,
         1.3364, 1.0320, 0.4426, 0.8371, 0.3429, 0.3963, 0.3723]])
Y count-scale means tensor([[5.2306e-01, 3.4459e-02, 9.7627e-01, 9.0699e-01, 6.7080e-02, 1.9318e-01,
         5.7897e-01, 1.4624e+01, 3.0762e+01, 7.2053e-02, 2.4230e-01, 3.2880e-02,
         5.7195e-01, 4.0116e-01, 2.4809e+02, 2.3033e+01, 2.6086e+00, 1.4056e+01,
         2.6004e+01, 3.2454e+00, 5.8305e-01, 1.5505e+00, 7.5498e+00, 1.4555e+00,
         3.5312e+00, 4.4644e+00, 1.2569e+00, 2.7275e+01, 5.8145e+00, 4.3088e-01,
         3.0806e+00, 2.2596e-01, 3.0782e-01, 2.7023e-01]]) stds tensor([[3.6564e+00, 5.9747e-01, 5.6698e+00, 7.3423e+00, 1.0232e+00, 3.5733e+00,
         3.6405e+00, 7.3182e+01, 2.2645e+02, 9.8378e-01, 3.9375e+00, 6.6388e-01,
         8.4443e+00, 2.4975e+00, 2.8523e+03, 9.4136e+01, 1.8833e+01, 1.5722e+02,
         2.0800e+02, 1.9863e+01, 3.0578e+00, 2.0574e+01, 8.0812e+01, 4.3937e+01,
         1.6920e+01, 2.3929e+01, 6.8072e+00, 8.1078e+02, 6.9924e+01, 4.4925e+00,
         2.6229e+01, 1.0028e+00, 1.4198e+00, 1.0551e+00]])
Loaded per-window (calendar) month weights from analysis/figures/month_weights_per_window.npz: cube.shape=(25, 12, 34)
/Users/liyingnceas/GitHub/GNN-RNN-main/gnn-lstm-v3/utils/data_utils.py:264: RuntimeWarning: Mean of empty slice
  np.nanmean(county_dict[county], axis=0).astype(np.float32)
Filled 116835 missing (node, year) entries from neighbors or year averages
[2D] Station nodes: 596, adj nnz: 2980
[build_year_XY_windowed] data_start=1998, min_pred_year=2009, test_year=2020, win_size=3, n_windows=10
  built windows for T=2009
  built windows for T=2014
  built windows for T=2019
[build_year_XY_windowed] built windowed XY for 12 prediction years (2009–2020)
  GAT_RNN_V2: edge_feat_dim=3, n_heads=4, n_hidden=64
  [Bayes] Species rarity weights (mean=1): min=0.70 max=1.74  (rarest=Mycteroperca microlepis_SA)
  [CrossDonor] Ecological cross-donor map (9 recipients):
    Centropomus undecimalis_A  <-  ['Cynoscion nebulosus_R', 'Cynoscion nebulosus_A']
    Centropomus undecimalis_SA  <-  ['Cynoscion nebulosus_R', 'Centropomus undecimalis_A']
    Sciaenops ocellatus_R  <-  ['Cynoscion nebulosus_R', 'Cynoscion nebulosus_A']
    Sciaenops ocellatus_SA  <-  ['Cynoscion nebulosus_R', 'Cynoscion nebulosus_A']
    Cynoscion nebulosus_A  <-  ['Cynoscion nebulosus_R', 'Lagodon rhomboides_A']
    Mycteroperca microlepis_SA  <-  ['Lutjanus griseus_SA', 'Lutjanus griseus_R']
    Lutjanus griseus_R  <-  ['Archosargus probatocephalus_A', 'Lutjanus griseus_SA']
    Lutjanus griseus_SA  <-  ['Archosargus probatocephalus_A']
    Archosargus probatocephalus_R  <-  ['Archosargus probatocephalus_A', 'Lagodon rhomboides_A']
  [BayesTransferMapped] 9 recipient → donor mappings:
    recipient   3 <- donors [6, 5]
    recipient   4 <- donors [6, 3]
    recipient  12 <- donors [6, 5]
    recipient  13 <- donors [6, 5]
    recipient   5 <- donors [6, 7]
    recipient  11 <- donors [10, 9]
    recipient   9 <- donors [0, 10]
    recipient  10 <- donors [0]
    recipient   1 <- donors [0, 7]
  [BayesTransferMapped] transfer_prior_std=0.600  warmstart_alpha=0.25

----- Epoch 0 (windowed) -----
  batch 49 | loss 0.1908 rmse 8.105 r2 0.030 corr 0.240

###### Windowed train epoch 0 overall metrics
  loss: 0.1844 rmse: 21.515 r2: 0.009 corr: 0.104
***** Epoch 0 Val (windowed) *****
  loss: 0.0666 rmse: 35.203 r2: 0.021 corr: 0.148
********************
***** Epoch 0 Test (windowed) *****
  loss: 0.0666 rmse: 40.456 r2: 0.015 corr: 0.126
********************
  Epoch 0 done in 46.8s
  Saved best model → model/FIM_restoration_0412_stations_monthly/2020/gat-rnn-v2-windowed_bs-128_lr-0.001_maxepoch-50_testyear-2020_win-3_nwin-10_seed-0/model-0

----- Epoch 1 (windowed) -----
  batch 49 | loss 0.1855 rmse 63.006 r2 0.020 corr 0.167

###### Windowed train epoch 1 overall metrics
  loss: 0.1718 rmse: 21.354 r2: 0.024 corr: 0.162
***** Epoch 1 Val (windowed) *****
  loss: 0.0625 rmse: 35.058 r2: 0.029 corr: 0.181
********************
***** Epoch 1 Test (windowed) *****
  loss: 0.0639 rmse: 40.318 r2: 0.022 corr: 0.158
********************
  Epoch 1 done in 48.8s
  Saved best model → model/FIM_restoration_0412_stations_monthly/2020/gat-rnn-v2-windowed_bs-128_lr-0.001_maxepoch-50_testyear-2020_win-3_nwin-10_seed-0/model-1

----- Epoch 2 (windowed) -----
  batch 49 | loss 0.1770 rmse 8.427 r2 0.054 corr 0.297

###### Windowed train epoch 2 overall metrics
  loss: 0.1650 rmse: 22.136 r2: -0.049 corr: 0.138
***** Epoch 2 Val (windowed) *****
  loss: 0.0610 rmse: 35.160 r2: 0.024 corr: 0.157
********************
***** Epoch 2 Test (windowed) *****
  loss: 0.0616 rmse: 40.433 r2: 0.016 corr: 0.131
********************
  Epoch 2 done in 45.6s

----- Epoch 3 (windowed) -----
  batch 49 | loss 0.1745 rmse 12.893 r2 0.006 corr 0.207

###### Windowed train epoch 3 overall metrics
  loss: 0.1599 rmse: 21.433 r2: 0.017 corr: 0.173
***** Epoch 3 Val (windowed) *****
  loss: 0.0582 rmse: 35.219 r2: 0.020 corr: 0.145
********************
***** Epoch 3 Test (windowed) *****
  loss: 0.0599 rmse: 40.483 r2: 0.014 corr: 0.121
********************
  Epoch 3 done in 46.5s

----- Epoch 4 (windowed) -----
  batch 49 | loss 0.1688 rmse 7.967 r2 0.125 corr 0.396

###### Windowed train epoch 4 overall metrics
  loss: 0.1561 rmse: 21.685 r2: -0.006 corr: 0.149
***** Epoch 4 Val (windowed) *****
  loss: 0.0580 rmse: 35.268 r2: 0.018 corr: 0.134
********************
***** Epoch 4 Test (windowed) *****
  loss: 0.0576 rmse: 40.509 r2: 0.013 corr: 0.114
********************
  Epoch 4 done in 46.0s

----- Epoch 5 (windowed) -----
  batch 49 | loss 0.1646 rmse 8.825 r2 -0.131 corr 0.341

###### Windowed train epoch 5 overall metrics
  loss: 0.1523 rmse: 21.446 r2: 0.016 corr: 0.177
***** Epoch 5 Val (windowed) *****
  loss: 0.0582 rmse: 35.214 r2: 0.021 corr: 0.146
********************
***** Epoch 5 Test (windowed) *****
  loss: 0.0577 rmse: 40.463 r2: 0.015 corr: 0.125
********************
  Epoch 5 done in 46.7s

----- Epoch 6 (windowed) -----
  batch 49 | loss 0.1625 rmse 19.857 r2 0.070 corr 0.268

###### Windowed train epoch 6 overall metrics
  loss: 0.1483 rmse: 21.511 r2: 0.010 corr: 0.172
***** Epoch 6 Val (windowed) *****
  loss: 0.0559 rmse: 35.179 r2: 0.022 corr: 0.150
********************
***** Epoch 6 Test (windowed) *****
  loss: 0.0582 rmse: 40.399 r2: 0.018 corr: 0.135
********************
  Epoch 6 done in 46.4s

----- Epoch 7 (windowed) -----
  batch 49 | loss 0.1554 rmse 6.803 r2 -0.501 corr 0.404

###### Windowed train epoch 7 overall metrics
  loss: 0.1455 rmse: 21.521 r2: 0.009 corr: 0.182
***** Epoch 7 Val (windowed) *****
  loss: 0.0532 rmse: 35.240 r2: 0.019 corr: 0.139
********************
***** Epoch 7 Test (windowed) *****
  loss: 0.0546 rmse: 40.480 r2: 0.014 corr: 0.120
********************
  Epoch 7 done in 46.6s

----- Epoch 8 (windowed) -----
  batch 49 | loss 0.1580 rmse 11.825 r2 -0.000 corr 0.324

###### Windowed train epoch 8 overall metrics
  loss: 0.1426 rmse: 21.558 r2: 0.005 corr: 0.178
***** Epoch 8 Val (windowed) *****
  loss: 0.0531 rmse: 34.930 r2: 0.036 corr: 0.196
********************
***** Epoch 8 Test (windowed) *****
  loss: 0.0541 rmse: 40.230 r2: 0.026 corr: 0.166
********************
  Epoch 8 done in 46.5s
  Saved best model → model/FIM_restoration_0412_stations_monthly/2020/gat-rnn-v2-windowed_bs-128_lr-0.001_maxepoch-50_testyear-2020_win-3_nwin-10_seed-0/model-8

----- Epoch 9 (windowed) -----
  batch 49 | loss 0.1542 rmse 34.427 r2 0.097 corr 0.368

###### Windowed train epoch 9 overall metrics
  loss: 0.1409 rmse: 21.445 r2: 0.016 corr: 0.196
***** Epoch 9 Val (windowed) *****
  loss: 0.0531 rmse: 34.960 r2: 0.035 corr: 0.192
********************
***** Epoch 9 Test (windowed) *****
  loss: 0.0540 rmse: 40.241 r2: 0.026 corr: 0.166
********************
  Epoch 9 done in 47.3s

----- Epoch 10 (windowed) -----
  batch 49 | loss 0.1495 rmse 10.272 r2 0.024 corr 0.393

###### Windowed train epoch 10 overall metrics
  loss: 0.1383 rmse: 21.269 r2: 0.032 corr: 0.226
***** Epoch 10 Val (windowed) *****
  loss: 0.0517 rmse: 34.872 r2: 0.039 corr: 0.204
********************
***** Epoch 10 Test (windowed) *****
  loss: 0.0534 rmse: 40.193 r2: 0.028 corr: 0.171
********************
  Epoch 10 done in 50.5s
  Saved best model → model/FIM_restoration_0412_stations_monthly/2020/gat-rnn-v2-windowed_bs-128_lr-0.001_maxepoch-50_testyear-2020_win-3_nwin-10_seed-0/model-10

----- Epoch 11 (windowed) -----
  batch 49 | loss 0.1468 rmse 9.046 r2 0.002 corr 0.393

###### Windowed train epoch 11 overall metrics
  loss: 0.1364 rmse: 21.334 r2: 0.026 corr: 0.216
***** Epoch 11 Val (windowed) *****
  loss: 0.0518 rmse: 34.732 r2: 0.047 corr: 0.225
********************
***** Epoch 11 Test (windowed) *****
  loss: 0.0544 rmse: 39.960 r2: 0.039 corr: 0.207
********************
  Epoch 11 done in 49.9s
  Saved best model → model/FIM_restoration_0412_stations_monthly/2020/gat-rnn-v2-windowed_bs-128_lr-0.001_maxepoch-50_testyear-2020_win-3_nwin-10_seed-0/model-11

----- Epoch 12 (windowed) -----
  batch 49 | loss 0.1466 rmse 11.460 r2 0.129 corr 0.363

###### Windowed train epoch 12 overall metrics
  loss: 0.1353 rmse: 21.348 r2: 0.025 corr: 0.216
***** Epoch 12 Val (windowed) *****
  loss: 0.0512 rmse: 34.767 r2: 0.045 corr: 0.226
********************
***** Epoch 12 Test (windowed) *****
  loss: 0.0541 rmse: 39.924 r2: 0.041 corr: 0.219
********************
  Epoch 12 done in 47.5s

----- Epoch 13 (windowed) -----
  batch 49 | loss 0.1414 rmse 7.492 r2 -0.283 corr 0.385

###### Windowed train epoch 13 overall metrics
  loss: 0.1325 rmse: 21.386 r2: 0.021 corr: 0.230
***** Epoch 13 Val (windowed) *****
  loss: 0.0500 rmse: 34.539 r2: 0.058 corr: 0.262
********************
***** Epoch 13 Test (windowed) *****
  loss: 0.0522 rmse: 39.771 r2: 0.048 corr: 0.241
********************
  Epoch 13 done in 47.4s
  Saved best model → model/FIM_restoration_0412_stations_monthly/2020/gat-rnn-v2-windowed_bs-128_lr-0.001_maxepoch-50_testyear-2020_win-3_nwin-10_seed-0/model-13

----- Epoch 14 (windowed) -----
  batch 49 | loss 0.1462 rmse 24.215 r2 -0.734 corr 0.229

###### Windowed train epoch 14 overall metrics
  loss: 0.1314 rmse: 21.330 r2: 0.026 corr: 0.238
***** Epoch 14 Val (windowed) *****
  loss: 0.0506 rmse: 34.642 r2: 0.052 corr: 0.242
********************
***** Epoch 14 Test (windowed) *****
  loss: 0.0519 rmse: 39.808 r2: 0.047 corr: 0.231
********************
  Epoch 14 done in 48.1s

----- Epoch 15 (windowed) -----
  batch 49 | loss 0.1422 rmse 21.217 r2 0.055 corr 0.241

###### Windowed train epoch 15 overall metrics
  loss: 0.1303 rmse: 21.120 r2: 0.045 corr: 0.263
***** Epoch 15 Val (windowed) *****
  loss: 0.0498 rmse: 34.457 r2: 0.062 corr: 0.273
********************
***** Epoch 15 Test (windowed) *****
  loss: 0.0516 rmse: 39.645 r2: 0.054 corr: 0.256
********************
  Epoch 15 done in 47.0s
  Saved best model → model/FIM_restoration_0412_stations_monthly/2020/gat-rnn-v2-windowed_bs-128_lr-0.001_maxepoch-50_testyear-2020_win-3_nwin-10_seed-0/model-15

----- Epoch 16 (windowed) -----
  batch 49 | loss 0.1373 rmse 15.322 r2 0.105 corr 0.362

###### Windowed train epoch 16 overall metrics
  loss: 0.1297 rmse: 21.440 r2: 0.016 corr: 0.224
***** Epoch 16 Val (windowed) *****
  loss: 0.0502 rmse: 34.380 r2: 0.066 corr: 0.268
********************
***** Epoch 16 Test (windowed) *****
  loss: 0.0514 rmse: 39.495 r2: 0.062 corr: 0.260
********************
  Epoch 16 done in 50.5s
  Saved best model → model/FIM_restoration_0412_stations_monthly/2020/gat-rnn-v2-windowed_bs-128_lr-0.001_maxepoch-50_testyear-2020_win-3_nwin-10_seed-0/model-16

----- Epoch 17 (windowed) -----
  batch 49 | loss 0.1390 rmse 62.702 r2 0.071 corr 0.373

###### Windowed train epoch 17 overall metrics
  loss: 0.1275 rmse: 21.388 r2: 0.021 corr: 0.245
***** Epoch 17 Val (windowed) *****
  loss: 0.0487 rmse: 34.024 r2: 0.086 corr: 0.308
********************
***** Epoch 17 Test (windowed) *****
  loss: 0.0514 rmse: 39.160 r2: 0.077 corr: 0.292
********************
  Epoch 17 done in 51.7s
  Saved best model → model/FIM_restoration_0412_stations_monthly/2020/gat-rnn-v2-windowed_bs-128_lr-0.001_maxepoch-50_testyear-2020_win-3_nwin-10_seed-0/model-17

----- Epoch 18 (windowed) -----
  batch 49 | loss 0.1373 rmse 8.918 r2 -0.157 corr 0.318

###### Windowed train epoch 18 overall metrics
  loss: 0.1260 rmse: 21.508 r2: 0.010 corr: 0.228
***** Epoch 18 Val (windowed) *****
  loss: 0.0495 rmse: 34.158 r2: 0.078 corr: 0.289
********************
***** Epoch 18 Test (windowed) *****
  loss: 0.0511 rmse: 39.264 r2: 0.073 corr: 0.279
********************
  Epoch 18 done in 50.1s

----- Epoch 19 (windowed) -----
  batch 49 | loss 0.1342 rmse 17.182 r2 0.073 corr 0.327

###### Windowed train epoch 19 overall metrics
  loss: 0.1244 rmse: 21.745 r2: -0.012 corr: 0.238
***** Epoch 19 Val (windowed) *****
  loss: 0.0484 rmse: 34.406 r2: 0.065 corr: 0.265
********************
***** Epoch 19 Test (windowed) *****
  loss: 0.0517 rmse: 39.659 r2: 0.054 corr: 0.240
********************
  Epoch 19 done in 46.3s

----- Epoch 20 (windowed) -----
  batch 49 | loss 0.1368 rmse 45.943 r2 0.143 corr 0.467

###### Windowed train epoch 20 overall metrics
  loss: 0.1236 rmse: 21.512 r2: 0.009 corr: 0.241
***** Epoch 20 Val (windowed) *****
  loss: 0.0502 rmse: 34.552 r2: 0.057 corr: 0.252
********************
***** Epoch 20 Test (windowed) *****
  loss: 0.0517 rmse: 39.733 r2: 0.050 corr: 0.237
********************
  Epoch 20 done in 46.3s

----- Epoch 21 (windowed) -----
  batch 49 | loss 0.1346 rmse 27.313 r2 0.042 corr 0.211

###### Windowed train epoch 21 overall metrics
  loss: 0.1242 rmse: 21.798 r2: -0.017 corr: 0.230
***** Epoch 21 Val (windowed) *****
  loss: 0.0489 rmse: 34.444 r2: 0.063 corr: 0.280
********************
***** Epoch 21 Test (windowed) *****
  loss: 0.0514 rmse: 39.597 r2: 0.057 corr: 0.268
********************
  Epoch 21 done in 46.0s

----- Epoch 22 (windowed) -----
  batch 49 | loss 0.1292 rmse 22.486 r2 0.069 corr 0.343

###### Windowed train epoch 22 overall metrics
  loss: 0.1222 rmse: 21.903 r2: -0.027 corr: 0.230
***** Epoch 22 Val (windowed) *****
  loss: 0.0480 rmse: 34.519 r2: 0.059 corr: 0.257
********************
***** Epoch 22 Test (windowed) *****
  loss: 0.0507 rmse: 39.637 r2: 0.055 corr: 0.249
********************
  Epoch 22 done in 56.0s

----- Epoch 23 (windowed) -----
  batch 49 | loss 0.1259 rmse 16.323 r2 -0.201 corr 0.280

###### Windowed train epoch 23 overall metrics
  loss: 0.1197 rmse: 21.503 r2: 0.010 corr: 0.232
***** Epoch 23 Val (windowed) *****
  loss: 0.0489 rmse: 33.963 r2: 0.089 corr: 0.314
********************
***** Epoch 23 Test (windowed) *****
  loss: 0.0515 rmse: 39.086 r2: 0.081 corr: 0.298
********************
  Epoch 23 done in 56.3s
  Saved best model → model/FIM_restoration_0412_stations_monthly/2020/gat-rnn-v2-windowed_bs-128_lr-0.001_maxepoch-50_testyear-2020_win-3_nwin-10_seed-0/model-23

----- Epoch 24 (windowed) -----
  batch 49 | loss 0.1255 rmse 10.135 r2 -1.045 corr 0.396

###### Windowed train epoch 24 overall metrics
  loss: 0.1190 rmse: 21.021 r2: 0.054 corr: 0.311
***** Epoch 24 Val (windowed) *****
  loss: 0.0475 rmse: 33.998 r2: 0.087 corr: 0.308
********************
***** Epoch 24 Test (windowed) *****
  loss: 0.0508 rmse: 38.989 r2: 0.085 corr: 0.306
********************
  Epoch 24 done in 50.2s

----- Epoch 25 (windowed) -----
  batch 49 | loss 0.1251 rmse 7.513 r2 -0.565 corr 0.392

###### Windowed train epoch 25 overall metrics
  loss: 0.1179 rmse: 21.774 r2: -0.015 corr: 0.257
***** Epoch 25 Val (windowed) *****
  loss: 0.0479 rmse: 34.707 r2: 0.049 corr: 0.227
********************
***** Epoch 25 Test (windowed) *****
  loss: 0.0510 rmse: 39.806 r2: 0.047 corr: 0.223
********************
  Epoch 25 done in 60.1s

----- Epoch 26 (windowed) -----
  batch 49 | loss 0.1258 rmse 19.545 r2 0.126 corr 0.367

###### Windowed train epoch 26 overall metrics
  loss: 0.1172 rmse: 20.670 r2: 0.085 corr: 0.347
***** Epoch 26 Val (windowed) *****
  loss: 0.0470 rmse: 34.259 r2: 0.073 corr: 0.291
********************
***** Epoch 26 Test (windowed) *****
  loss: 0.0515 rmse: 39.266 r2: 0.072 corr: 0.289
********************
  Epoch 26 done in 63.9s

----- Epoch 27 (windowed) -----
  batch 49 | loss 0.1246 rmse 15.865 r2 0.068 corr 0.311

###### Windowed train epoch 27 overall metrics
  loss: 0.1154 rmse: 21.878 r2: -0.024 corr: 0.237
***** Epoch 27 Val (windowed) *****
  loss: 0.0476 rmse: 34.207 r2: 0.076 corr: 0.288
********************
***** Epoch 27 Test (windowed) *****
  loss: 0.0502 rmse: 39.158 r2: 0.078 corr: 0.293
********************
  Epoch 27 done in 60.9s

----- Epoch 28 (windowed) -----
  batch 49 | loss 0.1221 rmse 27.328 r2 -11.833 corr 0.394

###### Windowed train epoch 28 overall metrics
  loss: 0.1144 rmse: 22.614 r2: -0.095 corr: 0.237
***** Epoch 28 Val (windowed) *****
  loss: 0.0466 rmse: 34.257 r2: 0.073 corr: 0.312
********************
***** Epoch 28 Test (windowed) *****
  loss: 0.0526 rmse: 39.426 r2: 0.065 corr: 0.289
********************
  Epoch 28 done in 62.1s

----- Epoch 29 (windowed) -----
  batch 49 | loss 0.1203 rmse 16.387 r2 0.092 corr 0.370

###### Windowed train epoch 29 overall metrics
  loss: 0.1152 rmse: 21.945 r2: -0.031 corr: 0.235
***** Epoch 29 Val (windowed) *****
  loss: 0.0612 rmse: 34.199 r2: 0.076 corr: 0.285
********************
***** Epoch 29 Test (windowed) *****
  loss: 0.0598 rmse: 39.450 r2: 0.064 corr: 0.261
********************
  Epoch 29 done in 61.0s

----- Epoch 30 (windowed) -----
  batch 49 | loss 0.1193 rmse 11.433 r2 -1.344 corr 0.366

###### Windowed train epoch 30 overall metrics
  loss: 0.1158 rmse: 24.150 r2: -0.248 corr: 0.202
***** Epoch 30 Val (windowed) *****
  loss: 0.0484 rmse: 35.154 r2: 0.024 corr: 0.157
********************
***** Epoch 30 Test (windowed) *****
  loss: 0.0528 rmse: 40.359 r2: 0.020 corr: 0.144
********************
  Epoch 30 done in 61.9s

----- Epoch 31 (windowed) -----
  batch 49 | loss 0.1157 rmse 11.584 r2 0.028 corr 0.321

###### Windowed train epoch 31 overall metrics
  loss: 0.1126 rmse: 22.714 r2: -0.104 corr: 0.224
***** Epoch 31 Val (windowed) *****
  loss: 0.0482 rmse: 34.819 r2: 0.042 corr: 0.210
********************
***** Epoch 31 Test (windowed) *****
  loss: 0.0505 rmse: 40.000 r2: 0.037 corr: 0.198
********************
  Epoch 31 done in 62.0s

----- Epoch 32 (windowed) -----
  batch 49 | loss 0.1167 rmse 11.905 r2 -3.132 corr 0.393

###### Windowed train epoch 32 overall metrics
  loss: 0.1111 rmse: 21.644 r2: -0.003 corr: 0.254
***** Epoch 32 Val (windowed) *****
  loss: 0.0468 rmse: 33.828 r2: 0.096 corr: 0.338
********************
***** Epoch 32 Test (windowed) *****
  loss: 0.0506 rmse: 38.798 r2: 0.094 corr: 0.335
********************
  Epoch 32 done in 60.2s
  Saved best model → model/FIM_restoration_0412_stations_monthly/2020/gat-rnn-v2-windowed_bs-128_lr-0.001_maxepoch-50_testyear-2020_win-3_nwin-10_seed-0/model-32

----- Epoch 33 (windowed) -----
  batch 49 | loss 0.1168 rmse 16.717 r2 0.322 corr 0.580

###### Windowed train epoch 33 overall metrics
  loss: 0.1104 rmse: 21.984 r2: -0.034 corr: 0.267
***** Epoch 33 Val (windowed) *****
  loss: 0.0462 rmse: 33.675 r2: 0.104 corr: 0.363
********************
***** Epoch 33 Test (windowed) *****
  loss: 0.0514 rmse: 38.696 r2: 0.099 corr: 0.350
********************
  Epoch 33 done in 59.9s
  Saved best model → model/FIM_restoration_0412_stations_monthly/2020/gat-rnn-v2-windowed_bs-128_lr-0.001_maxepoch-50_testyear-2020_win-3_nwin-10_seed-0/model-33

----- Epoch 34 (windowed) -----
  batch 49 | loss 0.1144 rmse 22.620 r2 -1.805 corr 0.452

###### Windowed train epoch 34 overall metrics
  loss: 0.1093 rmse: 22.353 r2: -0.069 corr: 0.250
***** Epoch 34 Val (windowed) *****
  loss: 0.0462 rmse: 34.347 r2: 0.068 corr: 0.286
********************
***** Epoch 34 Test (windowed) *****
  loss: 0.0515 rmse: 39.344 r2: 0.069 corr: 0.294
********************
  Epoch 34 done in 64.3s

----- Epoch 35 (windowed) -----
  batch 49 | loss 0.1137 rmse 31.173 r2 0.114 corr 0.344

###### Windowed train epoch 35 overall metrics
  loss: 0.1084 rmse: 21.889 r2: -0.026 corr: 0.284
***** Epoch 35 Val (windowed) *****
  loss: 0.0462 rmse: 33.931 r2: 0.091 corr: 0.340
********************
***** Epoch 35 Test (windowed) *****
  loss: 0.0503 rmse: 38.787 r2: 0.095 corr: 0.352
********************
  Epoch 35 done in 62.8s

----- Epoch 36 (windowed) -----
  batch 49 | loss 0.1136 rmse 55.990 r2 0.043 corr 0.220

###### Windowed train epoch 36 overall metrics
  loss: 0.1075 rmse: 22.201 r2: -0.055 corr: 0.238
***** Epoch 36 Val (windowed) *****
  loss: 0.0465 rmse: 34.103 r2: 0.081 corr: 0.306
********************
***** Epoch 36 Test (windowed) *****
  loss: 0.0502 rmse: 39.170 r2: 0.077 corr: 0.295
********************
  Epoch 36 done in 59.9s

----- Epoch 37 (windowed) -----
  batch 49 | loss 0.1128 rmse 7.945 r2 -0.708 corr 0.468

###### Windowed train epoch 37 overall metrics
  loss: 0.1067 rmse: 22.177 r2: -0.053 corr: 0.249
***** Epoch 37 Val (windowed) *****
  loss: 0.0469 rmse: 34.208 r2: 0.076 corr: 0.285
********************
***** Epoch 37 Test (windowed) *****
  loss: 0.0509 rmse: 39.163 r2: 0.077 corr: 0.290
********************
  Epoch 37 done in 59.6s

----- Epoch 38 (windowed) -----
  batch 49 | loss 0.1102 rmse 8.332 r2 -0.294 corr 0.460

###### Windowed train epoch 38 overall metrics
  loss: 0.1071 rmse: 22.194 r2: -0.054 corr: 0.244
***** Epoch 38 Val (windowed) *****
  loss: 0.0462 rmse: 33.747 r2: 0.100 corr: 0.354
********************
***** Epoch 38 Test (windowed) *****
  loss: 0.0510 rmse: 38.772 r2: 0.096 corr: 0.340
********************
  Epoch 38 done in 60.2s

----- Epoch 39 (windowed) -----
  batch 49 | loss 0.1110 rmse 15.852 r2 -0.015 corr 0.295

###### Windowed train epoch 39 overall metrics
  loss: 0.1056 rmse: 22.092 r2: -0.045 corr: 0.256
***** Epoch 39 Val (windowed) *****
  loss: 0.0459 rmse: 33.472 r2: 0.115 corr: 0.359
********************
***** Epoch 39 Test (windowed) *****
  loss: 0.0505 rmse: 38.408 r2: 0.113 corr: 0.353
********************
  Epoch 39 done in 59.8s
  Saved best model → model/FIM_restoration_0412_stations_monthly/2020/gat-rnn-v2-windowed_bs-128_lr-0.001_maxepoch-50_testyear-2020_win-3_nwin-10_seed-0/model-39

----- Epoch 40 (windowed) -----
  batch 49 | loss 0.1089 rmse 10.829 r2 0.071 corr 0.371

###### Windowed train epoch 40 overall metrics
  loss: 0.1042 rmse: 22.579 r2: -0.091 corr: 0.265
***** Epoch 40 Val (windowed) *****
  loss: 0.0483 rmse: 34.569 r2: 0.056 corr: 0.247
********************
***** Epoch 40 Test (windowed) *****
  loss: 0.0504 rmse: 39.623 r2: 0.055 corr: 0.248
********************
  Epoch 40 done in 59.2s

----- Epoch 41 (windowed) -----
  batch 49 | loss 0.1106 rmse 13.669 r2 0.090 corr 0.321

###### Windowed train epoch 41 overall metrics
  loss: 0.1044 rmse: 22.543 r2: -0.088 corr: 0.278
***** Epoch 41 Val (windowed) *****
  loss: 0.0466 rmse: 33.542 r2: 0.111 corr: 0.345
********************
***** Epoch 41 Test (windowed) *****
  loss: 0.0499 rmse: 38.584 r2: 0.104 corr: 0.332
********************
  Epoch 41 done in 60.8s

----- Epoch 42 (windowed) -----
  batch 49 | loss 0.1059 rmse 8.878 r2 -0.394 corr 0.466

###### Windowed train epoch 42 overall metrics
  loss: 0.1032 rmse: 22.784 r2: -0.111 corr: 0.257
***** Epoch 42 Val (windowed) *****
  loss: 0.0451 rmse: 33.925 r2: 0.091 corr: 0.321
********************
***** Epoch 42 Test (windowed) *****
  loss: 0.0501 rmse: 38.736 r2: 0.097 corr: 0.334
********************
  Epoch 42 done in 59.8s

----- Epoch 43 (windowed) -----
  batch 49 | loss 0.1039 rmse 11.904 r2 -0.071 corr 0.402

###### Windowed train epoch 43 overall metrics
  loss: 0.1020 rmse: 23.791 r2: -0.211 corr: 0.244
***** Epoch 43 Val (windowed) *****
  loss: 0.0450 rmse: 34.381 r2: 0.066 corr: 0.271
********************
***** Epoch 43 Test (windowed) *****
  loss: 0.0503 rmse: 39.427 r2: 0.065 corr: 0.267
********************
  Epoch 43 done in 59.1s

----- Epoch 44 (windowed) -----
  batch 49 | loss 0.1024 rmse 16.626 r2 -0.105 corr 0.351

###### Windowed train epoch 44 overall metrics
  loss: 0.1015 rmse: 22.258 r2: -0.060 corr: 0.245
***** Epoch 44 Val (windowed) *****
  loss: 0.0448 rmse: 33.803 r2: 0.097 corr: 0.328
********************
***** Epoch 44 Test (windowed) *****
  loss: 0.0518 rmse: 38.782 r2: 0.095 corr: 0.324
********************
  Epoch 44 done in 55.5s

----- Epoch 45 (windowed) -----
  batch 49 | loss 0.1039 rmse 10.589 r2 -0.019 corr 0.343

###### Windowed train epoch 45 overall metrics
  loss: 0.1004 rmse: 22.273 r2: -0.062 corr: 0.250
***** Epoch 45 Val (windowed) *****
  loss: 0.0458 rmse: 33.364 r2: 0.121 corr: 0.360
********************
***** Epoch 45 Test (windowed) *****
  loss: 0.0517 rmse: 38.025 r2: 0.130 corr: 0.373
********************
  Epoch 45 done in 47.1s
  Saved best model → model/FIM_restoration_0412_stations_monthly/2020/gat-rnn-v2-windowed_bs-128_lr-0.001_maxepoch-50_testyear-2020_win-3_nwin-10_seed-0/model-45

----- Epoch 46 (windowed) -----
  batch 49 | loss 0.1041 rmse 60.987 r2 0.056 corr 0.269

###### Windowed train epoch 46 overall metrics
  loss: 0.1000 rmse: 23.226 r2: -0.155 corr: 0.247
***** Epoch 46 Val (windowed) *****
  loss: 0.0495 rmse: 33.865 r2: 0.094 corr: 0.316
********************
***** Epoch 46 Test (windowed) *****
  loss: 0.0507 rmse: 38.934 r2: 0.088 corr: 0.306
********************
  Epoch 46 done in 47.8s

----- Epoch 47 (windowed) -----
  batch 49 | loss 0.0979 rmse 11.618 r2 -0.509 corr 0.340

###### Windowed train epoch 47 overall metrics
  loss: 0.0993 rmse: 23.239 r2: -0.156 corr: 0.255
***** Epoch 47 Val (windowed) *****
  loss: 0.0468 rmse: 33.721 r2: 0.102 corr: 0.348
********************
***** Epoch 47 Test (windowed) *****
  loss: 0.0501 rmse: 38.486 r2: 0.109 corr: 0.363
********************
  Epoch 47 done in 46.6s

----- Epoch 48 (windowed) -----
  batch 49 | loss 0.1024 rmse 12.903 r2 -0.091 corr 0.269

###### Windowed train epoch 48 overall metrics
  loss: 0.0984 rmse: 21.525 r2: 0.008 corr: 0.344
***** Epoch 48 Val (windowed) *****
  loss: 0.0453 rmse: 34.002 r2: 0.087 corr: 0.322
********************
***** Epoch 48 Test (windowed) *****
  loss: 0.0509 rmse: 38.589 r2: 0.104 corr: 0.357
********************
  Epoch 48 done in 46.8s

----- Epoch 49 (windowed) -----
  batch 49 | loss 0.1032 rmse 9.446 r2 -0.663 corr 0.330

###### Windowed train epoch 49 overall metrics
  loss: 0.0992 rmse: 22.378 r2: -0.072 corr: 0.292
***** Epoch 49 Val (windowed) *****
  loss: 0.0445 rmse: 33.460 r2: 0.116 corr: 0.360
********************
***** Epoch 49 Test (windowed) *****
  loss: 0.0517 rmse: 38.293 r2: 0.118 corr: 0.359
********************
  Epoch 49 done in 46.2s
Fold done — best val RMSE=33.3644 test R²=0.1301 corr=0.3726

================================================================
Rolling-windowed  test_year=2021
  Val  : 2020
  Test : 2021
  win_size=3  n_windows=10
================================================================
Initially data (54319, 166)
After filtering (49048, 166)
get_X_Y
X shape (49048, 130)
Y shape (49048, 34)
Y (output) means tensor([[0.1497, 0.0118, 0.2595, 0.1671, 0.0250, 0.0592, 0.1589, 0.6373, 0.8764,
         0.0234, 0.0532, 0.0096, 0.0847, 0.1383, 1.0314, 1.0826, 0.3451, 0.4096,
         0.9099, 0.4168, 0.1830, 0.2199, 0.4111, 0.1660, 0.4210, 0.5167, 0.2781,
         0.5890, 0.4978, 0.1511, 0.2725, 0.1046, 0.1343, 0.1315]]) stds tensor([[0.4891, 0.1331, 0.6283, 0.5942, 0.1910, 0.2939, 0.5127, 1.4358, 1.6083,
         0.1928, 0.3231, 0.1307, 0.4378, 0.4408, 2.1209, 1.7159, 0.8527, 1.1915,
         1.6286, 0.9527, 0.5171, 0.6928, 1.0773, 0.5699, 0.9990, 1.0776, 0.7106,
         1.3208, 1.0275, 0.4478, 0.8332, 0.3399, 0.4010, 0.3740]])
Y count-scale means tensor([[5.2166e-01, 3.2746e-02, 9.7291e-01, 9.2595e-01, 7.1188e-02, 1.9509e-01,
         5.7129e-01, 1.4559e+01, 2.9802e+01, 7.0763e-02, 2.5004e-01, 3.2076e-02,
         5.6838e-01, 4.0046e-01, 2.5505e+02, 2.3692e+01, 2.6369e+00, 1.4715e+01,
         2.6446e+01, 3.3877e+00, 5.7305e-01, 1.6025e+00, 7.3736e+00, 1.4133e+00,
         3.5012e+00, 4.5552e+00, 1.2641e+00, 2.6070e+01, 5.7300e+00, 4.4348e-01,
         3.0339e+00, 2.2163e-01, 3.1705e-01, 2.7289e-01]]) stds tensor([[3.6440e+00, 5.8186e-01, 5.6227e+00, 7.3164e+00, 1.0846e+00, 3.6579e+00,
         3.5853e+00, 7.4642e+01, 2.2092e+02, 9.6790e-01, 3.8904e+00, 6.4894e-01,
         8.3071e+00, 2.4623e+00, 2.8646e+03, 9.6088e+01, 1.9561e+01, 1.5910e+02,
         2.0698e+02, 2.0463e+01, 2.9993e+00, 2.0712e+01, 7.8935e+01, 4.2790e+01,
         1.6726e+01, 2.3983e+01, 6.7668e+00, 7.8935e+02, 6.8528e+01, 4.5100e+00,
         2.6045e+01, 9.9133e-01, 1.5011e+00, 1.0584e+00]])
Loaded per-window (calendar) month weights from analysis/figures/month_weights_per_window.npz: cube.shape=(25, 12, 34)
/Users/liyingnceas/GitHub/GNN-RNN-main/gnn-lstm-v3/utils/data_utils.py:264: RuntimeWarning: Mean of empty slice
  np.nanmean(county_dict[county], axis=0).astype(np.float32)
Filled 121976 missing (node, year) entries from neighbors or year averages
[2D] Station nodes: 596, adj nnz: 2980
[build_year_XY_windowed] data_start=1998, min_pred_year=2009, test_year=2021, win_size=3, n_windows=10
  built windows for T=2009
  built windows for T=2014
  built windows for T=2019
[build_year_XY_windowed] built windowed XY for 13 prediction years (2009–2021)
  GAT_RNN_V2: edge_feat_dim=3, n_heads=4, n_hidden=64
  [Bayes] Species rarity weights (mean=1): min=0.70 max=1.75  (rarest=Mycteroperca microlepis_SA)
  [CrossDonor] Ecological cross-donor map (9 recipients):
    Centropomus undecimalis_A  <-  ['Cynoscion nebulosus_R', 'Cynoscion nebulosus_A']
    Centropomus undecimalis_SA  <-  ['Cynoscion nebulosus_R', 'Centropomus undecimalis_A']
    Sciaenops ocellatus_R  <-  ['Cynoscion nebulosus_R', 'Cynoscion nebulosus_A']
    Sciaenops ocellatus_SA  <-  ['Cynoscion nebulosus_R', 'Cynoscion nebulosus_A']
    Cynoscion nebulosus_A  <-  ['Cynoscion nebulosus_R', 'Lagodon rhomboides_A']
    Mycteroperca microlepis_SA  <-  ['Lutjanus griseus_SA', 'Lutjanus griseus_R']
    Lutjanus griseus_R  <-  ['Archosargus probatocephalus_A', 'Lutjanus griseus_SA']
    Lutjanus griseus_SA  <-  ['Archosargus probatocephalus_A']
    Archosargus probatocephalus_R  <-  ['Archosargus probatocephalus_A', 'Lagodon rhomboides_A']
  [BayesTransferMapped] 9 recipient → donor mappings:
    recipient   3 <- donors [6, 5]
    recipient   4 <- donors [6, 3]
    recipient  12 <- donors [6, 5]
    recipient  13 <- donors [6, 5]
    recipient   5 <- donors [6, 7]
    recipient  11 <- donors [10, 9]
    recipient   9 <- donors [0, 10]
    recipient  10 <- donors [0]
    recipient   1 <- donors [0, 7]
  [BayesTransferMapped] transfer_prior_std=0.600  warmstart_alpha=0.25

----- Epoch 0 (windowed) -----
  batch 49 | loss 0.1909 rmse 10.100 r2 0.046 corr 0.230

###### Windowed train epoch 0 overall metrics
  loss: 0.1838 rmse: 23.679 r2: 0.011 corr: 0.105
***** Epoch 0 Val (windowed) *****
  loss: 0.0657 rmse: 40.595 r2: 0.009 corr: 0.094
********************
***** Epoch 0 Test (windowed) *****
  loss: 0.0663 rmse: 18.926 r2: 0.029 corr: 0.172
********************
  Epoch 0 done in 50.2s
  Saved best model → model/FIM_restoration_0412_stations_monthly/2021/gat-rnn-v2-windowed_bs-128_lr-0.001_maxepoch-50_testyear-2021_win-3_nwin-10_seed-0/model-0

----- Epoch 1 (windowed) -----
  batch 49 | loss 0.1819 rmse 14.446 r2 0.017 corr 0.174

###### Windowed train epoch 1 overall metrics
  loss: 0.1720 rmse: 23.599 r2: 0.017 corr: 0.139
***** Epoch 1 Val (windowed) *****
  loss: 0.0643 rmse: 40.564 r2: 0.010 corr: 0.102
********************
***** Epoch 1 Test (windowed) *****
  loss: 0.0652 rmse: 18.939 r2: 0.027 corr: 0.171
********************
  Epoch 1 done in 51.4s
  Saved best model → model/FIM_restoration_0412_stations_monthly/2021/gat-rnn-v2-windowed_bs-128_lr-0.001_maxepoch-50_testyear-2021_win-3_nwin-10_seed-0/model-1

----- Epoch 2 (windowed) -----
  batch 49 | loss 0.1791 rmse 15.450 r2 0.043 corr 0.268

###### Windowed train epoch 2 overall metrics
  loss: 0.1657 rmse: 23.452 r2: 0.030 corr: 0.191
***** Epoch 2 Val (windowed) *****
  loss: 0.0606 rmse: 39.967 r2: 0.039 corr: 0.210
********************
***** Epoch 2 Test (windowed) *****
  loss: 0.0615 rmse: 18.450 r2: 0.077 corr: 0.280
********************
  Epoch 2 done in 53.7s
  Saved best model → model/FIM_restoration_0412_stations_monthly/2021/gat-rnn-v2-windowed_bs-128_lr-0.001_maxepoch-50_testyear-2021_win-3_nwin-10_seed-0/model-2

----- Epoch 3 (windowed) -----
  batch 49 | loss 0.1751 rmse 15.948 r2 0.115 corr 0.388

###### Windowed train epoch 3 overall metrics
  loss: 0.1597 rmse: 23.738 r2: 0.006 corr: 0.172
***** Epoch 3 Val (windowed) *****
  loss: 0.0582 rmse: 40.052 r2: 0.035 corr: 0.206
********************
***** Epoch 3 Test (windowed) *****
  loss: 0.0595 rmse: 18.370 r2: 0.085 corr: 0.297
********************
  Epoch 3 done in 51.3s

----- Epoch 4 (windowed) -----
  batch 49 | loss 0.1701 rmse 12.633 r2 0.031 corr 0.310

###### Windowed train epoch 4 overall metrics
  loss: 0.1541 rmse: 23.448 r2: 0.030 corr: 0.197
***** Epoch 4 Val (windowed) *****
  loss: 0.0569 rmse: 39.550 r2: 0.059 corr: 0.285
********************
***** Epoch 4 Test (windowed) *****
  loss: 0.0577 rmse: 17.921 r2: 0.129 corr: 0.374
********************
  Epoch 4 done in 50.2s
  Saved best model → model/FIM_restoration_0412_stations_monthly/2021/gat-rnn-v2-windowed_bs-128_lr-0.001_maxepoch-50_testyear-2021_win-3_nwin-10_seed-0/model-4

----- Epoch 5 (windowed) -----
  batch 49 | loss 0.1617 rmse 14.754 r2 -0.048 corr 0.188

###### Windowed train epoch 5 overall metrics
  loss: 0.1502 rmse: 23.033 r2: 0.064 corr: 0.260
***** Epoch 5 Val (windowed) *****
  loss: 0.0547 rmse: 39.029 r2: 0.084 corr: 0.346
********************
***** Epoch 5 Test (windowed) *****
  loss: 0.0571 rmse: 17.380 r2: 0.181 corr: 0.438
********************
  Epoch 5 done in 968.1s
  Saved best model → model/FIM_restoration_0412_stations_monthly/2021/gat-rnn-v2-windowed_bs-128_lr-0.001_maxepoch-50_testyear-2021_win-3_nwin-10_seed-0/model-5

----- Epoch 6 (windowed) -----
  batch 49 | loss 0.1554 rmse 7.251 r2 -0.026 corr 0.356

###### Windowed train epoch 6 overall metrics
  loss: 0.1457 rmse: 22.990 r2: 0.067 corr: 0.272
***** Epoch 6 Val (windowed) *****
  loss: 0.0548 rmse: 39.474 r2: 0.063 corr: 0.286
********************
***** Epoch 6 Test (windowed) *****
  loss: 0.0589 rmse: 17.751 r2: 0.145 corr: 0.389
********************
  Epoch 6 done in 269.8s

----- Epoch 7 (windowed) -----
  batch 49 | loss 0.1573 rmse 18.781 r2 0.114 corr 0.345

###### Windowed train epoch 7 overall metrics
  loss: 0.1441 rmse: 23.109 r2: 0.058 corr: 0.255
***** Epoch 7 Val (windowed) *****
  loss: 0.0526 rmse: 39.371 r2: 0.067 corr: 0.297
********************
***** Epoch 7 Test (windowed) *****
  loss: 0.0547 rmse: 17.494 r2: 0.170 corr: 0.426
********************
  Epoch 7 done in 51.2s

----- Epoch 8 (windowed) -----
  batch 49 | loss 0.1559 rmse 9.254 r2 0.101 corr 0.427

###### Windowed train epoch 8 overall metrics
  loss: 0.1410 rmse: 23.022 r2: 0.065 corr: 0.271
***** Epoch 8 Val (windowed) *****
  loss: 0.0520 rmse: 39.536 r2: 0.060 corr: 0.296
********************
***** Epoch 8 Test (windowed) *****
  loss: 0.0543 rmse: 17.721 r2: 0.148 corr: 0.405
********************
  Epoch 8 done in 50.5s

----- Epoch 9 (windowed) -----
  batch 49 | loss 0.1476 rmse 30.141 r2 0.091 corr 0.306

###### Windowed train epoch 9 overall metrics
  loss: 0.1388 rmse: 23.094 r2: 0.059 corr: 0.262
***** Epoch 9 Val (windowed) *****
  loss: 0.0524 rmse: 39.743 r2: 0.050 corr: 0.252
********************
***** Epoch 9 Test (windowed) *****
  loss: 0.0531 rmse: 17.866 r2: 0.134 corr: 0.379
********************
  Epoch 9 done in 50.6s

----- Epoch 10 (windowed) -----
  batch 49 | loss 0.1492 rmse 11.649 r2 -0.608 corr 0.362

###### Windowed train epoch 10 overall metrics
  loss: 0.1379 rmse: 23.109 r2: 0.058 corr: 0.259
***** Epoch 10 Val (windowed) *****
  loss: 0.0542 rmse: 39.315 r2: 0.070 corr: 0.313
********************
***** Epoch 10 Test (windowed) *****
  loss: 0.0562 rmse: 17.414 r2: 0.178 corr: 0.443
********************
  Epoch 10 done in 50.5s

----- Epoch 11 (windowed) -----
  batch 49 | loss 0.1507 rmse 7.831 r2 0.115 corr 0.428

###### Windowed train epoch 11 overall metrics
  loss: 0.1369 rmse: 23.203 r2: 0.050 corr: 0.239
***** Epoch 11 Val (windowed) *****
  loss: 0.0515 rmse: 39.931 r2: 0.041 corr: 0.231
********************
***** Epoch 11 Test (windowed) *****
  loss: 0.0532 rmse: 18.002 r2: 0.121 corr: 0.369
********************
  Epoch 11 done in 51.5s

----- Epoch 12 (windowed) -----
  batch 49 | loss 0.1429 rmse 10.952 r2 0.043 corr 0.401

###### Windowed train epoch 12 overall metrics
  loss: 0.1339 rmse: 23.444 r2: 0.030 corr: 0.229
***** Epoch 12 Val (windowed) *****
  loss: 0.0505 rmse: 39.756 r2: 0.049 corr: 0.247
********************
***** Epoch 12 Test (windowed) *****
  loss: 0.0528 rmse: 17.859 r2: 0.135 corr: 0.379
********************
  Epoch 12 done in 50.5s

----- Epoch 13 (windowed) -----
  batch 49 | loss 0.1377 rmse 9.678 r2 -0.027 corr 0.321

###### Windowed train epoch 13 overall metrics
  loss: 0.1312 rmse: 23.230 r2: 0.048 corr: 0.239
***** Epoch 13 Val (windowed) *****
  loss: 0.0506 rmse: 39.190 r2: 0.076 corr: 0.314
********************
***** Epoch 13 Test (windowed) *****
  loss: 0.0545 rmse: 17.203 r2: 0.197 corr: 0.456
********************
  Epoch 13 done in 51.7s

----- Epoch 14 (windowed) -----
  batch 49 | loss 0.1454 rmse 31.114 r2 0.020 corr 0.164

###### Windowed train epoch 14 overall metrics
  loss: 0.1307 rmse: 23.220 r2: 0.049 corr: 0.244
***** Epoch 14 Val (windowed) *****
  loss: 0.0500 rmse: 39.628 r2: 0.055 corr: 0.271
********************
***** Epoch 14 Test (windowed) *****
  loss: 0.0528 rmse: 17.612 r2: 0.159 corr: 0.419
********************
  Epoch 14 done in 54.5s

----- Epoch 15 (windowed) -----
  batch 49 | loss 0.1378 rmse 10.770 r2 0.132 corr 0.399

###### Windowed train epoch 15 overall metrics
  loss: 0.1288 rmse: 23.095 r2: 0.059 corr: 0.261
***** Epoch 15 Val (windowed) *****
  loss: 0.0534 rmse: 39.388 r2: 0.067 corr: 0.297
********************
***** Epoch 15 Test (windowed) *****
  loss: 0.0582 rmse: 17.437 r2: 0.175 corr: 0.434
********************
  Epoch 15 done in 56.5s

----- Epoch 16 (windowed) -----
  batch 49 | loss 0.1358 rmse 23.458 r2 0.026 corr 0.172

###### Windowed train epoch 16 overall metrics
  loss: 0.1271 rmse: 22.680 r2: 0.092 corr: 0.322
***** Epoch 16 Val (windowed) *****
  loss: 0.0505 rmse: 39.176 r2: 0.077 corr: 0.319
********************
***** Epoch 16 Test (windowed) *****
  loss: 0.0550 rmse: 17.131 r2: 0.204 corr: 0.467
********************
  Epoch 16 done in 54.9s

----- Epoch 17 (windowed) -----
  batch 49 | loss 0.1341 rmse 31.376 r2 0.124 corr 0.363

###### Windowed train epoch 17 overall metrics
  loss: 0.1254 rmse: 23.160 r2: 0.054 corr: 0.282
***** Epoch 17 Val (windowed) *****
  loss: 0.0491 rmse: 39.233 r2: 0.074 corr: 0.302
********************
***** Epoch 17 Test (windowed) *****
  loss: 0.0519 rmse: 17.032 r2: 0.213 corr: 0.475
********************
  Epoch 17 done in 54.5s

----- Epoch 18 (windowed) -----
  batch 49 | loss 0.1359 rmse 7.793 r2 -0.397 corr 0.367

###### Windowed train epoch 18 overall metrics
  loss: 0.1246 rmse: 22.918 r2: 0.073 corr: 0.297
***** Epoch 18 Val (windowed) *****
  loss: 0.0493 rmse: 39.422 r2: 0.065 corr: 0.305
********************
***** Epoch 18 Test (windowed) *****
  loss: 0.0530 rmse: 17.197 r2: 0.198 corr: 0.475
********************
  Epoch 18 done in 53.9s

----- Epoch 19 (windowed) -----
  batch 49 | loss 0.1299 rmse 13.320 r2 -0.010 corr 0.241

###### Windowed train epoch 19 overall metrics
  loss: 0.1227 rmse: 23.179 r2: 0.052 corr: 0.265
***** Epoch 19 Val (windowed) *****
  loss: 0.0508 rmse: 38.597 r2: 0.104 corr: 0.366
********************
***** Epoch 19 Test (windowed) *****
  loss: 0.0559 rmse: 16.518 r2: 0.260 corr: 0.520
********************
  Epoch 19 done in 54.4s
  Saved best model → model/FIM_restoration_0412_stations_monthly/2021/gat-rnn-v2-windowed_bs-128_lr-0.001_maxepoch-50_testyear-2021_win-3_nwin-10_seed-0/model-19

----- Epoch 20 (windowed) -----
  batch 49 | loss 0.1295 rmse 29.075 r2 0.049 corr 0.240

###### Windowed train epoch 20 overall metrics
  loss: 0.1218 rmse: 23.499 r2: 0.026 corr: 0.223
***** Epoch 20 Val (windowed) *****
  loss: 0.0480 rmse: 38.998 r2: 0.085 corr: 0.333
********************
***** Epoch 20 Test (windowed) *****
  loss: 0.0521 rmse: 16.776 r2: 0.237 corr: 0.501
********************
  Epoch 20 done in 55.5s

----- Epoch 21 (windowed) -----
  batch 49 | loss 0.1289 rmse 40.571 r2 0.013 corr 0.137

###### Windowed train epoch 21 overall metrics
  loss: 0.1203 rmse: 23.770 r2: 0.003 corr: 0.227
***** Epoch 21 Val (windowed) *****
  loss: 0.0493 rmse: 40.027 r2: 0.036 corr: 0.198
********************
***** Epoch 21 Test (windowed) *****
  loss: 0.0522 rmse: 18.234 r2: 0.098 corr: 0.322
********************
  Epoch 21 done in 55.8s

----- Epoch 22 (windowed) -----
  batch 49 | loss 0.1291 rmse 13.960 r2 -0.074 corr 0.334

###### Windowed train epoch 22 overall metrics
  loss: 0.1204 rmse: 23.247 r2: 0.047 corr: 0.254
***** Epoch 22 Val (windowed) *****
  loss: 0.0478 rmse: 39.509 r2: 0.061 corr: 0.275
********************
***** Epoch 22 Test (windowed) *****
  loss: 0.0513 rmse: 17.421 r2: 0.177 corr: 0.434
********************
  Epoch 22 done in 75.0s

----- Epoch 23 (windowed) -----
  batch 49 | loss 0.1231 rmse 14.446 r2 0.010 corr 0.272

###### Windowed train epoch 23 overall metrics
  loss: 0.1183 rmse: 23.325 r2: 0.040 corr: 0.253
***** Epoch 23 Val (windowed) *****
  loss: 0.0488 rmse: 39.362 r2: 0.068 corr: 0.286
********************
***** Epoch 23 Test (windowed) *****
  loss: 0.0513 rmse: 17.266 r2: 0.192 corr: 0.448
********************
  Epoch 23 done in 68.0s

----- Epoch 24 (windowed) -----
  batch 49 | loss 0.1264 rmse 14.797 r2 0.277 corr 0.532

###### Windowed train epoch 24 overall metrics
  loss: 0.1180 rmse: 23.165 r2: 0.053 corr: 0.274
***** Epoch 24 Val (windowed) *****
  loss: 0.0488 rmse: 39.366 r2: 0.068 corr: 0.276
********************
***** Epoch 24 Test (windowed) *****
  loss: 0.0516 rmse: 17.543 r2: 0.165 corr: 0.418
********************
  Epoch 24 done in 65.6s

----- Epoch 25 (windowed) -----
  batch 49 | loss 0.1240 rmse 10.251 r2 -0.823 corr 0.405

###### Windowed train epoch 25 overall metrics
  loss: 0.1168 rmse: 23.686 r2: 0.010 corr: 0.217
***** Epoch 25 Val (windowed) *****
  loss: 0.0495 rmse: 39.799 r2: 0.047 corr: 0.238
********************
***** Epoch 25 Test (windowed) *****
  loss: 0.0522 rmse: 17.829 r2: 0.138 corr: 0.384
********************
  Epoch 25 done in 65.6s

----- Epoch 26 (windowed) -----
  batch 49 | loss 0.1218 rmse 7.240 r2 -0.745 corr 0.373

###### Windowed train epoch 26 overall metrics
  loss: 0.1153 rmse: 23.379 r2: 0.036 corr: 0.264
***** Epoch 26 Val (windowed) *****
  loss: 0.0469 rmse: 38.839 r2: 0.092 corr: 0.339
********************
***** Epoch 26 Test (windowed) *****
  loss: 0.0510 rmse: 16.673 r2: 0.246 corr: 0.505
********************
  Epoch 26 done in 65.3s

----- Epoch 27 (windowed) -----
  batch 49 | loss 0.1211 rmse 8.405 r2 -1.237 corr 0.385

###### Windowed train epoch 27 overall metrics
  loss: 0.1139 rmse: 23.625 r2: 0.015 corr: 0.230
***** Epoch 27 Val (windowed) *****
  loss: 0.0469 rmse: 39.239 r2: 0.074 corr: 0.287
********************
***** Epoch 27 Test (windowed) *****
  loss: 0.0512 rmse: 17.403 r2: 0.179 corr: 0.434
********************
  Epoch 27 done in 64.4s

----- Epoch 28 (windowed) -----
  batch 49 | loss 0.1190 rmse 7.414 r2 -0.607 corr 0.363

###### Windowed train epoch 28 overall metrics
  loss: 0.1126 rmse: 23.240 r2: 0.047 corr: 0.283
***** Epoch 28 Val (windowed) *****
  loss: 0.0467 rmse: 39.518 r2: 0.060 corr: 0.260
********************
***** Epoch 28 Test (windowed) *****
  loss: 0.0505 rmse: 17.633 r2: 0.157 corr: 0.406
********************
  Epoch 28 done in 64.9s

----- Epoch 29 (windowed) -----
  batch 49 | loss 0.1208 rmse 18.260 r2 0.083 corr 0.330

###### Windowed train epoch 29 overall metrics
  loss: 0.1123 rmse: 23.628 r2: 0.015 corr: 0.238
***** Epoch 29 Val (windowed) *****
  loss: 0.0486 rmse: 39.659 r2: 0.054 corr: 0.245
********************
***** Epoch 29 Test (windowed) *****
  loss: 0.0531 rmse: 17.611 r2: 0.159 corr: 0.406
********************
  Epoch 29 done in 64.7s

----- Epoch 30 (windowed) -----
  batch 49 | loss 0.1195 rmse 15.737 r2 -0.040 corr 0.343

###### Windowed train epoch 30 overall metrics
  loss: 0.1109 rmse: 23.432 r2: 0.031 corr: 0.257
***** Epoch 30 Val (windowed) *****
  loss: 0.0473 rmse: 39.453 r2: 0.064 corr: 0.272
********************
***** Epoch 30 Test (windowed) *****
  loss: 0.0523 rmse: 17.491 r2: 0.170 corr: 0.420
********************
  Epoch 30 done in 66.5s

----- Epoch 31 (windowed) -----
  batch 49 | loss 0.1142 rmse 17.276 r2 -1.340 corr 0.172

###### Windowed train epoch 31 overall metrics
  loss: 0.1101 rmse: 23.873 r2: -0.005 corr: 0.207
***** Epoch 31 Val (windowed) *****
  loss: 0.0476 rmse: 39.379 r2: 0.067 corr: 0.265
********************
***** Epoch 31 Test (windowed) *****
  loss: 0.0520 rmse: 17.530 r2: 0.167 corr: 0.424
********************
  Epoch 31 done in 64.8s

----- Epoch 32 (windowed) -----
  batch 49 | loss 0.1186 rmse 12.797 r2 0.220 corr 0.500

###### Windowed train epoch 32 overall metrics
  loss: 0.1097 rmse: 24.053 r2: -0.021 corr: 0.229
***** Epoch 32 Val (windowed) *****
  loss: 0.0496 rmse: 39.824 r2: 0.046 corr: 0.221
********************
***** Epoch 32 Test (windowed) *****
  loss: 0.0516 rmse: 18.149 r2: 0.107 corr: 0.344
********************
  Epoch 32 done in 55.7s

----- Epoch 33 (windowed) -----
  batch 49 | loss 0.1103 rmse 47.241 r2 0.030 corr 0.177

###### Windowed train epoch 33 overall metrics
  loss: 0.1083 rmse: 23.943 r2: -0.011 corr: 0.200
***** Epoch 33 Val (windowed) *****
  loss: 0.0461 rmse: 40.040 r2: 0.036 corr: 0.192
********************
***** Epoch 33 Test (windowed) *****
  loss: 0.0509 rmse: 18.403 r2: 0.082 corr: 0.314
********************
  Epoch 33 done in 52.1s

----- Epoch 34 (windowed) -----
  batch 49 | loss 0.1140 rmse 24.697 r2 0.020 corr 0.215

###### Windowed train epoch 34 overall metrics
  loss: 0.1068 rmse: 24.505 r2: -0.059 corr: 0.208
***** Epoch 34 Val (windowed) *****
  loss: 0.0459 rmse: 39.603 r2: 0.056 corr: 0.246
********************
***** Epoch 34 Test (windowed) *****
  loss: 0.0504 rmse: 17.801 r2: 0.141 corr: 0.388
********************
  Epoch 34 done in 52.3s

----- Epoch 35 (windowed) -----
  batch 49 | loss 0.1092 rmse 8.302 r2 -0.282 corr 0.381

###### Windowed train epoch 35 overall metrics
  loss: 0.1064 rmse: 24.427 r2: -0.053 corr: 0.189
***** Epoch 35 Val (windowed) *****
  loss: 0.0489 rmse: 40.105 r2: 0.032 corr: 0.188
********************
***** Epoch 35 Test (windowed) *****
  loss: 0.0515 rmse: 18.369 r2: 0.085 corr: 0.303
********************
  Epoch 35 done in 51.6s

----- Epoch 36 (windowed) -----
  batch 49 | loss 0.1115 rmse 18.250 r2 -2.641 corr 0.284

###### Windowed train epoch 36 overall metrics
  loss: 0.1065 rmse: 23.986 r2: -0.015 corr: 0.205
***** Epoch 36 Val (windowed) *****
  loss: 0.0466 rmse: 39.786 r2: 0.048 corr: 0.224
********************
***** Epoch 36 Test (windowed) *****
  loss: 0.0509 rmse: 17.960 r2: 0.125 corr: 0.371
********************
  Epoch 36 done in 50.9s

----- Epoch 37 (windowed) -----
  batch 49 | loss 0.1101 rmse 11.621 r2 -0.449 corr 0.249

###### Windowed train epoch 37 overall metrics
  loss: 0.1057 rmse: 23.883 r2: -0.006 corr: 0.217
***** Epoch 37 Val (windowed) *****
  loss: 0.0614 rmse: 39.829 r2: 0.046 corr: 0.229
********************
***** Epoch 37 Test (windowed) *****
  loss: 0.0627 rmse: 19.312 r2: -0.011 corr: 0.311
********************
  Epoch 37 done in 51.7s

----- Epoch 38 (windowed) -----
  batch 49 | loss 0.1098 rmse 16.071 r2 0.132 corr 0.370

###### Windowed train epoch 38 overall metrics
  loss: 0.1066 rmse: 23.749 r2: 0.005 corr: 0.232
***** Epoch 38 Val (windowed) *****
  loss: 0.0472 rmse: 39.703 r2: 0.052 corr: 0.234
********************
***** Epoch 38 Test (windowed) *****
  loss: 0.0512 rmse: 17.715 r2: 0.149 corr: 0.396
********************
  Epoch 38 done in 51.3s

----- Epoch 39 (windowed) -----
  batch 49 | loss 0.1076 rmse 19.449 r2 -10.036 corr 0.236

###### Windowed train epoch 39 overall metrics
  loss: 0.1030 rmse: 24.486 r2: -0.058 corr: 0.203
***** Epoch 39 Val (windowed) *****
  loss: 0.0461 rmse: 39.887 r2: 0.043 corr: 0.219
********************
***** Epoch 39 Test (windowed) *****
  loss: 0.0503 rmse: 17.884 r2: 0.133 corr: 0.373
********************
  Epoch 39 done in 52.9s

----- Epoch 40 (windowed) -----
  batch 49 | loss 0.1058 rmse 22.557 r2 -0.286 corr 0.328

###### Windowed train epoch 40 overall metrics
  loss: 0.1019 rmse: 24.518 r2: -0.061 corr: 0.205
***** Epoch 40 Val (windowed) *****
  loss: 0.0452 rmse: 39.750 r2: 0.049 corr: 0.228
********************
***** Epoch 40 Test (windowed) *****
  loss: 0.0500 rmse: 17.991 r2: 0.122 corr: 0.367
********************
  Epoch 40 done in 52.3s

----- Epoch 41 (windowed) -----
  batch 49 | loss 0.1073 rmse 19.482 r2 -1.801 corr 0.231

###### Windowed train epoch 41 overall metrics
  loss: 0.1015 rmse: 24.230 r2: -0.036 corr: 0.236
***** Epoch 41 Val (windowed) *****
  loss: 0.0485 rmse: 40.134 r2: 0.031 corr: 0.183
********************
***** Epoch 41 Test (windowed) *****
  loss: 0.0513 rmse: 18.696 r2: 0.052 corr: 0.288
********************
  Epoch 41 done in 53.8s

----- Epoch 42 (windowed) -----
  batch 49 | loss 0.1019 rmse 11.041 r2 -0.024 corr 0.444

###### Windowed train epoch 42 overall metrics
  loss: 0.1011 rmse: 25.099 r2: -0.111 corr: 0.165
***** Epoch 42 Val (windowed) *****
  loss: 0.0454 rmse: 39.832 r2: 0.046 corr: 0.223
********************
***** Epoch 42 Test (windowed) *****
  loss: 0.0495 rmse: 18.043 r2: 0.117 corr: 0.351
********************
  Epoch 42 done in 51.8s

----- Epoch 43 (windowed) -----
  batch 49 | loss 0.1033 rmse 43.314 r2 -0.028 corr 0.048

###### Windowed train epoch 43 overall metrics
  loss: 0.1000 rmse: 24.811 r2: -0.086 corr: 0.207
***** Epoch 43 Val (windowed) *****
  loss: 0.0456 rmse: 40.168 r2: 0.029 corr: 0.178
********************
***** Epoch 43 Test (windowed) *****
  loss: 0.0499 rmse: 18.657 r2: 0.056 corr: 0.296
********************
  Epoch 43 done in 52.8s

----- Epoch 44 (windowed) -----
  batch 49 | loss 0.0988 rmse 10.433 r2 -0.206 corr 0.304

###### Windowed train epoch 44 overall metrics
  loss: 0.0989 rmse: 24.551 r2: -0.063 corr: 0.191
***** Epoch 44 Val (windowed) *****
  loss: 0.0465 rmse: 40.090 r2: 0.033 corr: 0.195
********************
***** Epoch 44 Test (windowed) *****
  loss: 0.0520 rmse: 18.652 r2: 0.057 corr: 0.336
********************
  Epoch 44 done in 53.1s

----- Epoch 45 (windowed) -----
  batch 49 | loss 0.1003 rmse 17.833 r2 -0.007 corr 0.206

###### Windowed train epoch 45 overall metrics
  loss: 0.0986 rmse: 24.530 r2: -0.062 corr: 0.196
***** Epoch 45 Val (windowed) *****
  loss: 0.0450 rmse: 40.030 r2: 0.036 corr: 0.196
********************
***** Epoch 45 Test (windowed) *****
  loss: 0.0498 rmse: 18.527 r2: 0.069 corr: 0.320
********************
  Epoch 45 done in 55.1s

----- Epoch 46 (windowed) -----
  batch 49 | loss 0.0968 rmse 22.994 r2 -0.506 corr 0.261

###### Windowed train epoch 46 overall metrics
  loss: 0.0991 rmse: 24.124 r2: -0.027 corr: 0.214
***** Epoch 46 Val (windowed) *****
  loss: 0.0457 rmse: 39.852 r2: 0.045 corr: 0.216
********************
***** Epoch 46 Test (windowed) *****
  loss: 0.0497 rmse: 18.361 r2: 0.086 corr: 0.325
********************
  Epoch 46 done in 55.2s

----- Epoch 47 (windowed) -----
  batch 49 | loss 0.0996 rmse 19.335 r2 -2.944 corr 0.364

###### Windowed train epoch 47 overall metrics
  loss: 0.0973 rmse: 24.656 r2: -0.073 corr: 0.230
***** Epoch 47 Val (windowed) *****
  loss: 0.0446 rmse: 39.784 r2: 0.048 corr: 0.223
********************
***** Epoch 47 Test (windowed) *****
  loss: 0.0495 rmse: 18.280 r2: 0.094 corr: 0.342
********************
  Epoch 47 done in 53.9s

----- Epoch 48 (windowed) -----
  batch 49 | loss 0.0965 rmse 16.823 r2 0.113 corr 0.355

###### Windowed train epoch 48 overall metrics
  loss: 0.0967 rmse: 24.623 r2: -0.070 corr: 0.183
***** Epoch 48 Val (windowed) *****
  loss: 0.0447 rmse: 39.771 r2: 0.048 corr: 0.226
********************
***** Epoch 48 Test (windowed) *****
  loss: 0.0496 rmse: 18.338 r2: 0.088 corr: 0.328
********************
  Epoch 48 done in 53.9s

----- Epoch 49 (windowed) -----
  batch 49 | loss 0.0994 rmse 15.913 r2 -0.046 corr 0.279

###### Windowed train epoch 49 overall metrics
  loss: 0.0957 rmse: 25.121 r2: -0.113 corr: 0.210
***** Epoch 49 Val (windowed) *****
  loss: 0.0440 rmse: 39.809 r2: 0.047 corr: 0.221
********************
***** Epoch 49 Test (windowed) *****
  loss: 0.0496 rmse: 18.228 r2: 0.099 corr: 0.341
********************
  Epoch 49 done in 54.0s
  [EarlyStop] No val_rmse improvement for 30 epochs (patience=30). Stopping fold at epoch 49.
Fold done — best val RMSE=38.5966 test R²=0.2600 corr=0.5195

================================================================
Rolling-windowed  test_year=2022
  Val  : 2021
  Test : 2022
  win_size=3  n_windows=10
================================================================
Initially data (54319, 166)
After filtering (50820, 166)
get_X_Y
X shape (50820, 130)
Y shape (50820, 34)
Y (output) means tensor([[0.1492, 0.0120, 0.2592, 0.1708, 0.0258, 0.0598, 0.1584, 0.6333, 0.8641,
         0.0238, 0.0545, 0.0098, 0.0874, 0.1386, 1.0366, 1.1108, 0.3462, 0.4136,
         0.9072, 0.4175, 0.1808, 0.2234, 0.4063, 0.1661, 0.4297, 0.5294, 0.2784,
         0.5767, 0.4936, 0.1534, 0.2707, 0.1035, 0.1360, 0.1318]]) stds tensor([[0.4886, 0.1342, 0.6284, 0.6018, 0.1951, 0.2952, 0.5107, 1.4359, 1.5983,
         0.1942, 0.3268, 0.1316, 0.4476, 0.4416, 2.1264, 1.7345, 0.8516, 1.1966,
         1.6247, 0.9511, 0.5130, 0.7015, 1.0705, 0.5697, 1.0111, 1.0925, 0.7117,
         1.3077, 1.0237, 0.4510, 0.8312, 0.3384, 0.4047, 0.3744]])
Y count-scale means tensor([[5.1991e-01, 3.3155e-02, 9.7238e-01, 9.5450e-01, 7.3937e-02, 1.9530e-01,
         5.6725e-01, 1.4804e+01, 2.9062e+01, 7.1352e-02, 2.5319e-01, 3.2408e-02,
         5.9991e-01, 4.0220e-01, 2.6471e+02, 2.4691e+01, 2.6160e+00, 1.4988e+01,
         2.6198e+01, 3.3678e+00, 5.6270e-01, 1.6944e+00, 7.2209e+00, 1.3842e+00,
         3.6281e+00, 4.7598e+00, 1.2667e+00, 2.5401e+01, 5.6323e+00, 4.4800e-01,
         3.0264e+00, 2.1916e-01, 3.2294e-01, 2.7334e-01]]) stds tensor([[3.6159e+00, 5.7829e-01, 5.5893e+00, 7.4208e+00, 1.0911e+00, 3.5912e+00,
         3.5893e+00, 7.6917e+01, 2.1681e+02, 9.5842e-01, 3.8313e+00, 6.4668e-01,
         8.4233e+00, 2.4676e+00, 3.2518e+03, 9.9955e+01, 1.9291e+01, 1.6257e+02,
         2.0523e+02, 2.0297e+01, 2.9529e+00, 2.2172e+01, 7.7455e+01, 4.1859e+01,
         1.7338e+01, 2.4767e+01, 6.7155e+00, 7.7360e+02, 6.7192e+01, 4.4361e+00,
         2.6397e+01, 9.8373e-01, 1.5141e+00, 1.0561e+00]])
Loaded per-window (calendar) month weights from analysis/figures/month_weights_per_window.npz: cube.shape=(25, 12, 34)
/Users/liyingnceas/GitHub/GNN-RNN-main/gnn-lstm-v3/utils/data_utils.py:264: RuntimeWarning: Mean of empty slice
  np.nanmean(county_dict[county], axis=0).astype(np.float32)
Filled 127430 missing (node, year) entries from neighbors or year averages
[2D] Station nodes: 596, adj nnz: 2980
[build_year_XY_windowed] data_start=1998, min_pred_year=2009, test_year=2022, win_size=3, n_windows=10
  built windows for T=2009
  built windows for T=2014
  built windows for T=2019
[build_year_XY_windowed] built windowed XY for 14 prediction years (2009–2022)
  GAT_RNN_V2: edge_feat_dim=3, n_heads=4, n_hidden=64
  [Bayes] Species rarity weights (mean=1): min=0.70 max=1.77  (rarest=Mycteroperca microlepis_SA)
  [CrossDonor] Ecological cross-donor map (9 recipients):
    Centropomus undecimalis_A  <-  ['Cynoscion nebulosus_R', 'Cynoscion nebulosus_A']
    Centropomus undecimalis_SA  <-  ['Cynoscion nebulosus_R', 'Centropomus undecimalis_A']
    Sciaenops ocellatus_R  <-  ['Cynoscion nebulosus_R', 'Cynoscion nebulosus_A']
    Sciaenops ocellatus_SA  <-  ['Cynoscion nebulosus_R', 'Cynoscion nebulosus_A']
    Cynoscion nebulosus_A  <-  ['Cynoscion nebulosus_R', 'Lagodon rhomboides_A']
    Mycteroperca microlepis_SA  <-  ['Lutjanus griseus_SA', 'Lutjanus griseus_R']
    Lutjanus griseus_R  <-  ['Archosargus probatocephalus_A', 'Lutjanus griseus_SA']
    Lutjanus griseus_SA  <-  ['Archosargus probatocephalus_A']
    Archosargus probatocephalus_R  <-  ['Archosargus probatocephalus_A', 'Lagodon rhomboides_A']
  [BayesTransferMapped] 9 recipient → donor mappings:
    recipient   3 <- donors [6, 5]
    recipient   4 <- donors [6, 3]
    recipient  12 <- donors [6, 5]
    recipient  13 <- donors [6, 5]
    recipient   5 <- donors [6, 7]
    recipient  11 <- donors [10, 9]
    recipient   9 <- donors [0, 10]
    recipient  10 <- donors [0]
    recipient   1 <- donors [0, 7]
  [BayesTransferMapped] transfer_prior_std=0.600  warmstart_alpha=0.25

----- Epoch 0 (windowed) -----
  batch 49 | loss 0.1939 rmse 11.640 r2 0.051 corr 0.237

###### Windowed train epoch 0 overall metrics
  loss: 0.1834 rmse: 23.351 r2: 0.011 corr: 0.108
***** Epoch 0 Val (windowed) *****
  loss: 0.0664 rmse: 18.751 r2: 0.046 corr: 0.220
********************
***** Epoch 0 Test (windowed) *****
  loss: 0.0657 rmse: 5.218 r2: 0.030 corr: 0.371
********************
  Epoch 0 done in 57.7s
  Saved best model → model/FIM_restoration_0412_stations_monthly/2022/gat-rnn-v2-windowed_bs-128_lr-0.001_maxepoch-50_testyear-2022_win-3_nwin-10_seed-0/model-0

----- Epoch 1 (windowed) -----
  batch 49 | loss 0.1872 rmse 13.547 r2 0.051 corr 0.231

###### Windowed train epoch 1 overall metrics
  loss: 0.1708 rmse: 23.164 r2: 0.027 corr: 0.169
***** Epoch 1 Val (windowed) *****
  loss: 0.0625 rmse: 18.784 r2: 0.043 corr: 0.210
********************
***** Epoch 1 Test (windowed) *****
  loss: 0.0632 rmse: 5.170 r2: 0.048 corr: 0.393
********************
  Epoch 1 done in 57.6s

----- Epoch 2 (windowed) -----
  batch 49 | loss 0.1737 rmse 16.204 r2 0.076 corr 0.280

###### Windowed train epoch 2 overall metrics
  loss: 0.1636 rmse: 23.203 r2: 0.024 corr: 0.171
***** Epoch 2 Val (windowed) *****
  loss: 0.0623 rmse: 18.513 r2: 0.071 corr: 0.270
********************
***** Epoch 2 Test (windowed) *****
  loss: 0.0647 rmse: 5.546 r2: -0.096 corr: 0.442
********************
  Epoch 2 done in 57.5s
  Saved best model → model/FIM_restoration_0412_stations_monthly/2022/gat-rnn-v2-windowed_bs-128_lr-0.001_maxepoch-50_testyear-2022_win-3_nwin-10_seed-0/model-2

----- Epoch 3 (windowed) -----
  batch 49 | loss 0.1696 rmse 29.192 r2 0.118 corr 0.388

###### Windowed train epoch 3 overall metrics
  loss: 0.1583 rmse: 23.757 r2: -0.023 corr: 0.143
***** Epoch 3 Val (windowed) *****
  loss: 0.0576 rmse: 18.458 r2: 0.076 corr: 0.284
********************
***** Epoch 3 Test (windowed) *****
  loss: 0.0597 rmse: 5.086 r2: 0.078 corr: 0.468
********************
  Epoch 3 done in 56.0s
  Saved best model → model/FIM_restoration_0412_stations_monthly/2022/gat-rnn-v2-windowed_bs-128_lr-0.001_maxepoch-50_testyear-2022_win-3_nwin-10_seed-0/model-3

----- Epoch 4 (windowed) -----
  batch 49 | loss 0.1622 rmse 25.573 r2 0.040 corr 0.216

###### Windowed train epoch 4 overall metrics
  loss: 0.1531 rmse: 23.201 r2: 0.024 corr: 0.187
***** Epoch 4 Val (windowed) *****
  loss: 0.0589 rmse: 18.475 r2: 0.074 corr: 0.283
********************
***** Epoch 4 Test (windowed) *****
  loss: 0.0616 rmse: 4.979 r2: 0.117 corr: 0.468
********************
  Epoch 4 done in 56.4s

----- Epoch 5 (windowed) -----
  batch 49 | loss 0.1603 rmse 12.103 r2 0.066 corr 0.328

###### Windowed train epoch 5 overall metrics
  loss: 0.1492 rmse: 23.120 r2: 0.031 corr: 0.191
***** Epoch 5 Val (windowed) *****
  loss: 0.0592 rmse: 18.590 r2: 0.063 corr: 0.261
********************
***** Epoch 5 Test (windowed) *****
  loss: 0.0586 rmse: 5.475 r2: -0.068 corr: 0.446
********************
  Epoch 5 done in 53.8s

----- Epoch 6 (windowed) -----
  batch 49 | loss 0.1605 rmse 6.437 r2 -0.067 corr 0.355

###### Windowed train epoch 6 overall metrics
  loss: 0.1461 rmse: 23.072 r2: 0.035 corr: 0.204
***** Epoch 6 Val (windowed) *****
  loss: 0.0530 rmse: 18.295 r2: 0.092 corr: 0.315
********************
***** Epoch 6 Test (windowed) *****
  loss: 0.0552 rmse: 5.249 r2: 0.018 corr: 0.471
********************
  Epoch 6 done in 54.3s
  Saved best model → model/FIM_restoration_0412_stations_monthly/2022/gat-rnn-v2-windowed_bs-128_lr-0.001_maxepoch-50_testyear-2022_win-3_nwin-10_seed-0/model-6

----- Epoch 7 (windowed) -----
  batch 49 | loss 0.1570 rmse 7.402 r2 0.045 corr 0.405

###### Windowed train epoch 7 overall metrics
  loss: 0.1426 rmse: 22.952 r2: 0.045 corr: 0.227
***** Epoch 7 Val (windowed) *****
  loss: 0.0531 rmse: 18.420 r2: 0.080 corr: 0.292
********************
***** Epoch 7 Test (windowed) *****
  loss: 0.0551 rmse: 5.364 r2: -0.025 corr: 0.459
********************
  Epoch 7 done in 54.6s

----- Epoch 8 (windowed) -----
  batch 49 | loss 0.1519 rmse 6.123 r2 -0.399 corr 0.412

###### Windowed train epoch 8 overall metrics
  loss: 0.1411 rmse: 23.035 r2: 0.038 corr: 0.213
***** Epoch 8 Val (windowed) *****
  loss: 0.0539 rmse: 18.411 r2: 0.081 corr: 0.295
********************
***** Epoch 8 Test (windowed) *****
  loss: 0.0559 rmse: 5.227 r2: 0.027 corr: 0.475
********************
  Epoch 8 done in 55.2s

----- Epoch 9 (windowed) -----
  batch 49 | loss 0.1521 rmse 8.999 r2 0.081 corr 0.433

###### Windowed train epoch 9 overall metrics
  loss: 0.1392 rmse: 22.741 r2: 0.062 corr: 0.258
***** Epoch 9 Val (windowed) *****
  loss: 0.0526 rmse: 18.296 r2: 0.092 corr: 0.315
********************
***** Epoch 9 Test (windowed) *****
  loss: 0.0543 rmse: 6.112 r2: -0.331 corr: 0.438
********************
  Epoch 9 done in 56.8s

----- Epoch 10 (windowed) -----
  batch 49 | loss 0.1479 rmse 13.547 r2 0.117 corr 0.363

###### Windowed train epoch 10 overall metrics
  loss: 0.1357 rmse: 22.711 r2: 0.065 corr: 0.268
***** Epoch 10 Val (windowed) *****
  loss: 0.0527 rmse: 18.157 r2: 0.106 corr: 0.338
********************
***** Epoch 10 Test (windowed) *****
  loss: 0.0544 rmse: 6.474 r2: -0.493 corr: 0.431
********************
  Epoch 10 done in 55.6s
  Saved best model → model/FIM_restoration_0412_stations_monthly/2022/gat-rnn-v2-windowed_bs-128_lr-0.001_maxepoch-50_testyear-2022_win-3_nwin-10_seed-0/model-10

----- Epoch 11 (windowed) -----
  batch 49 | loss 0.1426 rmse 31.049 r2 0.041 corr 0.207

###### Windowed train epoch 11 overall metrics
  loss: 0.1333 rmse: 22.719 r2: 0.064 corr: 0.267
***** Epoch 11 Val (windowed) *****
  loss: 0.0533 rmse: 18.343 r2: 0.088 corr: 0.306
********************
***** Epoch 11 Test (windowed) *****
  loss: 0.0546 rmse: 5.999 r2: -0.282 corr: 0.406
********************
  Epoch 11 done in 54.1s

----- Epoch 12 (windowed) -----
  batch 49 | loss 0.1441 rmse 6.120 r2 -0.015 corr 0.459

###### Windowed train epoch 12 overall metrics
  loss: 0.1348 rmse: 22.667 r2: 0.069 corr: 0.274
***** Epoch 12 Val (windowed) *****
  loss: 0.0574 rmse: 17.655 r2: 0.155 corr: 0.407
********************
***** Epoch 12 Test (windowed) *****
  loss: 0.0626 rmse: 5.377 r2: -0.030 corr: 0.486
********************
  Epoch 12 done in 54.4s
  Saved best model → model/FIM_restoration_0412_stations_monthly/2022/gat-rnn-v2-windowed_bs-128_lr-0.001_maxepoch-50_testyear-2022_win-3_nwin-10_seed-0/model-12

----- Epoch 13 (windowed) -----
  batch 49 | loss 0.1422 rmse 12.816 r2 0.081 corr 0.413

###### Windowed train epoch 13 overall metrics
  loss: 0.1315 rmse: 22.614 r2: 0.073 corr: 0.286
***** Epoch 13 Val (windowed) *****
  loss: 0.0505 rmse: 17.538 r2: 0.166 corr: 0.418
********************
***** Epoch 13 Test (windowed) *****
  loss: 0.0531 rmse: 6.300 r2: -0.414 corr: 0.466
********************
  Epoch 13 done in 57.2s
  Saved best model → model/FIM_restoration_0412_stations_monthly/2022/gat-rnn-v2-windowed_bs-128_lr-0.001_maxepoch-50_testyear-2022_win-3_nwin-10_seed-0/model-13

----- Epoch 14 (windowed) -----
  batch 49 | loss 0.1397 rmse 9.594 r2 -0.147 corr 0.365

###### Windowed train epoch 14 overall metrics
  loss: 0.1290 rmse: 22.394 r2: 0.091 corr: 0.314
***** Epoch 14 Val (windowed) *****
  loss: 0.0499 rmse: 17.602 r2: 0.160 corr: 0.410
********************
***** Epoch 14 Test (windowed) *****
  loss: 0.0531 rmse: 6.097 r2: -0.324 corr: 0.456
********************
  Epoch 14 done in 54.2s

----- Epoch 15 (windowed) -----
  batch 49 | loss 0.1381 rmse 26.999 r2 -0.059 corr 0.179

###### Windowed train epoch 15 overall metrics
  loss: 0.1274 rmse: 22.686 r2: 0.067 corr: 0.307
***** Epoch 15 Val (windowed) *****
  loss: 0.0493 rmse: 17.638 r2: 0.156 corr: 0.414
********************
***** Epoch 15 Test (windowed) *****
  loss: 0.0523 rmse: 5.723 r2: -0.167 corr: 0.482
********************
  Epoch 15 done in 53.6s

----- Epoch 16 (windowed) -----
  batch 49 | loss 0.1358 rmse 22.057 r2 0.079 corr 0.304

###### Windowed train epoch 16 overall metrics
  loss: 0.1258 rmse: 22.488 r2: 0.083 corr: 0.315
***** Epoch 16 Val (windowed) *****
  loss: 0.0496 rmse: 17.156 r2: 0.202 corr: 0.462
********************
***** Epoch 16 Test (windowed) *****
  loss: 0.0549 rmse: 6.028 r2: -0.295 corr: 0.497
********************
  Epoch 16 done in 54.4s
  Saved best model → model/FIM_restoration_0412_stations_monthly/2022/gat-rnn-v2-windowed_bs-128_lr-0.001_maxepoch-50_testyear-2022_win-3_nwin-10_seed-0/model-16

----- Epoch 17 (windowed) -----
  batch 49 | loss 0.1290 rmse 15.927 r2 0.102 corr 0.369

###### Windowed train epoch 17 overall metrics
  loss: 0.1246 rmse: 22.530 r2: 0.080 corr: 0.322
***** Epoch 17 Val (windowed) *****
  loss: 0.0525 rmse: 17.422 r2: 0.177 corr: 0.440
********************
***** Epoch 17 Test (windowed) *****
  loss: 0.0541 rmse: 8.456 r2: -1.547 corr: 0.394
********************
  Epoch 17 done in 55.2s

----- Epoch 18 (windowed) -----
  batch 49 | loss 0.1331 rmse 48.095 r2 0.199 corr 0.457

###### Windowed train epoch 18 overall metrics
  loss: 0.1236 rmse: 22.213 r2: 0.105 corr: 0.339
***** Epoch 18 Val (windowed) *****
  loss: 0.0498 rmse: 17.167 r2: 0.201 corr: 0.457
********************
***** Epoch 18 Test (windowed) *****
  loss: 0.0523 rmse: 6.702 r2: -0.600 corr: 0.448
********************
  Epoch 18 done in 54.7s

----- Epoch 19 (windowed) -----
  batch 49 | loss 0.1248 rmse 5.966 r2 -0.222 corr 0.418

###### Windowed train epoch 19 overall metrics
  loss: 0.1221 rmse: 22.135 r2: 0.112 corr: 0.378
***** Epoch 19 Val (windowed) *****
  loss: 0.0530 rmse: 17.457 r2: 0.174 corr: 0.429
********************
***** Epoch 19 Test (windowed) *****
  loss: 0.0540 rmse: 7.324 r2: -0.911 corr: 0.412
********************
  Epoch 19 done in 54.9s

----- Epoch 20 (windowed) -----
  batch 49 | loss 0.1290 rmse 44.711 r2 0.192 corr 0.514

###### Windowed train epoch 20 overall metrics
  loss: 0.1213 rmse: 22.232 r2: 0.104 corr: 0.353
***** Epoch 20 Val (windowed) *****
  loss: 0.0496 rmse: 16.900 r2: 0.225 corr: 0.488
********************
***** Epoch 20 Test (windowed) *****
  loss: 0.0530 rmse: 7.902 r2: -1.225 corr: 0.443
********************
  Epoch 20 done in 54.2s
  Saved best model → model/FIM_restoration_0412_stations_monthly/2022/gat-rnn-v2-windowed_bs-128_lr-0.001_maxepoch-50_testyear-2022_win-3_nwin-10_seed-0/model-20

----- Epoch 21 (windowed) -----
  batch 49 | loss 0.1261 rmse 7.309 r2 -0.034 corr 0.406

###### Windowed train epoch 21 overall metrics
  loss: 0.1196 rmse: 22.666 r2: 0.069 corr: 0.316
***** Epoch 21 Val (windowed) *****
  loss: 0.0499 rmse: 17.311 r2: 0.187 corr: 0.456
********************
***** Epoch 21 Test (windowed) *****
  loss: 0.0531 rmse: 8.292 r2: -1.450 corr: 0.415
********************
  Epoch 21 done in 54.6s

----- Epoch 22 (windowed) -----
  batch 49 | loss 0.1250 rmse 9.953 r2 0.107 corr 0.406

###### Windowed train epoch 22 overall metrics
  loss: 0.1195 rmse: 23.476 r2: 0.001 corr: 0.272
***** Epoch 22 Val (windowed) *****
  loss: 0.0501 rmse: 17.438 r2: 0.175 corr: 0.432
********************
***** Epoch 22 Test (windowed) *****
  loss: 0.0526 rmse: 7.768 r2: -1.150 corr: 0.425
********************
  Epoch 22 done in 54.6s

----- Epoch 23 (windowed) -----
  batch 49 | loss 0.1242 rmse 19.028 r2 -0.024 corr 0.417

###### Windowed train epoch 23 overall metrics
  loss: 0.1170 rmse: 22.560 r2: 0.077 corr: 0.322
***** Epoch 23 Val (windowed) *****
  loss: 0.0490 rmse: 17.186 r2: 0.199 corr: 0.456
********************
***** Epoch 23 Test (windowed) *****
  loss: 0.0523 rmse: 7.240 r2: -0.868 corr: 0.441
********************
  Epoch 23 done in 54.2s

----- Epoch 24 (windowed) -----
  batch 49 | loss 0.1203 rmse 12.785 r2 0.075 corr 0.326

###### Windowed train epoch 24 overall metrics
  loss: 0.1159 rmse: 23.163 r2: 0.027 corr: 0.254
***** Epoch 24 Val (windowed) *****
  loss: 0.0480 rmse: 16.779 r2: 0.236 corr: 0.494
********************
***** Epoch 24 Test (windowed) *****
  loss: 0.0542 rmse: 7.025 r2: -0.758 corr: 0.475
********************
  Epoch 24 done in 53.9s
  Saved best model → model/FIM_restoration_0412_stations_monthly/2022/gat-rnn-v2-windowed_bs-128_lr-0.001_maxepoch-50_testyear-2022_win-3_nwin-10_seed-0/model-24

----- Epoch 25 (windowed) -----
  batch 49 | loss 0.1230 rmse 9.220 r2 0.017 corr 0.389

###### Windowed train epoch 25 overall metrics
  loss: 0.1146 rmse: 22.946 r2: 0.045 corr: 0.283
***** Epoch 25 Val (windowed) *****
  loss: 0.0475 rmse: 17.284 r2: 0.190 corr: 0.447
********************
***** Epoch 25 Test (windowed) *****
  loss: 0.0530 rmse: 6.088 r2: -0.321 corr: 0.445
********************
  Epoch 25 done in 58.6s

----- Epoch 26 (windowed) -----
  batch 49 | loss 0.1203 rmse 34.540 r2 -0.409 corr 0.446

###### Windowed train epoch 26 overall metrics
  loss: 0.1137 rmse: 22.901 r2: 0.049 corr: 0.290
***** Epoch 26 Val (windowed) *****
  loss: 0.0472 rmse: 17.302 r2: 0.188 corr: 0.442
********************
***** Epoch 26 Test (windowed) *****
  loss: 0.0512 rmse: 6.935 r2: -0.714 corr: 0.440
********************
  Epoch 26 done in 54.7s

----- Epoch 27 (windowed) -----
  batch 49 | loss 0.1179 rmse 9.461 r2 -1.047 corr 0.442

###### Windowed train epoch 27 overall metrics
  loss: 0.1123 rmse: 22.954 r2: 0.045 corr: 0.269
***** Epoch 27 Val (windowed) *****
  loss: 0.0476 rmse: 17.172 r2: 0.200 corr: 0.464
********************
***** Epoch 27 Test (windowed) *****
  loss: 0.0522 rmse: 7.863 r2: -1.203 corr: 0.435
********************
  Epoch 27 done in 54.4s

----- Epoch 28 (windowed) -----
  batch 49 | loss 0.1171 rmse 12.024 r2 0.129 corr 0.374

###### Windowed train epoch 28 overall metrics
  loss: 0.1110 rmse: 23.159 r2: 0.028 corr: 0.277
***** Epoch 28 Val (windowed) *****
  loss: 0.0472 rmse: 17.688 r2: 0.151 corr: 0.398
********************
***** Epoch 28 Test (windowed) *****
  loss: 0.0523 rmse: 7.005 r2: -0.748 corr: 0.426
********************
  Epoch 28 done in 54.6s

----- Epoch 29 (windowed) -----
  batch 49 | loss 0.1137 rmse 18.543 r2 -2.851 corr 0.327

###### Windowed train epoch 29 overall metrics
  loss: 0.1107 rmse: 22.892 r2: 0.050 corr: 0.322
***** Epoch 29 Val (windowed) *****
  loss: 0.0478 rmse: 17.469 r2: 0.172 corr: 0.424
********************
***** Epoch 29 Test (windowed) *****
  loss: 0.0518 rmse: 6.940 r2: -0.716 corr: 0.432
********************
  Epoch 29 done in 54.0s

----- Epoch 30 (windowed) -----
  batch 49 | loss 0.1160 rmse 11.277 r2 -0.863 corr 0.426

###### Windowed train epoch 30 overall metrics
  loss: 0.1096 rmse: 23.473 r2: 0.001 corr: 0.260
***** Epoch 30 Val (windowed) *****
  loss: 0.0502 rmse: 17.919 r2: 0.129 corr: 0.374
********************
***** Epoch 30 Test (windowed) *****
  loss: 0.0532 rmse: 7.387 r2: -0.944 corr: 0.380
********************
  Epoch 30 done in 54.6s

----- Epoch 31 (windowed) -----
  batch 49 | loss 0.1096 rmse 12.783 r2 -0.220 corr 0.301

###### Windowed train epoch 31 overall metrics
  loss: 0.1094 rmse: 23.034 r2: 0.038 corr: 0.261
***** Epoch 31 Val (windowed) *****
  loss: 0.0485 rmse: 17.845 r2: 0.136 corr: 0.379
********************
***** Epoch 31 Test (windowed) *****
  loss: 0.0524 rmse: 6.188 r2: -0.364 corr: 0.445
********************
  Epoch 31 done in 55.1s

----- Epoch 32 (windowed) -----
  batch 49 | loss 0.1144 rmse 13.744 r2 -0.366 corr 0.265

###### Windowed train epoch 32 overall metrics
  loss: 0.1088 rmse: 23.189 r2: 0.025 corr: 0.246
***** Epoch 32 Val (windowed) *****
  loss: 0.0503 rmse: 17.886 r2: 0.132 corr: 0.382
********************
***** Epoch 32 Test (windowed) *****
  loss: 0.0521 rmse: 7.486 r2: -0.997 corr: 0.399
********************
  Epoch 32 done in 54.7s

----- Epoch 33 (windowed) -----
  batch 49 | loss 0.1106 rmse 45.997 r2 0.045 corr 0.222

###### Windowed train epoch 33 overall metrics
  loss: 0.1079 rmse: 23.455 r2: 0.003 corr: 0.247
***** Epoch 33 Val (windowed) *****
  loss: 0.0472 rmse: 17.505 r2: 0.169 corr: 0.419
********************
***** Epoch 33 Test (windowed) *****
  loss: 0.0533 rmse: 6.318 r2: -0.422 corr: 0.477
********************
  Epoch 33 done in 54.6s

----- Epoch 34 (windowed) -----
  batch 49 | loss 0.1091 rmse 15.050 r2 0.013 corr 0.175

###### Windowed train epoch 34 overall metrics
  loss: 0.1067 rmse: 24.057 r2: -0.049 corr: 0.237
***** Epoch 34 Val (windowed) *****
  loss: 0.0464 rmse: 17.920 r2: 0.129 corr: 0.367
********************
***** Epoch 34 Test (windowed) *****
  loss: 0.0530 rmse: 6.119 r2: -0.334 corr: 0.455
********************
  Epoch 34 done in 53.9s

----- Epoch 35 (windowed) -----
  batch 49 | loss 0.1081 rmse 41.748 r2 0.070 corr 0.270

###### Windowed train epoch 35 overall metrics
  loss: 0.1047 rmse: 22.962 r2: 0.044 corr: 0.284
***** Epoch 35 Val (windowed) *****
  loss: 0.0478 rmse: 18.039 r2: 0.118 corr: 0.372
********************
***** Epoch 35 Test (windowed) *****
  loss: 0.0514 rmse: 8.155 r2: -1.370 corr: 0.393
********************
  Epoch 35 done in 54.6s

----- Epoch 36 (windowed) -----
  batch 49 | loss 0.1093 rmse 18.786 r2 -0.021 corr 0.233

###### Windowed train epoch 36 overall metrics
  loss: 0.1042 rmse: 24.157 r2: -0.058 corr: 0.239
***** Epoch 36 Val (windowed) *****
  loss: 0.0465 rmse: 17.885 r2: 0.133 corr: 0.374
********************
***** Epoch 36 Test (windowed) *****
  loss: 0.0522 rmse: 6.999 r2: -0.745 corr: 0.406
********************
  Epoch 36 done in 55.0s

----- Epoch 37 (windowed) -----
  batch 49 | loss 0.1087 rmse 47.430 r2 0.241 corr 0.523

###### Windowed train epoch 37 overall metrics
  loss: 0.1040 rmse: 23.251 r2: 0.020 corr: 0.253
***** Epoch 37 Val (windowed) *****
  loss: 0.0528 rmse: 18.526 r2: 0.069 corr: 0.306
********************
***** Epoch 37 Test (windowed) *****
  loss: 0.0535 rmse: 7.924 r2: -1.237 corr: 0.356
********************
  Epoch 37 done in 54.5s

----- Epoch 38 (windowed) -----
  batch 49 | loss 0.1025 rmse 28.182 r2 0.106 corr 0.344

###### Windowed train epoch 38 overall metrics
  loss: 0.1040 rmse: 25.092 r2: -0.141 corr: 0.181
***** Epoch 38 Val (windowed) *****
  loss: 0.0486 rmse: 18.401 r2: 0.082 corr: 0.306
********************
***** Epoch 38 Test (windowed) *****
  loss: 0.0523 rmse: 7.321 r2: -0.909 corr: 0.351
********************
  Epoch 38 done in 54.4s

----- Epoch 39 (windowed) -----
  batch 49 | loss 0.1047 rmse 7.433 r2 -0.694 corr 0.433

###### Windowed train epoch 39 overall metrics
  loss: 0.1021 rmse: 23.270 r2: 0.018 corr: 0.224
***** Epoch 39 Val (windowed) *****
  loss: 0.0458 rmse: 17.818 r2: 0.139 corr: 0.381
********************
***** Epoch 39 Test (windowed) *****
  loss: 0.0511 rmse: 6.926 r2: -0.709 corr: 0.415
********************
  Epoch 39 done in 55.5s

----- Epoch 40 (windowed) -----
  batch 49 | loss 0.1032 rmse 20.627 r2 -0.106 corr 0.309

###### Windowed train epoch 40 overall metrics
  loss: 0.1011 rmse: 23.198 r2: 0.024 corr: 0.269
***** Epoch 40 Val (windowed) *****
  loss: 0.0481 rmse: 17.674 r2: 0.153 corr: 0.400
********************
***** Epoch 40 Test (windowed) *****
  loss: 0.0545 rmse: 7.185 r2: -0.839 corr: 0.420
********************
  Epoch 40 done in 55.2s

----- Epoch 41 (windowed) -----
  batch 49 | loss 0.1065 rmse 20.616 r2 0.086 corr 0.304

###### Windowed train epoch 41 overall metrics
  loss: 0.1015 rmse: 23.439 r2: 0.004 corr: 0.280
***** Epoch 41 Val (windowed) *****
  loss: 0.0489 rmse: 17.952 r2: 0.126 corr: 0.365
********************
***** Epoch 41 Test (windowed) *****
  loss: 0.0520 rmse: 6.404 r2: -0.461 corr: 0.416
********************
  Epoch 41 done in 54.6s

----- Epoch 42 (windowed) -----
  batch 49 | loss 0.1042 rmse 20.176 r2 0.027 corr 0.217

###### Windowed train epoch 42 overall metrics
  loss: 0.1006 rmse: 24.633 r2: -0.100 corr: 0.203
***** Epoch 42 Val (windowed) *****
  loss: 0.0468 rmse: 18.329 r2: 0.089 corr: 0.326
********************
***** Epoch 42 Test (windowed) *****
  loss: 0.0507 rmse: 7.758 r2: -1.144 corr: 0.368
********************
  Epoch 42 done in 58.3s

----- Epoch 43 (windowed) -----
  batch 49 | loss 0.1002 rmse 18.329 r2 -6.794 corr 0.388

###### Windowed train epoch 43 overall metrics
  loss: 0.0987 rmse: 23.333 r2: 0.013 corr: 0.255
***** Epoch 43 Val (windowed) *****
  loss: 0.0454 rmse: 18.099 r2: 0.112 corr: 0.344
********************
***** Epoch 43 Test (windowed) *****
  loss: 0.0504 rmse: 6.886 r2: -0.689 corr: 0.394
********************
  Epoch 43 done in 57.5s

----- Epoch 44 (windowed) -----
  batch 49 | loss 0.0970 rmse 18.154 r2 -0.023 corr 0.244

###### Windowed train epoch 44 overall metrics
  loss: 0.0978 rmse: 24.454 r2: -0.084 corr: 0.219
***** Epoch 44 Val (windowed) *****
  loss: 0.0449 rmse: 18.291 r2: 0.093 corr: 0.328
********************
***** Epoch 44 Test (windowed) *****
  loss: 0.0497 rmse: 7.726 r2: -1.126 corr: 0.372
********************
  Epoch 44 done in 58.1s

----- Epoch 45 (windowed) -----
  batch 49 | loss 0.0975 rmse 9.767 r2 -0.399 corr 0.337

###### Windowed train epoch 45 overall metrics
  loss: 0.0973 rmse: 24.215 r2: -0.063 corr: 0.192
***** Epoch 45 Val (windowed) *****
  loss: 0.0543 rmse: 18.970 r2: 0.024 corr: 0.263
********************
***** Epoch 45 Test (windowed) *****
  loss: 0.0558 rmse: 8.820 r2: -1.771 corr: 0.301
********************
  Epoch 45 done in 57.8s

----- Epoch 46 (windowed) -----
  batch 49 | loss 0.1048 rmse 23.345 r2 -0.742 corr 0.198

###### Windowed train epoch 46 overall metrics
  loss: 0.0981 rmse: 24.165 r2: -0.059 corr: 0.231
***** Epoch 46 Val (windowed) *****
  loss: 0.0451 rmse: 18.298 r2: 0.092 corr: 0.318
********************
***** Epoch 46 Test (windowed) *****
  loss: 0.0504 rmse: 7.244 r2: -0.869 corr: 0.379
********************
  Epoch 46 done in 56.4s

----- Epoch 47 (windowed) -----
  batch 49 | loss 0.1008 rmse 14.227 r2 -0.203 corr 0.349

###### Windowed train epoch 47 overall metrics
  loss: 0.0969 rmse: 23.305 r2: 0.015 corr: 0.242
***** Epoch 47 Val (windowed) *****
  loss: 0.0456 rmse: 18.558 r2: 0.066 corr: 0.285
********************
***** Epoch 47 Test (windowed) *****
  loss: 0.0502 rmse: 7.500 r2: -1.004 corr: 0.361
********************
  Epoch 47 done in 56.7s

----- Epoch 48 (windowed) -----
  batch 49 | loss 0.0987 rmse 9.534 r2 -0.617 corr 0.377

###### Windowed train epoch 48 overall metrics
  loss: 0.0963 rmse: 23.407 r2: 0.007 corr: 0.251
***** Epoch 48 Val (windowed) *****
  loss: 0.0447 rmse: 18.344 r2: 0.087 corr: 0.325
********************
***** Epoch 48 Test (windowed) *****
  loss: 0.0506 rmse: 7.891 r2: -1.219 corr: 0.371
********************
  Epoch 48 done in 55.6s

----- Epoch 49 (windowed) -----
  batch 49 | loss 0.0965 rmse 9.701 r2 -0.489 corr 0.397

###### Windowed train epoch 49 overall metrics
  loss: 0.0951 rmse: 24.293 r2: -0.070 corr: 0.199
***** Epoch 49 Val (windowed) *****
  loss: 0.0452 rmse: 18.316 r2: 0.090 corr: 0.342
********************
***** Epoch 49 Test (windowed) *****
  loss: 0.0511 rmse: 8.305 r2: -1.457 corr: 0.397
********************
  Epoch 49 done in 55.2s
Fold done — best val RMSE=16.7792 test R²=-0.7582 corr=0.4750

================================================================
Rolling-windowed  test_year=2023
  Val  : 2022
  Test : 2023
  win_size=3  n_windows=10
================================================================
Initially data (54319, 166)
After filtering (52586, 166)
get_X_Y
X shape (52586, 130)
Y shape (52586, 34)
Y (output) means tensor([[0.1486, 0.0122, 0.2552, 0.1723, 0.0268, 0.0594, 0.1574, 0.6267, 0.8607,
         0.0234, 0.0556, 0.0095, 0.0875, 0.1395, 1.0282, 1.1171, 0.3401, 0.4145,
         0.9071, 0.4235, 0.1778, 0.2262, 0.4037, 0.1642, 0.4296, 0.5342, 0.2783,
         0.5701, 0.4899, 0.1531, 0.2702, 0.1039, 0.1367, 0.1308]]) stds tensor([[0.4882, 0.1347, 0.6234, 0.6031, 0.1985, 0.2945, 0.5083, 1.4310, 1.5958,
         0.1916, 0.3308, 0.1296, 0.4461, 0.4442, 2.1178, 1.7375, 0.8429, 1.1946,
         1.6233, 0.9572, 0.5079, 0.7077, 1.0676, 0.5680, 1.0104, 1.0949, 0.7128,
         1.3000, 1.0210, 0.4507, 0.8311, 0.3395, 0.4053, 0.3726]])
Y count-scale means tensor([[5.2061e-01, 3.3335e-02, 9.5356e-01, 9.5543e-01, 7.6945e-02, 1.9348e-01,
         5.5962e-01, 1.4703e+01, 2.8903e+01, 6.9483e-02, 2.5983e-01, 3.1418e-02,
         5.9087e-01, 4.0901e-01, 2.6030e+02, 2.4731e+01, 2.5469e+00, 1.4702e+01,
         2.5906e+01, 3.4289e+00, 5.5060e-01, 1.7485e+00, 7.1629e+00, 1.4215e+00,
         3.6405e+00, 4.7569e+00, 1.2840e+00, 2.4700e+01, 5.6121e+00, 4.4785e-01,
         3.0244e+00, 2.2068e-01, 3.2393e-01, 2.7061e-01]]) stds tensor([[3.6411e+00, 5.7286e-01, 5.4997e+00, 7.3387e+00, 1.1245e+00, 3.5202e+00,
         3.5292e+00, 7.6376e+01, 2.1413e+02, 9.3958e-01, 3.8283e+00, 6.3382e-01,
         8.2746e+00, 2.5374e+00, 3.1917e+03, 9.9062e+01, 1.8943e+01, 1.5941e+02,
         2.0136e+02, 2.0710e+01, 2.9141e+00, 2.2296e+01, 7.6413e+01, 4.1977e+01,
         1.8510e+01, 2.4485e+01, 7.0521e+00, 7.5611e+02, 6.6791e+01, 4.3890e+00,
         2.6228e+01, 9.9154e-01, 1.5056e+00, 1.0459e+00]])
Loaded per-window (calendar) month weights from analysis/figures/month_weights_per_window.npz: cube.shape=(25, 12, 34)
/Users/liyingnceas/GitHub/GNN-RNN-main/gnn-lstm-v3/utils/data_utils.py:264: RuntimeWarning: Mean of empty slice
  np.nanmean(county_dict[county], axis=0).astype(np.float32)
Filled 132898 missing (node, year) entries from neighbors or year averages
[2D] Station nodes: 596, adj nnz: 2980
[build_year_XY_windowed] data_start=1998, min_pred_year=2009, test_year=2023, win_size=3, n_windows=10
  built windows for T=2009
  built windows for T=2014
  built windows for T=2019
[build_year_XY_windowed] built windowed XY for 15 prediction years (2009–2023)
  GAT_RNN_V2: edge_feat_dim=3, n_heads=4, n_hidden=64
  [Bayes] Species rarity weights (mean=1): min=0.70 max=1.78  (rarest=Mycteroperca microlepis_SA)
  [CrossDonor] Ecological cross-donor map (9 recipients):
    Centropomus undecimalis_A  <-  ['Cynoscion nebulosus_R', 'Cynoscion nebulosus_A']
    Centropomus undecimalis_SA  <-  ['Cynoscion nebulosus_R', 'Centropomus undecimalis_A']
    Sciaenops ocellatus_R  <-  ['Cynoscion nebulosus_R', 'Cynoscion nebulosus_A']
    Sciaenops ocellatus_SA  <-  ['Cynoscion nebulosus_R', 'Cynoscion nebulosus_A']
    Cynoscion nebulosus_A  <-  ['Cynoscion nebulosus_R', 'Lagodon rhomboides_A']
    Mycteroperca microlepis_SA  <-  ['Lutjanus griseus_SA', 'Lutjanus griseus_R']
    Lutjanus griseus_R  <-  ['Archosargus probatocephalus_A', 'Lutjanus griseus_SA']
    Lutjanus griseus_SA  <-  ['Archosargus probatocephalus_A']
    Archosargus probatocephalus_R  <-  ['Archosargus probatocephalus_A', 'Lagodon rhomboides_A']
  [BayesTransferMapped] 9 recipient → donor mappings:
    recipient   3 <- donors [6, 5]
    recipient   4 <- donors [6, 3]
    recipient  12 <- donors [6, 5]
    recipient  13 <- donors [6, 5]
    recipient   5 <- donors [6, 7]
    recipient  11 <- donors [10, 9]
    recipient   9 <- donors [0, 10]
    recipient  10 <- donors [0]
    recipient   1 <- donors [0, 7]
  [BayesTransferMapped] transfer_prior_std=0.600  warmstart_alpha=0.25

----- Epoch 0 (windowed) -----
  batch 49 | loss 0.1932 rmse 8.990 r2 0.050 corr 0.245

###### Windowed train epoch 0 overall metrics
  loss: 0.1823 rmse: 22.533 r2: 0.013 corr: 0.113
***** Epoch 0 Val (windowed) *****
  loss: 0.0655 rmse: 5.523 r2: -0.087 corr: 0.350
********************
***** Epoch 0 Test (windowed) *****
  loss: 0.0642 rmse: 4.815 r2: -0.243 corr: 0.348
********************
  Epoch 0 done in 59.6s
  Saved best model → model/FIM_restoration_0412_stations_monthly/2023/gat-rnn-v2-windowed_bs-128_lr-0.001_maxepoch-50_testyear-2023_win-3_nwin-10_seed-0/model-0

----- Epoch 1 (windowed) -----
  batch 49 | loss 0.1806 rmse 8.952 r2 0.082 corr 0.305

###### Windowed train epoch 1 overall metrics
  loss: 0.1693 rmse: 22.467 r2: 0.018 corr: 0.141
***** Epoch 1 Val (windowed) *****
  loss: 0.0628 rmse: 5.402 r2: -0.040 corr: 0.353
********************
***** Epoch 1 Test (windowed) *****
  loss: 0.0626 rmse: 4.658 r2: -0.163 corr: 0.356
********************
  Epoch 1 done in 61.2s
  Saved best model → model/FIM_restoration_0412_stations_monthly/2023/gat-rnn-v2-windowed_bs-128_lr-0.001_maxepoch-50_testyear-2023_win-3_nwin-10_seed-0/model-1

----- Epoch 2 (windowed) -----
  batch 49 | loss 0.1761 rmse 47.561 r2 0.011 corr 0.105

###### Windowed train epoch 2 overall metrics
  loss: 0.1619 rmse: 22.424 r2: 0.022 corr: 0.156
***** Epoch 2 Val (windowed) *****
  loss: 0.0596 rmse: 5.221 r2: 0.029 corr: 0.429
********************
***** Epoch 2 Test (windowed) *****
  loss: 0.0598 rmse: 4.410 r2: -0.043 corr: 0.442
********************
  Epoch 2 done in 60.9s
  Saved best model → model/FIM_restoration_0412_stations_monthly/2023/gat-rnn-v2-windowed_bs-128_lr-0.001_maxepoch-50_testyear-2023_win-3_nwin-10_seed-0/model-2

----- Epoch 3 (windowed) -----
  batch 49 | loss 0.1704 rmse 11.475 r2 0.111 corr 0.339

###### Windowed train epoch 3 overall metrics
  loss: 0.1564 rmse: 22.415 r2: 0.023 corr: 0.166
***** Epoch 3 Val (windowed) *****
  loss: 0.0613 rmse: 5.587 r2: -0.112 corr: 0.427
********************
***** Epoch 3 Test (windowed) *****
  loss: 0.0609 rmse: 4.656 r2: -0.162 corr: 0.433
********************
  Epoch 3 done in 61.2s

----- Epoch 4 (windowed) -----
  batch 49 | loss 0.1702 rmse 32.887 r2 0.042 corr 0.215

###### Windowed train epoch 4 overall metrics
  loss: 0.1519 rmse: 22.358 r2: 0.028 corr: 0.188
***** Epoch 4 Val (windowed) *****
  loss: 0.0549 rmse: 5.588 r2: -0.112 corr: 0.437
********************
***** Epoch 4 Test (windowed) *****
  loss: 0.0574 rmse: 4.804 r2: -0.238 corr: 0.440
********************
  Epoch 4 done in 61.5s

----- Epoch 5 (windowed) -----
  batch 49 | loss 0.1619 rmse 20.470 r2 0.068 corr 0.264

###### Windowed train epoch 5 overall metrics
  loss: 0.1487 rmse: 22.369 r2: 0.027 corr: 0.196
***** Epoch 5 Val (windowed) *****
  loss: 0.0557 rmse: 6.493 r2: -0.502 corr: 0.433
********************
***** Epoch 5 Test (windowed) *****
  loss: 0.0569 rmse: 5.506 r2: -0.626 corr: 0.400
********************
  Epoch 5 done in 59.6s

----- Epoch 6 (windowed) -----
  batch 49 | loss 0.1551 rmse 7.261 r2 -0.105 corr 0.338

###### Windowed train epoch 6 overall metrics
  loss: 0.1439 rmse: 22.328 r2: 0.030 corr: 0.213
***** Epoch 6 Val (windowed) *****
  loss: 0.0538 rmse: 6.833 r2: -0.664 corr: 0.398
********************
***** Epoch 6 Test (windowed) *****
  loss: 0.0558 rmse: 5.651 r2: -0.712 corr: 0.361
********************
  Epoch 6 done in 58.6s

----- Epoch 7 (windowed) -----
  batch 49 | loss 0.1518 rmse 12.488 r2 0.008 corr 0.314

###### Windowed train epoch 7 overall metrics
  loss: 0.1414 rmse: 21.711 r2: 0.083 corr: 0.300
***** Epoch 7 Val (windowed) *****
  loss: 0.0542 rmse: 5.927 r2: -0.252 corr: 0.423
********************
***** Epoch 7 Test (windowed) *****
  loss: 0.0564 rmse: 5.194 r2: -0.447 corr: 0.384
********************
  Epoch 7 done in 58.8s

----- Epoch 8 (windowed) -----
  batch 49 | loss 0.1498 rmse 13.770 r2 0.222 corr 0.492

###### Windowed train epoch 8 overall metrics
  loss: 0.1389 rmse: 21.946 r2: 0.063 corr: 0.277
***** Epoch 8 Val (windowed) *****
  loss: 0.0522 rmse: 6.451 r2: -0.483 corr: 0.459
********************
***** Epoch 8 Test (windowed) *****
  loss: 0.0542 rmse: 5.601 r2: -0.682 corr: 0.416
********************
  Epoch 8 done in 58.7s

----- Epoch 9 (windowed) -----
  batch 49 | loss 0.1521 rmse 8.268 r2 -0.270 corr 0.376

###### Windowed train epoch 9 overall metrics
  loss: 0.1369 rmse: 21.824 r2: 0.074 corr: 0.294
***** Epoch 9 Val (windowed) *****
  loss: 0.0519 rmse: 7.016 r2: -0.754 corr: 0.398
********************
***** Epoch 9 Test (windowed) *****
  loss: 0.0542 rmse: 5.695 r2: -0.739 corr: 0.381
********************
  Epoch 9 done in 58.4s

----- Epoch 10 (windowed) -----
  batch 49 | loss 0.1481 rmse 22.711 r2 0.263 corr 0.531

###### Windowed train epoch 10 overall metrics
  loss: 0.1343 rmse: 22.211 r2: 0.041 corr: 0.278
***** Epoch 10 Val (windowed) *****
  loss: 0.0519 rmse: 6.623 r2: -0.563 corr: 0.383
********************
***** Epoch 10 Test (windowed) *****
  loss: 0.0579 rmse: 5.212 r2: -0.457 corr: 0.388
********************
  Epoch 10 done in 58.2s

----- Epoch 11 (windowed) -----
  batch 49 | loss 0.1430 rmse 11.614 r2 0.060 corr 0.456

###### Windowed train epoch 11 overall metrics
  loss: 0.1321 rmse: 21.835 r2: 0.073 corr: 0.305
***** Epoch 11 Val (windowed) *****
  loss: 0.0508 rmse: 9.681 r2: -2.339 corr: 0.391
********************
***** Epoch 11 Test (windowed) *****
  loss: 0.0550 rmse: 7.028 r2: -1.648 corr: 0.358
********************
  Epoch 11 done in 59.7s

----- Epoch 12 (windowed) -----
  batch 49 | loss 0.1420 rmse 7.251 r2 0.076 corr 0.539

###### Windowed train epoch 12 overall metrics
  loss: 0.1301 rmse: 21.610 r2: 0.092 corr: 0.340
***** Epoch 12 Val (windowed) *****
  loss: 0.0570 rmse: 9.872 r2: -2.472 corr: 0.305
********************
***** Epoch 12 Test (windowed) *****
  loss: 0.0553 rmse: 7.717 r2: -2.194 corr: 0.289
********************
  Epoch 12 done in 58.8s

----- Epoch 13 (windowed) -----
  batch 49 | loss 0.1440 rmse 12.606 r2 -0.344 corr 0.262

###### Windowed train epoch 13 overall metrics
  loss: 0.1307 rmse: 22.159 r2: 0.045 corr: 0.311
***** Epoch 13 Val (windowed) *****
  loss: 0.0543 rmse: 10.297 r2: -2.778 corr: 0.342
********************
***** Epoch 13 Test (windowed) *****
  loss: 0.0534 rmse: 7.553 r2: -2.059 corr: 0.317
********************
  Epoch 13 done in 61.7s

----- Epoch 14 (windowed) -----
  batch 49 | loss 0.1355 rmse 14.463 r2 -1.582 corr 0.389

###### Windowed train epoch 14 overall metrics
  loss: 0.1277 rmse: 22.341 r2: 0.029 corr: 0.282
***** Epoch 14 Val (windowed) *****
  loss: 0.0498 rmse: 8.448 r2: -1.543 corr: 0.374
********************
***** Epoch 14 Test (windowed) *****
  loss: 0.0534 rmse: 6.844 r2: -1.512 corr: 0.353
********************
  Epoch 14 done in 62.3s

----- Epoch 15 (windowed) -----
  batch 49 | loss 0.1341 rmse 49.189 r2 0.052 corr 0.242

###### Windowed train epoch 15 overall metrics
  loss: 0.1253 rmse: 22.202 r2: 0.041 corr: 0.295
***** Epoch 15 Val (windowed) *****
  loss: 0.0493 rmse: 8.229 r2: -1.412 corr: 0.335
********************
***** Epoch 15 Test (windowed) *****
  loss: 0.0541 rmse: 6.260 r2: -1.101 corr: 0.339
********************
  Epoch 15 done in 61.2s

----- Epoch 16 (windowed) -----
  batch 49 | loss 0.1334 rmse 8.613 r2 -3.022 corr 0.328

###### Windowed train epoch 16 overall metrics
  loss: 0.1235 rmse: 22.925 r2: -0.022 corr: 0.267
***** Epoch 16 Val (windowed) *****
  loss: 0.0488 rmse: 10.583 r2: -2.990 corr: 0.322
********************
***** Epoch 16 Test (windowed) *****
  loss: 0.0529 rmse: 7.801 r2: -2.263 corr: 0.300
********************
  Epoch 16 done in 104.4s

----- Epoch 17 (windowed) -----
  batch 49 | loss 0.1288 rmse 24.303 r2 0.065 corr 0.259

###### Windowed train epoch 17 overall metrics
  loss: 0.1227 rmse: 22.715 r2: -0.003 corr: 0.283
***** Epoch 17 Val (windowed) *****
  loss: 0.0517 rmse: 9.494 r2: -2.211 corr: 0.315
********************
***** Epoch 17 Test (windowed) *****
  loss: 0.0532 rmse: 7.522 r2: -2.034 corr: 0.314
********************
  Epoch 17 done in 60.8s

----- Epoch 18 (windowed) -----
  batch 49 | loss 0.1285 rmse 32.978 r2 0.086 corr 0.297

###### Windowed train epoch 18 overall metrics
  loss: 0.1222 rmse: 24.206 r2: -0.140 corr: 0.235
***** Epoch 18 Val (windowed) *****
  loss: 0.0494 rmse: 7.131 r2: -0.811 corr: 0.401
********************
***** Epoch 18 Test (windowed) *****
  loss: 0.0533 rmse: 5.834 r2: -0.825 corr: 0.395
********************
  Epoch 18 done in 61.7s

----- Epoch 19 (windowed) -----
  batch 49 | loss 0.1241 rmse 50.825 r2 0.056 corr 0.275

###### Windowed train epoch 19 overall metrics
  loss: 0.1197 rmse: 22.746 r2: -0.006 corr: 0.267
***** Epoch 19 Val (windowed) *****
  loss: 0.0504 rmse: 8.726 r2: -1.713 corr: 0.330
********************
***** Epoch 19 Test (windowed) *****
  loss: 0.0521 rmse: 6.907 r2: -1.558 corr: 0.311
********************
  Epoch 19 done in 61.9s

----- Epoch 20 (windowed) -----
  batch 49 | loss 0.1265 rmse 14.941 r2 -2.692 corr 0.424

###### Windowed train epoch 20 overall metrics
  loss: 0.1183 rmse: 22.857 r2: -0.016 corr: 0.266
***** Epoch 20 Val (windowed) *****
  loss: 0.0497 rmse: 8.298 r2: -1.453 corr: 0.377
********************
***** Epoch 20 Test (windowed) *****
  loss: 0.0524 rmse: 6.247 r2: -1.093 corr: 0.373
********************
  Epoch 20 done in 58.6s

----- Epoch 21 (windowed) -----
  batch 49 | loss 0.1237 rmse 33.500 r2 0.078 corr 0.290

###### Windowed train epoch 21 overall metrics
  loss: 0.1176 rmse: 22.623 r2: 0.005 corr: 0.282
***** Epoch 21 Val (windowed) *****
  loss: 0.0502 rmse: 10.232 r2: -2.730 corr: 0.351
********************
***** Epoch 21 Test (windowed) *****
  loss: 0.0534 rmse: 8.534 r2: -2.906 corr: 0.335
********************
  Epoch 21 done in 59.7s

----- Epoch 22 (windowed) -----
  batch 49 | loss 0.1241 rmse 13.897 r2 0.261 corr 0.551

###### Windowed train epoch 22 overall metrics
  loss: 0.1167 rmse: 29.472 r2: -0.689 corr: 0.189
***** Epoch 22 Val (windowed) *****
  loss: 0.0489 rmse: 9.858 r2: -2.462 corr: 0.340
********************
***** Epoch 22 Test (windowed) *****
  loss: 0.0527 rmse: 7.572 r2: -2.074 corr: 0.326
********************
  Epoch 22 done in 61.5s

----- Epoch 23 (windowed) -----
  batch 49 | loss 0.1185 rmse 18.697 r2 -0.183 corr 0.313

###### Windowed train epoch 23 overall metrics
  loss: 0.1152 rmse: 23.279 r2: -0.054 corr: 0.243
***** Epoch 23 Val (windowed) *****
  loss: 0.0514 rmse: 8.408 r2: -1.519 corr: 0.343
********************
***** Epoch 23 Test (windowed) *****
  loss: 0.0524 rmse: 6.776 r2: -1.462 corr: 0.325
********************
  Epoch 23 done in 60.5s

----- Epoch 24 (windowed) -----
  batch 49 | loss 0.1195 rmse 10.452 r2 -0.286 corr 0.305

###### Windowed train epoch 24 overall metrics
  loss: 0.1135 rmse: 23.252 r2: -0.051 corr: 0.234
***** Epoch 24 Val (windowed) *****
  loss: 0.0478 rmse: 10.764 r2: -3.128 corr: 0.337
********************
***** Epoch 24 Test (windowed) *****
  loss: 0.0519 rmse: 7.971 r2: -2.407 corr: 0.315
********************
  Epoch 24 done in 59.1s

----- Epoch 25 (windowed) -----
  batch 49 | loss 0.1173 rmse 15.316 r2 -1.334 corr 0.389

###### Windowed train epoch 25 overall metrics
  loss: 0.1116 rmse: 23.439 r2: -0.068 corr: 0.254
***** Epoch 25 Val (windowed) *****
  loss: 0.0479 rmse: 7.896 r2: -1.222 corr: 0.372
********************
***** Epoch 25 Test (windowed) *****
  loss: 0.0519 rmse: 6.225 r2: -1.078 corr: 0.372
********************
  Epoch 25 done in 60.7s

----- Epoch 26 (windowed) -----
  batch 49 | loss 0.1160 rmse 17.042 r2 -0.309 corr 0.454

###### Windowed train epoch 26 overall metrics
  loss: 0.1109 rmse: 23.745 r2: -0.097 corr: 0.242
***** Epoch 26 Val (windowed) *****
  loss: 0.0476 rmse: 8.327 r2: -1.470 corr: 0.358
********************
***** Epoch 26 Test (windowed) *****
  loss: 0.0514 rmse: 6.734 r2: -1.431 corr: 0.298
********************
  Epoch 26 done in 61.3s

----- Epoch 27 (windowed) -----
  batch 49 | loss 0.1155 rmse 13.691 r2 0.135 corr 0.405

###### Windowed train epoch 27 overall metrics
  loss: 0.1098 rmse: 23.351 r2: -0.060 corr: 0.306
***** Epoch 27 Val (windowed) *****
  loss: 0.0478 rmse: 9.132 r2: -1.971 corr: 0.378
********************
***** Epoch 27 Test (windowed) *****
  loss: 0.0542 rmse: 7.306 r2: -1.862 corr: 0.338
********************
  Epoch 27 done in 60.9s

----- Epoch 28 (windowed) -----
  batch 49 | loss 0.1098 rmse 17.634 r2 -0.389 corr 0.355

###### Windowed train epoch 28 overall metrics
  loss: 0.1083 rmse: 23.927 r2: -0.113 corr: 0.235
***** Epoch 28 Val (windowed) *****
  loss: 0.0465 rmse: 9.714 r2: -2.362 corr: 0.358
********************
***** Epoch 28 Test (windowed) *****
  loss: 0.0523 rmse: 7.726 r2: -2.200 corr: 0.343
********************
  Epoch 28 done in 60.2s

----- Epoch 29 (windowed) -----
  batch 49 | loss 0.1092 rmse 16.649 r2 0.044 corr 0.234

###### Windowed train epoch 29 overall metrics
  loss: 0.1070 rmse: 24.142 r2: -0.133 corr: 0.262
***** Epoch 29 Val (windowed) *****
  loss: 0.0476 rmse: 9.215 r2: -2.025 corr: 0.369
********************
***** Epoch 29 Test (windowed) *****
  loss: 0.0521 rmse: 7.449 r2: -1.975 corr: 0.347
********************
  Epoch 29 done in 59.7s

----- Epoch 30 (windowed) -----
  batch 49 | loss 0.1154 rmse 15.852 r2 -4.072 corr 0.246

###### Windowed train epoch 30 overall metrics
  loss: 0.1079 rmse: 25.126 r2: -0.228 corr: 0.186
***** Epoch 30 Val (windowed) *****
  loss: 0.0483 rmse: 6.415 r2: -0.466 corr: 0.429
********************
***** Epoch 30 Test (windowed) *****
  loss: 0.0525 rmse: 5.854 r2: -0.838 corr: 0.387
********************
  Epoch 30 done in 61.7s

----- Epoch 31 (windowed) -----
  batch 49 | loss 0.1106 rmse 8.155 r2 -1.804 corr 0.367

###### Windowed train epoch 31 overall metrics
  loss: 0.1060 rmse: 23.753 r2: -0.097 corr: 0.227
***** Epoch 31 Val (windowed) *****
  loss: 0.0467 rmse: 9.230 r2: -2.035 corr: 0.343
********************
***** Epoch 31 Test (windowed) *****
  loss: 0.0519 rmse: 7.517 r2: -2.030 corr: 0.299
********************
  Epoch 31 done in 61.0s

----- Epoch 32 (windowed) -----
  batch 49 | loss 0.1091 rmse 8.147 r2 -0.193 corr 0.392

###### Windowed train epoch 32 overall metrics
  loss: 0.1048 rmse: 24.706 r2: -0.187 corr: 0.229
***** Epoch 32 Val (windowed) *****
  loss: 0.0464 rmse: 7.838 r2: -1.189 corr: 0.406
********************
***** Epoch 32 Test (windowed) *****
  loss: 0.0526 rmse: 6.375 r2: -1.179 corr: 0.377
********************
  Epoch 32 done in 59.6s
  [EarlyStop] No val_rmse improvement for 30 epochs (patience=30). Stopping fold at epoch 32.
Fold done — best val RMSE=5.2212 test R²=-0.0428 corr=0.4424

================================================================
Rolling-windowed  test_year=2024
  Val  : 2023
  Test : 2024
  win_size=3  n_windows=10
================================================================
Initially data (54319, 166)
After filtering (54319, 166)
get_X_Y
X shape (54319, 130)
Y shape (54319, 34)
Y (output) means tensor([[0.1486, 0.0122, 0.2527, 0.1742, 0.0258, 0.0593, 0.1586, 0.6246, 0.8479,
         0.0231, 0.0559, 0.0092, 0.0870, 0.1408, 1.0130, 1.1129, 0.3379, 0.4179,
         0.8957, 0.4268, 0.1783, 0.2307, 0.4040, 0.1639, 0.4325, 0.5282, 0.2813,
         0.5593, 0.4871, 0.1524, 0.2678, 0.1041, 0.1382, 0.1300]]) stds tensor([[0.4879, 0.1340, 0.6208, 0.6049, 0.1951, 0.2934, 0.5104, 1.4303, 1.5839,
         0.1894, 0.3308, 0.1275, 0.4445, 0.4457, 2.1032, 1.7351, 0.8416, 1.2000,
         1.6149, 0.9651, 0.5078, 0.7166, 1.0666, 0.5671, 1.0140, 1.0881, 0.7171,
         1.2869, 1.0177, 0.4490, 0.8271, 0.3398, 0.4069, 0.3715]])
Y count-scale means tensor([[5.1917e-01, 3.2999e-02, 9.4305e-01, 9.5600e-01, 7.4262e-02, 1.9128e-01,
         5.6555e-01, 1.4716e+01, 2.8190e+01, 6.7847e-02, 2.5803e-01, 3.0401e-02,
         5.8658e-01, 4.1161e-01, 2.5419e+02, 2.4582e+01, 2.5305e+00, 1.4765e+01,
         2.5430e+01, 3.5262e+00, 5.4939e-01, 1.8124e+00, 7.0855e+00, 1.4657e+00,
         3.6638e+00, 4.6648e+00, 1.3012e+00, 2.3922e+01, 5.5122e+00, 4.4292e-01,
         2.9915e+00, 2.2094e-01, 3.2692e-01, 2.6869e-01]]) stds tensor([[3.6066e+00, 5.6630e-01, 5.4464e+00, 7.2647e+00, 1.1048e+00, 3.4634e+00,
         3.5706e+00, 7.6391e+01, 2.1067e+02, 9.2390e-01, 3.7718e+00, 6.2190e-01,
         8.2377e+00, 2.5260e+00, 3.1429e+03, 9.8511e+01, 1.8732e+01, 1.5769e+02,
         1.9839e+02, 2.1095e+01, 2.9001e+00, 2.2474e+01, 7.5297e+01, 4.4486e+01,
         1.8426e+01, 2.4118e+01, 7.0507e+00, 7.4283e+02, 6.5672e+01, 4.3188e+00,
         2.6084e+01, 9.8755e-01, 1.5185e+00, 1.0392e+00]])
Loaded per-window (calendar) month weights from analysis/figures/month_weights_per_window.npz: cube.shape=(25, 12, 34)
/Users/liyingnceas/GitHub/GNN-RNN-main/gnn-lstm-v3/utils/data_utils.py:264: RuntimeWarning: Mean of empty slice
  np.nanmean(county_dict[county], axis=0).astype(np.float32)
Filled 138353 missing (node, year) entries from neighbors or year averages
[2D] Station nodes: 596, adj nnz: 2980
[build_year_XY_windowed] data_start=1998, min_pred_year=2009, test_year=2024, win_size=3, n_windows=10
  built windows for T=2009
  built windows for T=2014
  built windows for T=2019
  built windows for T=2024
[build_year_XY_windowed] built windowed XY for 16 prediction years (2009–2024)
  GAT_RNN_V2: edge_feat_dim=3, n_heads=4, n_hidden=64
  [Bayes] Species rarity weights (mean=1): min=0.70 max=1.78  (rarest=Mycteroperca microlepis_SA)
  [CrossDonor] Ecological cross-donor map (9 recipients):
    Centropomus undecimalis_A  <-  ['Cynoscion nebulosus_R', 'Cynoscion nebulosus_A']
    Centropomus undecimalis_SA  <-  ['Cynoscion nebulosus_R', 'Centropomus undecimalis_A']
    Sciaenops ocellatus_R  <-  ['Cynoscion nebulosus_R', 'Cynoscion nebulosus_A']
    Sciaenops ocellatus_SA  <-  ['Cynoscion nebulosus_R', 'Cynoscion nebulosus_A']
    Cynoscion nebulosus_A  <-  ['Cynoscion nebulosus_R', 'Lagodon rhomboides_A']
    Mycteroperca microlepis_SA  <-  ['Lutjanus griseus_SA', 'Lutjanus griseus_R']
    Lutjanus griseus_R  <-  ['Archosargus probatocephalus_A', 'Lutjanus griseus_SA']
    Lutjanus griseus_SA  <-  ['Archosargus probatocephalus_A']
    Archosargus probatocephalus_R  <-  ['Archosargus probatocephalus_A', 'Lagodon rhomboides_A']
  [BayesTransferMapped] 9 recipient → donor mappings:
    recipient   3 <- donors [6, 5]
    recipient   4 <- donors [6, 3]
    recipient  12 <- donors [6, 5]
    recipient  13 <- donors [6, 5]
    recipient   5 <- donors [6, 7]
    recipient  11 <- donors [10, 9]
    recipient   9 <- donors [0, 10]
    recipient  10 <- donors [0]
    recipient   1 <- donors [0, 7]
  [BayesTransferMapped] transfer_prior_std=0.600  warmstart_alpha=0.25

----- Epoch 0 (windowed) -----
  batch 49 | loss 0.1966 rmse 22.475 r2 0.019 corr 0.139

###### Windowed train epoch 0 overall metrics
  loss: 0.1826 rmse: 21.820 r2: 0.010 corr: 0.105
***** Epoch 0 Val (windowed) *****
  loss: 0.0661 rmse: 5.129 r2: -0.411 corr: 0.283
********************
***** Epoch 0 Test (windowed) *****
  loss: 0.0649 rmse: 4.978 r2: -0.367 corr: 0.274
********************
  Epoch 0 done in 65.1s
  Saved best model → model/FIM_restoration_0412_stations_monthly/2024/gat-rnn-v2-windowed_bs-128_lr-0.001_maxepoch-50_testyear-2024_win-3_nwin-10_seed-0/model-0

----- Epoch 1 (windowed) -----
  batch 49 | loss 0.1860 rmse 8.301 r2 0.128 corr 0.363

###### Windowed train epoch 1 overall metrics
  loss: 0.1700 rmse: 21.676 r2: 0.024 corr: 0.159
***** Epoch 1 Val (windowed) *****
  loss: 0.0617 rmse: 4.474 r2: -0.074 corr: 0.397
********************
***** Epoch 1 Test (windowed) *****
  loss: 0.0614 rmse: 4.485 r2: -0.110 corr: 0.387
********************
  Epoch 1 done in 64.9s
  Saved best model → model/FIM_restoration_0412_stations_monthly/2024/gat-rnn-v2-windowed_bs-128_lr-0.001_maxepoch-50_testyear-2024_win-3_nwin-10_seed-0/model-1

----- Epoch 2 (windowed) -----
  batch 49 | loss 0.1752 rmse 21.683 r2 0.062 corr 0.251

###### Windowed train epoch 2 overall metrics
  loss: 0.1620 rmse: 21.758 r2: 0.016 corr: 0.162
***** Epoch 2 Val (windowed) *****
  loss: 0.0593 rmse: 4.977 r2: -0.328 corr: 0.345
********************
***** Epoch 2 Test (windowed) *****
  loss: 0.0596 rmse: 4.994 r2: -0.377 corr: 0.326
********************
  Epoch 2 done in 64.6s

----- Epoch 3 (windowed) -----
  batch 49 | loss 0.1724 rmse 33.502 r2 0.031 corr 0.194

###### Windowed train epoch 3 overall metrics
  loss: 0.1566 rmse: 21.545 r2: 0.035 corr: 0.214
***** Epoch 3 Val (windowed) *****
  loss: 0.0602 rmse: 4.439 r2: -0.057 corr: 0.433
********************
***** Epoch 3 Test (windowed) *****
  loss: 0.0610 rmse: 4.456 r2: -0.096 corr: 0.415
********************
  Epoch 3 done in 64.0s
  Saved best model → model/FIM_restoration_0412_stations_monthly/2024/gat-rnn-v2-windowed_bs-128_lr-0.001_maxepoch-50_testyear-2024_win-3_nwin-10_seed-0/model-3

----- Epoch 4 (windowed) -----
  batch 49 | loss 0.1660 rmse 8.739 r2 -0.164 corr 0.433

###### Windowed train epoch 4 overall metrics
  loss: 0.1518 rmse: 21.582 r2: 0.032 corr: 0.209
***** Epoch 4 Val (windowed) *****
  loss: 0.0585 rmse: 4.268 r2: 0.023 corr: 0.466
********************
***** Epoch 4 Test (windowed) *****
  loss: 0.0612 rmse: 4.302 r2: -0.021 corr: 0.441
********************
  Epoch 4 done in 64.1s
  Saved best model → model/FIM_restoration_0412_stations_monthly/2024/gat-rnn-v2-windowed_bs-128_lr-0.001_maxepoch-50_testyear-2024_win-3_nwin-10_seed-0/model-4

----- Epoch 5 (windowed) -----
  batch 49 | loss 0.1579 rmse 7.642 r2 -0.121 corr 0.427

###### Windowed train epoch 5 overall metrics
  loss: 0.1463 rmse: 21.743 r2: 0.017 corr: 0.206
***** Epoch 5 Val (windowed) *****
  loss: 0.0571 rmse: 4.569 r2: -0.120 corr: 0.470
********************
***** Epoch 5 Test (windowed) *****
  loss: 0.0566 rmse: 4.416 r2: -0.076 corr: 0.470
********************
  Epoch 5 done in 64.7s

----- Epoch 6 (windowed) -----
  batch 49 | loss 0.1559 rmse 11.528 r2 0.058 corr 0.322

###### Windowed train epoch 6 overall metrics
  loss: 0.1443 rmse: 21.411 r2: 0.047 corr: 0.239
***** Epoch 6 Val (windowed) *****
  loss: 0.0548 rmse: 5.066 r2: -0.377 corr: 0.450
********************
***** Epoch 6 Test (windowed) *****
  loss: 0.0542 rmse: 4.847 r2: -0.297 corr: 0.449
********************
  Epoch 6 done in 64.4s

----- Epoch 7 (windowed) -----
  batch 49 | loss 0.1536 rmse 15.503 r2 -0.423 corr 0.281

###### Windowed train epoch 7 overall metrics
  loss: 0.1407 rmse: 21.163 r2: 0.069 corr: 0.278
***** Epoch 7 Val (windowed) *****
  loss: 0.0525 rmse: 5.251 r2: -0.479 corr: 0.406
********************
***** Epoch 7 Test (windowed) *****
  loss: 0.0544 rmse: 5.051 r2: -0.408 corr: 0.413
********************
  Epoch 7 done in 63.7s

----- Epoch 8 (windowed) -----
  batch 49 | loss 0.1515 rmse 16.145 r2 0.024 corr 0.200

###### Windowed train epoch 8 overall metrics
  loss: 0.1378 rmse: 21.314 r2: 0.056 corr: 0.274
***** Epoch 8 Val (windowed) *****
  loss: 0.0522 rmse: 5.430 r2: -0.581 corr: 0.376
********************
***** Epoch 8 Test (windowed) *****
  loss: 0.0529 rmse: 5.120 r2: -0.447 corr: 0.389
********************
  Epoch 8 done in 66.0s

----- Epoch 9 (windowed) -----
  batch 49 | loss 0.1535 rmse 3.980 r2 0.081 corr 0.513

###### Windowed train epoch 9 overall metrics
  loss: 0.1367 rmse: 21.255 r2: 0.061 corr: 0.282
***** Epoch 9 Val (windowed) *****
  loss: 0.0516 rmse: 5.773 r2: -0.787 corr: 0.394
********************
***** Epoch 9 Test (windowed) *****
  loss: 0.0536 rmse: 5.455 r2: -0.642 corr: 0.411
********************
  Epoch 9 done in 65.6s

----- Epoch 10 (windowed) -----
  batch 49 | loss 0.1427 rmse 12.946 r2 -0.352 corr 0.391

###### Windowed train epoch 10 overall metrics
  loss: 0.1338 rmse: 21.406 r2: 0.048 corr: 0.261
***** Epoch 10 Val (windowed) *****
  loss: 0.0525 rmse: 6.078 r2: -0.981 corr: 0.384
********************
***** Epoch 10 Test (windowed) *****
  loss: 0.0531 rmse: 5.717 r2: -0.804 corr: 0.384
********************
  Epoch 10 done in 65.4s

----- Epoch 11 (windowed) -----
  batch 49 | loss 0.1483 rmse 18.735 r2 0.109 corr 0.340

###### Windowed train epoch 11 overall metrics
  loss: 0.1320 rmse: 21.491 r2: 0.040 corr: 0.270
***** Epoch 11 Val (windowed) *****
  loss: 0.0529 rmse: 4.751 r2: -0.210 corr: 0.456
********************
***** Epoch 11 Test (windowed) *****
  loss: 0.0552 rmse: 4.612 r2: -0.174 corr: 0.454
********************
  Epoch 11 done in 65.7s

----- Epoch 12 (windowed) -----
  batch 49 | loss 0.1445 rmse 9.639 r2 -0.905 corr 0.413

###### Windowed train epoch 12 overall metrics
  loss: 0.1314 rmse: 21.436 r2: 0.045 corr: 0.263
***** Epoch 12 Val (windowed) *****
  loss: 0.0523 rmse: 5.623 r2: -0.696 corr: 0.346
********************
***** Epoch 12 Test (windowed) *****
  loss: 0.0529 rmse: 5.259 r2: -0.526 corr: 0.360
********************
  Epoch 12 done in 65.5s

----- Epoch 13 (windowed) -----
  batch 49 | loss 0.1393 rmse 14.391 r2 0.211 corr 0.478

###### Windowed train epoch 13 overall metrics
  loss: 0.1279 rmse: 21.308 r2: 0.056 corr: 0.294
***** Epoch 13 Val (windowed) *****
  loss: 0.0512 rmse: 6.112 r2: -1.003 corr: 0.356
********************
***** Epoch 13 Test (windowed) *****
  loss: 0.0521 rmse: 5.622 r2: -0.744 corr: 0.367
********************
  Epoch 13 done in 66.8s

----- Epoch 14 (windowed) -----
  batch 49 | loss 0.1355 rmse 58.831 r2 0.040 corr 0.232

###### Windowed train epoch 14 overall metrics
  loss: 0.1257 rmse: 21.227 r2: 0.064 corr: 0.302
***** Epoch 14 Val (windowed) *****
  loss: 0.0499 rmse: 6.232 r2: -1.083 corr: 0.366
********************
***** Epoch 14 Test (windowed) *****
  loss: 0.0524 rmse: 5.860 r2: -0.895 corr: 0.368
********************
  Epoch 14 done in 66.4s

----- Epoch 15 (windowed) -----
  batch 49 | loss 0.1327 rmse 8.139 r2 -0.154 corr 0.388

###### Windowed train epoch 15 overall metrics
  loss: 0.1254 rmse: 21.492 r2: 0.040 corr: 0.285
***** Epoch 15 Val (windowed) *****
  loss: 0.0496 rmse: 6.180 r2: -1.048 corr: 0.407
********************
***** Epoch 15 Test (windowed) *****
  loss: 0.0528 rmse: 5.892 r2: -0.916 corr: 0.405
********************
  Epoch 15 done in 66.2s

----- Epoch 16 (windowed) -----
  batch 49 | loss 0.1316 rmse 33.497 r2 -0.108 corr 0.171

###### Windowed train epoch 16 overall metrics
  loss: 0.1229 rmse: 21.520 r2: 0.038 corr: 0.247
***** Epoch 16 Val (windowed) *****
  loss: 0.0497 rmse: 6.080 r2: -0.983 corr: 0.332
********************
***** Epoch 16 Test (windowed) *****
  loss: 0.0519 rmse: 5.652 r2: -0.763 corr: 0.350
********************
  Epoch 16 done in 64.8s

----- Epoch 17 (windowed) -----
  batch 49 | loss 0.1277 rmse 21.630 r2 0.065 corr 0.262

###### Windowed train epoch 17 overall metrics
  loss: 0.1215 rmse: 22.321 r2: -0.035 corr: 0.216
***** Epoch 17 Val (windowed) *****
  loss: 0.0491 rmse: 5.669 r2: -0.724 corr: 0.365
********************
***** Epoch 17 Test (windowed) *****
  loss: 0.0513 rmse: 5.375 r2: -0.595 corr: 0.372
********************
  Epoch 17 done in 66.3s

----- Epoch 18 (windowed) -----
  batch 49 | loss 0.1242 rmse 14.066 r2 -3.644 corr 0.258

###### Windowed train epoch 18 overall metrics
  loss: 0.1192 rmse: 23.384 r2: -0.136 corr: 0.197
***** Epoch 18 Val (windowed) *****
  loss: 0.0488 rmse: 6.109 r2: -1.002 corr: 0.339
********************
***** Epoch 18 Test (windowed) *****
  loss: 0.0510 rmse: 5.686 r2: -0.784 corr: 0.342
********************
  Epoch 18 done in 65.7s

----- Epoch 19 (windowed) -----
  batch 49 | loss 0.1244 rmse 9.445 r2 -0.351 corr 0.359

###### Windowed train epoch 19 overall metrics
  loss: 0.1184 rmse: 21.944 r2: -0.001 corr: 0.229
***** Epoch 19 Val (windowed) *****
  loss: 0.0484 rmse: 5.554 r2: -0.654 corr: 0.363
********************
***** Epoch 19 Test (windowed) *****
  loss: 0.0512 rmse: 5.204 r2: -0.495 corr: 0.367
********************
  Epoch 19 done in 66.2s

----- Epoch 20 (windowed) -----
  batch 49 | loss 0.1217 rmse 17.126 r2 0.064 corr 0.289

###### Windowed train epoch 20 overall metrics
  loss: 0.1172 rmse: 21.713 r2: 0.020 corr: 0.243
***** Epoch 20 Val (windowed) *****
  loss: 0.0481 rmse: 5.544 r2: -0.648 corr: 0.383
********************
***** Epoch 20 Test (windowed) *****
  loss: 0.0525 rmse: 5.128 r2: -0.451 corr: 0.399
********************
  Epoch 20 done in 64.4s

----- Epoch 21 (windowed) -----
  batch 49 | loss 0.1231 rmse 18.369 r2 0.445 corr 0.679

###### Windowed train epoch 21 overall metrics
  loss: 0.1159 rmse: 21.744 r2: 0.017 corr: 0.261
***** Epoch 21 Val (windowed) *****
  loss: 0.0530 rmse: 7.146 r2: -1.738 corr: 0.313
********************
***** Epoch 21 Test (windowed) *****
  loss: 0.0540 rmse: 6.881 r2: -1.613 corr: 0.294
********************
  Epoch 21 done in 66.3s

----- Epoch 22 (windowed) -----
  batch 49 | loss 0.1209 rmse 7.883 r2 -0.187 corr 0.416

###### Windowed train epoch 22 overall metrics
  loss: 0.1151 rmse: 21.237 r2: 0.063 corr: 0.308
***** Epoch 22 Val (windowed) *****
  loss: 0.0488 rmse: 5.899 r2: -0.866 corr: 0.350
********************
***** Epoch 22 Test (windowed) *****
  loss: 0.0514 rmse: 5.583 r2: -0.720 corr: 0.355
********************
  Epoch 22 done in 64.9s

----- Epoch 23 (windowed) -----
  batch 49 | loss 0.1185 rmse 15.673 r2 0.254 corr 0.529

###### Windowed train epoch 23 overall metrics
  loss: 0.1138 rmse: 21.057 r2: 0.078 corr: 0.337
***** Epoch 23 Val (windowed) *****
  loss: 0.0487 rmse: 6.627 r2: -1.355 corr: 0.341
********************
***** Epoch 23 Test (windowed) *****
  loss: 0.0510 rmse: 6.174 r2: -1.104 corr: 0.340
********************
  Epoch 23 done in 65.1s

----- Epoch 24 (windowed) -----
  batch 49 | loss 0.1160 rmse 7.405 r2 -0.489 corr 0.384

###### Windowed train epoch 24 overall metrics
  loss: 0.1127 rmse: 22.194 r2: -0.024 corr: 0.223
***** Epoch 24 Val (windowed) *****
  loss: 0.0490 rmse: 5.989 r2: -0.924 corr: 0.336
********************
***** Epoch 24 Test (windowed) *****
  loss: 0.0518 rmse: 5.723 r2: -0.808 corr: 0.339
********************
  Epoch 24 done in 64.1s

----- Epoch 25 (windowed) -----
  batch 49 | loss 0.1141 rmse 10.634 r2 0.036 corr 0.276

###### Windowed train epoch 25 overall metrics
  loss: 0.1110 rmse: 21.973 r2: -0.003 corr: 0.252
***** Epoch 25 Val (windowed) *****
  loss: 0.0484 rmse: 6.047 r2: -0.961 corr: 0.347
********************
***** Epoch 25 Test (windowed) *****
  loss: 0.0531 rmse: 5.594 r2: -0.727 corr: 0.347
********************
  Epoch 25 done in 66.0s

----- Epoch 26 (windowed) -----
  batch 49 | loss 0.1147 rmse 63.413 r2 0.045 corr 0.232

###### Windowed train epoch 26 overall metrics
  loss: 0.1094 rmse: 21.711 r2: 0.020 corr: 0.241
***** Epoch 26 Val (windowed) *****
  loss: 0.0488 rmse: 6.510 r2: -1.273 corr: 0.362
********************
***** Epoch 26 Test (windowed) *****
  loss: 0.0547 rmse: 5.928 r2: -0.939 corr: 0.367
********************
  Epoch 26 done in 67.3s

----- Epoch 27 (windowed) -----
  batch 49 | loss 0.1133 rmse 17.623 r2 -8.627 corr 0.252

###### Windowed train epoch 27 overall metrics
  loss: 0.1085 rmse: 21.993 r2: -0.005 corr: 0.242
***** Epoch 27 Val (windowed) *****
  loss: 0.0507 rmse: 7.258 r2: -1.825 corr: 0.269
********************
***** Epoch 27 Test (windowed) *****
  loss: 0.0519 rmse: 6.642 r2: -1.435 corr: 0.278
********************
  Epoch 27 done in 65.9s

----- Epoch 28 (windowed) -----
  batch 49 | loss 0.1116 rmse 37.556 r2 0.292 corr 0.543

###### Windowed train epoch 28 overall metrics
  loss: 0.1081 rmse: 21.603 r2: 0.030 corr: 0.268
***** Epoch 28 Val (windowed) *****
  loss: 0.0472 rmse: 5.945 r2: -0.895 corr: 0.350
********************
***** Epoch 28 Test (windowed) *****
  loss: 0.0506 rmse: 5.630 r2: -0.749 corr: 0.350
********************
  Epoch 28 done in 64.9s

----- Epoch 29 (windowed) -----
  batch 49 | loss 0.1090 rmse 8.159 r2 -0.102 corr 0.391

###### Windowed train epoch 29 overall metrics
  loss: 0.1064 rmse: 21.492 r2: 0.040 corr: 0.298
***** Epoch 29 Val (windowed) *****
  loss: 0.0473 rmse: 6.012 r2: -0.938 corr: 0.349
********************
***** Epoch 29 Test (windowed) *****
  loss: 0.0530 rmse: 5.563 r2: -0.708 corr: 0.359
********************
  Epoch 29 done in 64.3s

----- Epoch 30 (windowed) -----
  batch 49 | loss 0.1100 rmse 10.899 r2 -1.656 corr 0.374

###### Windowed train epoch 30 overall metrics
  loss: 0.1064 rmse: 21.743 r2: 0.017 corr: 0.253
***** Epoch 30 Val (windowed) *****
  loss: 0.0476 rmse: 6.133 r2: -1.017 corr: 0.345
********************
***** Epoch 30 Test (windowed) *****
  loss: 0.0554 rmse: 5.620 r2: -0.743 corr: 0.358
********************
  Epoch 30 done in 66.1s

----- Epoch 31 (windowed) -----
  batch 49 | loss 0.1095 rmse 20.690 r2 -0.027 corr 0.146

###### Windowed train epoch 31 overall metrics
  loss: 0.1045 rmse: 21.638 r2: 0.027 corr: 0.304
***** Epoch 31 Val (windowed) *****
  loss: 0.0469 rmse: 6.959 r2: -1.597 corr: 0.343
********************
***** Epoch 31 Test (windowed) *****
  loss: 0.0502 rmse: 6.595 r2: -1.400 corr: 0.330
********************
  Epoch 31 done in 65.8s

----- Epoch 32 (windowed) -----
  batch 49 | loss 0.1089 rmse 8.853 r2 -0.417 corr 0.374

###### Windowed train epoch 32 overall metrics
  loss: 0.1039 rmse: 22.134 r2: -0.018 corr: 0.247
***** Epoch 32 Val (windowed) *****
  loss: 0.0465 rmse: 6.390 r2: -1.190 corr: 0.352
********************
***** Epoch 32 Test (windowed) *****
  loss: 0.0500 rmse: 6.132 r2: -1.076 corr: 0.345
********************
  Epoch 32 done in 66.7s

----- Epoch 33 (windowed) -----
  batch 49 | loss 0.1088 rmse 15.121 r2 -0.052 corr 0.244

###### Windowed train epoch 33 overall metrics
  loss: 0.1038 rmse: 22.264 r2: -0.030 corr: 0.210
***** Epoch 33 Val (windowed) *****
  loss: 0.0486 rmse: 7.768 r2: -2.236 corr: 0.339
********************
***** Epoch 33 Test (windowed) *****
  loss: 0.0516 rmse: 7.315 r2: -1.954 corr: 0.330
********************
  Epoch 33 done in 66.8s

----- Epoch 34 (windowed) -----
  batch 49 | loss 0.1061 rmse 6.603 r2 -1.441 corr 0.382

###### Windowed train epoch 34 overall metrics
  loss: 0.1030 rmse: 21.501 r2: 0.039 corr: 0.283
***** Epoch 34 Val (windowed) *****
  loss: 0.0504 rmse: 7.847 r2: -2.302 corr: 0.277
********************
***** Epoch 34 Test (windowed) *****
  loss: 0.0529 rmse: 7.691 r2: -2.265 corr: 0.265
********************
  Epoch 34 done in 64.9s
  [EarlyStop] No val_rmse improvement for 30 epochs (patience=30). Stopping fold at epoch 34.
Fold done — best val RMSE=4.2676 test R²=-0.0213 corr=0.4405

Rolling-windowed CV results saved to results/FIM_restoration_0412_stations_monthly/rolling_windowed/rolling_windowed_results.csv
 test_year  val_year  win_size  n_windows  test_rmse   test_r2  test_corr
      2020      2019         3         10  38.024906  0.130150   0.372566
      2021      2020         3         10  16.518040  0.260047   0.519505
      2022      2021         3         10   7.024861 -0.758186   0.475017
      2023      2022         3         10   4.409903 -0.042813   0.442395
      2024      2023         3         10   4.301666 -0.021260   0.440516
Rolling-windowed metrics plot saved to results/FIM_restoration_0412_stations_monthly/rolling_windowed/rolling_windowed_metrics.png
