Device cpu
  [forage] Moving ['Lagodon rhomboides_A', 'Lagodon rhomboides_R'] from targets → input features
FIM targets: 12 life-stage species (_A/_R/_SA/_J)
FIM forage (input only): ['Lagodon rhomboides_A', 'Lagodon rhomboides_R']
FIM community species as input features: 92
FIM n_env_feats: 58
HybridEncoder individual_indices: 0 features
HybridEncoder group_slices: [(0, 2, 'forage'), (2, 8, 'env'), (8, 16, 'restoration'), (16, 23, 'habitat_structured'), (23, 30, 'habitat_open'), (30, 37, 'shoreline'), (37, 40, 'water_effort'), (40, 54, 'bycatch'), (54, 60, 'na_indicators'), (60, 107, 'prey_community'), (107, 152, 'nonprey_community')]
FIM dataset: 12 species, time_intervals=1
Time intervals 1

================================================================
Rolling-windowed  test_year=2010
  Val  : 2009
  Test : 2010
  win_size=3  n_windows=10
================================================================
Initially data (54319, 166)
After filtering (24937, 166)
[transform] Applied root-4: y → expm1(log1p_y)^(1/4); new range [0.00, 5.54]
get_X_Y
X shape (24937, 152)
Y shape (24937, 12)
Y (output) means tensor([[0.1412, 0.0128, 0.2590, 0.1445, 0.0151, 0.0661, 0.1589, 0.0221, 0.0409,
         0.0131, 0.0351, 0.1500]]) stds tensor([[0.4186, 0.1302, 0.5493, 0.4674, 0.1377, 0.2854, 0.4520, 0.1700, 0.2418,
         0.1370, 0.2412, 0.4200]])
Y count-scale means tensor([[0.3184, 0.0279, 0.6145, 0.4080, 0.0314, 0.1421, 0.3765, 0.0478, 0.1007,
         0.0305, 0.1197, 0.3253]]) stds tensor([[1.1442, 0.3189, 1.8097, 1.8879, 0.3203, 0.7522, 1.3464, 0.4116, 0.7955,
         0.3559, 2.2563, 1.0758]])
/Users/liyingnceas/GitHub/GNN-RNN-main/gnn-lstm-v4/utils/data_utils.py:274: RuntimeWarning: Mean of empty slice
  np.nanmean(county_dict[county], axis=0).astype(np.float32)
Filled 62371 missing (node, year) entries from neighbors or year averages
[2D] Station nodes: 586, adj nnz: 2905
[build_year_XY_windowed] data_start=1998, min_pred_year=2009, test_year=2010, win_size=3, n_windows=10
  built windows for T=2009
[build_year_XY_windowed] built windowed XY for 2 prediction years (2009–2010)
  GAT_RNN_V2: edge_feat_dim=3, n_heads=4, n_hidden=64

----- Epoch 0 (windowed) -----

###### Windowed train epoch 0 overall metrics
  loss: 0.2361 rmse: 0.291 r2: 0.035 corr: 0.224
***** Epoch 0 Val (windowed) *****
  loss: 0.0998 rmse: 0.287 r2: 0.061 corr: 0.266
********************
***** Epoch 0 Test (windowed) *****
  loss: 0.0958 rmse: 0.275 r2: 0.069 corr: 0.277
********************
  Epoch 0 done in 7.3s
  Saved best model → model/FIM_restoration_0412G_stations_monthly/2010/gat-rnn-v2-windowed_bs-128_lr-0.001_maxepoch-50_testyear-2010_win-3_nwin-10_seed-0/model-0

----- Epoch 1 (windowed) -----

###### Windowed train epoch 1 overall metrics
  loss: 0.2230 rmse: 0.287 r2: 0.057 corr: 0.254
***** Epoch 1 Val (windowed) *****
  loss: 0.0963 rmse: 0.284 r2: 0.078 corr: 0.307
********************
***** Epoch 1 Test (windowed) *****
  loss: 0.0929 rmse: 0.273 r2: 0.083 corr: 0.314
********************
  Epoch 1 done in 7.4s
  Saved best model → model/FIM_restoration_0412G_stations_monthly/2010/gat-rnn-v2-windowed_bs-128_lr-0.001_maxepoch-50_testyear-2010_win-3_nwin-10_seed-0/model-1

----- Epoch 2 (windowed) -----

###### Windowed train epoch 2 overall metrics
  loss: 0.2109 rmse: 0.285 r2: 0.071 corr: 0.291
***** Epoch 2 Val (windowed) *****
  loss: 0.0924 rmse: 0.282 r2: 0.088 corr: 0.350
********************
***** Epoch 2 Test (windowed) *****
  loss: 0.0910 rmse: 0.273 r2: 0.081 corr: 0.328
********************
  Epoch 2 done in 7.4s
  Saved best model → model/FIM_restoration_0412G_stations_monthly/2010/gat-rnn-v2-windowed_bs-128_lr-0.001_maxepoch-50_testyear-2010_win-3_nwin-10_seed-0/model-2

----- Epoch 3 (windowed) -----

###### Windowed train epoch 3 overall metrics
  loss: 0.2116 rmse: 0.283 r2: 0.087 corr: 0.326
***** Epoch 3 Val (windowed) *****
  loss: 0.0899 rmse: 0.271 r2: 0.164 corr: 0.429
********************
***** Epoch 3 Test (windowed) *****
  loss: 0.0872 rmse: 0.262 r2: 0.156 corr: 0.411
********************
  Epoch 3 done in 7.5s
  Saved best model → model/FIM_restoration_0412G_stations_monthly/2010/gat-rnn-v2-windowed_bs-128_lr-0.001_maxepoch-50_testyear-2010_win-3_nwin-10_seed-0/model-3

----- Epoch 4 (windowed) -----

###### Windowed train epoch 4 overall metrics
  loss: 0.2025 rmse: 0.271 r2: 0.161 corr: 0.411
***** Epoch 4 Val (windowed) *****
  loss: 0.0868 rmse: 0.267 r2: 0.187 corr: 0.461
********************
***** Epoch 4 Test (windowed) *****
  loss: 0.0838 rmse: 0.258 r2: 0.182 corr: 0.449
********************
  Epoch 4 done in 7.5s
  Saved best model → model/FIM_restoration_0412G_stations_monthly/2010/gat-rnn-v2-windowed_bs-128_lr-0.001_maxepoch-50_testyear-2010_win-3_nwin-10_seed-0/model-4

----- Epoch 5 (windowed) -----

###### Windowed train epoch 5 overall metrics
  loss: 0.1970 rmse: 0.266 r2: 0.191 corr: 0.456
***** Epoch 5 Val (windowed) *****
  loss: 0.0823 rmse: 0.259 r2: 0.235 corr: 0.521
********************
***** Epoch 5 Test (windowed) *****
  loss: 0.0808 rmse: 0.251 r2: 0.225 corr: 0.500
********************
  Epoch 5 done in 7.8s
  Saved best model → model/FIM_restoration_0412G_stations_monthly/2010/gat-rnn-v2-windowed_bs-128_lr-0.001_maxepoch-50_testyear-2010_win-3_nwin-10_seed-0/model-5

----- Epoch 6 (windowed) -----

###### Windowed train epoch 6 overall metrics
  loss: 0.1923 rmse: 0.258 r2: 0.237 corr: 0.504
***** Epoch 6 Val (windowed) *****
  loss: 0.0810 rmse: 0.257 r2: 0.244 corr: 0.538
********************
***** Epoch 6 Test (windowed) *****
  loss: 0.0797 rmse: 0.250 r2: 0.232 corr: 0.509
********************
  Epoch 6 done in 7.7s
  Saved best model → model/FIM_restoration_0412G_stations_monthly/2010/gat-rnn-v2-windowed_bs-128_lr-0.001_maxepoch-50_testyear-2010_win-3_nwin-10_seed-0/model-6

----- Epoch 7 (windowed) -----

###### Windowed train epoch 7 overall metrics
  loss: 0.1838 rmse: 0.257 r2: 0.243 corr: 0.514
***** Epoch 7 Val (windowed) *****
  loss: 0.0791 rmse: 0.249 r2: 0.292 corr: 0.558
********************
***** Epoch 7 Test (windowed) *****
  loss: 0.0777 rmse: 0.242 r2: 0.275 corr: 0.533
********************
  Epoch 7 done in 7.7s
  Saved best model → model/FIM_restoration_0412G_stations_monthly/2010/gat-rnn-v2-windowed_bs-128_lr-0.001_maxepoch-50_testyear-2010_win-3_nwin-10_seed-0/model-7

----- Epoch 8 (windowed) -----

###### Windowed train epoch 8 overall metrics
  loss: 0.1834 rmse: 0.252 r2: 0.274 corr: 0.527
***** Epoch 8 Val (windowed) *****
  loss: 0.0744 rmse: 0.244 r2: 0.318 corr: 0.591
********************
***** Epoch 8 Test (windowed) *****
  loss: 0.0750 rmse: 0.239 r2: 0.295 corr: 0.555
********************
  Epoch 8 done in 7.7s
  Saved best model → model/FIM_restoration_0412G_stations_monthly/2010/gat-rnn-v2-windowed_bs-128_lr-0.001_maxepoch-50_testyear-2010_win-3_nwin-10_seed-0/model-8

----- Epoch 9 (windowed) -----

###### Windowed train epoch 9 overall metrics
  loss: 0.1747 rmse: 0.245 r2: 0.313 corr: 0.585
***** Epoch 9 Val (windowed) *****
  loss: 0.0732 rmse: 0.238 r2: 0.354 corr: 0.615
********************
***** Epoch 9 Test (windowed) *****
  loss: 0.0716 rmse: 0.233 r2: 0.332 corr: 0.587
********************
  Epoch 9 done in 7.6s
  Saved best model → model/FIM_restoration_0412G_stations_monthly/2010/gat-rnn-v2-windowed_bs-128_lr-0.001_maxepoch-50_testyear-2010_win-3_nwin-10_seed-0/model-9

----- Epoch 10 (windowed) -----

###### Windowed train epoch 10 overall metrics
  loss: 0.1710 rmse: 0.239 r2: 0.348 corr: 0.603
***** Epoch 10 Val (windowed) *****
  loss: 0.0701 rmse: 0.232 r2: 0.385 corr: 0.632
********************
***** Epoch 10 Test (windowed) *****
  loss: 0.0697 rmse: 0.228 r2: 0.359 corr: 0.603
********************
  Epoch 10 done in 7.7s
  Saved best model → model/FIM_restoration_0412G_stations_monthly/2010/gat-rnn-v2-windowed_bs-128_lr-0.001_maxepoch-50_testyear-2010_win-3_nwin-10_seed-0/model-10

----- Epoch 11 (windowed) -----

###### Windowed train epoch 11 overall metrics
  loss: 0.1670 rmse: 0.236 r2: 0.366 corr: 0.623
***** Epoch 11 Val (windowed) *****
  loss: 0.0684 rmse: 0.231 r2: 0.392 corr: 0.661
********************
***** Epoch 11 Test (windowed) *****
  loss: 0.0683 rmse: 0.226 r2: 0.368 corr: 0.627
********************
  Epoch 11 done in 7.6s
  Saved best model → model/FIM_restoration_0412G_stations_monthly/2010/gat-rnn-v2-windowed_bs-128_lr-0.001_maxepoch-50_testyear-2010_win-3_nwin-10_seed-0/model-11

----- Epoch 12 (windowed) -----

###### Windowed train epoch 12 overall metrics
  loss: 0.1640 rmse: 0.231 r2: 0.390 corr: 0.640
***** Epoch 12 Val (windowed) *****
  loss: 0.0654 rmse: 0.222 r2: 0.438 corr: 0.668
********************
***** Epoch 12 Test (windowed) *****
  loss: 0.0649 rmse: 0.219 r2: 0.410 corr: 0.642
********************
  Epoch 12 done in 7.6s
  Saved best model → model/FIM_restoration_0412G_stations_monthly/2010/gat-rnn-v2-windowed_bs-128_lr-0.001_maxepoch-50_testyear-2010_win-3_nwin-10_seed-0/model-12

----- Epoch 13 (windowed) -----

###### Windowed train epoch 13 overall metrics
  loss: 0.1573 rmse: 0.224 r2: 0.428 corr: 0.660
***** Epoch 13 Val (windowed) *****
  loss: 0.0625 rmse: 0.219 r2: 0.452 corr: 0.701
********************
***** Epoch 13 Test (windowed) *****
  loss: 0.0621 rmse: 0.214 r2: 0.432 corr: 0.675
********************
  Epoch 13 done in 7.7s
  Saved best model → model/FIM_restoration_0412G_stations_monthly/2010/gat-rnn-v2-windowed_bs-128_lr-0.001_maxepoch-50_testyear-2010_win-3_nwin-10_seed-0/model-13

----- Epoch 14 (windowed) -----

###### Windowed train epoch 14 overall metrics
  loss: 0.1558 rmse: 0.221 r2: 0.441 corr: 0.686
***** Epoch 14 Val (windowed) *****
  loss: 0.0611 rmse: 0.211 r2: 0.490 corr: 0.710
********************
***** Epoch 14 Test (windowed) *****
  loss: 0.0618 rmse: 0.209 r2: 0.459 corr: 0.682
********************
  Epoch 14 done in 7.7s
  Saved best model → model/FIM_restoration_0412G_stations_monthly/2010/gat-rnn-v2-windowed_bs-128_lr-0.001_maxepoch-50_testyear-2010_win-3_nwin-10_seed-0/model-14

----- Epoch 15 (windowed) -----

###### Windowed train epoch 15 overall metrics
  loss: 0.1504 rmse: 0.215 r2: 0.472 corr: 0.695
***** Epoch 15 Val (windowed) *****
  loss: 0.0599 rmse: 0.208 r2: 0.504 corr: 0.732
********************
***** Epoch 15 Test (windowed) *****
  loss: 0.0602 rmse: 0.208 r2: 0.465 corr: 0.694
********************
  Epoch 15 done in 7.6s
  Saved best model → model/FIM_restoration_0412G_stations_monthly/2010/gat-rnn-v2-windowed_bs-128_lr-0.001_maxepoch-50_testyear-2010_win-3_nwin-10_seed-0/model-15

----- Epoch 16 (windowed) -----

###### Windowed train epoch 16 overall metrics
  loss: 0.1467 rmse: 0.207 r2: 0.508 corr: 0.723
***** Epoch 16 Val (windowed) *****
  loss: 0.0578 rmse: 0.201 r2: 0.537 corr: 0.746
********************
***** Epoch 16 Test (windowed) *****
  loss: 0.0582 rmse: 0.200 r2: 0.507 corr: 0.719
********************
  Epoch 16 done in 7.5s
  Saved best model → model/FIM_restoration_0412G_stations_monthly/2010/gat-rnn-v2-windowed_bs-128_lr-0.001_maxepoch-50_testyear-2010_win-3_nwin-10_seed-0/model-16

----- Epoch 17 (windowed) -----

###### Windowed train epoch 17 overall metrics
  loss: 0.1445 rmse: 0.207 r2: 0.511 corr: 0.726
***** Epoch 17 Val (windowed) *****
  loss: 0.0550 rmse: 0.199 r2: 0.550 corr: 0.755
********************
***** Epoch 17 Test (windowed) *****
  loss: 0.0564 rmse: 0.199 r2: 0.512 corr: 0.723
********************
  Epoch 17 done in 7.7s
  Saved best model → model/FIM_restoration_0412G_stations_monthly/2010/gat-rnn-v2-windowed_bs-128_lr-0.001_maxepoch-50_testyear-2010_win-3_nwin-10_seed-0/model-17

----- Epoch 18 (windowed) -----

###### Windowed train epoch 18 overall metrics
  loss: 0.1390 rmse: 0.202 r2: 0.535 corr: 0.742
***** Epoch 18 Val (windowed) *****
  loss: 0.0548 rmse: 0.195 r2: 0.566 corr: 0.760
********************
***** Epoch 18 Test (windowed) *****
  loss: 0.0559 rmse: 0.198 r2: 0.515 corr: 0.720
********************
  Epoch 18 done in 7.7s
  Saved best model → model/FIM_restoration_0412G_stations_monthly/2010/gat-rnn-v2-windowed_bs-128_lr-0.001_maxepoch-50_testyear-2010_win-3_nwin-10_seed-0/model-18

----- Epoch 19 (windowed) -----

###### Windowed train epoch 19 overall metrics
  loss: 0.1360 rmse: 0.199 r2: 0.547 corr: 0.742
***** Epoch 19 Val (windowed) *****
  loss: 0.0525 rmse: 0.193 r2: 0.576 corr: 0.777
********************
***** Epoch 19 Test (windowed) *****
  loss: 0.0537 rmse: 0.195 r2: 0.531 corr: 0.738
********************
  Epoch 19 done in 7.6s
  Saved best model → model/FIM_restoration_0412G_stations_monthly/2010/gat-rnn-v2-windowed_bs-128_lr-0.001_maxepoch-50_testyear-2010_win-3_nwin-10_seed-0/model-19

----- Epoch 20 (windowed) -----

###### Windowed train epoch 20 overall metrics
  loss: 0.1343 rmse: 0.196 r2: 0.559 corr: 0.763
***** Epoch 20 Val (windowed) *****
  loss: 0.0513 rmse: 0.186 r2: 0.605 corr: 0.779
********************
***** Epoch 20 Test (windowed) *****
  loss: 0.0537 rmse: 0.190 r2: 0.553 corr: 0.744
********************
  Epoch 20 done in 7.4s
  Saved best model → model/FIM_restoration_0412G_stations_monthly/2010/gat-rnn-v2-windowed_bs-128_lr-0.001_maxepoch-50_testyear-2010_win-3_nwin-10_seed-0/model-20

----- Epoch 21 (windowed) -----

###### Windowed train epoch 21 overall metrics
  loss: 0.1311 rmse: 0.190 r2: 0.586 corr: 0.766
***** Epoch 21 Val (windowed) *****
  loss: 0.0490 rmse: 0.190 r2: 0.589 corr: 0.794
********************
***** Epoch 21 Test (windowed) *****
  loss: 0.0524 rmse: 0.193 r2: 0.540 corr: 0.749
********************
  Epoch 21 done in 7.5s

----- Epoch 22 (windowed) -----

###### Windowed train epoch 22 overall metrics
  loss: 0.1294 rmse: 0.192 r2: 0.581 corr: 0.775
***** Epoch 22 Val (windowed) *****
  loss: 0.0477 rmse: 0.182 r2: 0.622 corr: 0.796
********************
***** Epoch 22 Test (windowed) *****
  loss: 0.0508 rmse: 0.187 r2: 0.569 corr: 0.757
********************
  Epoch 22 done in 7.9s
  Saved best model → model/FIM_restoration_0412G_stations_monthly/2010/gat-rnn-v2-windowed_bs-128_lr-0.001_maxepoch-50_testyear-2010_win-3_nwin-10_seed-0/model-22

----- Epoch 23 (windowed) -----

###### Windowed train epoch 23 overall metrics
  loss: 0.1255 rmse: 0.186 r2: 0.605 corr: 0.782
***** Epoch 23 Val (windowed) *****
  loss: 0.0457 rmse: 0.180 r2: 0.631 corr: 0.806
********************
***** Epoch 23 Test (windowed) *****
  loss: 0.0496 rmse: 0.186 r2: 0.573 corr: 0.762
********************
  Epoch 23 done in 7.7s
  Saved best model → model/FIM_restoration_0412G_stations_monthly/2010/gat-rnn-v2-windowed_bs-128_lr-0.001_maxepoch-50_testyear-2010_win-3_nwin-10_seed-0/model-23

----- Epoch 24 (windowed) -----

###### Windowed train epoch 24 overall metrics
  loss: 0.1244 rmse: 0.184 r2: 0.613 corr: 0.790
***** Epoch 24 Val (windowed) *****
  loss: 0.0440 rmse: 0.175 r2: 0.649 corr: 0.808
********************
***** Epoch 24 Test (windowed) *****
  loss: 0.0478 rmse: 0.183 r2: 0.588 corr: 0.767
********************
  Epoch 24 done in 7.7s
  Saved best model → model/FIM_restoration_0412G_stations_monthly/2010/gat-rnn-v2-windowed_bs-128_lr-0.001_maxepoch-50_testyear-2010_win-3_nwin-10_seed-0/model-24

----- Epoch 25 (windowed) -----

###### Windowed train epoch 25 overall metrics
  loss: 0.1211 rmse: 0.184 r2: 0.614 corr: 0.787
***** Epoch 25 Val (windowed) *****
  loss: 0.0432 rmse: 0.179 r2: 0.635 corr: 0.820
********************
***** Epoch 25 Test (windowed) *****
  loss: 0.0472 rmse: 0.185 r2: 0.579 corr: 0.771
********************
  Epoch 25 done in 7.8s

----- Epoch 26 (windowed) -----

###### Windowed train epoch 26 overall metrics
  loss: 0.1169 rmse: 0.178 r2: 0.639 corr: 0.808
***** Epoch 26 Val (windowed) *****
  loss: 0.0413 rmse: 0.170 r2: 0.669 corr: 0.819
********************
***** Epoch 26 Test (windowed) *****
  loss: 0.0462 rmse: 0.181 r2: 0.598 corr: 0.774
********************
  Epoch 26 done in 7.7s
  Saved best model → model/FIM_restoration_0412G_stations_monthly/2010/gat-rnn-v2-windowed_bs-128_lr-0.001_maxepoch-50_testyear-2010_win-3_nwin-10_seed-0/model-26

----- Epoch 27 (windowed) -----

###### Windowed train epoch 27 overall metrics
  loss: 0.1142 rmse: 0.174 r2: 0.656 corr: 0.816
***** Epoch 27 Val (windowed) *****
  loss: 0.0405 rmse: 0.170 r2: 0.670 corr: 0.832
********************
***** Epoch 27 Test (windowed) *****
  loss: 0.0448 rmse: 0.178 r2: 0.610 corr: 0.785
********************
  Epoch 27 done in 7.7s
  Saved best model → model/FIM_restoration_0412G_stations_monthly/2010/gat-rnn-v2-windowed_bs-128_lr-0.001_maxepoch-50_testyear-2010_win-3_nwin-10_seed-0/model-27

----- Epoch 28 (windowed) -----

###### Windowed train epoch 28 overall metrics
  loss: 0.1137 rmse: 0.174 r2: 0.655 corr: 0.813
***** Epoch 28 Val (windowed) *****
  loss: 0.0392 rmse: 0.167 r2: 0.680 corr: 0.828
********************
***** Epoch 28 Test (windowed) *****
  loss: 0.0445 rmse: 0.178 r2: 0.607 corr: 0.779
********************
  Epoch 28 done in 8.2s
  Saved best model → model/FIM_restoration_0412G_stations_monthly/2010/gat-rnn-v2-windowed_bs-128_lr-0.001_maxepoch-50_testyear-2010_win-3_nwin-10_seed-0/model-28

----- Epoch 29 (windowed) -----

###### Windowed train epoch 29 overall metrics
  loss: 0.1116 rmse: 0.171 r2: 0.667 corr: 0.824
***** Epoch 29 Val (windowed) *****
  loss: 0.0375 rmse: 0.163 r2: 0.698 corr: 0.844
********************
***** Epoch 29 Test (windowed) *****
  loss: 0.0441 rmse: 0.175 r2: 0.624 corr: 0.791
********************
  Epoch 29 done in 7.8s
  Saved best model → model/FIM_restoration_0412G_stations_monthly/2010/gat-rnn-v2-windowed_bs-128_lr-0.001_maxepoch-50_testyear-2010_win-3_nwin-10_seed-0/model-29

----- Epoch 30 (windowed) -----

###### Windowed train epoch 30 overall metrics
  loss: 0.1072 rmse: 0.167 r2: 0.680 corr: 0.830
***** Epoch 30 Val (windowed) *****
  loss: 0.0370 rmse: 0.161 r2: 0.705 corr: 0.844
********************
***** Epoch 30 Test (windowed) *****
  loss: 0.0440 rmse: 0.176 r2: 0.618 corr: 0.786
********************
  Epoch 30 done in 7.7s
  Saved best model → model/FIM_restoration_0412G_stations_monthly/2010/gat-rnn-v2-windowed_bs-128_lr-0.001_maxepoch-50_testyear-2010_win-3_nwin-10_seed-0/model-30

----- Epoch 31 (windowed) -----

###### Windowed train epoch 31 overall metrics
  loss: 0.1056 rmse: 0.166 r2: 0.684 corr: 0.831
***** Epoch 31 Val (windowed) *****
  loss: 0.0354 rmse: 0.159 r2: 0.711 corr: 0.852
********************
***** Epoch 31 Test (windowed) *****
  loss: 0.0412 rmse: 0.171 r2: 0.639 corr: 0.800
********************
  Epoch 31 done in 7.6s
  Saved best model → model/FIM_restoration_0412G_stations_monthly/2010/gat-rnn-v2-windowed_bs-128_lr-0.001_maxepoch-50_testyear-2010_win-3_nwin-10_seed-0/model-31

----- Epoch 32 (windowed) -----

###### Windowed train epoch 32 overall metrics
  loss: 0.1055 rmse: 0.163 r2: 0.695 corr: 0.838
***** Epoch 32 Val (windowed) *****
  loss: 0.0342 rmse: 0.157 r2: 0.719 corr: 0.855
********************
***** Epoch 32 Test (windowed) *****
  loss: 0.0422 rmse: 0.173 r2: 0.629 corr: 0.794
********************
  Epoch 32 done in 7.6s
  Saved best model → model/FIM_restoration_0412G_stations_monthly/2010/gat-rnn-v2-windowed_bs-128_lr-0.001_maxepoch-50_testyear-2010_win-3_nwin-10_seed-0/model-32

----- Epoch 33 (windowed) -----

###### Windowed train epoch 33 overall metrics
  loss: 0.1032 rmse: 0.161 r2: 0.704 corr: 0.842
***** Epoch 33 Val (windowed) *****
  loss: 0.0335 rmse: 0.157 r2: 0.719 corr: 0.859
********************
***** Epoch 33 Test (windowed) *****
  loss: 0.0412 rmse: 0.172 r2: 0.633 corr: 0.797
********************
  Epoch 33 done in 7.3s
  Saved best model → model/FIM_restoration_0412G_stations_monthly/2010/gat-rnn-v2-windowed_bs-128_lr-0.001_maxepoch-50_testyear-2010_win-3_nwin-10_seed-0/model-33

----- Epoch 34 (windowed) -----

###### Windowed train epoch 34 overall metrics
  loss: 0.1015 rmse: 0.160 r2: 0.709 corr: 0.846
***** Epoch 34 Val (windowed) *****
  loss: 0.0323 rmse: 0.151 r2: 0.738 corr: 0.863
********************
***** Epoch 34 Test (windowed) *****
  loss: 0.0415 rmse: 0.171 r2: 0.638 corr: 0.799
********************
  Epoch 34 done in 7.6s
  Saved best model → model/FIM_restoration_0412G_stations_monthly/2010/gat-rnn-v2-windowed_bs-128_lr-0.001_maxepoch-50_testyear-2010_win-3_nwin-10_seed-0/model-34

----- Epoch 35 (windowed) -----

###### Windowed train epoch 35 overall metrics
  loss: 0.0987 rmse: 0.157 r2: 0.719 corr: 0.853
***** Epoch 35 Val (windowed) *****
  loss: 0.0314 rmse: 0.151 r2: 0.739 corr: 0.867
********************
***** Epoch 35 Test (windowed) *****
  loss: 0.0401 rmse: 0.169 r2: 0.647 corr: 0.804
********************
  Epoch 35 done in 8.0s
  Saved best model → model/FIM_restoration_0412G_stations_monthly/2010/gat-rnn-v2-windowed_bs-128_lr-0.001_maxepoch-50_testyear-2010_win-3_nwin-10_seed-0/model-35

----- Epoch 36 (windowed) -----

###### Windowed train epoch 36 overall metrics
  loss: 0.0987 rmse: 0.157 r2: 0.720 corr: 0.851
***** Epoch 36 Val (windowed) *****
  loss: 0.0312 rmse: 0.150 r2: 0.741 corr: 0.865
********************
***** Epoch 36 Test (windowed) *****
  loss: 0.0396 rmse: 0.171 r2: 0.641 corr: 0.801
********************
  Epoch 36 done in 7.6s
  Saved best model → model/FIM_restoration_0412G_stations_monthly/2010/gat-rnn-v2-windowed_bs-128_lr-0.001_maxepoch-50_testyear-2010_win-3_nwin-10_seed-0/model-36

----- Epoch 37 (windowed) -----

###### Windowed train epoch 37 overall metrics
  loss: 0.0966 rmse: 0.154 r2: 0.730 corr: 0.855
***** Epoch 37 Val (windowed) *****
  loss: 0.0307 rmse: 0.152 r2: 0.736 corr: 0.870
********************
***** Epoch 37 Test (windowed) *****
  loss: 0.0399 rmse: 0.169 r2: 0.647 corr: 0.805
********************
  Epoch 37 done in 8.0s

----- Epoch 38 (windowed) -----

###### Windowed train epoch 38 overall metrics
  loss: 0.0951 rmse: 0.158 r2: 0.716 corr: 0.850
***** Epoch 38 Val (windowed) *****
  loss: 0.0291 rmse: 0.147 r2: 0.753 corr: 0.875
********************
***** Epoch 38 Test (windowed) *****
  loss: 0.0396 rmse: 0.168 r2: 0.650 corr: 0.806
********************
  Epoch 38 done in 7.8s
  Saved best model → model/FIM_restoration_0412G_stations_monthly/2010/gat-rnn-v2-windowed_bs-128_lr-0.001_maxepoch-50_testyear-2010_win-3_nwin-10_seed-0/model-38

----- Epoch 39 (windowed) -----

###### Windowed train epoch 39 overall metrics
  loss: 0.0944 rmse: 0.150 r2: 0.743 corr: 0.866
***** Epoch 39 Val (windowed) *****
  loss: 0.0289 rmse: 0.143 r2: 0.765 corr: 0.879
********************
***** Epoch 39 Test (windowed) *****
  loss: 0.0389 rmse: 0.167 r2: 0.657 corr: 0.811
********************
  Epoch 39 done in 7.6s
  Saved best model → model/FIM_restoration_0412G_stations_monthly/2010/gat-rnn-v2-windowed_bs-128_lr-0.001_maxepoch-50_testyear-2010_win-3_nwin-10_seed-0/model-39

----- Epoch 40 (windowed) -----

###### Windowed train epoch 40 overall metrics
  loss: 0.0945 rmse: 0.151 r2: 0.740 corr: 0.863
***** Epoch 40 Val (windowed) *****
  loss: 0.0291 rmse: 0.146 r2: 0.756 corr: 0.879
********************
***** Epoch 40 Test (windowed) *****
  loss: 0.0393 rmse: 0.168 r2: 0.652 corr: 0.808
********************
  Epoch 40 done in 7.8s

----- Epoch 41 (windowed) -----

###### Windowed train epoch 41 overall metrics
  loss: 0.0932 rmse: 0.151 r2: 0.738 corr: 0.867
***** Epoch 41 Val (windowed) *****
  loss: 0.0291 rmse: 0.143 r2: 0.765 corr: 0.876
********************
***** Epoch 41 Test (windowed) *****
  loss: 0.0392 rmse: 0.168 r2: 0.650 corr: 0.812
********************
  Epoch 41 done in 7.9s
  Saved best model → model/FIM_restoration_0412G_stations_monthly/2010/gat-rnn-v2-windowed_bs-128_lr-0.001_maxepoch-50_testyear-2010_win-3_nwin-10_seed-0/model-41

----- Epoch 42 (windowed) -----

###### Windowed train epoch 42 overall metrics
  loss: 0.0930 rmse: 0.147 r2: 0.753 corr: 0.871
***** Epoch 42 Val (windowed) *****
  loss: 0.0281 rmse: 0.145 r2: 0.760 corr: 0.883
********************
***** Epoch 42 Test (windowed) *****
  loss: 0.0399 rmse: 0.169 r2: 0.649 corr: 0.807
********************
  Epoch 42 done in 7.4s

----- Epoch 43 (windowed) -----

###### Windowed train epoch 43 overall metrics
  loss: 0.0923 rmse: 0.148 r2: 0.750 corr: 0.868
***** Epoch 43 Val (windowed) *****
  loss: 0.0268 rmse: 0.138 r2: 0.781 corr: 0.885
********************
***** Epoch 43 Test (windowed) *****
  loss: 0.0387 rmse: 0.167 r2: 0.655 corr: 0.814
********************
  Epoch 43 done in 6.9s
  Saved best model → model/FIM_restoration_0412G_stations_monthly/2010/gat-rnn-v2-windowed_bs-128_lr-0.001_maxepoch-50_testyear-2010_win-3_nwin-10_seed-0/model-43

----- Epoch 44 (windowed) -----

###### Windowed train epoch 44 overall metrics
  loss: 0.0902 rmse: 0.147 r2: 0.752 corr: 0.870
***** Epoch 44 Val (windowed) *****
  loss: 0.0275 rmse: 0.139 r2: 0.780 corr: 0.885
********************
***** Epoch 44 Test (windowed) *****
  loss: 0.0410 rmse: 0.168 r2: 0.650 corr: 0.810
********************
  Epoch 44 done in 7.0s

----- Epoch 45 (windowed) -----

###### Windowed train epoch 45 overall metrics
  loss: 0.0906 rmse: 0.145 r2: 0.760 corr: 0.874
***** Epoch 45 Val (windowed) *****
  loss: 0.0262 rmse: 0.139 r2: 0.779 corr: 0.888
********************
***** Epoch 45 Test (windowed) *****
  loss: 0.0391 rmse: 0.167 r2: 0.657 corr: 0.812
********************
  Epoch 45 done in 6.9s

----- Epoch 46 (windowed) -----

###### Windowed train epoch 46 overall metrics
  loss: 0.0897 rmse: 0.147 r2: 0.754 corr: 0.872
***** Epoch 46 Val (windowed) *****
  loss: 0.0262 rmse: 0.138 r2: 0.782 corr: 0.885
********************
***** Epoch 46 Test (windowed) *****
  loss: 0.0383 rmse: 0.169 r2: 0.649 corr: 0.811
********************
  Epoch 46 done in 6.9s
  Saved best model → model/FIM_restoration_0412G_stations_monthly/2010/gat-rnn-v2-windowed_bs-128_lr-0.001_maxepoch-50_testyear-2010_win-3_nwin-10_seed-0/model-46

----- Epoch 47 (windowed) -----

###### Windowed train epoch 47 overall metrics
  loss: 0.0897 rmse: 0.144 r2: 0.762 corr: 0.873
***** Epoch 47 Val (windowed) *****
  loss: 0.0260 rmse: 0.138 r2: 0.783 corr: 0.891
********************
***** Epoch 47 Test (windowed) *****
  loss: 0.0395 rmse: 0.168 r2: 0.654 corr: 0.810
********************
  Epoch 47 done in 7.2s
  Saved best model → model/FIM_restoration_0412G_stations_monthly/2010/gat-rnn-v2-windowed_bs-128_lr-0.001_maxepoch-50_testyear-2010_win-3_nwin-10_seed-0/model-47

----- Epoch 48 (windowed) -----

###### Windowed train epoch 48 overall metrics
  loss: 0.0873 rmse: 0.144 r2: 0.763 corr: 0.878
***** Epoch 48 Val (windowed) *****
  loss: 0.0257 rmse: 0.135 r2: 0.792 corr: 0.891
********************
***** Epoch 48 Test (windowed) *****
  loss: 0.0399 rmse: 0.168 r2: 0.650 corr: 0.813
********************
  Epoch 48 done in 6.8s
  Saved best model → model/FIM_restoration_0412G_stations_monthly/2010/gat-rnn-v2-windowed_bs-128_lr-0.001_maxepoch-50_testyear-2010_win-3_nwin-10_seed-0/model-48

----- Epoch 49 (windowed) -----

###### Windowed train epoch 49 overall metrics
  loss: 0.0876 rmse: 0.141 r2: 0.774 corr: 0.881
***** Epoch 49 Val (windowed) *****
  loss: 0.0250 rmse: 0.136 r2: 0.789 corr: 0.891
********************
***** Epoch 49 Test (windowed) *****
  loss: 0.0397 rmse: 0.169 r2: 0.647 corr: 0.809
********************
  Epoch 49 done in 7.2s
Fold done — best val RMSE=0.1349 test R²=0.6504 corr=0.8126

================================================================
Rolling-windowed  test_year=2011
  Val  : 2010
  Test : 2011
  win_size=3  n_windows=10
================================================================
Initially data (54319, 166)
After filtering (27035, 166)
[transform] Applied root-4: y → expm1(log1p_y)^(1/4); new range [0.00, 5.54]
get_X_Y
X shape (27035, 152)
Y shape (27035, 12)
Y (output) means tensor([[0.1400, 0.0126, 0.2506, 0.1421, 0.0152, 0.0656, 0.1575, 0.0228, 0.0414,
         0.0132, 0.0346, 0.1478]]) stds tensor([[0.4166, 0.1282, 0.5416, 0.4620, 0.1379, 0.2841, 0.4501, 0.1723, 0.2427,
         0.1373, 0.2397, 0.4176]])
Y count-scale means tensor([[0.3152, 0.0271, 0.5929, 0.3975, 0.0315, 0.1407, 0.3727, 0.0491, 0.1010,
         0.0307, 0.1179, 0.3211]]) stds tensor([[1.1347, 0.3097, 1.7654, 1.8434, 0.3181, 0.7405, 1.3343, 0.4157, 0.7809,
         0.3578, 2.1942, 1.0764]])
/Users/liyingnceas/GitHub/GNN-RNN-main/gnn-lstm-v4/utils/data_utils.py:274: RuntimeWarning: Mean of empty slice
  np.nanmean(county_dict[county], axis=0).astype(np.float32)
Filled 67759 missing (node, year) entries from neighbors or year averages
[2D] Station nodes: 586, adj nnz: 2905
[build_year_XY_windowed] data_start=1998, min_pred_year=2009, test_year=2011, win_size=3, n_windows=10
  built windows for T=2009
[build_year_XY_windowed] built windowed XY for 3 prediction years (2009–2011)
  GAT_RNN_V2: edge_feat_dim=3, n_heads=4, n_hidden=64
  [Bayes] Species rarity weights (mean=1): min=0.65 max=1.29  (rarest=Centropomus undecimalis_SA)

----- Epoch 0 (windowed) -----

###### Windowed train epoch 0 overall metrics
  loss: 0.2656 rmse: 0.303 r2: -0.085 corr: 0.150
***** Epoch 0 Val (windowed) *****
  loss: 0.1033 rmse: 0.280 r2: 0.034 corr: 0.251
********************
***** Epoch 0 Test (windowed) *****
  loss: 0.0938 rmse: 0.280 r2: 0.052 corr: 0.288
********************
  Epoch 0 done in 10.5s
  Saved best model → model/FIM_restoration_0412G_stations_monthly/2011/gat-rnn-v2-windowed_bs-128_lr-0.001_maxepoch-50_testyear-2011_win-3_nwin-10_seed-0/model-0

----- Epoch 1 (windowed) -----

###### Windowed train epoch 1 overall metrics
  loss: 0.2248 rmse: 0.283 r2: 0.054 corr: 0.255
***** Epoch 1 Val (windowed) *****
  loss: 0.0922 rmse: 0.270 r2: 0.103 corr: 0.335
********************
***** Epoch 1 Test (windowed) *****
  loss: 0.0831 rmse: 0.272 r2: 0.105 corr: 0.338
********************
  Epoch 1 done in 10.6s
  Saved best model → model/FIM_restoration_0412G_stations_monthly/2011/gat-rnn-v2-windowed_bs-128_lr-0.001_maxepoch-50_testyear-2011_win-3_nwin-10_seed-0/model-1

----- Epoch 2 (windowed) -----

###### Windowed train epoch 2 overall metrics
  loss: 0.2064 rmse: 0.273 r2: 0.118 corr: 0.356
***** Epoch 2 Val (windowed) *****
  loss: 0.0854 rmse: 0.262 r2: 0.151 corr: 0.422
********************
***** Epoch 2 Test (windowed) *****
  loss: 0.0775 rmse: 0.264 r2: 0.154 corr: 0.425
********************
  Epoch 2 done in 10.7s
  Saved best model → model/FIM_restoration_0412G_stations_monthly/2011/gat-rnn-v2-windowed_bs-128_lr-0.001_maxepoch-50_testyear-2011_win-3_nwin-10_seed-0/model-2

----- Epoch 3 (windowed) -----

###### Windowed train epoch 3 overall metrics
  loss: 0.1990 rmse: 0.267 r2: 0.153 corr: 0.412
***** Epoch 3 Val (windowed) *****
  loss: 0.0813 rmse: 0.255 r2: 0.197 corr: 0.471
********************
***** Epoch 3 Test (windowed) *****
  loss: 0.0739 rmse: 0.258 r2: 0.193 corr: 0.467
********************
  Epoch 3 done in 10.5s
  Saved best model → model/FIM_restoration_0412G_stations_monthly/2011/gat-rnn-v2-windowed_bs-128_lr-0.001_maxepoch-50_testyear-2011_win-3_nwin-10_seed-0/model-3

----- Epoch 4 (windowed) -----

###### Windowed train epoch 4 overall metrics
  loss: 0.1925 rmse: 0.259 r2: 0.203 corr: 0.464
***** Epoch 4 Val (windowed) *****
  loss: 0.0774 rmse: 0.245 r2: 0.258 corr: 0.524
********************
***** Epoch 4 Test (windowed) *****
  loss: 0.0710 rmse: 0.248 r2: 0.254 corr: 0.522
********************
  Epoch 4 done in 10.8s
  Saved best model → model/FIM_restoration_0412G_stations_monthly/2011/gat-rnn-v2-windowed_bs-128_lr-0.001_maxepoch-50_testyear-2011_win-3_nwin-10_seed-0/model-4

----- Epoch 5 (windowed) -----

###### Windowed train epoch 5 overall metrics
  loss: 0.1799 rmse: 0.247 r2: 0.277 corr: 0.543
***** Epoch 5 Val (windowed) *****
  loss: 0.0726 rmse: 0.236 r2: 0.315 corr: 0.579
********************
***** Epoch 5 Test (windowed) *****
  loss: 0.0663 rmse: 0.237 r2: 0.322 corr: 0.588
********************
  Epoch 5 done in 10.6s
  Saved best model → model/FIM_restoration_0412G_stations_monthly/2011/gat-rnn-v2-windowed_bs-128_lr-0.001_maxepoch-50_testyear-2011_win-3_nwin-10_seed-0/model-5

----- Epoch 6 (windowed) -----

###### Windowed train epoch 6 overall metrics
  loss: 0.1710 rmse: 0.238 r2: 0.330 corr: 0.585
***** Epoch 6 Val (windowed) *****
  loss: 0.0675 rmse: 0.225 r2: 0.378 corr: 0.632
********************
***** Epoch 6 Test (windowed) *****
  loss: 0.0616 rmse: 0.227 r2: 0.375 corr: 0.631
********************
  Epoch 6 done in 10.7s
  Saved best model → model/FIM_restoration_0412G_stations_monthly/2011/gat-rnn-v2-windowed_bs-128_lr-0.001_maxepoch-50_testyear-2011_win-3_nwin-10_seed-0/model-6

----- Epoch 7 (windowed) -----

###### Windowed train epoch 7 overall metrics
  loss: 0.1608 rmse: 0.228 r2: 0.385 corr: 0.632
***** Epoch 7 Val (windowed) *****
  loss: 0.0628 rmse: 0.212 r2: 0.446 corr: 0.677
********************
***** Epoch 7 Test (windowed) *****
  loss: 0.0582 rmse: 0.216 r2: 0.433 corr: 0.669
********************
  Epoch 7 done in 10.6s
  Saved best model → model/FIM_restoration_0412G_stations_monthly/2011/gat-rnn-v2-windowed_bs-128_lr-0.001_maxepoch-50_testyear-2011_win-3_nwin-10_seed-0/model-7

----- Epoch 8 (windowed) -----

###### Windowed train epoch 8 overall metrics
  loss: 0.1517 rmse: 0.216 r2: 0.445 corr: 0.680
***** Epoch 8 Val (windowed) *****
  loss: 0.0587 rmse: 0.206 r2: 0.476 corr: 0.707
********************
***** Epoch 8 Test (windowed) *****
  loss: 0.0565 rmse: 0.213 r2: 0.449 corr: 0.688
********************
  Epoch 8 done in 14.2s
  Saved best model → model/FIM_restoration_0412G_stations_monthly/2011/gat-rnn-v2-windowed_bs-128_lr-0.001_maxepoch-50_testyear-2011_win-3_nwin-10_seed-0/model-8

----- Epoch 9 (windowed) -----

###### Windowed train epoch 9 overall metrics
  loss: 0.1431 rmse: 0.207 r2: 0.493 corr: 0.711
***** Epoch 9 Val (windowed) *****
  loss: 0.0559 rmse: 0.195 r2: 0.530 corr: 0.732
********************
***** Epoch 9 Test (windowed) *****
  loss: 0.0536 rmse: 0.201 r2: 0.511 corr: 0.721
********************
  Epoch 9 done in 10.6s
  Saved best model → model/FIM_restoration_0412G_stations_monthly/2011/gat-rnn-v2-windowed_bs-128_lr-0.001_maxepoch-50_testyear-2011_win-3_nwin-10_seed-0/model-9

----- Epoch 10 (windowed) -----

###### Windowed train epoch 10 overall metrics
  loss: 0.1377 rmse: 0.200 r2: 0.526 corr: 0.731
***** Epoch 10 Val (windowed) *****
  loss: 0.0515 rmse: 0.189 r2: 0.557 corr: 0.753
********************
***** Epoch 10 Test (windowed) *****
  loss: 0.0498 rmse: 0.194 r2: 0.542 corr: 0.745
********************
  Epoch 10 done in 10.2s
  Saved best model → model/FIM_restoration_0412G_stations_monthly/2011/gat-rnn-v2-windowed_bs-128_lr-0.001_maxepoch-50_testyear-2011_win-3_nwin-10_seed-0/model-10

----- Epoch 11 (windowed) -----

###### Windowed train epoch 11 overall metrics
  loss: 0.1295 rmse: 0.192 r2: 0.561 corr: 0.758
***** Epoch 11 Val (windowed) *****
  loss: 0.0487 rmse: 0.181 r2: 0.595 corr: 0.776
********************
***** Epoch 11 Test (windowed) *****
  loss: 0.0485 rmse: 0.189 r2: 0.570 corr: 0.761
********************
  Epoch 11 done in 11.2s
  Saved best model → model/FIM_restoration_0412G_stations_monthly/2011/gat-rnn-v2-windowed_bs-128_lr-0.001_maxepoch-50_testyear-2011_win-3_nwin-10_seed-0/model-11

----- Epoch 12 (windowed) -----

###### Windowed train epoch 12 overall metrics
  loss: 0.1230 rmse: 0.186 r2: 0.591 corr: 0.774
***** Epoch 12 Val (windowed) *****
  loss: 0.0445 rmse: 0.177 r2: 0.615 corr: 0.790
********************
***** Epoch 12 Test (windowed) *****
  loss: 0.0455 rmse: 0.186 r2: 0.580 corr: 0.768
********************
  Epoch 12 done in 12.1s
  Saved best model → model/FIM_restoration_0412G_stations_monthly/2011/gat-rnn-v2-windowed_bs-128_lr-0.001_maxepoch-50_testyear-2011_win-3_nwin-10_seed-0/model-12

----- Epoch 13 (windowed) -----

###### Windowed train epoch 13 overall metrics
  loss: 0.1175 rmse: 0.181 r2: 0.612 corr: 0.789
***** Epoch 13 Val (windowed) *****
  loss: 0.0422 rmse: 0.173 r2: 0.632 corr: 0.796
********************
***** Epoch 13 Test (windowed) *****
  loss: 0.0445 rmse: 0.183 r2: 0.595 corr: 0.772
********************
  Epoch 13 done in 19.4s
  Saved best model → model/FIM_restoration_0412G_stations_monthly/2011/gat-rnn-v2-windowed_bs-128_lr-0.001_maxepoch-50_testyear-2011_win-3_nwin-10_seed-0/model-13

----- Epoch 14 (windowed) -----

###### Windowed train epoch 14 overall metrics
  loss: 0.1126 rmse: 0.177 r2: 0.630 corr: 0.797
***** Epoch 14 Val (windowed) *****
  loss: 0.0389 rmse: 0.169 r2: 0.649 corr: 0.813
********************
***** Epoch 14 Test (windowed) *****
  loss: 0.0428 rmse: 0.179 r2: 0.612 corr: 0.790
********************
  Epoch 14 done in 15.4s
  Saved best model → model/FIM_restoration_0412G_stations_monthly/2011/gat-rnn-v2-windowed_bs-128_lr-0.001_maxepoch-50_testyear-2011_win-3_nwin-10_seed-0/model-14

----- Epoch 15 (windowed) -----

###### Windowed train epoch 15 overall metrics
  loss: 0.1105 rmse: 0.176 r2: 0.633 corr: 0.800
***** Epoch 15 Val (windowed) *****
  loss: 0.0387 rmse: 0.168 r2: 0.651 corr: 0.816
********************
***** Epoch 15 Test (windowed) *****
  loss: 0.0425 rmse: 0.182 r2: 0.599 corr: 0.782
********************
  Epoch 15 done in 18.4s
  Saved best model → model/FIM_restoration_0412G_stations_monthly/2011/gat-rnn-v2-windowed_bs-128_lr-0.001_maxepoch-50_testyear-2011_win-3_nwin-10_seed-0/model-15

----- Epoch 16 (windowed) -----

###### Windowed train epoch 16 overall metrics
  loss: 0.1064 rmse: 0.170 r2: 0.658 corr: 0.815
***** Epoch 16 Val (windowed) *****
  loss: 0.0372 rmse: 0.165 r2: 0.665 corr: 0.826
********************
***** Epoch 16 Test (windowed) *****
  loss: 0.0401 rmse: 0.176 r2: 0.625 corr: 0.802
********************
  Epoch 16 done in 15.4s
  Saved best model → model/FIM_restoration_0412G_stations_monthly/2011/gat-rnn-v2-windowed_bs-128_lr-0.001_maxepoch-50_testyear-2011_win-3_nwin-10_seed-0/model-16

----- Epoch 17 (windowed) -----

###### Windowed train epoch 17 overall metrics
  loss: 0.1035 rmse: 0.167 r2: 0.671 corr: 0.823
***** Epoch 17 Val (windowed) *****
  loss: 0.0351 rmse: 0.159 r2: 0.687 corr: 0.836
********************
***** Epoch 17 Test (windowed) *****
  loss: 0.0386 rmse: 0.173 r2: 0.638 corr: 0.806
********************
  Epoch 17 done in 13.8s
  Saved best model → model/FIM_restoration_0412G_stations_monthly/2011/gat-rnn-v2-windowed_bs-128_lr-0.001_maxepoch-50_testyear-2011_win-3_nwin-10_seed-0/model-17

----- Epoch 18 (windowed) -----

###### Windowed train epoch 18 overall metrics
  loss: 0.1001 rmse: 0.163 r2: 0.686 corr: 0.832
***** Epoch 18 Val (windowed) *****
  loss: 0.0340 rmse: 0.158 r2: 0.691 corr: 0.838
********************
***** Epoch 18 Test (windowed) *****
  loss: 0.0380 rmse: 0.172 r2: 0.643 corr: 0.809
********************
  Epoch 18 done in 13.3s
  Saved best model → model/FIM_restoration_0412G_stations_monthly/2011/gat-rnn-v2-windowed_bs-128_lr-0.001_maxepoch-50_testyear-2011_win-3_nwin-10_seed-0/model-18

----- Epoch 19 (windowed) -----

###### Windowed train epoch 19 overall metrics
  loss: 0.1003 rmse: 0.164 r2: 0.683 corr: 0.828
***** Epoch 19 Val (windowed) *****
  loss: 0.0336 rmse: 0.157 r2: 0.697 corr: 0.842
********************
***** Epoch 19 Test (windowed) *****
  loss: 0.0386 rmse: 0.172 r2: 0.642 corr: 0.809
********************
  Epoch 19 done in 12.6s
  Saved best model → model/FIM_restoration_0412G_stations_monthly/2011/gat-rnn-v2-windowed_bs-128_lr-0.001_maxepoch-50_testyear-2011_win-3_nwin-10_seed-0/model-19

----- Epoch 20 (windowed) -----

###### Windowed train epoch 20 overall metrics
  loss: 0.0984 rmse: 0.160 r2: 0.697 corr: 0.837
***** Epoch 20 Val (windowed) *****
  loss: 0.0324 rmse: 0.153 r2: 0.712 corr: 0.846
********************
***** Epoch 20 Test (windowed) *****
  loss: 0.0373 rmse: 0.168 r2: 0.659 corr: 0.814
********************
  Epoch 20 done in 12.7s
  Saved best model → model/FIM_restoration_0412G_stations_monthly/2011/gat-rnn-v2-windowed_bs-128_lr-0.001_maxepoch-50_testyear-2011_win-3_nwin-10_seed-0/model-20

----- Epoch 21 (windowed) -----

###### Windowed train epoch 21 overall metrics
  loss: 0.0957 rmse: 0.159 r2: 0.700 corr: 0.841
***** Epoch 21 Val (windowed) *****
  loss: 0.0319 rmse: 0.152 r2: 0.717 corr: 0.849
********************
***** Epoch 21 Test (windowed) *****
  loss: 0.0372 rmse: 0.168 r2: 0.660 corr: 0.815
********************
  Epoch 21 done in 11.9s
  Saved best model → model/FIM_restoration_0412G_stations_monthly/2011/gat-rnn-v2-windowed_bs-128_lr-0.001_maxepoch-50_testyear-2011_win-3_nwin-10_seed-0/model-21

----- Epoch 22 (windowed) -----

###### Windowed train epoch 22 overall metrics
  loss: 0.0938 rmse: 0.154 r2: 0.720 corr: 0.849
***** Epoch 22 Val (windowed) *****
  loss: 0.0311 rmse: 0.149 r2: 0.726 corr: 0.853
********************
***** Epoch 22 Test (windowed) *****
  loss: 0.0378 rmse: 0.168 r2: 0.657 corr: 0.811
********************
  Epoch 22 done in 12.7s
  Saved best model → model/FIM_restoration_0412G_stations_monthly/2011/gat-rnn-v2-windowed_bs-128_lr-0.001_maxepoch-50_testyear-2011_win-3_nwin-10_seed-0/model-22

----- Epoch 23 (windowed) -----

###### Windowed train epoch 23 overall metrics
  loss: 0.0939 rmse: 0.155 r2: 0.717 corr: 0.849
***** Epoch 23 Val (windowed) *****
  loss: 0.0305 rmse: 0.150 r2: 0.722 corr: 0.856
********************
***** Epoch 23 Test (windowed) *****
  loss: 0.0373 rmse: 0.170 r2: 0.648 corr: 0.810
********************
  Epoch 23 done in 13.8s

----- Epoch 24 (windowed) -----

###### Windowed train epoch 24 overall metrics
  loss: 0.0915 rmse: 0.152 r2: 0.725 corr: 0.854
***** Epoch 24 Val (windowed) *****
  loss: 0.0297 rmse: 0.148 r2: 0.730 corr: 0.858
********************
***** Epoch 24 Test (windowed) *****
  loss: 0.0369 rmse: 0.170 r2: 0.648 corr: 0.807
********************
  Epoch 24 done in 12.4s
  Saved best model → model/FIM_restoration_0412G_stations_monthly/2011/gat-rnn-v2-windowed_bs-128_lr-0.001_maxepoch-50_testyear-2011_win-3_nwin-10_seed-0/model-24

----- Epoch 25 (windowed) -----

###### Windowed train epoch 25 overall metrics
  loss: 0.0908 rmse: 0.152 r2: 0.726 corr: 0.853
***** Epoch 25 Val (windowed) *****
  loss: 0.0295 rmse: 0.145 r2: 0.740 corr: 0.861
********************
***** Epoch 25 Test (windowed) *****
  loss: 0.0367 rmse: 0.166 r2: 0.665 corr: 0.816
********************
  Epoch 25 done in 12.2s
  Saved best model → model/FIM_restoration_0412G_stations_monthly/2011/gat-rnn-v2-windowed_bs-128_lr-0.001_maxepoch-50_testyear-2011_win-3_nwin-10_seed-0/model-25

----- Epoch 26 (windowed) -----

###### Windowed train epoch 26 overall metrics
  loss: 0.0909 rmse: 0.152 r2: 0.724 corr: 0.854
***** Epoch 26 Val (windowed) *****
  loss: 0.0294 rmse: 0.146 r2: 0.738 corr: 0.860
********************
***** Epoch 26 Test (windowed) *****
  loss: 0.0381 rmse: 0.170 r2: 0.651 corr: 0.807
********************
  Epoch 26 done in 13.4s

----- Epoch 27 (windowed) -----

###### Windowed train epoch 27 overall metrics
  loss: 0.0891 rmse: 0.149 r2: 0.736 corr: 0.859
***** Epoch 27 Val (windowed) *****
  loss: 0.0294 rmse: 0.146 r2: 0.737 corr: 0.862
********************
***** Epoch 27 Test (windowed) *****
  loss: 0.0376 rmse: 0.171 r2: 0.645 corr: 0.805
********************
  Epoch 27 done in 972.8s

----- Epoch 28 (windowed) -----

###### Windowed train epoch 28 overall metrics
  loss: 0.0884 rmse: 0.150 r2: 0.733 corr: 0.858
***** Epoch 28 Val (windowed) *****
  loss: 0.0283 rmse: 0.144 r2: 0.743 corr: 0.868
********************
***** Epoch 28 Test (windowed) *****
  loss: 0.0365 rmse: 0.170 r2: 0.651 corr: 0.812
********************
  Epoch 28 done in 11.3s
  Saved best model → model/FIM_restoration_0412G_stations_monthly/2011/gat-rnn-v2-windowed_bs-128_lr-0.001_maxepoch-50_testyear-2011_win-3_nwin-10_seed-0/model-28

----- Epoch 29 (windowed) -----

###### Windowed train epoch 29 overall metrics
  loss: 0.0876 rmse: 0.148 r2: 0.741 corr: 0.863
***** Epoch 29 Val (windowed) *****
  loss: 0.0276 rmse: 0.140 r2: 0.757 corr: 0.870
********************
***** Epoch 29 Test (windowed) *****
  loss: 0.0371 rmse: 0.167 r2: 0.662 corr: 0.814
********************
  Epoch 29 done in 10.5s
  Saved best model → model/FIM_restoration_0412G_stations_monthly/2011/gat-rnn-v2-windowed_bs-128_lr-0.001_maxepoch-50_testyear-2011_win-3_nwin-10_seed-0/model-29

----- Epoch 30 (windowed) -----

###### Windowed train epoch 30 overall metrics
  loss: 0.0870 rmse: 0.146 r2: 0.749 corr: 0.866
***** Epoch 30 Val (windowed) *****
  loss: 0.0283 rmse: 0.142 r2: 0.751 corr: 0.871
********************
***** Epoch 30 Test (windowed) *****
  loss: 0.0358 rmse: 0.168 r2: 0.657 corr: 0.814
********************
  Epoch 30 done in 11.3s

----- Epoch 31 (windowed) -----

###### Windowed train epoch 31 overall metrics
  loss: 0.0865 rmse: 0.146 r2: 0.747 corr: 0.866
***** Epoch 31 Val (windowed) *****
  loss: 0.0268 rmse: 0.139 r2: 0.760 corr: 0.875
********************
***** Epoch 31 Test (windowed) *****
  loss: 0.0362 rmse: 0.168 r2: 0.660 corr: 0.814
********************
  Epoch 31 done in 13.3s
  Saved best model → model/FIM_restoration_0412G_stations_monthly/2011/gat-rnn-v2-windowed_bs-128_lr-0.001_maxepoch-50_testyear-2011_win-3_nwin-10_seed-0/model-31

----- Epoch 32 (windowed) -----

###### Windowed train epoch 32 overall metrics
  loss: 0.0846 rmse: 0.144 r2: 0.754 corr: 0.870
***** Epoch 32 Val (windowed) *****
  loss: 0.0259 rmse: 0.139 r2: 0.762 corr: 0.877
********************
***** Epoch 32 Test (windowed) *****
  loss: 0.0366 rmse: 0.169 r2: 0.653 corr: 0.812
********************
  Epoch 32 done in 12.3s
  Saved best model → model/FIM_restoration_0412G_stations_monthly/2011/gat-rnn-v2-windowed_bs-128_lr-0.001_maxepoch-50_testyear-2011_win-3_nwin-10_seed-0/model-32

----- Epoch 33 (windowed) -----

###### Windowed train epoch 33 overall metrics
  loss: 0.0839 rmse: 0.143 r2: 0.759 corr: 0.873
***** Epoch 33 Val (windowed) *****
  loss: 0.0267 rmse: 0.141 r2: 0.755 corr: 0.877
********************
***** Epoch 33 Test (windowed) *****
  loss: 0.0369 rmse: 0.171 r2: 0.646 corr: 0.810
********************
  Epoch 33 done in 12.4s

----- Epoch 34 (windowed) -----

###### Windowed train epoch 34 overall metrics
  loss: 0.0834 rmse: 0.143 r2: 0.756 corr: 0.871
***** Epoch 34 Val (windowed) *****
  loss: 0.0262 rmse: 0.137 r2: 0.768 corr: 0.881
********************
***** Epoch 34 Test (windowed) *****
  loss: 0.0369 rmse: 0.170 r2: 0.649 corr: 0.808
********************
  Epoch 34 done in 12.4s
  Saved best model → model/FIM_restoration_0412G_stations_monthly/2011/gat-rnn-v2-windowed_bs-128_lr-0.001_maxepoch-50_testyear-2011_win-3_nwin-10_seed-0/model-34

----- Epoch 35 (windowed) -----

###### Windowed train epoch 35 overall metrics
  loss: 0.0825 rmse: 0.141 r2: 0.764 corr: 0.875
***** Epoch 35 Val (windowed) *****
  loss: 0.0256 rmse: 0.134 r2: 0.778 corr: 0.882
********************
***** Epoch 35 Test (windowed) *****
  loss: 0.0375 rmse: 0.168 r2: 0.660 corr: 0.813
********************
  Epoch 35 done in 12.4s
  Saved best model → model/FIM_restoration_0412G_stations_monthly/2011/gat-rnn-v2-windowed_bs-128_lr-0.001_maxepoch-50_testyear-2011_win-3_nwin-10_seed-0/model-35

----- Epoch 36 (windowed) -----

###### Windowed train epoch 36 overall metrics
  loss: 0.0828 rmse: 0.143 r2: 0.758 corr: 0.871
***** Epoch 36 Val (windowed) *****
  loss: 0.0254 rmse: 0.138 r2: 0.767 corr: 0.883
********************
***** Epoch 36 Test (windowed) *****
  loss: 0.0367 rmse: 0.171 r2: 0.647 corr: 0.808
********************
  Epoch 36 done in 12.8s

----- Epoch 37 (windowed) -----

###### Windowed train epoch 37 overall metrics
  loss: 0.0815 rmse: 0.141 r2: 0.766 corr: 0.878
***** Epoch 37 Val (windowed) *****
  loss: 0.0252 rmse: 0.134 r2: 0.777 corr: 0.883
********************
***** Epoch 37 Test (windowed) *****
  loss: 0.0377 rmse: 0.172 r2: 0.642 corr: 0.801
********************
  Epoch 37 done in 13.0s

----- Epoch 38 (windowed) -----

###### Windowed train epoch 38 overall metrics
  loss: 0.0812 rmse: 0.138 r2: 0.773 corr: 0.880
***** Epoch 38 Val (windowed) *****
  loss: 0.0242 rmse: 0.132 r2: 0.786 corr: 0.888
********************
***** Epoch 38 Test (windowed) *****
  loss: 0.0366 rmse: 0.167 r2: 0.663 corr: 0.814
********************
  Epoch 38 done in 13.1s
  Saved best model → model/FIM_restoration_0412G_stations_monthly/2011/gat-rnn-v2-windowed_bs-128_lr-0.001_maxepoch-50_testyear-2011_win-3_nwin-10_seed-0/model-38

----- Epoch 39 (windowed) -----

###### Windowed train epoch 39 overall metrics
  loss: 0.0800 rmse: 0.137 r2: 0.777 corr: 0.883
***** Epoch 39 Val (windowed) *****
  loss: 0.0237 rmse: 0.132 r2: 0.784 corr: 0.889
********************
***** Epoch 39 Test (windowed) *****
  loss: 0.0361 rmse: 0.168 r2: 0.660 corr: 0.814
********************
  Epoch 39 done in 18.5s

----- Epoch 40 (windowed) -----

###### Windowed train epoch 40 overall metrics
  loss: 0.0790 rmse: 0.138 r2: 0.773 corr: 0.880
***** Epoch 40 Val (windowed) *****
  loss: 0.0243 rmse: 0.130 r2: 0.790 corr: 0.891
********************
***** Epoch 40 Test (windowed) *****
  loss: 0.0381 rmse: 0.172 r2: 0.644 corr: 0.803
********************
  Epoch 40 done in 931.1s
  Saved best model → model/FIM_restoration_0412G_stations_monthly/2011/gat-rnn-v2-windowed_bs-128_lr-0.001_maxepoch-50_testyear-2011_win-3_nwin-10_seed-0/model-40

----- Epoch 41 (windowed) -----

###### Windowed train epoch 41 overall metrics
  loss: 0.0788 rmse: 0.136 r2: 0.781 corr: 0.884
***** Epoch 41 Val (windowed) *****
  loss: 0.0231 rmse: 0.129 r2: 0.794 corr: 0.894
********************
***** Epoch 41 Test (windowed) *****
  loss: 0.0371 rmse: 0.171 r2: 0.646 corr: 0.804
********************
  Epoch 41 done in 11.7s
  Saved best model → model/FIM_restoration_0412G_stations_monthly/2011/gat-rnn-v2-windowed_bs-128_lr-0.001_maxepoch-50_testyear-2011_win-3_nwin-10_seed-0/model-41

----- Epoch 42 (windowed) -----

###### Windowed train epoch 42 overall metrics
  loss: 0.0778 rmse: 0.137 r2: 0.779 corr: 0.883
***** Epoch 42 Val (windowed) *****
  loss: 0.0237 rmse: 0.130 r2: 0.791 corr: 0.890
********************
***** Epoch 42 Test (windowed) *****
  loss: 0.0360 rmse: 0.168 r2: 0.659 corr: 0.813
********************
  Epoch 42 done in 11.3s

----- Epoch 43 (windowed) -----

###### Windowed train epoch 43 overall metrics
  loss: 0.0781 rmse: 0.135 r2: 0.783 corr: 0.885
***** Epoch 43 Val (windowed) *****
  loss: 0.0231 rmse: 0.128 r2: 0.798 corr: 0.894
********************
***** Epoch 43 Test (windowed) *****
  loss: 0.0375 rmse: 0.169 r2: 0.653 corr: 0.809
********************
  Epoch 43 done in 10.9s
  Saved best model → model/FIM_restoration_0412G_stations_monthly/2011/gat-rnn-v2-windowed_bs-128_lr-0.001_maxepoch-50_testyear-2011_win-3_nwin-10_seed-0/model-43

----- Epoch 44 (windowed) -----

###### Windowed train epoch 44 overall metrics
  loss: 0.0762 rmse: 0.135 r2: 0.784 corr: 0.887
***** Epoch 44 Val (windowed) *****
  loss: 0.0234 rmse: 0.130 r2: 0.792 corr: 0.894
********************
***** Epoch 44 Test (windowed) *****
  loss: 0.0377 rmse: 0.171 r2: 0.646 corr: 0.804
********************
  Epoch 44 done in 11.2s

----- Epoch 45 (windowed) -----

###### Windowed train epoch 45 overall metrics
  loss: 0.0762 rmse: 0.134 r2: 0.789 corr: 0.889
***** Epoch 45 Val (windowed) *****
  loss: 0.0226 rmse: 0.128 r2: 0.798 corr: 0.897
********************
***** Epoch 45 Test (windowed) *****
  loss: 0.0380 rmse: 0.173 r2: 0.637 corr: 0.799
********************
  Epoch 45 done in 11.6s

----- Epoch 46 (windowed) -----

###### Windowed train epoch 46 overall metrics
  loss: 0.0755 rmse: 0.132 r2: 0.792 corr: 0.891
***** Epoch 46 Val (windowed) *****
  loss: 0.0230 rmse: 0.130 r2: 0.793 corr: 0.891
********************
***** Epoch 46 Test (windowed) *****
  loss: 0.0375 rmse: 0.168 r2: 0.659 corr: 0.812
********************
  Epoch 46 done in 11.3s

----- Epoch 47 (windowed) -----

###### Windowed train epoch 47 overall metrics
  loss: 0.0753 rmse: 0.134 r2: 0.788 corr: 0.888
***** Epoch 47 Val (windowed) *****
  loss: 0.0217 rmse: 0.128 r2: 0.798 corr: 0.901
********************
***** Epoch 47 Test (windowed) *****
  loss: 0.0374 rmse: 0.173 r2: 0.637 corr: 0.800
********************
  Epoch 47 done in 494.6s

----- Epoch 48 (windowed) -----

###### Windowed train epoch 48 overall metrics
  loss: 0.0750 rmse: 0.134 r2: 0.789 corr: 0.891
***** Epoch 48 Val (windowed) *****
  loss: 0.0219 rmse: 0.125 r2: 0.806 corr: 0.902
********************
***** Epoch 48 Test (windowed) *****
  loss: 0.0370 rmse: 0.170 r2: 0.649 corr: 0.806
********************
  Epoch 48 done in 11.8s
  Saved best model → model/FIM_restoration_0412G_stations_monthly/2011/gat-rnn-v2-windowed_bs-128_lr-0.001_maxepoch-50_testyear-2011_win-3_nwin-10_seed-0/model-48

----- Epoch 49 (windowed) -----

###### Windowed train epoch 49 overall metrics
  loss: 0.0742 rmse: 0.132 r2: 0.795 corr: 0.892
***** Epoch 49 Val (windowed) *****
  loss: 0.0210 rmse: 0.124 r2: 0.809 corr: 0.901
********************
***** Epoch 49 Test (windowed) *****
  loss: 0.0385 rmse: 0.171 r2: 0.646 corr: 0.804
********************
  Epoch 49 done in 12.3s
  Saved best model → model/FIM_restoration_0412G_stations_monthly/2011/gat-rnn-v2-windowed_bs-128_lr-0.001_maxepoch-50_testyear-2011_win-3_nwin-10_seed-0/model-49
Fold done — best val RMSE=0.1245 test R²=0.6455 corr=0.8041

================================================================
Rolling-windowed  test_year=2012
  Val  : 2011
  Test : 2012
  win_size=3  n_windows=10
================================================================
Initially data (54319, 166)
After filtering (29145, 166)
[transform] Applied root-4: y → expm1(log1p_y)^(1/4); new range [0.00, 5.54]
get_X_Y
X shape (29145, 152)
Y shape (29145, 12)
Y (output) means tensor([[0.1408, 0.0118, 0.2506, 0.1355, 0.0156, 0.0664, 0.1562, 0.0226, 0.0405,
         0.0128, 0.0348, 0.1454]]) stds tensor([[0.4186, 0.1240, 0.5421, 0.4506, 0.1393, 0.2873, 0.4483, 0.1717, 0.2389,
         0.1353, 0.2389, 0.4140]])
Y count-scale means tensor([[0.3186, 0.0253, 0.5949, 0.3763, 0.0322, 0.1478, 0.3695, 0.0490, 0.0978,
         0.0298, 0.1155, 0.3149]]) stds tensor([[1.1534, 0.2983, 1.8002, 1.7811, 0.3181, 1.1738, 1.3272, 0.4289, 0.7579,
         0.3520, 2.1118, 1.0588]])
/Users/liyingnceas/GitHub/GNN-RNN-main/gnn-lstm-v4/utils/data_utils.py:274: RuntimeWarning: Mean of empty slice
  np.nanmean(county_dict[county], axis=0).astype(np.float32)
Filled 73125 missing (node, year) entries from neighbors or year averages
[2D] Station nodes: 587, adj nnz: 2910
[build_year_XY_windowed] data_start=1998, min_pred_year=2009, test_year=2012, win_size=3, n_windows=10
  built windows for T=2009
[build_year_XY_windowed] built windowed XY for 4 prediction years (2009–2012)
  GAT_RNN_V2: edge_feat_dim=3, n_heads=4, n_hidden=64
  [Bayes] Species rarity weights (mean=1): min=0.65 max=1.30  (rarest=Centropomus undecimalis_SA)

----- Epoch 0 (windowed) -----

###### Windowed train epoch 0 overall metrics
  loss: 0.2389 rmse: 0.284 r2: 0.040 corr: 0.228
***** Epoch 0 Val (windowed) *****
  loss: 0.0836 rmse: 0.276 r2: 0.077 corr: 0.350
********************
***** Epoch 0 Test (windowed) *****
  loss: 0.0891 rmse: 0.281 r2: 0.073 corr: 0.351
********************
  Epoch 0 done in 16.1s
  Saved best model → model/FIM_restoration_0412G_stations_monthly/2012/gat-rnn-v2-windowed_bs-128_lr-0.001_maxepoch-50_testyear-2012_win-3_nwin-10_seed-0/model-0

----- Epoch 1 (windowed) -----

###### Windowed train epoch 1 overall metrics
  loss: 0.2071 rmse: 0.274 r2: 0.107 corr: 0.345
***** Epoch 1 Val (windowed) *****
  loss: 0.0771 rmse: 0.262 r2: 0.173 corr: 0.440
********************
***** Epoch 1 Test (windowed) *****
  loss: 0.0824 rmse: 0.266 r2: 0.170 corr: 0.441
********************
  Epoch 1 done in 15.4s
  Saved best model → model/FIM_restoration_0412G_stations_monthly/2012/gat-rnn-v2-windowed_bs-128_lr-0.001_maxepoch-50_testyear-2012_win-3_nwin-10_seed-0/model-1

----- Epoch 2 (windowed) -----

###### Windowed train epoch 2 overall metrics
  loss: 0.1912 rmse: 0.260 r2: 0.193 corr: 0.455
***** Epoch 2 Val (windowed) *****
  loss: 0.0713 rmse: 0.248 r2: 0.259 corr: 0.543
********************
***** Epoch 2 Test (windowed) *****
  loss: 0.0756 rmse: 0.253 r2: 0.248 corr: 0.540
********************
  Epoch 2 done in 15.2s
  Saved best model → model/FIM_restoration_0412G_stations_monthly/2012/gat-rnn-v2-windowed_bs-128_lr-0.001_maxepoch-50_testyear-2012_win-3_nwin-10_seed-0/model-2

----- Epoch 3 (windowed) -----

###### Windowed train epoch 3 overall metrics
  loss: 0.1781 rmse: 0.246 r2: 0.281 corr: 0.547
***** Epoch 3 Val (windowed) *****
  loss: 0.0636 rmse: 0.233 r2: 0.345 corr: 0.614
********************
***** Epoch 3 Test (windowed) *****
  loss: 0.0697 rmse: 0.239 r2: 0.330 corr: 0.608
********************
  Epoch 3 done in 16.6s
  Saved best model → model/FIM_restoration_0412G_stations_monthly/2012/gat-rnn-v2-windowed_bs-128_lr-0.001_maxepoch-50_testyear-2012_win-3_nwin-10_seed-0/model-3

----- Epoch 4 (windowed) -----

###### Windowed train epoch 4 overall metrics
  loss: 0.1664 rmse: 0.232 r2: 0.359 corr: 0.618
***** Epoch 4 Val (windowed) *****
  loss: 0.0588 rmse: 0.223 r2: 0.399 corr: 0.683
********************
***** Epoch 4 Test (windowed) *****
  loss: 0.0651 rmse: 0.228 r2: 0.386 corr: 0.677
********************
  Epoch 4 done in 15.2s
  Saved best model → model/FIM_restoration_0412G_stations_monthly/2012/gat-rnn-v2-windowed_bs-128_lr-0.001_maxepoch-50_testyear-2012_win-3_nwin-10_seed-0/model-4

----- Epoch 5 (windowed) -----

###### Windowed train epoch 5 overall metrics
  loss: 0.1548 rmse: 0.217 r2: 0.440 corr: 0.682
***** Epoch 5 Val (windowed) *****
  loss: 0.0542 rmse: 0.200 r2: 0.516 corr: 0.722
********************
***** Epoch 5 Test (windowed) *****
  loss: 0.0601 rmse: 0.204 r2: 0.509 corr: 0.717
********************
  Epoch 5 done in 14.5s
  Saved best model → model/FIM_restoration_0412G_stations_monthly/2012/gat-rnn-v2-windowed_bs-128_lr-0.001_maxepoch-50_testyear-2012_win-3_nwin-10_seed-0/model-5

----- Epoch 6 (windowed) -----

###### Windowed train epoch 6 overall metrics
  loss: 0.1428 rmse: 0.203 r2: 0.511 corr: 0.728
***** Epoch 6 Val (windowed) *****
  loss: 0.0495 rmse: 0.194 r2: 0.547 corr: 0.759
********************
***** Epoch 6 Test (windowed) *****
  loss: 0.0555 rmse: 0.196 r2: 0.546 corr: 0.759
********************
  Epoch 6 done in 14.4s
  Saved best model → model/FIM_restoration_0412G_stations_monthly/2012/gat-rnn-v2-windowed_bs-128_lr-0.001_maxepoch-50_testyear-2012_win-3_nwin-10_seed-0/model-6

----- Epoch 7 (windowed) -----

###### Windowed train epoch 7 overall metrics
  loss: 0.1336 rmse: 0.193 r2: 0.558 corr: 0.757
***** Epoch 7 Val (windowed) *****
  loss: 0.0457 rmse: 0.181 r2: 0.603 corr: 0.780
********************
***** Epoch 7 Test (windowed) *****
  loss: 0.0511 rmse: 0.184 r2: 0.603 corr: 0.780
********************
  Epoch 7 done in 14.2s
  Saved best model → model/FIM_restoration_0412G_stations_monthly/2012/gat-rnn-v2-windowed_bs-128_lr-0.001_maxepoch-50_testyear-2012_win-3_nwin-10_seed-0/model-7

----- Epoch 8 (windowed) -----

###### Windowed train epoch 8 overall metrics
  loss: 0.1260 rmse: 0.184 r2: 0.596 corr: 0.775
***** Epoch 8 Val (windowed) *****
  loss: 0.0437 rmse: 0.184 r2: 0.590 corr: 0.793
********************
***** Epoch 8 Test (windowed) *****
  loss: 0.0495 rmse: 0.186 r2: 0.592 corr: 0.798
********************
  Epoch 8 done in 13.9s

----- Epoch 9 (windowed) -----

###### Windowed train epoch 9 overall metrics
  loss: 0.1188 rmse: 0.179 r2: 0.618 corr: 0.794
***** Epoch 9 Val (windowed) *****
  loss: 0.0403 rmse: 0.169 r2: 0.656 corr: 0.815
********************
***** Epoch 9 Test (windowed) *****
  loss: 0.0458 rmse: 0.174 r2: 0.644 corr: 0.806
********************
  Epoch 9 done in 13.6s
  Saved best model → model/FIM_restoration_0412G_stations_monthly/2012/gat-rnn-v2-windowed_bs-128_lr-0.001_maxepoch-50_testyear-2012_win-3_nwin-10_seed-0/model-9

----- Epoch 10 (windowed) -----

###### Windowed train epoch 10 overall metrics
  loss: 0.1123 rmse: 0.172 r2: 0.648 corr: 0.809
***** Epoch 10 Val (windowed) *****
  loss: 0.0385 rmse: 0.169 r2: 0.656 corr: 0.829
********************
***** Epoch 10 Test (windowed) *****
  loss: 0.0445 rmse: 0.174 r2: 0.643 corr: 0.817
********************
  Epoch 10 done in 13.5s
  Saved best model → model/FIM_restoration_0412G_stations_monthly/2012/gat-rnn-v2-windowed_bs-128_lr-0.001_maxepoch-50_testyear-2012_win-3_nwin-10_seed-0/model-10

----- Epoch 11 (windowed) -----

###### Windowed train epoch 11 overall metrics
  loss: 0.1091 rmse: 0.168 r2: 0.663 corr: 0.818
***** Epoch 11 Val (windowed) *****
  loss: 0.0360 rmse: 0.164 r2: 0.674 corr: 0.834
********************
***** Epoch 11 Test (windowed) *****
  loss: 0.0410 rmse: 0.169 r2: 0.664 corr: 0.827
********************
  Epoch 11 done in 14.2s
  Saved best model → model/FIM_restoration_0412G_stations_monthly/2012/gat-rnn-v2-windowed_bs-128_lr-0.001_maxepoch-50_testyear-2012_win-3_nwin-10_seed-0/model-11

----- Epoch 12 (windowed) -----

###### Windowed train epoch 12 overall metrics
  loss: 0.1044 rmse: 0.166 r2: 0.673 corr: 0.824
***** Epoch 12 Val (windowed) *****
  loss: 0.0363 rmse: 0.173 r2: 0.637 corr: 0.836
********************
***** Epoch 12 Test (windowed) *****
  loss: 0.0428 rmse: 0.178 r2: 0.628 corr: 0.829
********************
  Epoch 12 done in 14.3s

----- Epoch 13 (windowed) -----

###### Windowed train epoch 13 overall metrics
  loss: 0.1017 rmse: 0.165 r2: 0.676 corr: 0.827
***** Epoch 13 Val (windowed) *****
  loss: 0.0346 rmse: 0.157 r2: 0.701 corr: 0.838
********************
***** Epoch 13 Test (windowed) *****
  loss: 0.0409 rmse: 0.165 r2: 0.679 corr: 0.824
********************
  Epoch 13 done in 14.1s
  Saved best model → model/FIM_restoration_0412G_stations_monthly/2012/gat-rnn-v2-windowed_bs-128_lr-0.001_maxepoch-50_testyear-2012_win-3_nwin-10_seed-0/model-13

----- Epoch 14 (windowed) -----

###### Windowed train epoch 14 overall metrics
  loss: 0.0997 rmse: 0.162 r2: 0.688 corr: 0.832
***** Epoch 14 Val (windowed) *****
  loss: 0.0323 rmse: 0.157 r2: 0.702 corr: 0.845
********************
***** Epoch 14 Test (windowed) *****
  loss: 0.0387 rmse: 0.164 r2: 0.684 corr: 0.833
********************
  Epoch 14 done in 14.3s
  Saved best model → model/FIM_restoration_0412G_stations_monthly/2012/gat-rnn-v2-windowed_bs-128_lr-0.001_maxepoch-50_testyear-2012_win-3_nwin-10_seed-0/model-14

----- Epoch 15 (windowed) -----

###### Windowed train epoch 15 overall metrics
  loss: 0.0977 rmse: 0.159 r2: 0.699 corr: 0.840
***** Epoch 15 Val (windowed) *****
  loss: 0.0324 rmse: 0.157 r2: 0.703 corr: 0.848
********************
***** Epoch 15 Test (windowed) *****
  loss: 0.0395 rmse: 0.164 r2: 0.684 corr: 0.835
********************
  Epoch 15 done in 14.8s
  Saved best model → model/FIM_restoration_0412G_stations_monthly/2012/gat-rnn-v2-windowed_bs-128_lr-0.001_maxepoch-50_testyear-2012_win-3_nwin-10_seed-0/model-15

----- Epoch 16 (windowed) -----

###### Windowed train epoch 16 overall metrics
  loss: 0.0968 rmse: 0.158 r2: 0.703 corr: 0.840
***** Epoch 16 Val (windowed) *****
  loss: 0.0323 rmse: 0.160 r2: 0.690 corr: 0.847
********************
***** Epoch 16 Test (windowed) *****
  loss: 0.0394 rmse: 0.167 r2: 0.671 corr: 0.831
********************
  Epoch 16 done in 14.8s

----- Epoch 17 (windowed) -----

###### Windowed train epoch 17 overall metrics
  loss: 0.0934 rmse: 0.155 r2: 0.713 corr: 0.847
***** Epoch 17 Val (windowed) *****
  loss: 0.0306 rmse: 0.156 r2: 0.708 corr: 0.852
********************
***** Epoch 17 Test (windowed) *****
  loss: 0.0387 rmse: 0.166 r2: 0.675 corr: 0.828
********************
  Epoch 17 done in 14.5s
  Saved best model → model/FIM_restoration_0412G_stations_monthly/2012/gat-rnn-v2-windowed_bs-128_lr-0.001_maxepoch-50_testyear-2012_win-3_nwin-10_seed-0/model-17

----- Epoch 18 (windowed) -----

###### Windowed train epoch 18 overall metrics
  loss: 0.0922 rmse: 0.155 r2: 0.715 corr: 0.850
***** Epoch 18 Val (windowed) *****
  loss: 0.0296 rmse: 0.151 r2: 0.726 corr: 0.856
********************
***** Epoch 18 Test (windowed) *****
  loss: 0.0385 rmse: 0.164 r2: 0.683 corr: 0.829
********************
  Epoch 18 done in 14.7s
  Saved best model → model/FIM_restoration_0412G_stations_monthly/2012/gat-rnn-v2-windowed_bs-128_lr-0.001_maxepoch-50_testyear-2012_win-3_nwin-10_seed-0/model-18

----- Epoch 19 (windowed) -----

###### Windowed train epoch 19 overall metrics
  loss: 0.0904 rmse: 0.153 r2: 0.722 corr: 0.851
***** Epoch 19 Val (windowed) *****
  loss: 0.0298 rmse: 0.153 r2: 0.718 corr: 0.854
********************
***** Epoch 19 Test (windowed) *****
  loss: 0.0404 rmse: 0.169 r2: 0.663 corr: 0.818
********************
  Epoch 19 done in 14.5s

----- Epoch 20 (windowed) -----

###### Windowed train epoch 20 overall metrics
  loss: 0.0902 rmse: 0.153 r2: 0.723 corr: 0.853
***** Epoch 20 Val (windowed) *****
  loss: 0.0288 rmse: 0.152 r2: 0.722 corr: 0.856
********************
***** Epoch 20 Test (windowed) *****
  loss: 0.0392 rmse: 0.164 r2: 0.684 corr: 0.831
********************
  Epoch 20 done in 14.8s

----- Epoch 21 (windowed) -----

###### Windowed train epoch 21 overall metrics
  loss: 0.0896 rmse: 0.152 r2: 0.725 corr: 0.853
***** Epoch 21 Val (windowed) *****
  loss: 0.0281 rmse: 0.147 r2: 0.738 corr: 0.861
********************
***** Epoch 21 Test (windowed) *****
  loss: 0.0392 rmse: 0.165 r2: 0.680 corr: 0.825
********************
  Epoch 21 done in 14.9s
  Saved best model → model/FIM_restoration_0412G_stations_monthly/2012/gat-rnn-v2-windowed_bs-128_lr-0.001_maxepoch-50_testyear-2012_win-3_nwin-10_seed-0/model-21

----- Epoch 22 (windowed) -----

###### Windowed train epoch 22 overall metrics
  loss: 0.0880 rmse: 0.151 r2: 0.729 corr: 0.856
***** Epoch 22 Val (windowed) *****
  loss: 0.0282 rmse: 0.146 r2: 0.743 corr: 0.865
********************
***** Epoch 22 Test (windowed) *****
  loss: 0.0380 rmse: 0.161 r2: 0.694 corr: 0.833
********************
  Epoch 22 done in 15.2s
  Saved best model → model/FIM_restoration_0412G_stations_monthly/2012/gat-rnn-v2-windowed_bs-128_lr-0.001_maxepoch-50_testyear-2012_win-3_nwin-10_seed-0/model-22

----- Epoch 23 (windowed) -----

###### Windowed train epoch 23 overall metrics
  loss: 0.0870 rmse: 0.149 r2: 0.736 corr: 0.860
***** Epoch 23 Val (windowed) *****
  loss: 0.0270 rmse: 0.143 r2: 0.753 corr: 0.869
********************
***** Epoch 23 Test (windowed) *****
  loss: 0.0385 rmse: 0.163 r2: 0.688 corr: 0.830
********************
  Epoch 23 done in 15.1s
  Saved best model → model/FIM_restoration_0412G_stations_monthly/2012/gat-rnn-v2-windowed_bs-128_lr-0.001_maxepoch-50_testyear-2012_win-3_nwin-10_seed-0/model-23

----- Epoch 24 (windowed) -----

###### Windowed train epoch 24 overall metrics
  loss: 0.0853 rmse: 0.148 r2: 0.741 corr: 0.862
***** Epoch 24 Val (windowed) *****
  loss: 0.0258 rmse: 0.141 r2: 0.759 corr: 0.874
********************
***** Epoch 24 Test (windowed) *****
  loss: 0.0383 rmse: 0.162 r2: 0.690 corr: 0.831
********************
  Epoch 24 done in 14.8s
  Saved best model → model/FIM_restoration_0412G_stations_monthly/2012/gat-rnn-v2-windowed_bs-128_lr-0.001_maxepoch-50_testyear-2012_win-3_nwin-10_seed-0/model-24

----- Epoch 25 (windowed) -----

###### Windowed train epoch 25 overall metrics
  loss: 0.0839 rmse: 0.146 r2: 0.748 corr: 0.867
***** Epoch 25 Val (windowed) *****
  loss: 0.0259 rmse: 0.143 r2: 0.754 corr: 0.874
********************
***** Epoch 25 Test (windowed) *****
  loss: 0.0380 rmse: 0.162 r2: 0.692 corr: 0.833
********************
  Epoch 25 done in 14.8s

----- Epoch 26 (windowed) -----

###### Windowed train epoch 26 overall metrics
  loss: 0.0838 rmse: 0.146 r2: 0.747 corr: 0.866
***** Epoch 26 Val (windowed) *****
  loss: 0.0254 rmse: 0.143 r2: 0.755 corr: 0.869
********************
***** Epoch 26 Test (windowed) *****
  loss: 0.0403 rmse: 0.173 r2: 0.649 corr: 0.814
********************
  Epoch 26 done in 14.9s

----- Epoch 27 (windowed) -----

###### Windowed train epoch 27 overall metrics
  loss: 0.0839 rmse: 0.146 r2: 0.746 corr: 0.866
***** Epoch 27 Val (windowed) *****
  loss: 0.0252 rmse: 0.141 r2: 0.760 corr: 0.877
********************
***** Epoch 27 Test (windowed) *****
  loss: 0.0395 rmse: 0.164 r2: 0.683 corr: 0.827
********************
  Epoch 27 done in 15.0s
  Saved best model → model/FIM_restoration_0412G_stations_monthly/2012/gat-rnn-v2-windowed_bs-128_lr-0.001_maxepoch-50_testyear-2012_win-3_nwin-10_seed-0/model-27

----- Epoch 28 (windowed) -----

###### Windowed train epoch 28 overall metrics
  loss: 0.0824 rmse: 0.143 r2: 0.757 corr: 0.872
***** Epoch 28 Val (windowed) *****
  loss: 0.0254 rmse: 0.141 r2: 0.760 corr: 0.876
********************
***** Epoch 28 Test (windowed) *****
  loss: 0.0409 rmse: 0.170 r2: 0.661 corr: 0.815
********************
  Epoch 28 done in 14.7s

----- Epoch 29 (windowed) -----

###### Windowed train epoch 29 overall metrics
  loss: 0.0815 rmse: 0.142 r2: 0.759 corr: 0.873
***** Epoch 29 Val (windowed) *****
  loss: 0.0255 rmse: 0.142 r2: 0.758 corr: 0.876
********************
***** Epoch 29 Test (windowed) *****
  loss: 0.0398 rmse: 0.168 r2: 0.668 corr: 0.821
********************
  Epoch 29 done in 14.9s

----- Epoch 30 (windowed) -----

###### Windowed train epoch 30 overall metrics
  loss: 0.0807 rmse: 0.141 r2: 0.763 corr: 0.875
***** Epoch 30 Val (windowed) *****
  loss: 0.0240 rmse: 0.138 r2: 0.769 corr: 0.880
********************
***** Epoch 30 Test (windowed) *****
  loss: 0.0382 rmse: 0.162 r2: 0.691 corr: 0.832
********************
  Epoch 30 done in 15.2s
  Saved best model → model/FIM_restoration_0412G_stations_monthly/2012/gat-rnn-v2-windowed_bs-128_lr-0.001_maxepoch-50_testyear-2012_win-3_nwin-10_seed-0/model-30

----- Epoch 31 (windowed) -----

###### Windowed train epoch 31 overall metrics
  loss: 0.0786 rmse: 0.140 r2: 0.767 corr: 0.877
***** Epoch 31 Val (windowed) *****
  loss: 0.0238 rmse: 0.139 r2: 0.767 corr: 0.882
********************
***** Epoch 31 Test (windowed) *****
  loss: 0.0389 rmse: 0.166 r2: 0.677 corr: 0.824
********************
  Epoch 31 done in 14.9s

----- Epoch 32 (windowed) -----

###### Windowed train epoch 32 overall metrics
  loss: 0.0784 rmse: 0.139 r2: 0.769 corr: 0.878
***** Epoch 32 Val (windowed) *****
  loss: 0.0228 rmse: 0.133 r2: 0.786 corr: 0.887
********************
***** Epoch 32 Test (windowed) *****
  loss: 0.0386 rmse: 0.165 r2: 0.678 corr: 0.826
********************
  Epoch 32 done in 14.4s
  Saved best model → model/FIM_restoration_0412G_stations_monthly/2012/gat-rnn-v2-windowed_bs-128_lr-0.001_maxepoch-50_testyear-2012_win-3_nwin-10_seed-0/model-32

----- Epoch 33 (windowed) -----

###### Windowed train epoch 33 overall metrics
  loss: 0.0764 rmse: 0.137 r2: 0.777 corr: 0.883
***** Epoch 33 Val (windowed) *****
  loss: 0.0222 rmse: 0.132 r2: 0.789 corr: 0.889
********************
***** Epoch 33 Test (windowed) *****
  loss: 0.0379 rmse: 0.164 r2: 0.682 corr: 0.830
********************
  Epoch 33 done in 14.1s
  Saved best model → model/FIM_restoration_0412G_stations_monthly/2012/gat-rnn-v2-windowed_bs-128_lr-0.001_maxepoch-50_testyear-2012_win-3_nwin-10_seed-0/model-33

----- Epoch 34 (windowed) -----

###### Windowed train epoch 34 overall metrics
  loss: 0.0758 rmse: 0.135 r2: 0.782 corr: 0.885
***** Epoch 34 Val (windowed) *****
  loss: 0.0225 rmse: 0.134 r2: 0.783 corr: 0.885
********************
***** Epoch 34 Test (windowed) *****
  loss: 0.0412 rmse: 0.176 r2: 0.634 corr: 0.807
********************
  Epoch 34 done in 15.1s

----- Epoch 35 (windowed) -----

###### Windowed train epoch 35 overall metrics
  loss: 0.0751 rmse: 0.135 r2: 0.782 corr: 0.885
***** Epoch 35 Val (windowed) *****
  loss: 0.0222 rmse: 0.134 r2: 0.782 corr: 0.891
********************
***** Epoch 35 Test (windowed) *****
  loss: 0.0397 rmse: 0.166 r2: 0.675 corr: 0.823
********************
  Epoch 35 done in 14.7s

----- Epoch 36 (windowed) -----

###### Windowed train epoch 36 overall metrics
  loss: 0.0753 rmse: 0.134 r2: 0.786 corr: 0.888
***** Epoch 36 Val (windowed) *****
  loss: 0.0228 rmse: 0.131 r2: 0.792 corr: 0.891
********************
***** Epoch 36 Test (windowed) *****
  loss: 0.0408 rmse: 0.171 r2: 0.655 corr: 0.815
********************
  Epoch 36 done in 14.0s
  Saved best model → model/FIM_restoration_0412G_stations_monthly/2012/gat-rnn-v2-windowed_bs-128_lr-0.001_maxepoch-50_testyear-2012_win-3_nwin-10_seed-0/model-36

----- Epoch 37 (windowed) -----

###### Windowed train epoch 37 overall metrics
  loss: 0.0743 rmse: 0.133 r2: 0.788 corr: 0.888
***** Epoch 37 Val (windowed) *****
  loss: 0.0211 rmse: 0.131 r2: 0.791 corr: 0.896
********************
***** Epoch 37 Test (windowed) *****
  loss: 0.0396 rmse: 0.167 r2: 0.671 corr: 0.822
********************
  Epoch 37 done in 13.8s

----- Epoch 38 (windowed) -----

###### Windowed train epoch 38 overall metrics
  loss: 0.0734 rmse: 0.133 r2: 0.789 corr: 0.889
***** Epoch 38 Val (windowed) *****
  loss: 0.0214 rmse: 0.130 r2: 0.795 corr: 0.894
********************
***** Epoch 38 Test (windowed) *****
  loss: 0.0405 rmse: 0.170 r2: 0.662 corr: 0.816
********************
  Epoch 38 done in 14.1s
  Saved best model → model/FIM_restoration_0412G_stations_monthly/2012/gat-rnn-v2-windowed_bs-128_lr-0.001_maxepoch-50_testyear-2012_win-3_nwin-10_seed-0/model-38

----- Epoch 39 (windowed) -----

###### Windowed train epoch 39 overall metrics
  loss: 0.0725 rmse: 0.132 r2: 0.792 corr: 0.891
***** Epoch 39 Val (windowed) *****
  loss: 0.0218 rmse: 0.133 r2: 0.788 corr: 0.897
********************
***** Epoch 39 Test (windowed) *****
  loss: 0.0393 rmse: 0.166 r2: 0.677 corr: 0.824
********************
  Epoch 39 done in 14.3s

----- Epoch 40 (windowed) -----

###### Windowed train epoch 40 overall metrics
  loss: 0.0720 rmse: 0.131 r2: 0.797 corr: 0.893
***** Epoch 40 Val (windowed) *****
  loss: 0.0212 rmse: 0.134 r2: 0.783 corr: 0.898
********************
***** Epoch 40 Test (windowed) *****
  loss: 0.0399 rmse: 0.167 r2: 0.671 corr: 0.822
********************
  Epoch 40 done in 13.6s

----- Epoch 41 (windowed) -----

###### Windowed train epoch 41 overall metrics
  loss: 0.0708 rmse: 0.131 r2: 0.797 corr: 0.894
***** Epoch 41 Val (windowed) *****
  loss: 0.0202 rmse: 0.126 r2: 0.807 corr: 0.900
********************
***** Epoch 41 Test (windowed) *****
  loss: 0.0390 rmse: 0.167 r2: 0.672 corr: 0.825
********************
  Epoch 41 done in 14.5s
  Saved best model → model/FIM_restoration_0412G_stations_monthly/2012/gat-rnn-v2-windowed_bs-128_lr-0.001_maxepoch-50_testyear-2012_win-3_nwin-10_seed-0/model-41

----- Epoch 42 (windowed) -----

###### Windowed train epoch 42 overall metrics
  loss: 0.0707 rmse: 0.130 r2: 0.798 corr: 0.895
***** Epoch 42 Val (windowed) *****
  loss: 0.0196 rmse: 0.127 r2: 0.806 corr: 0.902
********************
***** Epoch 42 Test (windowed) *****
  loss: 0.0396 rmse: 0.165 r2: 0.679 corr: 0.825
********************
  Epoch 42 done in 13.9s

----- Epoch 43 (windowed) -----

###### Windowed train epoch 43 overall metrics
  loss: 0.0703 rmse: 0.131 r2: 0.797 corr: 0.893
***** Epoch 43 Val (windowed) *****
  loss: 0.0226 rmse: 0.137 r2: 0.772 corr: 0.899
********************
***** Epoch 43 Test (windowed) *****
  loss: 0.0409 rmse: 0.170 r2: 0.659 corr: 0.815
********************
  Epoch 43 done in 13.4s

----- Epoch 44 (windowed) -----

###### Windowed train epoch 44 overall metrics
  loss: 0.0688 rmse: 0.128 r2: 0.806 corr: 0.900
***** Epoch 44 Val (windowed) *****
  loss: 0.0194 rmse: 0.124 r2: 0.816 corr: 0.905
********************
***** Epoch 44 Test (windowed) *****
  loss: 0.0398 rmse: 0.169 r2: 0.666 corr: 0.820
********************
  Epoch 44 done in 13.6s
  Saved best model → model/FIM_restoration_0412G_stations_monthly/2012/gat-rnn-v2-windowed_bs-128_lr-0.001_maxepoch-50_testyear-2012_win-3_nwin-10_seed-0/model-44

----- Epoch 45 (windowed) -----

###### Windowed train epoch 45 overall metrics
  loss: 0.0682 rmse: 0.127 r2: 0.809 corr: 0.901
***** Epoch 45 Val (windowed) *****
  loss: 0.0195 rmse: 0.123 r2: 0.818 corr: 0.905
********************
***** Epoch 45 Test (windowed) *****
  loss: 0.0406 rmse: 0.175 r2: 0.639 corr: 0.823
********************
  Epoch 45 done in 13.8s
  Saved best model → model/FIM_restoration_0412G_stations_monthly/2012/gat-rnn-v2-windowed_bs-128_lr-0.001_maxepoch-50_testyear-2012_win-3_nwin-10_seed-0/model-45

----- Epoch 46 (windowed) -----

###### Windowed train epoch 46 overall metrics
  loss: 0.0683 rmse: 0.128 r2: 0.804 corr: 0.897
***** Epoch 46 Val (windowed) *****
  loss: 0.0193 rmse: 0.122 r2: 0.820 corr: 0.906
********************
***** Epoch 46 Test (windowed) *****
  loss: 0.0397 rmse: 0.173 r2: 0.648 corr: 0.824
********************
  Epoch 46 done in 13.5s
  Saved best model → model/FIM_restoration_0412G_stations_monthly/2012/gat-rnn-v2-windowed_bs-128_lr-0.001_maxepoch-50_testyear-2012_win-3_nwin-10_seed-0/model-46

----- Epoch 47 (windowed) -----

###### Windowed train epoch 47 overall metrics
  loss: 0.0669 rmse: 0.126 r2: 0.813 corr: 0.903
***** Epoch 47 Val (windowed) *****
  loss: 0.0191 rmse: 0.123 r2: 0.817 corr: 0.905
********************
***** Epoch 47 Test (windowed) *****
  loss: 0.0402 rmse: 0.168 r2: 0.669 corr: 0.827
********************
  Epoch 47 done in 14.0s

----- Epoch 48 (windowed) -----

###### Windowed train epoch 48 overall metrics
  loss: 0.0665 rmse: 0.126 r2: 0.812 corr: 0.902
***** Epoch 48 Val (windowed) *****
  loss: 0.0184 rmse: 0.121 r2: 0.825 corr: 0.909
********************
***** Epoch 48 Test (windowed) *****
  loss: 0.0390 rmse: 0.167 r2: 0.671 corr: 0.830
********************
  Epoch 48 done in 14.2s
  Saved best model → model/FIM_restoration_0412G_stations_monthly/2012/gat-rnn-v2-windowed_bs-128_lr-0.001_maxepoch-50_testyear-2012_win-3_nwin-10_seed-0/model-48

----- Epoch 49 (windowed) -----

###### Windowed train epoch 49 overall metrics
  loss: 0.0664 rmse: 0.125 r2: 0.815 corr: 0.903
***** Epoch 49 Val (windowed) *****
  loss: 0.0181 rmse: 0.120 r2: 0.825 corr: 0.910
********************
***** Epoch 49 Test (windowed) *****
  loss: 0.0394 rmse: 0.167 r2: 0.671 corr: 0.825
********************
  Epoch 49 done in 13.6s
  Saved best model → model/FIM_restoration_0412G_stations_monthly/2012/gat-rnn-v2-windowed_bs-128_lr-0.001_maxepoch-50_testyear-2012_win-3_nwin-10_seed-0/model-49
Fold done — best val RMSE=0.1203 test R²=0.6711 corr=0.8254

================================================================
Rolling-windowed  test_year=2013
  Val  : 2012
  Test : 2013
  win_size=3  n_windows=10
================================================================
Initially data (54319, 166)
After filtering (31272, 166)
[transform] Applied root-4: y → expm1(log1p_y)^(1/4); new range [0.00, 5.54]
get_X_Y
X shape (31272, 152)
Y shape (31272, 12)
Y (output) means tensor([[0.1381, 0.0115, 0.2543, 0.1313, 0.0164, 0.0666, 0.1571, 0.0217, 0.0390,
         0.0118, 0.0351, 0.1433]]) stds tensor([[0.4149, 0.1224, 0.5465, 0.4430, 0.1423, 0.2876, 0.4496, 0.1684, 0.2346,
         0.1303, 0.2392, 0.4109]])
Y count-scale means tensor([[0.3129, 0.0247, 0.6062, 0.3622, 0.0336, 0.1478, 0.3719, 0.0471, 0.0944,
         0.0276, 0.1145, 0.3096]]) stds tensor([[1.1594, 0.2935, 1.8131, 1.7315, 0.3223, 1.1476, 1.3291, 0.4199, 0.7519,
         0.3384, 2.0402, 1.0448]])
/Users/liyingnceas/GitHub/GNN-RNN-main/gnn-lstm-v4/utils/data_utils.py:274: RuntimeWarning: Mean of empty slice
  np.nanmean(county_dict[county], axis=0).astype(np.float32)
Filled 78616 missing (node, year) entries from neighbors or year averages
[2D] Station nodes: 587, adj nnz: 2910
[build_year_XY_windowed] data_start=1998, min_pred_year=2009, test_year=2013, win_size=3, n_windows=10
  built windows for T=2009
[build_year_XY_windowed] built windowed XY for 5 prediction years (2009–2013)
  GAT_RNN_V2: edge_feat_dim=3, n_heads=4, n_hidden=64
  [Bayes] Species rarity weights (mean=1): min=0.64 max=1.31  (rarest=Centropomus undecimalis_SA)

----- Epoch 0 (windowed) -----

###### Windowed train epoch 0 overall metrics
  loss: 0.2565 rmse: 0.293 r2: -0.011 corr: 0.192
***** Epoch 0 Val (windowed) *****
  loss: 0.0912 rmse: 0.277 r2: 0.104 corr: 0.345
********************
***** Epoch 0 Test (windowed) *****
  loss: 0.0964 rmse: 0.291 r2: 0.096 corr: 0.341
********************
  Epoch 0 done in 17.7s
  Saved best model → model/FIM_restoration_0412G_stations_monthly/2013/gat-rnn-v2-windowed_bs-128_lr-0.001_maxepoch-50_testyear-2013_win-3_nwin-10_seed-0/model-0

----- Epoch 1 (windowed) -----

###### Windowed train epoch 1 overall metrics
  loss: 0.2088 rmse: 0.273 r2: 0.124 corr: 0.362
***** Epoch 1 Val (windowed) *****
  loss: 0.0817 rmse: 0.264 r2: 0.187 corr: 0.481
********************
***** Epoch 1 Test (windowed) *****
  loss: 0.0867 rmse: 0.277 r2: 0.178 corr: 0.482
********************
  Epoch 1 done in 17.3s
  Saved best model → model/FIM_restoration_0412G_stations_monthly/2013/gat-rnn-v2-windowed_bs-128_lr-0.001_maxepoch-50_testyear-2013_win-3_nwin-10_seed-0/model-1

----- Epoch 2 (windowed) -----

###### Windowed train epoch 2 overall metrics
  loss: 0.1873 rmse: 0.257 r2: 0.223 corr: 0.491
***** Epoch 2 Val (windowed) *****
  loss: 0.0728 rmse: 0.245 r2: 0.299 corr: 0.598
********************
***** Epoch 2 Test (windowed) *****
  loss: 0.0773 rmse: 0.257 r2: 0.292 corr: 0.604
********************
  Epoch 2 done in 18.0s
  Saved best model → model/FIM_restoration_0412G_stations_monthly/2013/gat-rnn-v2-windowed_bs-128_lr-0.001_maxepoch-50_testyear-2013_win-3_nwin-10_seed-0/model-2

----- Epoch 3 (windowed) -----

###### Windowed train epoch 3 overall metrics
  loss: 0.1725 rmse: 0.236 r2: 0.346 corr: 0.605
***** Epoch 3 Val (windowed) *****
  loss: 0.0642 rmse: 0.219 r2: 0.438 corr: 0.685
********************
***** Epoch 3 Test (windowed) *****
  loss: 0.0696 rmse: 0.233 r2: 0.418 corr: 0.674
********************
  Epoch 3 done in 19.5s
  Saved best model → model/FIM_restoration_0412G_stations_monthly/2013/gat-rnn-v2-windowed_bs-128_lr-0.001_maxepoch-50_testyear-2013_win-3_nwin-10_seed-0/model-3

----- Epoch 4 (windowed) -----

###### Windowed train epoch 4 overall metrics
  loss: 0.1555 rmse: 0.215 r2: 0.457 corr: 0.686
***** Epoch 4 Val (windowed) *****
  loss: 0.0590 rmse: 0.204 r2: 0.515 corr: 0.729
********************
***** Epoch 4 Test (windowed) *****
  loss: 0.0648 rmse: 0.220 r2: 0.481 corr: 0.707
********************
  Epoch 4 done in 19.9s
  Saved best model → model/FIM_restoration_0412G_stations_monthly/2013/gat-rnn-v2-windowed_bs-128_lr-0.001_maxepoch-50_testyear-2013_win-3_nwin-10_seed-0/model-4

----- Epoch 5 (windowed) -----

###### Windowed train epoch 5 overall metrics
  loss: 0.1424 rmse: 0.200 r2: 0.528 corr: 0.737
***** Epoch 5 Val (windowed) *****
  loss: 0.0551 rmse: 0.191 r2: 0.572 corr: 0.761
********************
***** Epoch 5 Test (windowed) *****
  loss: 0.0614 rmse: 0.212 r2: 0.521 corr: 0.728
********************
  Epoch 5 done in 18.6s
  Saved best model → model/FIM_restoration_0412G_stations_monthly/2013/gat-rnn-v2-windowed_bs-128_lr-0.001_maxepoch-50_testyear-2013_win-3_nwin-10_seed-0/model-5

----- Epoch 6 (windowed) -----

###### Windowed train epoch 6 overall metrics
  loss: 0.1341 rmse: 0.190 r2: 0.576 corr: 0.765
***** Epoch 6 Val (windowed) *****
  loss: 0.0499 rmse: 0.180 r2: 0.623 corr: 0.790
********************
***** Epoch 6 Test (windowed) *****
  loss: 0.0548 rmse: 0.199 r2: 0.576 corr: 0.760
********************
  Epoch 6 done in 19.1s
  Saved best model → model/FIM_restoration_0412G_stations_monthly/2013/gat-rnn-v2-windowed_bs-128_lr-0.001_maxepoch-50_testyear-2013_win-3_nwin-10_seed-0/model-6

----- Epoch 7 (windowed) -----

###### Windowed train epoch 7 overall metrics
  loss: 0.1245 rmse: 0.180 r2: 0.617 corr: 0.792
***** Epoch 7 Val (windowed) *****
  loss: 0.0476 rmse: 0.175 r2: 0.643 corr: 0.803
********************
***** Epoch 7 Test (windowed) *****
  loss: 0.0526 rmse: 0.197 r2: 0.586 corr: 0.769
********************
  Epoch 7 done in 18.7s
  Saved best model → model/FIM_restoration_0412G_stations_monthly/2013/gat-rnn-v2-windowed_bs-128_lr-0.001_maxepoch-50_testyear-2013_win-3_nwin-10_seed-0/model-7

----- Epoch 8 (windowed) -----

###### Windowed train epoch 8 overall metrics
  loss: 0.1183 rmse: 0.176 r2: 0.634 corr: 0.800
***** Epoch 8 Val (windowed) *****
  loss: 0.0449 rmse: 0.175 r2: 0.642 corr: 0.805
********************
***** Epoch 8 Test (windowed) *****
  loss: 0.0516 rmse: 0.196 r2: 0.587 corr: 0.773
********************
  Epoch 8 done in 18.4s

----- Epoch 9 (windowed) -----

###### Windowed train epoch 9 overall metrics
  loss: 0.1120 rmse: 0.171 r2: 0.656 corr: 0.813
***** Epoch 9 Val (windowed) *****
  loss: 0.0399 rmse: 0.162 r2: 0.694 corr: 0.839
********************
***** Epoch 9 Test (windowed) *****
  loss: 0.0471 rmse: 0.189 r2: 0.620 corr: 0.795
********************
  Epoch 9 done in 19.0s
  Saved best model → model/FIM_restoration_0412G_stations_monthly/2013/gat-rnn-v2-windowed_bs-128_lr-0.001_maxepoch-50_testyear-2013_win-3_nwin-10_seed-0/model-9

----- Epoch 10 (windowed) -----

###### Windowed train epoch 10 overall metrics
  loss: 0.1064 rmse: 0.166 r2: 0.676 corr: 0.825
***** Epoch 10 Val (windowed) *****
  loss: 0.0392 rmse: 0.164 r2: 0.685 corr: 0.843
********************
***** Epoch 10 Test (windowed) *****
  loss: 0.0464 rmse: 0.191 r2: 0.612 corr: 0.799
********************
  Epoch 10 done in 18.7s

----- Epoch 11 (windowed) -----

###### Windowed train epoch 11 overall metrics
  loss: 0.1025 rmse: 0.163 r2: 0.687 corr: 0.833
***** Epoch 11 Val (windowed) *****
  loss: 0.0374 rmse: 0.157 r2: 0.711 corr: 0.852
********************
***** Epoch 11 Test (windowed) *****
  loss: 0.0444 rmse: 0.184 r2: 0.639 corr: 0.810
********************
  Epoch 11 done in 18.9s
  Saved best model → model/FIM_restoration_0412G_stations_monthly/2013/gat-rnn-v2-windowed_bs-128_lr-0.001_maxepoch-50_testyear-2013_win-3_nwin-10_seed-0/model-11

----- Epoch 12 (windowed) -----

###### Windowed train epoch 12 overall metrics
  loss: 0.1014 rmse: 0.161 r2: 0.693 corr: 0.835
***** Epoch 12 Val (windowed) *****
  loss: 0.0366 rmse: 0.154 r2: 0.723 corr: 0.853
********************
***** Epoch 12 Test (windowed) *****
  loss: 0.0447 rmse: 0.184 r2: 0.637 corr: 0.802
********************
  Epoch 12 done in 18.5s
  Saved best model → model/FIM_restoration_0412G_stations_monthly/2013/gat-rnn-v2-windowed_bs-128_lr-0.001_maxepoch-50_testyear-2013_win-3_nwin-10_seed-0/model-12

----- Epoch 13 (windowed) -----

###### Windowed train epoch 13 overall metrics
  loss: 0.0986 rmse: 0.160 r2: 0.698 corr: 0.837
***** Epoch 13 Val (windowed) *****
  loss: 0.0353 rmse: 0.152 r2: 0.729 corr: 0.857
********************
***** Epoch 13 Test (windowed) *****
  loss: 0.0432 rmse: 0.182 r2: 0.647 corr: 0.809
********************
  Epoch 13 done in 18.7s
  Saved best model → model/FIM_restoration_0412G_stations_monthly/2013/gat-rnn-v2-windowed_bs-128_lr-0.001_maxepoch-50_testyear-2013_win-3_nwin-10_seed-0/model-13

----- Epoch 14 (windowed) -----

###### Windowed train epoch 14 overall metrics
  loss: 0.0967 rmse: 0.157 r2: 0.709 corr: 0.845
***** Epoch 14 Val (windowed) *****
  loss: 0.0348 rmse: 0.152 r2: 0.729 corr: 0.856
********************
***** Epoch 14 Test (windowed) *****
  loss: 0.0431 rmse: 0.182 r2: 0.647 corr: 0.807
********************
  Epoch 14 done in 19.3s

----- Epoch 15 (windowed) -----

###### Windowed train epoch 15 overall metrics
  loss: 0.0957 rmse: 0.156 r2: 0.712 corr: 0.846
***** Epoch 15 Val (windowed) *****
  loss: 0.0347 rmse: 0.154 r2: 0.721 corr: 0.859
********************
***** Epoch 15 Test (windowed) *****
  loss: 0.0434 rmse: 0.185 r2: 0.636 corr: 0.811
********************
  Epoch 15 done in 18.4s

----- Epoch 16 (windowed) -----

###### Windowed train epoch 16 overall metrics
  loss: 0.0936 rmse: 0.156 r2: 0.715 corr: 0.847
***** Epoch 16 Val (windowed) *****
  loss: 0.0334 rmse: 0.149 r2: 0.740 corr: 0.865
********************
***** Epoch 16 Test (windowed) *****
  loss: 0.0434 rmse: 0.182 r2: 0.647 corr: 0.812
********************
  Epoch 16 done in 19.4s
  Saved best model → model/FIM_restoration_0412G_stations_monthly/2013/gat-rnn-v2-windowed_bs-128_lr-0.001_maxepoch-50_testyear-2013_win-3_nwin-10_seed-0/model-16

----- Epoch 17 (windowed) -----

###### Windowed train epoch 17 overall metrics
  loss: 0.0915 rmse: 0.155 r2: 0.718 corr: 0.850
***** Epoch 17 Val (windowed) *****
  loss: 0.0324 rmse: 0.148 r2: 0.744 corr: 0.865
********************
***** Epoch 17 Test (windowed) *****
  loss: 0.0432 rmse: 0.182 r2: 0.646 corr: 0.808
********************
  Epoch 17 done in 19.7s
  Saved best model → model/FIM_restoration_0412G_stations_monthly/2013/gat-rnn-v2-windowed_bs-128_lr-0.001_maxepoch-50_testyear-2013_win-3_nwin-10_seed-0/model-17

----- Epoch 18 (windowed) -----

###### Windowed train epoch 18 overall metrics
  loss: 0.0898 rmse: 0.153 r2: 0.724 corr: 0.853
***** Epoch 18 Val (windowed) *****
  loss: 0.0315 rmse: 0.145 r2: 0.753 corr: 0.869
********************
***** Epoch 18 Test (windowed) *****
  loss: 0.0416 rmse: 0.177 r2: 0.665 corr: 0.817
********************
  Epoch 18 done in 19.1s
  Saved best model → model/FIM_restoration_0412G_stations_monthly/2013/gat-rnn-v2-windowed_bs-128_lr-0.001_maxepoch-50_testyear-2013_win-3_nwin-10_seed-0/model-18

----- Epoch 19 (windowed) -----

###### Windowed train epoch 19 overall metrics
  loss: 0.0893 rmse: 0.151 r2: 0.731 corr: 0.857
***** Epoch 19 Val (windowed) *****
  loss: 0.0314 rmse: 0.147 r2: 0.748 corr: 0.871
********************
***** Epoch 19 Test (windowed) *****
  loss: 0.0429 rmse: 0.182 r2: 0.645 corr: 0.811
********************
  Epoch 19 done in 19.1s

----- Epoch 20 (windowed) -----

###### Windowed train epoch 20 overall metrics
  loss: 0.0886 rmse: 0.151 r2: 0.732 corr: 0.858
***** Epoch 20 Val (windowed) *****
  loss: 0.0302 rmse: 0.142 r2: 0.763 corr: 0.874
********************
***** Epoch 20 Test (windowed) *****
  loss: 0.0427 rmse: 0.178 r2: 0.660 corr: 0.813
********************
  Epoch 20 done in 18.8s
  Saved best model → model/FIM_restoration_0412G_stations_monthly/2013/gat-rnn-v2-windowed_bs-128_lr-0.001_maxepoch-50_testyear-2013_win-3_nwin-10_seed-0/model-20

----- Epoch 21 (windowed) -----

###### Windowed train epoch 21 overall metrics
  loss: 0.0866 rmse: 0.148 r2: 0.741 corr: 0.862
***** Epoch 21 Val (windowed) *****
  loss: 0.0294 rmse: 0.143 r2: 0.761 corr: 0.879
********************
***** Epoch 21 Test (windowed) *****
  loss: 0.0418 rmse: 0.181 r2: 0.651 corr: 0.812
********************
  Epoch 21 done in 17.8s

----- Epoch 22 (windowed) -----

###### Windowed train epoch 22 overall metrics
  loss: 0.0848 rmse: 0.146 r2: 0.749 corr: 0.868
***** Epoch 22 Val (windowed) *****
  loss: 0.0287 rmse: 0.139 r2: 0.774 corr: 0.880
********************
***** Epoch 22 Test (windowed) *****
  loss: 0.0420 rmse: 0.177 r2: 0.665 corr: 0.816
********************
  Epoch 22 done in 18.8s
  Saved best model → model/FIM_restoration_0412G_stations_monthly/2013/gat-rnn-v2-windowed_bs-128_lr-0.001_maxepoch-50_testyear-2013_win-3_nwin-10_seed-0/model-22

----- Epoch 23 (windowed) -----

###### Windowed train epoch 23 overall metrics
  loss: 0.0836 rmse: 0.145 r2: 0.751 corr: 0.868
***** Epoch 23 Val (windowed) *****
  loss: 0.0290 rmse: 0.142 r2: 0.764 corr: 0.879
********************
***** Epoch 23 Test (windowed) *****
  loss: 0.0432 rmse: 0.182 r2: 0.645 corr: 0.807
********************
  Epoch 23 done in 19.4s

----- Epoch 24 (windowed) -----

###### Windowed train epoch 24 overall metrics
  loss: 0.0835 rmse: 0.146 r2: 0.748 corr: 0.867
***** Epoch 24 Val (windowed) *****
  loss: 0.0291 rmse: 0.142 r2: 0.764 corr: 0.875
********************
***** Epoch 24 Test (windowed) *****
  loss: 0.0437 rmse: 0.185 r2: 0.636 corr: 0.800
********************
  Epoch 24 done in 19.2s

----- Epoch 25 (windowed) -----

###### Windowed train epoch 25 overall metrics
  loss: 0.0832 rmse: 0.147 r2: 0.746 corr: 0.864
***** Epoch 25 Val (windowed) *****
  loss: 0.0277 rmse: 0.138 r2: 0.778 corr: 0.886
********************
***** Epoch 25 Test (windowed) *****
  loss: 0.0433 rmse: 0.181 r2: 0.650 corr: 0.808
********************
  Epoch 25 done in 19.4s
  Saved best model → model/FIM_restoration_0412G_stations_monthly/2013/gat-rnn-v2-windowed_bs-128_lr-0.001_maxepoch-50_testyear-2013_win-3_nwin-10_seed-0/model-25

----- Epoch 26 (windowed) -----

###### Windowed train epoch 26 overall metrics
  loss: 0.0818 rmse: 0.144 r2: 0.756 corr: 0.871
***** Epoch 26 Val (windowed) *****
  loss: 0.0274 rmse: 0.136 r2: 0.783 corr: 0.885
********************
***** Epoch 26 Test (windowed) *****
  loss: 0.0428 rmse: 0.179 r2: 0.656 corr: 0.811
********************
  Epoch 26 done in 18.0s
  Saved best model → model/FIM_restoration_0412G_stations_monthly/2013/gat-rnn-v2-windowed_bs-128_lr-0.001_maxepoch-50_testyear-2013_win-3_nwin-10_seed-0/model-26

----- Epoch 27 (windowed) -----

###### Windowed train epoch 27 overall metrics
  loss: 0.0800 rmse: 0.141 r2: 0.766 corr: 0.876
***** Epoch 27 Val (windowed) *****
  loss: 0.0277 rmse: 0.140 r2: 0.769 corr: 0.887
********************
***** Epoch 27 Test (windowed) *****
  loss: 0.0434 rmse: 0.182 r2: 0.644 corr: 0.812
********************
  Epoch 27 done in 17.5s

----- Epoch 28 (windowed) -----

###### Windowed train epoch 28 overall metrics
  loss: 0.0794 rmse: 0.142 r2: 0.763 corr: 0.875
***** Epoch 28 Val (windowed) *****
  loss: 0.0274 rmse: 0.138 r2: 0.778 corr: 0.889
********************
***** Epoch 28 Test (windowed) *****
  loss: 0.0435 rmse: 0.181 r2: 0.649 corr: 0.811
********************
  Epoch 28 done in 18.6s

----- Epoch 29 (windowed) -----

###### Windowed train epoch 29 overall metrics
  loss: 0.0787 rmse: 0.139 r2: 0.771 corr: 0.879
***** Epoch 29 Val (windowed) *****
  loss: 0.0260 rmse: 0.135 r2: 0.786 corr: 0.888
********************
***** Epoch 29 Test (windowed) *****
  loss: 0.0424 rmse: 0.179 r2: 0.656 corr: 0.810
********************
  Epoch 29 done in 19.1s
  Saved best model → model/FIM_restoration_0412G_stations_monthly/2013/gat-rnn-v2-windowed_bs-128_lr-0.001_maxepoch-50_testyear-2013_win-3_nwin-10_seed-0/model-29

----- Epoch 30 (windowed) -----

###### Windowed train epoch 30 overall metrics
  loss: 0.0774 rmse: 0.139 r2: 0.772 corr: 0.881
***** Epoch 30 Val (windowed) *****
  loss: 0.0248 rmse: 0.131 r2: 0.799 corr: 0.894
********************
***** Epoch 30 Test (windowed) *****
  loss: 0.0415 rmse: 0.179 r2: 0.659 corr: 0.813
********************
  Epoch 30 done in 18.5s
  Saved best model → model/FIM_restoration_0412G_stations_monthly/2013/gat-rnn-v2-windowed_bs-128_lr-0.001_maxepoch-50_testyear-2013_win-3_nwin-10_seed-0/model-30

----- Epoch 31 (windowed) -----

###### Windowed train epoch 31 overall metrics
  loss: 0.0760 rmse: 0.137 r2: 0.779 corr: 0.884
***** Epoch 31 Val (windowed) *****
  loss: 0.0249 rmse: 0.131 r2: 0.799 corr: 0.894
********************
***** Epoch 31 Test (windowed) *****
  loss: 0.0428 rmse: 0.178 r2: 0.661 corr: 0.814
********************
  Epoch 31 done in 18.7s
  Saved best model → model/FIM_restoration_0412G_stations_monthly/2013/gat-rnn-v2-windowed_bs-128_lr-0.001_maxepoch-50_testyear-2013_win-3_nwin-10_seed-0/model-31

----- Epoch 32 (windowed) -----

###### Windowed train epoch 32 overall metrics
  loss: 0.0746 rmse: 0.135 r2: 0.784 corr: 0.887
***** Epoch 32 Val (windowed) *****
  loss: 0.0239 rmse: 0.128 r2: 0.807 corr: 0.899
********************
***** Epoch 32 Test (windowed) *****
  loss: 0.0421 rmse: 0.177 r2: 0.664 corr: 0.815
********************
  Epoch 32 done in 17.8s
  Saved best model → model/FIM_restoration_0412G_stations_monthly/2013/gat-rnn-v2-windowed_bs-128_lr-0.001_maxepoch-50_testyear-2013_win-3_nwin-10_seed-0/model-32

----- Epoch 33 (windowed) -----

###### Windowed train epoch 33 overall metrics
  loss: 0.0744 rmse: 0.136 r2: 0.783 corr: 0.886
***** Epoch 33 Val (windowed) *****
  loss: 0.0236 rmse: 0.129 r2: 0.806 corr: 0.898
********************
***** Epoch 33 Test (windowed) *****
  loss: 0.0425 rmse: 0.179 r2: 0.657 corr: 0.814
********************
  Epoch 33 done in 18.4s

----- Epoch 34 (windowed) -----

###### Windowed train epoch 34 overall metrics
  loss: 0.0733 rmse: 0.134 r2: 0.789 corr: 0.889
***** Epoch 34 Val (windowed) *****
  loss: 0.0241 rmse: 0.131 r2: 0.800 corr: 0.898
********************
***** Epoch 34 Test (windowed) *****
  loss: 0.0422 rmse: 0.179 r2: 0.656 corr: 0.812
********************
  Epoch 34 done in 18.7s

----- Epoch 35 (windowed) -----

###### Windowed train epoch 35 overall metrics
  loss: 0.0723 rmse: 0.134 r2: 0.789 corr: 0.890
***** Epoch 35 Val (windowed) *****
  loss: 0.0236 rmse: 0.130 r2: 0.803 corr: 0.898
********************
***** Epoch 35 Test (windowed) *****
  loss: 0.0427 rmse: 0.181 r2: 0.650 corr: 0.808
********************
  Epoch 35 done in 18.5s

----- Epoch 36 (windowed) -----

###### Windowed train epoch 36 overall metrics
  loss: 0.0714 rmse: 0.133 r2: 0.793 corr: 0.892
***** Epoch 36 Val (windowed) *****
  loss: 0.0228 rmse: 0.126 r2: 0.816 corr: 0.903
********************
***** Epoch 36 Test (windowed) *****
  loss: 0.0423 rmse: 0.179 r2: 0.656 corr: 0.811
********************
  Epoch 36 done in 19.3s
  Saved best model → model/FIM_restoration_0412G_stations_monthly/2013/gat-rnn-v2-windowed_bs-128_lr-0.001_maxepoch-50_testyear-2013_win-3_nwin-10_seed-0/model-36

----- Epoch 37 (windowed) -----

###### Windowed train epoch 37 overall metrics
  loss: 0.0713 rmse: 0.133 r2: 0.791 corr: 0.890
***** Epoch 37 Val (windowed) *****
  loss: 0.0225 rmse: 0.126 r2: 0.814 corr: 0.903
********************
***** Epoch 37 Test (windowed) *****
  loss: 0.0423 rmse: 0.178 r2: 0.660 corr: 0.813
********************
  Epoch 37 done in 17.5s

----- Epoch 38 (windowed) -----

###### Windowed train epoch 38 overall metrics
  loss: 0.0704 rmse: 0.131 r2: 0.799 corr: 0.895
***** Epoch 38 Val (windowed) *****
  loss: 0.0219 rmse: 0.124 r2: 0.819 corr: 0.906
********************
***** Epoch 38 Test (windowed) *****
  loss: 0.0423 rmse: 0.178 r2: 0.659 corr: 0.813
********************
  Epoch 38 done in 18.1s
  Saved best model → model/FIM_restoration_0412G_stations_monthly/2013/gat-rnn-v2-windowed_bs-128_lr-0.001_maxepoch-50_testyear-2013_win-3_nwin-10_seed-0/model-38

----- Epoch 39 (windowed) -----

###### Windowed train epoch 39 overall metrics
  loss: 0.0697 rmse: 0.130 r2: 0.801 corr: 0.896
***** Epoch 39 Val (windowed) *****
  loss: 0.0269 rmse: 0.139 r2: 0.774 corr: 0.900
********************
***** Epoch 39 Test (windowed) *****
  loss: 0.0449 rmse: 0.186 r2: 0.629 corr: 0.805
********************
  Epoch 39 done in 18.2s

----- Epoch 40 (windowed) -----

###### Windowed train epoch 40 overall metrics
  loss: 0.0689 rmse: 0.130 r2: 0.802 corr: 0.897
***** Epoch 40 Val (windowed) *****
  loss: 0.0217 rmse: 0.123 r2: 0.822 corr: 0.907
********************
***** Epoch 40 Test (windowed) *****
  loss: 0.0436 rmse: 0.180 r2: 0.653 corr: 0.813
********************
  Epoch 40 done in 18.4s
  Saved best model → model/FIM_restoration_0412G_stations_monthly/2013/gat-rnn-v2-windowed_bs-128_lr-0.001_maxepoch-50_testyear-2013_win-3_nwin-10_seed-0/model-40

----- Epoch 41 (windowed) -----

###### Windowed train epoch 41 overall metrics
  loss: 0.0689 rmse: 0.129 r2: 0.803 corr: 0.897
***** Epoch 41 Val (windowed) *****
  loss: 0.0213 rmse: 0.126 r2: 0.814 corr: 0.904
********************
***** Epoch 41 Test (windowed) *****
  loss: 0.0429 rmse: 0.181 r2: 0.651 corr: 0.807
********************
  Epoch 41 done in 18.4s

----- Epoch 42 (windowed) -----

###### Windowed train epoch 42 overall metrics
  loss: 0.0683 rmse: 0.129 r2: 0.803 corr: 0.897
***** Epoch 42 Val (windowed) *****
  loss: 0.0214 rmse: 0.125 r2: 0.818 corr: 0.909
********************
***** Epoch 42 Test (windowed) *****
  loss: 0.0422 rmse: 0.181 r2: 0.650 corr: 0.807
********************
  Epoch 42 done in 19.3s

----- Epoch 43 (windowed) -----

###### Windowed train epoch 43 overall metrics
  loss: 0.0674 rmse: 0.128 r2: 0.807 corr: 0.899
***** Epoch 43 Val (windowed) *****
  loss: 0.0210 rmse: 0.124 r2: 0.821 corr: 0.911
********************
***** Epoch 43 Test (windowed) *****
  loss: 0.0425 rmse: 0.181 r2: 0.649 corr: 0.808
********************
  Epoch 43 done in 18.4s

----- Epoch 44 (windowed) -----

###### Windowed train epoch 44 overall metrics
  loss: 0.0667 rmse: 0.127 r2: 0.809 corr: 0.900
***** Epoch 44 Val (windowed) *****
  loss: 0.0208 rmse: 0.123 r2: 0.822 corr: 0.909
********************
***** Epoch 44 Test (windowed) *****
  loss: 0.0429 rmse: 0.180 r2: 0.655 corr: 0.810
********************
  Epoch 44 done in 18.5s
  Saved best model → model/FIM_restoration_0412G_stations_monthly/2013/gat-rnn-v2-windowed_bs-128_lr-0.001_maxepoch-50_testyear-2013_win-3_nwin-10_seed-0/model-44

----- Epoch 45 (windowed) -----

###### Windowed train epoch 45 overall metrics
  loss: 0.0662 rmse: 0.126 r2: 0.812 corr: 0.901
***** Epoch 45 Val (windowed) *****
  loss: 0.0203 rmse: 0.120 r2: 0.832 corr: 0.912
********************
***** Epoch 45 Test (windowed) *****
  loss: 0.0433 rmse: 0.181 r2: 0.650 corr: 0.810
********************
  Epoch 45 done in 18.7s
  Saved best model → model/FIM_restoration_0412G_stations_monthly/2013/gat-rnn-v2-windowed_bs-128_lr-0.001_maxepoch-50_testyear-2013_win-3_nwin-10_seed-0/model-45

----- Epoch 46 (windowed) -----

###### Windowed train epoch 46 overall metrics
  loss: 0.0660 rmse: 0.128 r2: 0.808 corr: 0.900
***** Epoch 46 Val (windowed) *****
  loss: 0.0206 rmse: 0.123 r2: 0.823 corr: 0.908
********************
***** Epoch 46 Test (windowed) *****
  loss: 0.0444 rmse: 0.184 r2: 0.636 corr: 0.805
********************
  Epoch 46 done in 18.7s

----- Epoch 47 (windowed) -----

###### Windowed train epoch 47 overall metrics
  loss: 0.0652 rmse: 0.125 r2: 0.815 corr: 0.903
***** Epoch 47 Val (windowed) *****
  loss: 0.0201 rmse: 0.120 r2: 0.831 corr: 0.912
********************
***** Epoch 47 Test (windowed) *****
  loss: 0.0433 rmse: 0.180 r2: 0.651 corr: 0.809
********************
  Epoch 47 done in 18.6s

----- Epoch 48 (windowed) -----

###### Windowed train epoch 48 overall metrics
  loss: 0.0643 rmse: 0.124 r2: 0.819 corr: 0.906
***** Epoch 48 Val (windowed) *****
  loss: 0.0198 rmse: 0.118 r2: 0.838 corr: 0.916
********************
***** Epoch 48 Test (windowed) *****
  loss: 0.0436 rmse: 0.182 r2: 0.646 corr: 0.807
********************
  Epoch 48 done in 18.5s
  Saved best model → model/FIM_restoration_0412G_stations_monthly/2013/gat-rnn-v2-windowed_bs-128_lr-0.001_maxepoch-50_testyear-2013_win-3_nwin-10_seed-0/model-48

----- Epoch 49 (windowed) -----

###### Windowed train epoch 49 overall metrics
  loss: 0.0636 rmse: 0.124 r2: 0.818 corr: 0.905
***** Epoch 49 Val (windowed) *****
  loss: 0.0200 rmse: 0.123 r2: 0.822 corr: 0.913
********************
***** Epoch 49 Test (windowed) *****
  loss: 0.0429 rmse: 0.182 r2: 0.644 corr: 0.804
********************
  Epoch 49 done in 18.6s
Fold done — best val RMSE=0.1175 test R²=0.6463 corr=0.8070

================================================================
Rolling-windowed  test_year=2014
  Val  : 2013
  Test : 2014
  win_size=3  n_windows=10
================================================================
Initially data (54319, 166)
After filtering (33349, 166)
[transform] Applied root-4: y → expm1(log1p_y)^(1/4); new range [0.00, 5.54]
get_X_Y
X shape (33349, 152)
Y shape (33349, 12)
Y (output) means tensor([[0.1383, 0.0116, 0.2508, 0.1303, 0.0171, 0.0666, 0.1564, 0.0234, 0.0396,
         0.0114, 0.0342, 0.1430]]) stds tensor([[0.4141, 0.1224, 0.5427, 0.4405, 0.1452, 0.2875, 0.4480, 0.1757, 0.2360,
         0.1273, 0.2354, 0.4104]])
Y count-scale means tensor([[0.3117, 0.0247, 0.5959, 0.3574, 0.0350, 0.1473, 0.3690, 0.0513, 0.0952,
         0.0263, 0.1100, 0.3088]]) stds tensor([[1.1449, 0.2921, 1.7922, 1.7020, 0.3293, 1.1193, 1.3159, 0.4428, 0.7431,
         0.3289, 1.9698, 1.0465]])
/Users/liyingnceas/GitHub/GNN-RNN-main/gnn-lstm-v4/utils/data_utils.py:274: RuntimeWarning: Mean of empty slice
  np.nanmean(county_dict[county], axis=0).astype(np.float32)
Filled 83815 missing (node, year) entries from neighbors or year averages
[2D] Station nodes: 587, adj nnz: 2910
[build_year_XY_windowed] data_start=1998, min_pred_year=2009, test_year=2014, win_size=3, n_windows=10
  built windows for T=2009
  built windows for T=2014
[build_year_XY_windowed] built windowed XY for 6 prediction years (2009–2014)
  GAT_RNN_V2: edge_feat_dim=3, n_heads=4, n_hidden=64
  [Bayes] Species rarity weights (mean=1): min=0.64 max=1.31  (rarest=Centropomus undecimalis_SA)

----- Epoch 0 (windowed) -----

###### Windowed train epoch 0 overall metrics
  loss: 0.2181 rmse: 0.281 r2: 0.090 corr: 0.316
***** Epoch 0 Val (windowed) *****
  loss: 0.0881 rmse: 0.272 r2: 0.210 corr: 0.480
********************
***** Epoch 0 Test (windowed) *****
  loss: 0.1003 rmse: 0.287 r2: 0.196 corr: 0.468
********************
  Epoch 0 done in 20.8s
  Saved best model → model/FIM_restoration_0412G_stations_monthly/2014/gat-rnn-v2-windowed_bs-128_lr-0.001_maxepoch-50_testyear-2014_win-3_nwin-10_seed-0/model-0

----- Epoch 1 (windowed) -----

###### Windowed train epoch 1 overall metrics
  loss: 0.1874 rmse: 0.254 r2: 0.259 corr: 0.530
***** Epoch 1 Val (windowed) *****
  loss: 0.0766 rmse: 0.253 r2: 0.317 corr: 0.614
********************
***** Epoch 1 Test (windowed) *****
  loss: 0.0868 rmse: 0.266 r2: 0.308 corr: 0.611
********************
  Epoch 1 done in 21.5s
  Saved best model → model/FIM_restoration_0412G_stations_monthly/2014/gat-rnn-v2-windowed_bs-128_lr-0.001_maxepoch-50_testyear-2014_win-3_nwin-10_seed-0/model-1

----- Epoch 2 (windowed) -----

###### Windowed train epoch 2 overall metrics
  loss: 0.1656 rmse: 0.229 r2: 0.393 corr: 0.638
***** Epoch 2 Val (windowed) *****
  loss: 0.0657 rmse: 0.229 r2: 0.441 corr: 0.704
********************
***** Epoch 2 Test (windowed) *****
  loss: 0.0742 rmse: 0.241 r2: 0.432 corr: 0.696
********************
  Epoch 2 done in 21.5s
  Saved best model → model/FIM_restoration_0412G_stations_monthly/2014/gat-rnn-v2-windowed_bs-128_lr-0.001_maxepoch-50_testyear-2014_win-3_nwin-10_seed-0/model-2

----- Epoch 3 (windowed) -----

###### Windowed train epoch 3 overall metrics
  loss: 0.1486 rmse: 0.210 r2: 0.491 corr: 0.711
***** Epoch 3 Val (windowed) *****
  loss: 0.0609 rmse: 0.216 r2: 0.502 corr: 0.736
********************
***** Epoch 3 Test (windowed) *****
  loss: 0.0684 rmse: 0.228 r2: 0.495 corr: 0.730
********************
  Epoch 3 done in 21.4s
  Saved best model → model/FIM_restoration_0412G_stations_monthly/2014/gat-rnn-v2-windowed_bs-128_lr-0.001_maxepoch-50_testyear-2014_win-3_nwin-10_seed-0/model-3

----- Epoch 4 (windowed) -----

###### Windowed train epoch 4 overall metrics
  loss: 0.1361 rmse: 0.198 r2: 0.550 corr: 0.747
***** Epoch 4 Val (windowed) *****
  loss: 0.0552 rmse: 0.206 r2: 0.545 corr: 0.775
********************
***** Epoch 4 Test (windowed) *****
  loss: 0.0637 rmse: 0.221 r2: 0.523 corr: 0.764
********************
  Epoch 4 done in 22.1s
  Saved best model → model/FIM_restoration_0412G_stations_monthly/2014/gat-rnn-v2-windowed_bs-128_lr-0.001_maxepoch-50_testyear-2014_win-3_nwin-10_seed-0/model-4

----- Epoch 5 (windowed) -----

###### Windowed train epoch 5 overall metrics
  loss: 0.1287 rmse: 0.189 r2: 0.590 corr: 0.773
***** Epoch 5 Val (windowed) *****
  loss: 0.0495 rmse: 0.193 r2: 0.600 corr: 0.791
********************
***** Epoch 5 Test (windowed) *****
  loss: 0.0577 rmse: 0.207 r2: 0.581 corr: 0.784
********************
  Epoch 5 done in 21.5s
  Saved best model → model/FIM_restoration_0412G_stations_monthly/2014/gat-rnn-v2-windowed_bs-128_lr-0.001_maxepoch-50_testyear-2014_win-3_nwin-10_seed-0/model-5

----- Epoch 6 (windowed) -----

###### Windowed train epoch 6 overall metrics
  loss: 0.1188 rmse: 0.179 r2: 0.630 corr: 0.798
***** Epoch 6 Val (windowed) *****
  loss: 0.0490 rmse: 0.186 r2: 0.629 corr: 0.797
********************
***** Epoch 6 Test (windowed) *****
  loss: 0.0548 rmse: 0.202 r2: 0.600 corr: 0.781
********************
  Epoch 6 done in 21.5s
  Saved best model → model/FIM_restoration_0412G_stations_monthly/2014/gat-rnn-v2-windowed_bs-128_lr-0.001_maxepoch-50_testyear-2014_win-3_nwin-10_seed-0/model-6

----- Epoch 7 (windowed) -----

###### Windowed train epoch 7 overall metrics
  loss: 0.1114 rmse: 0.172 r2: 0.657 corr: 0.813
***** Epoch 7 Val (windowed) *****
  loss: 0.0452 rmse: 0.185 r2: 0.634 corr: 0.815
********************
***** Epoch 7 Test (windowed) *****
  loss: 0.0510 rmse: 0.200 r2: 0.612 corr: 0.804
********************
  Epoch 7 done in 22.3s
  Saved best model → model/FIM_restoration_0412G_stations_monthly/2014/gat-rnn-v2-windowed_bs-128_lr-0.001_maxepoch-50_testyear-2014_win-3_nwin-10_seed-0/model-7

----- Epoch 8 (windowed) -----

###### Windowed train epoch 8 overall metrics
  loss: 0.1053 rmse: 0.170 r2: 0.666 corr: 0.820
***** Epoch 8 Val (windowed) *****
  loss: 0.0395 rmse: 0.173 r2: 0.681 corr: 0.831
********************
***** Epoch 8 Test (windowed) *****
  loss: 0.0445 rmse: 0.187 r2: 0.659 corr: 0.820
********************
  Epoch 8 done in 22.1s
  Saved best model → model/FIM_restoration_0412G_stations_monthly/2014/gat-rnn-v2-windowed_bs-128_lr-0.001_maxepoch-50_testyear-2014_win-3_nwin-10_seed-0/model-8

----- Epoch 9 (windowed) -----

###### Windowed train epoch 9 overall metrics
  loss: 0.0999 rmse: 0.165 r2: 0.685 corr: 0.830
***** Epoch 9 Val (windowed) *****
  loss: 0.0380 rmse: 0.171 r2: 0.687 corr: 0.832
********************
***** Epoch 9 Test (windowed) *****
  loss: 0.0443 rmse: 0.186 r2: 0.663 corr: 0.820
********************
  Epoch 9 done in 22.5s
  Saved best model → model/FIM_restoration_0412G_stations_monthly/2014/gat-rnn-v2-windowed_bs-128_lr-0.001_maxepoch-50_testyear-2014_win-3_nwin-10_seed-0/model-9

----- Epoch 10 (windowed) -----

###### Windowed train epoch 10 overall metrics
  loss: 0.0982 rmse: 0.164 r2: 0.691 corr: 0.833
***** Epoch 10 Val (windowed) *****
  loss: 0.0375 rmse: 0.169 r2: 0.694 corr: 0.837
********************
***** Epoch 10 Test (windowed) *****
  loss: 0.0425 rmse: 0.182 r2: 0.677 corr: 0.827
********************
  Epoch 10 done in 22.8s
  Saved best model → model/FIM_restoration_0412G_stations_monthly/2014/gat-rnn-v2-windowed_bs-128_lr-0.001_maxepoch-50_testyear-2014_win-3_nwin-10_seed-0/model-10

----- Epoch 11 (windowed) -----

###### Windowed train epoch 11 overall metrics
  loss: 0.0957 rmse: 0.161 r2: 0.701 corr: 0.839
***** Epoch 11 Val (windowed) *****
  loss: 0.0358 rmse: 0.166 r2: 0.705 corr: 0.843
********************
***** Epoch 11 Test (windowed) *****
  loss: 0.0426 rmse: 0.182 r2: 0.677 corr: 0.826
********************
  Epoch 11 done in 20.8s
  Saved best model → model/FIM_restoration_0412G_stations_monthly/2014/gat-rnn-v2-windowed_bs-128_lr-0.001_maxepoch-50_testyear-2014_win-3_nwin-10_seed-0/model-11

----- Epoch 12 (windowed) -----

###### Windowed train epoch 12 overall metrics
  loss: 0.0940 rmse: 0.160 r2: 0.706 corr: 0.842
***** Epoch 12 Val (windowed) *****
  loss: 0.0357 rmse: 0.166 r2: 0.705 corr: 0.843
********************
***** Epoch 12 Test (windowed) *****
  loss: 0.0421 rmse: 0.179 r2: 0.686 corr: 0.829
********************
  Epoch 12 done in 20.1s

----- Epoch 13 (windowed) -----

###### Windowed train epoch 13 overall metrics
  loss: 0.0924 rmse: 0.159 r2: 0.709 corr: 0.845
***** Epoch 13 Val (windowed) *****
  loss: 0.0344 rmse: 0.162 r2: 0.721 corr: 0.852
********************
***** Epoch 13 Test (windowed) *****
  loss: 0.0422 rmse: 0.180 r2: 0.683 corr: 0.828
********************
  Epoch 13 done in 20.8s
  Saved best model → model/FIM_restoration_0412G_stations_monthly/2014/gat-rnn-v2-windowed_bs-128_lr-0.001_maxepoch-50_testyear-2014_win-3_nwin-10_seed-0/model-13

----- Epoch 14 (windowed) -----

###### Windowed train epoch 14 overall metrics
  loss: 0.0896 rmse: 0.154 r2: 0.725 corr: 0.853
***** Epoch 14 Val (windowed) *****
  loss: 0.0335 rmse: 0.162 r2: 0.718 corr: 0.854
********************
***** Epoch 14 Test (windowed) *****
  loss: 0.0409 rmse: 0.179 r2: 0.686 corr: 0.832
********************
  Epoch 14 done in 22.0s

----- Epoch 15 (windowed) -----

###### Windowed train epoch 15 overall metrics
  loss: 0.0882 rmse: 0.154 r2: 0.727 corr: 0.854
***** Epoch 15 Val (windowed) *****
  loss: 0.0339 rmse: 0.162 r2: 0.719 corr: 0.854
********************
***** Epoch 15 Test (windowed) *****
  loss: 0.0431 rmse: 0.181 r2: 0.681 corr: 0.828
********************
  Epoch 15 done in 21.6s

----- Epoch 16 (windowed) -----

###### Windowed train epoch 16 overall metrics
  loss: 0.0868 rmse: 0.153 r2: 0.730 corr: 0.856
***** Epoch 16 Val (windowed) *****
  loss: 0.0326 rmse: 0.158 r2: 0.734 corr: 0.857
********************
***** Epoch 16 Test (windowed) *****
  loss: 0.0418 rmse: 0.180 r2: 0.683 corr: 0.827
********************
  Epoch 16 done in 22.2s
  Saved best model → model/FIM_restoration_0412G_stations_monthly/2014/gat-rnn-v2-windowed_bs-128_lr-0.001_maxepoch-50_testyear-2014_win-3_nwin-10_seed-0/model-16

----- Epoch 17 (windowed) -----

###### Windowed train epoch 17 overall metrics
  loss: 0.0856 rmse: 0.151 r2: 0.738 corr: 0.860
***** Epoch 17 Val (windowed) *****
  loss: 0.0315 rmse: 0.160 r2: 0.727 corr: 0.863
********************
***** Epoch 17 Test (windowed) *****
  loss: 0.0421 rmse: 0.182 r2: 0.676 corr: 0.827
********************
  Epoch 17 done in 22.1s

----- Epoch 18 (windowed) -----

###### Windowed train epoch 18 overall metrics
  loss: 0.0846 rmse: 0.151 r2: 0.738 corr: 0.861
***** Epoch 18 Val (windowed) *****
  loss: 0.0327 rmse: 0.159 r2: 0.731 corr: 0.856
********************
***** Epoch 18 Test (windowed) *****
  loss: 0.0437 rmse: 0.183 r2: 0.672 corr: 0.821
********************
  Epoch 18 done in 21.4s

----- Epoch 19 (windowed) -----

###### Windowed train epoch 19 overall metrics
  loss: 0.0824 rmse: 0.151 r2: 0.738 corr: 0.860
***** Epoch 19 Val (windowed) *****
  loss: 0.0304 rmse: 0.154 r2: 0.746 corr: 0.865
********************
***** Epoch 19 Test (windowed) *****
  loss: 0.0416 rmse: 0.178 r2: 0.690 corr: 0.831
********************
  Epoch 19 done in 22.4s
  Saved best model → model/FIM_restoration_0412G_stations_monthly/2014/gat-rnn-v2-windowed_bs-128_lr-0.001_maxepoch-50_testyear-2014_win-3_nwin-10_seed-0/model-19

----- Epoch 20 (windowed) -----

###### Windowed train epoch 20 overall metrics
  loss: 0.0806 rmse: 0.146 r2: 0.754 corr: 0.870
***** Epoch 20 Val (windowed) *****
  loss: 0.0297 rmse: 0.153 r2: 0.749 corr: 0.866
********************
***** Epoch 20 Test (windowed) *****
  loss: 0.0420 rmse: 0.180 r2: 0.683 corr: 0.828
********************
  Epoch 20 done in 21.4s
  Saved best model → model/FIM_restoration_0412G_stations_monthly/2014/gat-rnn-v2-windowed_bs-128_lr-0.001_maxepoch-50_testyear-2014_win-3_nwin-10_seed-0/model-20

----- Epoch 21 (windowed) -----

###### Windowed train epoch 21 overall metrics
  loss: 0.0794 rmse: 0.146 r2: 0.755 corr: 0.870
***** Epoch 21 Val (windowed) *****
  loss: 0.0297 rmse: 0.153 r2: 0.751 corr: 0.869
********************
***** Epoch 21 Test (windowed) *****
  loss: 0.0424 rmse: 0.181 r2: 0.682 corr: 0.827
********************
  Epoch 21 done in 22.0s
  Saved best model → model/FIM_restoration_0412G_stations_monthly/2014/gat-rnn-v2-windowed_bs-128_lr-0.001_maxepoch-50_testyear-2014_win-3_nwin-10_seed-0/model-21

----- Epoch 22 (windowed) -----

###### Windowed train epoch 22 overall metrics
  loss: 0.0782 rmse: 0.143 r2: 0.763 corr: 0.875
***** Epoch 22 Val (windowed) *****
  loss: 0.0299 rmse: 0.153 r2: 0.751 corr: 0.870
********************
***** Epoch 22 Test (windowed) *****
  loss: 0.0424 rmse: 0.180 r2: 0.684 corr: 0.830
********************
  Epoch 22 done in 22.4s

----- Epoch 23 (windowed) -----

###### Windowed train epoch 23 overall metrics
  loss: 0.0783 rmse: 0.143 r2: 0.763 corr: 0.874
***** Epoch 23 Val (windowed) *****
  loss: 0.0287 rmse: 0.154 r2: 0.747 corr: 0.872
********************
***** Epoch 23 Test (windowed) *****
  loss: 0.0421 rmse: 0.182 r2: 0.678 corr: 0.827
********************
  Epoch 23 done in 22.6s

----- Epoch 24 (windowed) -----

###### Windowed train epoch 24 overall metrics
  loss: 0.0775 rmse: 0.143 r2: 0.765 corr: 0.875
***** Epoch 24 Val (windowed) *****
  loss: 0.0284 rmse: 0.151 r2: 0.758 corr: 0.876
********************
***** Epoch 24 Test (windowed) *****
  loss: 0.0425 rmse: 0.182 r2: 0.676 corr: 0.826
********************
  Epoch 24 done in 21.3s
  Saved best model → model/FIM_restoration_0412G_stations_monthly/2014/gat-rnn-v2-windowed_bs-128_lr-0.001_maxepoch-50_testyear-2014_win-3_nwin-10_seed-0/model-24

----- Epoch 25 (windowed) -----

###### Windowed train epoch 25 overall metrics
  loss: 0.0761 rmse: 0.143 r2: 0.765 corr: 0.876
***** Epoch 25 Val (windowed) *****
  loss: 0.0282 rmse: 0.150 r2: 0.759 corr: 0.879
********************
***** Epoch 25 Test (windowed) *****
  loss: 0.0427 rmse: 0.181 r2: 0.682 corr: 0.829
********************
  Epoch 25 done in 20.8s
  Saved best model → model/FIM_restoration_0412G_stations_monthly/2014/gat-rnn-v2-windowed_bs-128_lr-0.001_maxepoch-50_testyear-2014_win-3_nwin-10_seed-0/model-25

----- Epoch 26 (windowed) -----

###### Windowed train epoch 26 overall metrics
  loss: 0.0741 rmse: 0.141 r2: 0.772 corr: 0.880
***** Epoch 26 Val (windowed) *****
  loss: 0.0273 rmse: 0.149 r2: 0.764 corr: 0.879
********************
***** Epoch 26 Test (windowed) *****
  loss: 0.0426 rmse: 0.182 r2: 0.677 corr: 0.825
********************
  Epoch 26 done in 20.1s
  Saved best model → model/FIM_restoration_0412G_stations_monthly/2014/gat-rnn-v2-windowed_bs-128_lr-0.001_maxepoch-50_testyear-2014_win-3_nwin-10_seed-0/model-26

----- Epoch 27 (windowed) -----

###### Windowed train epoch 27 overall metrics
  loss: 0.0728 rmse: 0.138 r2: 0.780 corr: 0.884
***** Epoch 27 Val (windowed) *****
  loss: 0.0269 rmse: 0.149 r2: 0.764 corr: 0.878
********************
***** Epoch 27 Test (windowed) *****
  loss: 0.0433 rmse: 0.182 r2: 0.678 corr: 0.824
********************
  Epoch 27 done in 20.0s

----- Epoch 28 (windowed) -----

###### Windowed train epoch 28 overall metrics
  loss: 0.0721 rmse: 0.138 r2: 0.781 corr: 0.885
***** Epoch 28 Val (windowed) *****
  loss: 0.0264 rmse: 0.145 r2: 0.774 corr: 0.881
********************
***** Epoch 28 Test (windowed) *****
  loss: 0.0429 rmse: 0.182 r2: 0.679 corr: 0.826
********************
  Epoch 28 done in 20.8s
  Saved best model → model/FIM_restoration_0412G_stations_monthly/2014/gat-rnn-v2-windowed_bs-128_lr-0.001_maxepoch-50_testyear-2014_win-3_nwin-10_seed-0/model-28

----- Epoch 29 (windowed) -----

###### Windowed train epoch 29 overall metrics
  loss: 0.0710 rmse: 0.137 r2: 0.784 corr: 0.886
***** Epoch 29 Val (windowed) *****
  loss: 0.0253 rmse: 0.142 r2: 0.783 corr: 0.888
********************
***** Epoch 29 Test (windowed) *****
  loss: 0.0430 rmse: 0.182 r2: 0.675 corr: 0.824
********************
  Epoch 29 done in 20.1s
  Saved best model → model/FIM_restoration_0412G_stations_monthly/2014/gat-rnn-v2-windowed_bs-128_lr-0.001_maxepoch-50_testyear-2014_win-3_nwin-10_seed-0/model-29

----- Epoch 30 (windowed) -----

###### Windowed train epoch 30 overall metrics
  loss: 0.0702 rmse: 0.136 r2: 0.787 corr: 0.888
***** Epoch 30 Val (windowed) *****
  loss: 0.0267 rmse: 0.149 r2: 0.761 corr: 0.888
********************
***** Epoch 30 Test (windowed) *****
  loss: 0.0441 rmse: 0.185 r2: 0.667 corr: 0.825
********************
  Epoch 30 done in 21.0s

----- Epoch 31 (windowed) -----

###### Windowed train epoch 31 overall metrics
  loss: 0.0694 rmse: 0.136 r2: 0.788 corr: 0.889
***** Epoch 31 Val (windowed) *****
  loss: 0.0255 rmse: 0.143 r2: 0.782 corr: 0.886
********************
***** Epoch 31 Test (windowed) *****
  loss: 0.0435 rmse: 0.183 r2: 0.673 corr: 0.822
********************
  Epoch 31 done in 20.1s

----- Epoch 32 (windowed) -----

###### Windowed train epoch 32 overall metrics
  loss: 0.0685 rmse: 0.134 r2: 0.793 corr: 0.892
***** Epoch 32 Val (windowed) *****
  loss: 0.0248 rmse: 0.141 r2: 0.788 corr: 0.891
********************
***** Epoch 32 Test (windowed) *****
  loss: 0.0436 rmse: 0.183 r2: 0.675 corr: 0.823
********************
  Epoch 32 done in 20.1s
  Saved best model → model/FIM_restoration_0412G_stations_monthly/2014/gat-rnn-v2-windowed_bs-128_lr-0.001_maxepoch-50_testyear-2014_win-3_nwin-10_seed-0/model-32

----- Epoch 33 (windowed) -----

###### Windowed train epoch 33 overall metrics
  loss: 0.0686 rmse: 0.134 r2: 0.792 corr: 0.890
***** Epoch 33 Val (windowed) *****
  loss: 0.0274 rmse: 0.155 r2: 0.744 corr: 0.887
********************
***** Epoch 33 Test (windowed) *****
  loss: 0.0443 rmse: 0.186 r2: 0.661 corr: 0.820
********************
  Epoch 33 done in 20.8s

----- Epoch 34 (windowed) -----

###### Windowed train epoch 34 overall metrics
  loss: 0.0687 rmse: 0.135 r2: 0.791 corr: 0.891
***** Epoch 34 Val (windowed) *****
  loss: 0.0249 rmse: 0.141 r2: 0.788 corr: 0.889
********************
***** Epoch 34 Test (windowed) *****
  loss: 0.0442 rmse: 0.186 r2: 0.664 corr: 0.817
********************
  Epoch 34 done in 20.3s

----- Epoch 35 (windowed) -----

###### Windowed train epoch 35 overall metrics
  loss: 0.0674 rmse: 0.132 r2: 0.799 corr: 0.895
***** Epoch 35 Val (windowed) *****
  loss: 0.0244 rmse: 0.140 r2: 0.790 corr: 0.891
********************
***** Epoch 35 Test (windowed) *****
  loss: 0.0430 rmse: 0.181 r2: 0.679 corr: 0.825
********************
  Epoch 35 done in 20.5s
  Saved best model → model/FIM_restoration_0412G_stations_monthly/2014/gat-rnn-v2-windowed_bs-128_lr-0.001_maxepoch-50_testyear-2014_win-3_nwin-10_seed-0/model-35

----- Epoch 36 (windowed) -----

###### Windowed train epoch 36 overall metrics
  loss: 0.0655 rmse: 0.130 r2: 0.804 corr: 0.897
***** Epoch 36 Val (windowed) *****
  loss: 0.0234 rmse: 0.138 r2: 0.796 corr: 0.897
********************
***** Epoch 36 Test (windowed) *****
  loss: 0.0427 rmse: 0.181 r2: 0.681 corr: 0.826
********************
  Epoch 36 done in 21.5s
  Saved best model → model/FIM_restoration_0412G_stations_monthly/2014/gat-rnn-v2-windowed_bs-128_lr-0.001_maxepoch-50_testyear-2014_win-3_nwin-10_seed-0/model-36

----- Epoch 37 (windowed) -----

###### Windowed train epoch 37 overall metrics
  loss: 0.0654 rmse: 0.132 r2: 0.800 corr: 0.896
***** Epoch 37 Val (windowed) *****
  loss: 0.0239 rmse: 0.138 r2: 0.797 corr: 0.894
********************
***** Epoch 37 Test (windowed) *****
  loss: 0.0434 rmse: 0.182 r2: 0.675 corr: 0.823
********************
  Epoch 37 done in 20.7s
  Saved best model → model/FIM_restoration_0412G_stations_monthly/2014/gat-rnn-v2-windowed_bs-128_lr-0.001_maxepoch-50_testyear-2014_win-3_nwin-10_seed-0/model-37

----- Epoch 38 (windowed) -----

###### Windowed train epoch 38 overall metrics
  loss: 0.0649 rmse: 0.129 r2: 0.809 corr: 0.900
***** Epoch 38 Val (windowed) *****
  loss: 0.0248 rmse: 0.140 r2: 0.792 corr: 0.890
********************
***** Epoch 38 Test (windowed) *****
  loss: 0.0438 rmse: 0.185 r2: 0.668 corr: 0.819
********************
  Epoch 38 done in 20.3s

----- Epoch 39 (windowed) -----

###### Windowed train epoch 39 overall metrics
  loss: 0.0648 rmse: 0.131 r2: 0.803 corr: 0.897
***** Epoch 39 Val (windowed) *****
  loss: 0.0231 rmse: 0.135 r2: 0.806 corr: 0.901
********************
***** Epoch 39 Test (windowed) *****
  loss: 0.0430 rmse: 0.182 r2: 0.677 corr: 0.824
********************
  Epoch 39 done in 21.2s
  Saved best model → model/FIM_restoration_0412G_stations_monthly/2014/gat-rnn-v2-windowed_bs-128_lr-0.001_maxepoch-50_testyear-2014_win-3_nwin-10_seed-0/model-39

----- Epoch 40 (windowed) -----

###### Windowed train epoch 40 overall metrics
  loss: 0.0642 rmse: 0.130 r2: 0.806 corr: 0.898
***** Epoch 40 Val (windowed) *****
  loss: 0.0233 rmse: 0.137 r2: 0.799 corr: 0.895
********************
***** Epoch 40 Test (windowed) *****
  loss: 0.0437 rmse: 0.184 r2: 0.669 corr: 0.820
********************
  Epoch 40 done in 20.6s

----- Epoch 41 (windowed) -----

###### Windowed train epoch 41 overall metrics
  loss: 0.0635 rmse: 0.129 r2: 0.809 corr: 0.900
***** Epoch 41 Val (windowed) *****
  loss: 0.0226 rmse: 0.136 r2: 0.801 corr: 0.900
********************
***** Epoch 41 Test (windowed) *****
  loss: 0.0444 rmse: 0.186 r2: 0.662 corr: 0.817
********************
  Epoch 41 done in 20.6s

----- Epoch 42 (windowed) -----

###### Windowed train epoch 42 overall metrics
  loss: 0.0629 rmse: 0.127 r2: 0.813 corr: 0.903
***** Epoch 42 Val (windowed) *****
  loss: 0.0222 rmse: 0.135 r2: 0.806 corr: 0.904
********************
***** Epoch 42 Test (windowed) *****
  loss: 0.0432 rmse: 0.183 r2: 0.673 corr: 0.822
********************
  Epoch 42 done in 20.3s

----- Epoch 43 (windowed) -----

###### Windowed train epoch 43 overall metrics
  loss: 0.0625 rmse: 0.128 r2: 0.812 corr: 0.902
***** Epoch 43 Val (windowed) *****
  loss: 0.0221 rmse: 0.133 r2: 0.810 corr: 0.904
********************
***** Epoch 43 Test (windowed) *****
  loss: 0.0440 rmse: 0.186 r2: 0.663 corr: 0.817
********************
  Epoch 43 done in 20.6s
  Saved best model → model/FIM_restoration_0412G_stations_monthly/2014/gat-rnn-v2-windowed_bs-128_lr-0.001_maxepoch-50_testyear-2014_win-3_nwin-10_seed-0/model-43

----- Epoch 44 (windowed) -----

###### Windowed train epoch 44 overall metrics
  loss: 0.0614 rmse: 0.125 r2: 0.819 corr: 0.906
***** Epoch 44 Val (windowed) *****
  loss: 0.0232 rmse: 0.139 r2: 0.793 corr: 0.902
********************
***** Epoch 44 Test (windowed) *****
  loss: 0.0443 rmse: 0.185 r2: 0.665 corr: 0.822
********************
  Epoch 44 done in 20.0s

----- Epoch 45 (windowed) -----

###### Windowed train epoch 45 overall metrics
  loss: 0.0613 rmse: 0.126 r2: 0.816 corr: 0.904
***** Epoch 45 Val (windowed) *****
  loss: 0.0216 rmse: 0.131 r2: 0.816 corr: 0.905
********************
***** Epoch 45 Test (windowed) *****
  loss: 0.0443 rmse: 0.184 r2: 0.669 corr: 0.820
********************
  Epoch 45 done in 20.0s
  Saved best model → model/FIM_restoration_0412G_stations_monthly/2014/gat-rnn-v2-windowed_bs-128_lr-0.001_maxepoch-50_testyear-2014_win-3_nwin-10_seed-0/model-45

----- Epoch 46 (windowed) -----

###### Windowed train epoch 46 overall metrics
  loss: 0.0601 rmse: 0.125 r2: 0.820 corr: 0.906
***** Epoch 46 Val (windowed) *****
  loss: 0.0221 rmse: 0.134 r2: 0.809 corr: 0.906
********************
***** Epoch 46 Test (windowed) *****
  loss: 0.0440 rmse: 0.186 r2: 0.662 corr: 0.818
********************
  Epoch 46 done in 21.1s

----- Epoch 47 (windowed) -----

###### Windowed train epoch 47 overall metrics
  loss: 0.0597 rmse: 0.125 r2: 0.821 corr: 0.907
***** Epoch 47 Val (windowed) *****
  loss: 0.0215 rmse: 0.135 r2: 0.806 corr: 0.903
********************
***** Epoch 47 Test (windowed) *****
  loss: 0.0443 rmse: 0.185 r2: 0.666 corr: 0.818
********************
  Epoch 47 done in 20.9s

----- Epoch 48 (windowed) -----

###### Windowed train epoch 48 overall metrics
  loss: 0.0590 rmse: 0.124 r2: 0.822 corr: 0.907
***** Epoch 48 Val (windowed) *****
  loss: 0.0216 rmse: 0.131 r2: 0.817 corr: 0.906
********************
***** Epoch 48 Test (windowed) *****
  loss: 0.0436 rmse: 0.184 r2: 0.671 corr: 0.822
********************
  Epoch 48 done in 19.8s
  Saved best model → model/FIM_restoration_0412G_stations_monthly/2014/gat-rnn-v2-windowed_bs-128_lr-0.001_maxepoch-50_testyear-2014_win-3_nwin-10_seed-0/model-48

----- Epoch 49 (windowed) -----

###### Windowed train epoch 49 overall metrics
  loss: 0.0593 rmse: 0.125 r2: 0.819 corr: 0.906
***** Epoch 49 Val (windowed) *****
  loss: 0.0214 rmse: 0.132 r2: 0.814 corr: 0.909
********************
***** Epoch 49 Test (windowed) *****
  loss: 0.0445 rmse: 0.187 r2: 0.659 corr: 0.815
********************
  Epoch 49 done in 20.4s
Fold done — best val RMSE=0.1311 test R²=0.6710 corr=0.8224

================================================================
Rolling-windowed  test_year=2015
  Val  : 2014
  Test : 2015
  win_size=3  n_windows=10
================================================================
Initially data (54319, 166)
After filtering (35487, 166)
[transform] Applied root-4: y → expm1(log1p_y)^(1/4); new range [0.00, 5.54]
get_X_Y
X shape (35487, 152)
Y shape (35487, 12)
Y (output) means tensor([[0.1412, 0.0120, 0.2498, 0.1312, 0.0179, 0.0666, 0.1544, 0.0231, 0.0420,
         0.0110, 0.0342, 0.1440]]) stds tensor([[0.4185, 0.1242, 0.5408, 0.4418, 0.1496, 0.2865, 0.4453, 0.1746, 0.2445,
         0.1250, 0.2360, 0.4114]])
Y count-scale means tensor([[0.3188, 0.0254, 0.5910, 0.3596, 0.0374, 0.1461, 0.3638, 0.0506, 0.1025,
         0.0254, 0.1095, 0.3106]]) stds tensor([[1.1555, 0.2959, 1.7687, 1.6949, 0.3718, 1.0903, 1.3040, 0.4400, 0.7829,
         0.3228, 1.9159, 1.0444]])
/Users/liyingnceas/GitHub/GNN-RNN-main/gnn-lstm-v4/utils/data_utils.py:274: RuntimeWarning: Mean of empty slice
  np.nanmean(county_dict[county], axis=0).astype(np.float32)
Filled 89145 missing (node, year) entries from neighbors or year averages
[2D] Station nodes: 587, adj nnz: 2910
[build_year_XY_windowed] data_start=1998, min_pred_year=2009, test_year=2015, win_size=3, n_windows=10
  built windows for T=2009
  built windows for T=2014
[build_year_XY_windowed] built windowed XY for 7 prediction years (2009–2015)
  GAT_RNN_V2: edge_feat_dim=3, n_heads=4, n_hidden=64
  [Bayes] Species rarity weights (mean=1): min=0.63 max=1.32  (rarest=Centropomus undecimalis_SA)

----- Epoch 0 (windowed) -----

###### Windowed train epoch 0 overall metrics
  loss: 0.2281 rmse: 0.288 r2: 0.072 corr: 0.291
***** Epoch 0 Val (windowed) *****
  loss: 0.1004 rmse: 0.290 r2: 0.179 corr: 0.459
********************
***** Epoch 0 Test (windowed) *****
  loss: 0.0952 rmse: 0.307 r2: 0.175 corr: 0.461
********************
  Epoch 0 done in 24.6s
  Saved best model → model/FIM_restoration_0412G_stations_monthly/2015/gat-rnn-v2-windowed_bs-128_lr-0.001_maxepoch-50_testyear-2015_win-3_nwin-10_seed-0/model-0

----- Epoch 1 (windowed) -----

###### Windowed train epoch 1 overall metrics
  loss: 0.1875 rmse: 0.258 r2: 0.259 corr: 0.529
***** Epoch 1 Val (windowed) *****
  loss: 0.0867 rmse: 0.265 r2: 0.315 corr: 0.582
********************
***** Epoch 1 Test (windowed) *****
  loss: 0.0829 rmse: 0.284 r2: 0.294 corr: 0.561
********************
  Epoch 1 done in 24.7s
  Saved best model → model/FIM_restoration_0412G_stations_monthly/2015/gat-rnn-v2-windowed_bs-128_lr-0.001_maxepoch-50_testyear-2015_win-3_nwin-10_seed-0/model-1

----- Epoch 2 (windowed) -----

###### Windowed train epoch 2 overall metrics
  loss: 0.1624 rmse: 0.231 r2: 0.403 corr: 0.649
***** Epoch 2 Val (windowed) *****
  loss: 0.0715 rmse: 0.236 r2: 0.458 corr: 0.723
********************
***** Epoch 2 Test (windowed) *****
  loss: 0.0693 rmse: 0.252 r2: 0.445 corr: 0.707
********************
  Epoch 2 done in 25.0s
  Saved best model → model/FIM_restoration_0412G_stations_monthly/2015/gat-rnn-v2-windowed_bs-128_lr-0.001_maxepoch-50_testyear-2015_win-3_nwin-10_seed-0/model-2

----- Epoch 3 (windowed) -----

###### Windowed train epoch 3 overall metrics
  loss: 0.1437 rmse: 0.209 r2: 0.511 corr: 0.726
***** Epoch 3 Val (windowed) *****
  loss: 0.0609 rmse: 0.211 r2: 0.565 corr: 0.763
********************
***** Epoch 3 Test (windowed) *****
  loss: 0.0605 rmse: 0.228 r2: 0.544 corr: 0.748
********************
  Epoch 3 done in 23.8s
  Saved best model → model/FIM_restoration_0412G_stations_monthly/2015/gat-rnn-v2-windowed_bs-128_lr-0.001_maxepoch-50_testyear-2015_win-3_nwin-10_seed-0/model-3

----- Epoch 4 (windowed) -----

###### Windowed train epoch 4 overall metrics
  loss: 0.1307 rmse: 0.192 r2: 0.586 corr: 0.772
***** Epoch 4 Val (windowed) *****
  loss: 0.0532 rmse: 0.199 r2: 0.616 corr: 0.803
********************
***** Epoch 4 Test (windowed) *****
  loss: 0.0534 rmse: 0.214 r2: 0.598 corr: 0.789
********************
  Epoch 4 done in 25.2s
  Saved best model → model/FIM_restoration_0412G_stations_monthly/2015/gat-rnn-v2-windowed_bs-128_lr-0.001_maxepoch-50_testyear-2015_win-3_nwin-10_seed-0/model-4

----- Epoch 5 (windowed) -----

###### Windowed train epoch 5 overall metrics
  loss: 0.1198 rmse: 0.183 r2: 0.628 corr: 0.797
***** Epoch 5 Val (windowed) *****
  loss: 0.0502 rmse: 0.190 r2: 0.647 corr: 0.811
********************
***** Epoch 5 Test (windowed) *****
  loss: 0.0536 rmse: 0.207 r2: 0.625 corr: 0.794
********************
  Epoch 5 done in 24.4s
  Saved best model → model/FIM_restoration_0412G_stations_monthly/2015/gat-rnn-v2-windowed_bs-128_lr-0.001_maxepoch-50_testyear-2015_win-3_nwin-10_seed-0/model-5

----- Epoch 6 (windowed) -----

###### Windowed train epoch 6 overall metrics
  loss: 0.1120 rmse: 0.176 r2: 0.653 corr: 0.811
***** Epoch 6 Val (windowed) *****
  loss: 0.0477 rmse: 0.195 r2: 0.630 corr: 0.818
********************
***** Epoch 6 Test (windowed) *****
  loss: 0.0486 rmse: 0.212 r2: 0.607 corr: 0.805
********************
  Epoch 6 done in 24.5s

----- Epoch 7 (windowed) -----

###### Windowed train epoch 7 overall metrics
  loss: 0.1056 rmse: 0.171 r2: 0.673 corr: 0.824
***** Epoch 7 Val (windowed) *****
  loss: 0.0411 rmse: 0.178 r2: 0.692 corr: 0.839
********************
***** Epoch 7 Test (windowed) *****
  loss: 0.0430 rmse: 0.194 r2: 0.672 corr: 0.827
********************
  Epoch 7 done in 24.5s
  Saved best model → model/FIM_restoration_0412G_stations_monthly/2015/gat-rnn-v2-windowed_bs-128_lr-0.001_maxepoch-50_testyear-2015_win-3_nwin-10_seed-0/model-7

----- Epoch 8 (windowed) -----

###### Windowed train epoch 8 overall metrics
  loss: 0.1012 rmse: 0.169 r2: 0.683 corr: 0.828
***** Epoch 8 Val (windowed) *****
  loss: 0.0391 rmse: 0.174 r2: 0.705 corr: 0.844
********************
***** Epoch 8 Test (windowed) *****
  loss: 0.0417 rmse: 0.190 r2: 0.685 corr: 0.830
********************
  Epoch 8 done in 24.1s
  Saved best model → model/FIM_restoration_0412G_stations_monthly/2015/gat-rnn-v2-windowed_bs-128_lr-0.001_maxepoch-50_testyear-2015_win-3_nwin-10_seed-0/model-8

----- Epoch 9 (windowed) -----

###### Windowed train epoch 9 overall metrics
  loss: 0.0976 rmse: 0.165 r2: 0.696 corr: 0.838
***** Epoch 9 Val (windowed) *****
  loss: 0.0387 rmse: 0.170 r2: 0.718 corr: 0.849
********************
***** Epoch 9 Test (windowed) *****
  loss: 0.0420 rmse: 0.189 r2: 0.689 corr: 0.830
********************
  Epoch 9 done in 24.5s
  Saved best model → model/FIM_restoration_0412G_stations_monthly/2015/gat-rnn-v2-windowed_bs-128_lr-0.001_maxepoch-50_testyear-2015_win-3_nwin-10_seed-0/model-9

----- Epoch 10 (windowed) -----

###### Windowed train epoch 10 overall metrics
  loss: 0.0954 rmse: 0.163 r2: 0.702 corr: 0.840
***** Epoch 10 Val (windowed) *****
  loss: 0.0369 rmse: 0.169 r2: 0.721 corr: 0.854
********************
***** Epoch 10 Test (windowed) *****
  loss: 0.0405 rmse: 0.188 r2: 0.691 corr: 0.834
********************
  Epoch 10 done in 23.9s
  Saved best model → model/FIM_restoration_0412G_stations_monthly/2015/gat-rnn-v2-windowed_bs-128_lr-0.001_maxepoch-50_testyear-2015_win-3_nwin-10_seed-0/model-10

----- Epoch 11 (windowed) -----

###### Windowed train epoch 11 overall metrics
  loss: 0.0936 rmse: 0.161 r2: 0.711 corr: 0.846
***** Epoch 11 Val (windowed) *****
  loss: 0.0364 rmse: 0.171 r2: 0.715 corr: 0.857
********************
***** Epoch 11 Test (windowed) *****
  loss: 0.0383 rmse: 0.191 r2: 0.681 corr: 0.836
********************
  Epoch 11 done in 23.7s

----- Epoch 12 (windowed) -----

###### Windowed train epoch 12 overall metrics
  loss: 0.0918 rmse: 0.160 r2: 0.715 corr: 0.848
***** Epoch 12 Val (windowed) *****
  loss: 0.0352 rmse: 0.168 r2: 0.726 corr: 0.861
********************
***** Epoch 12 Test (windowed) *****
  loss: 0.0394 rmse: 0.191 r2: 0.682 corr: 0.836
********************
  Epoch 12 done in 23.5s
  Saved best model → model/FIM_restoration_0412G_stations_monthly/2015/gat-rnn-v2-windowed_bs-128_lr-0.001_maxepoch-50_testyear-2015_win-3_nwin-10_seed-0/model-12

----- Epoch 13 (windowed) -----

###### Windowed train epoch 13 overall metrics
  loss: 0.0896 rmse: 0.158 r2: 0.721 corr: 0.851
***** Epoch 13 Val (windowed) *****
  loss: 0.0343 rmse: 0.163 r2: 0.741 corr: 0.863
********************
***** Epoch 13 Test (windowed) *****
  loss: 0.0390 rmse: 0.185 r2: 0.700 corr: 0.838
********************
  Epoch 13 done in 24.7s
  Saved best model → model/FIM_restoration_0412G_stations_monthly/2015/gat-rnn-v2-windowed_bs-128_lr-0.001_maxepoch-50_testyear-2015_win-3_nwin-10_seed-0/model-13

----- Epoch 14 (windowed) -----

###### Windowed train epoch 14 overall metrics
  loss: 0.0877 rmse: 0.156 r2: 0.729 corr: 0.856
***** Epoch 14 Val (windowed) *****
  loss: 0.0333 rmse: 0.163 r2: 0.743 corr: 0.865
********************
***** Epoch 14 Test (windowed) *****
  loss: 0.0387 rmse: 0.187 r2: 0.694 corr: 0.836
********************
  Epoch 14 done in 25.8s
  Saved best model → model/FIM_restoration_0412G_stations_monthly/2015/gat-rnn-v2-windowed_bs-128_lr-0.001_maxepoch-50_testyear-2015_win-3_nwin-10_seed-0/model-14

----- Epoch 15 (windowed) -----

###### Windowed train epoch 15 overall metrics
  loss: 0.0868 rmse: 0.154 r2: 0.735 corr: 0.859
***** Epoch 15 Val (windowed) *****
  loss: 0.0332 rmse: 0.162 r2: 0.744 corr: 0.870
********************
***** Epoch 15 Test (windowed) *****
  loss: 0.0384 rmse: 0.186 r2: 0.698 corr: 0.840
********************
  Epoch 15 done in 26.2s
  Saved best model → model/FIM_restoration_0412G_stations_monthly/2015/gat-rnn-v2-windowed_bs-128_lr-0.001_maxepoch-50_testyear-2015_win-3_nwin-10_seed-0/model-15

----- Epoch 16 (windowed) -----

###### Windowed train epoch 16 overall metrics
  loss: 0.0845 rmse: 0.152 r2: 0.741 corr: 0.863
***** Epoch 16 Val (windowed) *****
  loss: 0.0321 rmse: 0.158 r2: 0.756 corr: 0.872
********************
***** Epoch 16 Test (windowed) *****
  loss: 0.0386 rmse: 0.185 r2: 0.701 corr: 0.838
********************
  Epoch 16 done in 24.5s
  Saved best model → model/FIM_restoration_0412G_stations_monthly/2015/gat-rnn-v2-windowed_bs-128_lr-0.001_maxepoch-50_testyear-2015_win-3_nwin-10_seed-0/model-16

----- Epoch 17 (windowed) -----

###### Windowed train epoch 17 overall metrics
  loss: 0.0833 rmse: 0.152 r2: 0.742 corr: 0.862
***** Epoch 17 Val (windowed) *****
  loss: 0.0326 rmse: 0.160 r2: 0.752 corr: 0.868
********************
***** Epoch 17 Test (windowed) *****
  loss: 0.0397 rmse: 0.185 r2: 0.700 corr: 0.837
********************
  Epoch 17 done in 25.0s

----- Epoch 18 (windowed) -----

###### Windowed train epoch 18 overall metrics
  loss: 0.0818 rmse: 0.150 r2: 0.748 corr: 0.866
***** Epoch 18 Val (windowed) *****
  loss: 0.0318 rmse: 0.156 r2: 0.762 corr: 0.875
********************
***** Epoch 18 Test (windowed) *****
  loss: 0.0382 rmse: 0.184 r2: 0.705 corr: 0.840
********************
  Epoch 18 done in 25.1s
  Saved best model → model/FIM_restoration_0412G_stations_monthly/2015/gat-rnn-v2-windowed_bs-128_lr-0.001_maxepoch-50_testyear-2015_win-3_nwin-10_seed-0/model-18

----- Epoch 19 (windowed) -----

###### Windowed train epoch 19 overall metrics
  loss: 0.0805 rmse: 0.148 r2: 0.754 corr: 0.870
***** Epoch 19 Val (windowed) *****
  loss: 0.0318 rmse: 0.158 r2: 0.757 corr: 0.879
********************
***** Epoch 19 Test (windowed) *****
  loss: 0.0395 rmse: 0.188 r2: 0.692 corr: 0.839
********************
  Epoch 19 done in 24.5s

----- Epoch 20 (windowed) -----

###### Windowed train epoch 20 overall metrics
  loss: 0.0787 rmse: 0.146 r2: 0.761 corr: 0.874
***** Epoch 20 Val (windowed) *****
  loss: 0.0296 rmse: 0.153 r2: 0.772 corr: 0.881
********************
***** Epoch 20 Test (windowed) *****
  loss: 0.0381 rmse: 0.183 r2: 0.707 corr: 0.841
********************
  Epoch 20 done in 23.3s
  Saved best model → model/FIM_restoration_0412G_stations_monthly/2015/gat-rnn-v2-windowed_bs-128_lr-0.001_maxepoch-50_testyear-2015_win-3_nwin-10_seed-0/model-20

----- Epoch 21 (windowed) -----

###### Windowed train epoch 21 overall metrics
  loss: 0.0774 rmse: 0.145 r2: 0.767 corr: 0.877
***** Epoch 21 Val (windowed) *****
  loss: 0.0294 rmse: 0.153 r2: 0.773 corr: 0.884
********************
***** Epoch 21 Test (windowed) *****
  loss: 0.0402 rmse: 0.184 r2: 0.705 corr: 0.841
********************
  Epoch 21 done in 24.3s
  Saved best model → model/FIM_restoration_0412G_stations_monthly/2015/gat-rnn-v2-windowed_bs-128_lr-0.001_maxepoch-50_testyear-2015_win-3_nwin-10_seed-0/model-21

----- Epoch 22 (windowed) -----

###### Windowed train epoch 22 overall metrics
  loss: 0.0772 rmse: 0.145 r2: 0.764 corr: 0.876
***** Epoch 22 Val (windowed) *****
  loss: 0.0290 rmse: 0.154 r2: 0.770 corr: 0.886
********************
***** Epoch 22 Test (windowed) *****
  loss: 0.0399 rmse: 0.194 r2: 0.671 corr: 0.834
********************
  Epoch 22 done in 25.1s

----- Epoch 23 (windowed) -----

###### Windowed train epoch 23 overall metrics
  loss: 0.0758 rmse: 0.144 r2: 0.770 corr: 0.879
***** Epoch 23 Val (windowed) *****
  loss: 0.0307 rmse: 0.156 r2: 0.762 corr: 0.884
********************
***** Epoch 23 Test (windowed) *****
  loss: 0.0385 rmse: 0.186 r2: 0.698 corr: 0.839
********************
  Epoch 23 done in 25.6s

----- Epoch 24 (windowed) -----

###### Windowed train epoch 24 overall metrics
  loss: 0.0756 rmse: 0.143 r2: 0.770 corr: 0.879
***** Epoch 24 Val (windowed) *****
  loss: 0.0302 rmse: 0.154 r2: 0.769 corr: 0.881
********************
***** Epoch 24 Test (windowed) *****
  loss: 0.0402 rmse: 0.186 r2: 0.697 corr: 0.836
********************
  Epoch 24 done in 23.8s

----- Epoch 25 (windowed) -----

###### Windowed train epoch 25 overall metrics
  loss: 0.0736 rmse: 0.142 r2: 0.775 corr: 0.882
***** Epoch 25 Val (windowed) *****
  loss: 0.0276 rmse: 0.146 r2: 0.792 corr: 0.892
********************
***** Epoch 25 Test (windowed) *****
  loss: 0.0400 rmse: 0.185 r2: 0.700 corr: 0.836
********************
  Epoch 25 done in 24.6s
  Saved best model → model/FIM_restoration_0412G_stations_monthly/2015/gat-rnn-v2-windowed_bs-128_lr-0.001_maxepoch-50_testyear-2015_win-3_nwin-10_seed-0/model-25

----- Epoch 26 (windowed) -----

###### Windowed train epoch 26 overall metrics
  loss: 0.0725 rmse: 0.141 r2: 0.779 corr: 0.884
***** Epoch 26 Val (windowed) *****
  loss: 0.0272 rmse: 0.144 r2: 0.797 corr: 0.893
********************
***** Epoch 26 Test (windowed) *****
  loss: 0.0393 rmse: 0.182 r2: 0.710 corr: 0.843
********************
  Epoch 26 done in 25.1s
  Saved best model → model/FIM_restoration_0412G_stations_monthly/2015/gat-rnn-v2-windowed_bs-128_lr-0.001_maxepoch-50_testyear-2015_win-3_nwin-10_seed-0/model-26

----- Epoch 27 (windowed) -----

###### Windowed train epoch 27 overall metrics
  loss: 0.0717 rmse: 0.139 r2: 0.783 corr: 0.886
***** Epoch 27 Val (windowed) *****
  loss: 0.0268 rmse: 0.146 r2: 0.793 corr: 0.894
********************
***** Epoch 27 Test (windowed) *****
  loss: 0.0393 rmse: 0.185 r2: 0.702 corr: 0.838
********************
  Epoch 27 done in 24.7s

----- Epoch 28 (windowed) -----

###### Windowed train epoch 28 overall metrics
  loss: 0.0698 rmse: 0.137 r2: 0.789 corr: 0.890
***** Epoch 28 Val (windowed) *****
  loss: 0.0268 rmse: 0.142 r2: 0.804 corr: 0.897
********************
***** Epoch 28 Test (windowed) *****
  loss: 0.0417 rmse: 0.188 r2: 0.691 corr: 0.837
********************
  Epoch 28 done in 24.7s
  Saved best model → model/FIM_restoration_0412G_stations_monthly/2015/gat-rnn-v2-windowed_bs-128_lr-0.001_maxepoch-50_testyear-2015_win-3_nwin-10_seed-0/model-28

----- Epoch 29 (windowed) -----

###### Windowed train epoch 29 overall metrics
  loss: 0.0699 rmse: 0.138 r2: 0.787 corr: 0.889
***** Epoch 29 Val (windowed) *****
  loss: 0.0266 rmse: 0.148 r2: 0.788 corr: 0.900
********************
***** Epoch 29 Test (windowed) *****
  loss: 0.0401 rmse: 0.192 r2: 0.679 corr: 0.834
********************
  Epoch 29 done in 23.8s

----- Epoch 30 (windowed) -----

###### Windowed train epoch 30 overall metrics
  loss: 0.0696 rmse: 0.138 r2: 0.788 corr: 0.889
***** Epoch 30 Val (windowed) *****
  loss: 0.0261 rmse: 0.143 r2: 0.800 corr: 0.897
********************
***** Epoch 30 Test (windowed) *****
  loss: 0.0384 rmse: 0.183 r2: 0.706 corr: 0.841
********************
  Epoch 30 done in 25.0s

----- Epoch 31 (windowed) -----

###### Windowed train epoch 31 overall metrics
  loss: 0.0681 rmse: 0.135 r2: 0.798 corr: 0.894
***** Epoch 31 Val (windowed) *****
  loss: 0.0259 rmse: 0.145 r2: 0.796 corr: 0.899
********************
***** Epoch 31 Test (windowed) *****
  loss: 0.0396 rmse: 0.186 r2: 0.698 corr: 0.836
********************
  Epoch 31 done in 26.0s

----- Epoch 32 (windowed) -----

###### Windowed train epoch 32 overall metrics
  loss: 0.0675 rmse: 0.135 r2: 0.797 corr: 0.894
***** Epoch 32 Val (windowed) *****
  loss: 0.0267 rmse: 0.148 r2: 0.787 corr: 0.901
********************
***** Epoch 32 Test (windowed) *****
  loss: 0.0398 rmse: 0.192 r2: 0.679 corr: 0.829
********************
  Epoch 32 done in 25.9s

----- Epoch 33 (windowed) -----

###### Windowed train epoch 33 overall metrics
  loss: 0.0673 rmse: 0.134 r2: 0.798 corr: 0.894
***** Epoch 33 Val (windowed) *****
  loss: 0.0238 rmse: 0.140 r2: 0.809 corr: 0.905
********************
***** Epoch 33 Test (windowed) *****
  loss: 0.0387 rmse: 0.184 r2: 0.705 corr: 0.840
********************
  Epoch 33 done in 25.2s
  Saved best model → model/FIM_restoration_0412G_stations_monthly/2015/gat-rnn-v2-windowed_bs-128_lr-0.001_maxepoch-50_testyear-2015_win-3_nwin-10_seed-0/model-33

----- Epoch 34 (windowed) -----

###### Windowed train epoch 34 overall metrics
  loss: 0.0661 rmse: 0.134 r2: 0.800 corr: 0.896
***** Epoch 34 Val (windowed) *****
  loss: 0.0245 rmse: 0.138 r2: 0.814 corr: 0.904
********************
***** Epoch 34 Test (windowed) *****
  loss: 0.0386 rmse: 0.185 r2: 0.701 corr: 0.837
********************
  Epoch 34 done in 24.6s
  Saved best model → model/FIM_restoration_0412G_stations_monthly/2015/gat-rnn-v2-windowed_bs-128_lr-0.001_maxepoch-50_testyear-2015_win-3_nwin-10_seed-0/model-34

----- Epoch 35 (windowed) -----

###### Windowed train epoch 35 overall metrics
  loss: 0.0664 rmse: 0.134 r2: 0.798 corr: 0.895
***** Epoch 35 Val (windowed) *****
  loss: 0.0250 rmse: 0.143 r2: 0.801 corr: 0.903
********************
***** Epoch 35 Test (windowed) *****
  loss: 0.0389 rmse: 0.185 r2: 0.702 corr: 0.839
********************
  Epoch 35 done in 24.0s

----- Epoch 36 (windowed) -----

###### Windowed train epoch 36 overall metrics
  loss: 0.0654 rmse: 0.133 r2: 0.804 corr: 0.898
***** Epoch 36 Val (windowed) *****
  loss: 0.0243 rmse: 0.139 r2: 0.811 corr: 0.905
********************
***** Epoch 36 Test (windowed) *****
  loss: 0.0403 rmse: 0.188 r2: 0.690 corr: 0.832
********************
  Epoch 36 done in 24.8s

----- Epoch 37 (windowed) -----

###### Windowed train epoch 37 overall metrics
  loss: 0.0632 rmse: 0.130 r2: 0.811 corr: 0.902
***** Epoch 37 Val (windowed) *****
  loss: 0.0226 rmse: 0.134 r2: 0.826 corr: 0.909
********************
***** Epoch 37 Test (windowed) *****
  loss: 0.0411 rmse: 0.187 r2: 0.695 corr: 0.836
********************
  Epoch 37 done in 25.6s
  Saved best model → model/FIM_restoration_0412G_stations_monthly/2015/gat-rnn-v2-windowed_bs-128_lr-0.001_maxepoch-50_testyear-2015_win-3_nwin-10_seed-0/model-37

----- Epoch 38 (windowed) -----

###### Windowed train epoch 38 overall metrics
  loss: 0.0627 rmse: 0.129 r2: 0.813 corr: 0.902
***** Epoch 38 Val (windowed) *****
  loss: 0.0240 rmse: 0.142 r2: 0.804 corr: 0.906
********************
***** Epoch 38 Test (windowed) *****
  loss: 0.0411 rmse: 0.191 r2: 0.680 corr: 0.826
********************
  Epoch 38 done in 25.1s

----- Epoch 39 (windowed) -----

###### Windowed train epoch 39 overall metrics
  loss: 0.0619 rmse: 0.129 r2: 0.814 corr: 0.903
***** Epoch 39 Val (windowed) *****
  loss: 0.0232 rmse: 0.139 r2: 0.813 corr: 0.910
********************
***** Epoch 39 Test (windowed) *****
  loss: 0.0408 rmse: 0.191 r2: 0.682 corr: 0.829
********************
  Epoch 39 done in 24.5s

----- Epoch 40 (windowed) -----

###### Windowed train epoch 40 overall metrics
  loss: 0.0615 rmse: 0.129 r2: 0.816 corr: 0.904
***** Epoch 40 Val (windowed) *****
  loss: 0.0222 rmse: 0.132 r2: 0.830 corr: 0.912
********************
***** Epoch 40 Test (windowed) *****
  loss: 0.0409 rmse: 0.188 r2: 0.692 corr: 0.833
********************
  Epoch 40 done in 24.6s
  Saved best model → model/FIM_restoration_0412G_stations_monthly/2015/gat-rnn-v2-windowed_bs-128_lr-0.001_maxepoch-50_testyear-2015_win-3_nwin-10_seed-0/model-40

----- Epoch 41 (windowed) -----

###### Windowed train epoch 41 overall metrics
  loss: 0.0611 rmse: 0.128 r2: 0.816 corr: 0.904
***** Epoch 41 Val (windowed) *****
  loss: 0.0228 rmse: 0.135 r2: 0.823 corr: 0.914
********************
***** Epoch 41 Test (windowed) *****
  loss: 0.0399 rmse: 0.187 r2: 0.695 corr: 0.835
********************
  Epoch 41 done in 27.6s

----- Epoch 42 (windowed) -----

###### Windowed train epoch 42 overall metrics
  loss: 0.0606 rmse: 0.128 r2: 0.817 corr: 0.905
***** Epoch 42 Val (windowed) *****
  loss: 0.0223 rmse: 0.134 r2: 0.826 corr: 0.914
********************
***** Epoch 42 Test (windowed) *****
  loss: 0.0404 rmse: 0.189 r2: 0.686 corr: 0.830
********************
  Epoch 42 done in 24.3s

----- Epoch 43 (windowed) -----

###### Windowed train epoch 43 overall metrics
  loss: 0.0598 rmse: 0.126 r2: 0.822 corr: 0.908
***** Epoch 43 Val (windowed) *****
  loss: 0.0216 rmse: 0.131 r2: 0.833 corr: 0.915
********************
***** Epoch 43 Test (windowed) *****
  loss: 0.0411 rmse: 0.189 r2: 0.688 corr: 0.831
********************
  Epoch 43 done in 23.4s
  Saved best model → model/FIM_restoration_0412G_stations_monthly/2015/gat-rnn-v2-windowed_bs-128_lr-0.001_maxepoch-50_testyear-2015_win-3_nwin-10_seed-0/model-43

----- Epoch 44 (windowed) -----

###### Windowed train epoch 44 overall metrics
  loss: 0.0587 rmse: 0.126 r2: 0.824 corr: 0.909
***** Epoch 44 Val (windowed) *****
  loss: 0.0225 rmse: 0.136 r2: 0.819 corr: 0.910
********************
***** Epoch 44 Test (windowed) *****
  loss: 0.0417 rmse: 0.193 r2: 0.675 corr: 0.823
********************
  Epoch 44 done in 24.5s

----- Epoch 45 (windowed) -----

###### Windowed train epoch 45 overall metrics
  loss: 0.0588 rmse: 0.126 r2: 0.824 corr: 0.908
***** Epoch 45 Val (windowed) *****
  loss: 0.0217 rmse: 0.135 r2: 0.822 corr: 0.916
********************
***** Epoch 45 Test (windowed) *****
  loss: 0.0415 rmse: 0.192 r2: 0.678 corr: 0.825
********************
  Epoch 45 done in 24.9s

----- Epoch 46 (windowed) -----

###### Windowed train epoch 46 overall metrics
  loss: 0.0592 rmse: 0.127 r2: 0.821 corr: 0.907
***** Epoch 46 Val (windowed) *****
  loss: 0.0210 rmse: 0.130 r2: 0.837 corr: 0.916
********************
***** Epoch 46 Test (windowed) *****
  loss: 0.0422 rmse: 0.190 r2: 0.685 corr: 0.831
********************
  Epoch 46 done in 24.4s
  Saved best model → model/FIM_restoration_0412G_stations_monthly/2015/gat-rnn-v2-windowed_bs-128_lr-0.001_maxepoch-50_testyear-2015_win-3_nwin-10_seed-0/model-46

----- Epoch 47 (windowed) -----

###### Windowed train epoch 47 overall metrics
  loss: 0.0576 rmse: 0.125 r2: 0.825 corr: 0.909
***** Epoch 47 Val (windowed) *****
  loss: 0.0218 rmse: 0.133 r2: 0.828 corr: 0.918
********************
***** Epoch 47 Test (windowed) *****
  loss: 0.0412 rmse: 0.192 r2: 0.679 corr: 0.826
********************
  Epoch 47 done in 23.6s

----- Epoch 48 (windowed) -----

###### Windowed train epoch 48 overall metrics
  loss: 0.0571 rmse: 0.125 r2: 0.826 corr: 0.910
***** Epoch 48 Val (windowed) *****
  loss: 0.0202 rmse: 0.126 r2: 0.844 corr: 0.920
********************
***** Epoch 48 Test (windowed) *****
  loss: 0.0412 rmse: 0.189 r2: 0.688 corr: 0.832
********************
  Epoch 48 done in 23.7s
  Saved best model → model/FIM_restoration_0412G_stations_monthly/2015/gat-rnn-v2-windowed_bs-128_lr-0.001_maxepoch-50_testyear-2015_win-3_nwin-10_seed-0/model-48

----- Epoch 49 (windowed) -----

###### Windowed train epoch 49 overall metrics
  loss: 0.0563 rmse: 0.123 r2: 0.830 corr: 0.912
***** Epoch 49 Val (windowed) *****
  loss: 0.0206 rmse: 0.129 r2: 0.838 corr: 0.921
********************
***** Epoch 49 Test (windowed) *****
  loss: 0.0403 rmse: 0.188 r2: 0.689 corr: 0.831
********************
  Epoch 49 done in 23.0s
Fold done — best val RMSE=0.1264 test R²=0.6883 corr=0.8316

================================================================
Rolling-windowed  test_year=2016
  Val  : 2015
  Test : 2016
  win_size=3  n_windows=10
================================================================
Initially data (54319, 166)
After filtering (37796, 166)
[transform] Applied root-4: y → expm1(log1p_y)^(1/4); new range [0.00, 5.54]
get_X_Y
X shape (37796, 152)
Y shape (37796, 12)
Y (output) means tensor([[0.1428, 0.0128, 0.2496, 0.1324, 0.0187, 0.0665, 0.1545, 0.0234, 0.0428,
         0.0104, 0.0348, 0.1450]]) stds tensor([[0.4205, 0.1291, 0.5402, 0.4443, 0.1527, 0.2864, 0.4449, 0.1754, 0.2465,
         0.1215, 0.2392, 0.4124]])
Y count-scale means tensor([[0.3224, 0.0274, 0.5891, 0.3642, 0.0390, 0.1458, 0.3632, 0.0511, 0.1040,
         0.0240, 0.1118, 0.3126]]) stds tensor([[1.1610, 0.3064, 1.7522, 1.7160, 0.3742, 1.0733, 1.2947, 0.4388, 0.7778,
         0.3132, 1.8804, 1.0492]])
/Users/liyingnceas/GitHub/GNN-RNN-main/gnn-lstm-v4/utils/data_utils.py:274: RuntimeWarning: Mean of empty slice
  np.nanmean(county_dict[county], axis=0).astype(np.float32)
Filled 95850 missing (node, year) entries from neighbors or year averages
[2D] Station nodes: 596, adj nnz: 2980
[build_year_XY_windowed] data_start=1998, min_pred_year=2009, test_year=2016, win_size=3, n_windows=10
  built windows for T=2009
  built windows for T=2014
[build_year_XY_windowed] built windowed XY for 8 prediction years (2009–2016)
  GAT_RNN_V2: edge_feat_dim=3, n_heads=4, n_hidden=64
  [Bayes] Species rarity weights (mean=1): min=0.63 max=1.31  (rarest=Archosargus probatocephalus_R)

----- Epoch 0 (windowed) -----

###### Windowed train epoch 0 overall metrics
  loss: 0.2180 rmse: 0.289 r2: 0.104 corr: 0.341
***** Epoch 0 Val (windowed) *****
  loss: 0.0923 rmse: 0.297 r2: 0.228 corr: 0.520
********************
***** Epoch 0 Test (windowed) *****
  loss: 0.0936 rmse: 0.301 r2: 0.226 corr: 0.516
********************
  Epoch 0 done in 29.6s
  Saved best model → model/FIM_restoration_0412G_stations_monthly/2016/gat-rnn-v2-windowed_bs-128_lr-0.001_maxepoch-50_testyear-2016_win-3_nwin-10_seed-0/model-0

----- Epoch 1 (windowed) -----

###### Windowed train epoch 1 overall metrics
  loss: 0.1762 rmse: 0.253 r2: 0.313 corr: 0.579
***** Epoch 1 Val (windowed) *****
  loss: 0.0760 rmse: 0.273 r2: 0.350 corr: 0.647
********************
***** Epoch 1 Test (windowed) *****
  loss: 0.0791 rmse: 0.278 r2: 0.340 corr: 0.629
********************
  Epoch 1 done in 28.9s
  Saved best model → model/FIM_restoration_0412G_stations_monthly/2016/gat-rnn-v2-windowed_bs-128_lr-0.001_maxepoch-50_testyear-2016_win-3_nwin-10_seed-0/model-1

----- Epoch 2 (windowed) -----

###### Windowed train epoch 2 overall metrics
  loss: 0.1518 rmse: 0.225 r2: 0.455 corr: 0.691
***** Epoch 2 Val (windowed) *****
  loss: 0.0617 rmse: 0.237 r2: 0.509 corr: 0.722
********************
***** Epoch 2 Test (windowed) *****
  loss: 0.0661 rmse: 0.243 r2: 0.495 corr: 0.708
********************
  Epoch 2 done in 28.9s
  Saved best model → model/FIM_restoration_0412G_stations_monthly/2016/gat-rnn-v2-windowed_bs-128_lr-0.001_maxepoch-50_testyear-2016_win-3_nwin-10_seed-0/model-2

----- Epoch 3 (windowed) -----

###### Windowed train epoch 3 overall metrics
  loss: 0.1337 rmse: 0.205 r2: 0.550 corr: 0.752
***** Epoch 3 Val (windowed) *****
  loss: 0.0526 rmse: 0.217 r2: 0.590 corr: 0.785
********************
***** Epoch 3 Test (windowed) *****
  loss: 0.0580 rmse: 0.225 r2: 0.570 corr: 0.763
********************
  Epoch 3 done in 28.0s
  Saved best model → model/FIM_restoration_0412G_stations_monthly/2016/gat-rnn-v2-windowed_bs-128_lr-0.001_maxepoch-50_testyear-2016_win-3_nwin-10_seed-0/model-3

----- Epoch 4 (windowed) -----

###### Windowed train epoch 4 overall metrics
  loss: 0.1196 rmse: 0.190 r2: 0.612 corr: 0.790
***** Epoch 4 Val (windowed) *****
  loss: 0.0440 rmse: 0.201 r2: 0.647 corr: 0.825
********************
***** Epoch 4 Test (windowed) *****
  loss: 0.0528 rmse: 0.212 r2: 0.615 corr: 0.793
********************
  Epoch 4 done in 27.5s
  Saved best model → model/FIM_restoration_0412G_stations_monthly/2016/gat-rnn-v2-windowed_bs-128_lr-0.001_maxepoch-50_testyear-2016_win-3_nwin-10_seed-0/model-4

----- Epoch 5 (windowed) -----

###### Windowed train epoch 5 overall metrics
  loss: 0.1107 rmse: 0.181 r2: 0.646 corr: 0.809
***** Epoch 5 Val (windowed) *****
  loss: 0.0405 rmse: 0.191 r2: 0.683 corr: 0.834
********************
***** Epoch 5 Test (windowed) *****
  loss: 0.0498 rmse: 0.204 r2: 0.646 corr: 0.806
********************
  Epoch 5 done in 28.0s
  Saved best model → model/FIM_restoration_0412G_stations_monthly/2016/gat-rnn-v2-windowed_bs-128_lr-0.001_maxepoch-50_testyear-2016_win-3_nwin-10_seed-0/model-5

----- Epoch 6 (windowed) -----

###### Windowed train epoch 6 overall metrics
  loss: 0.1031 rmse: 0.174 r2: 0.676 corr: 0.826
***** Epoch 6 Val (windowed) *****
  loss: 0.0389 rmse: 0.192 r2: 0.678 corr: 0.844
********************
***** Epoch 6 Test (windowed) *****
  loss: 0.0462 rmse: 0.201 r2: 0.656 corr: 0.820
********************
  Epoch 6 done in 29.9s

----- Epoch 7 (windowed) -----

###### Windowed train epoch 7 overall metrics
  loss: 0.0997 rmse: 0.172 r2: 0.684 corr: 0.830
***** Epoch 7 Val (windowed) *****
  loss: 0.0365 rmse: 0.187 r2: 0.695 corr: 0.852
********************
***** Epoch 7 Test (windowed) *****
  loss: 0.0455 rmse: 0.200 r2: 0.660 corr: 0.819
********************
  Epoch 7 done in 31.2s
  Saved best model → model/FIM_restoration_0412G_stations_monthly/2016/gat-rnn-v2-windowed_bs-128_lr-0.001_maxepoch-50_testyear-2016_win-3_nwin-10_seed-0/model-7

----- Epoch 8 (windowed) -----

###### Windowed train epoch 8 overall metrics
  loss: 0.0963 rmse: 0.169 r2: 0.694 corr: 0.837
***** Epoch 8 Val (windowed) *****
  loss: 0.0362 rmse: 0.178 r2: 0.724 corr: 0.851
********************
***** Epoch 8 Test (windowed) *****
  loss: 0.0469 rmse: 0.198 r2: 0.667 corr: 0.818
********************
  Epoch 8 done in 29.0s
  Saved best model → model/FIM_restoration_0412G_stations_monthly/2016/gat-rnn-v2-windowed_bs-128_lr-0.001_maxepoch-50_testyear-2016_win-3_nwin-10_seed-0/model-8

----- Epoch 9 (windowed) -----

###### Windowed train epoch 9 overall metrics
  loss: 0.0938 rmse: 0.164 r2: 0.710 corr: 0.845
***** Epoch 9 Val (windowed) *****
  loss: 0.0350 rmse: 0.176 r2: 0.729 corr: 0.855
********************
***** Epoch 9 Test (windowed) *****
  loss: 0.0466 rmse: 0.195 r2: 0.676 corr: 0.823
********************
  Epoch 9 done in 28.7s
  Saved best model → model/FIM_restoration_0412G_stations_monthly/2016/gat-rnn-v2-windowed_bs-128_lr-0.001_maxepoch-50_testyear-2016_win-3_nwin-10_seed-0/model-9

----- Epoch 10 (windowed) -----

###### Windowed train epoch 10 overall metrics
  loss: 0.0920 rmse: 0.165 r2: 0.709 corr: 0.844
***** Epoch 10 Val (windowed) *****
  loss: 0.0337 rmse: 0.176 r2: 0.729 corr: 0.862
********************
***** Epoch 10 Test (windowed) *****
  loss: 0.0447 rmse: 0.194 r2: 0.680 corr: 0.825
********************
  Epoch 10 done in 29.1s

----- Epoch 11 (windowed) -----

###### Windowed train epoch 11 overall metrics
  loss: 0.0899 rmse: 0.163 r2: 0.714 corr: 0.848
***** Epoch 11 Val (windowed) *****
  loss: 0.0328 rmse: 0.172 r2: 0.741 corr: 0.866
********************
***** Epoch 11 Test (windowed) *****
  loss: 0.0452 rmse: 0.193 r2: 0.683 corr: 0.826
********************
  Epoch 11 done in 28.2s
  Saved best model → model/FIM_restoration_0412G_stations_monthly/2016/gat-rnn-v2-windowed_bs-128_lr-0.001_maxepoch-50_testyear-2016_win-3_nwin-10_seed-0/model-11

----- Epoch 12 (windowed) -----

###### Windowed train epoch 12 overall metrics
  loss: 0.0875 rmse: 0.160 r2: 0.726 corr: 0.854
***** Epoch 12 Val (windowed) *****
  loss: 0.0319 rmse: 0.173 r2: 0.740 corr: 0.870
********************
***** Epoch 12 Test (windowed) *****
  loss: 0.0437 rmse: 0.192 r2: 0.687 corr: 0.830
********************
  Epoch 12 done in 28.1s

----- Epoch 13 (windowed) -----

###### Windowed train epoch 13 overall metrics
  loss: 0.0861 rmse: 0.159 r2: 0.730 corr: 0.857
***** Epoch 13 Val (windowed) *****
  loss: 0.0319 rmse: 0.168 r2: 0.753 corr: 0.872
********************
***** Epoch 13 Test (windowed) *****
  loss: 0.0462 rmse: 0.192 r2: 0.685 corr: 0.829
********************
  Epoch 13 done in 27.9s
  Saved best model → model/FIM_restoration_0412G_stations_monthly/2016/gat-rnn-v2-windowed_bs-128_lr-0.001_maxepoch-50_testyear-2016_win-3_nwin-10_seed-0/model-13

----- Epoch 14 (windowed) -----

###### Windowed train epoch 14 overall metrics
  loss: 0.0846 rmse: 0.157 r2: 0.736 corr: 0.860
***** Epoch 14 Val (windowed) *****
  loss: 0.0320 rmse: 0.174 r2: 0.737 corr: 0.875
********************
***** Epoch 14 Test (windowed) *****
  loss: 0.0439 rmse: 0.192 r2: 0.685 corr: 0.830
********************
  Epoch 14 done in 28.4s

----- Epoch 15 (windowed) -----

###### Windowed train epoch 15 overall metrics
  loss: 0.0833 rmse: 0.156 r2: 0.737 corr: 0.861
***** Epoch 15 Val (windowed) *****
  loss: 0.0324 rmse: 0.175 r2: 0.733 corr: 0.866
********************
***** Epoch 15 Test (windowed) *****
  loss: 0.0450 rmse: 0.195 r2: 0.675 corr: 0.822
********************
  Epoch 15 done in 29.0s

----- Epoch 16 (windowed) -----

###### Windowed train epoch 16 overall metrics
  loss: 0.0817 rmse: 0.155 r2: 0.742 corr: 0.863
***** Epoch 16 Val (windowed) *****
  loss: 0.0299 rmse: 0.168 r2: 0.753 corr: 0.878
********************
***** Epoch 16 Test (windowed) *****
  loss: 0.0443 rmse: 0.190 r2: 0.692 corr: 0.832
********************
  Epoch 16 done in 29.1s
  Saved best model → model/FIM_restoration_0412G_stations_monthly/2016/gat-rnn-v2-windowed_bs-128_lr-0.001_maxepoch-50_testyear-2016_win-3_nwin-10_seed-0/model-16

----- Epoch 17 (windowed) -----

###### Windowed train epoch 17 overall metrics
  loss: 0.0798 rmse: 0.152 r2: 0.752 corr: 0.870
***** Epoch 17 Val (windowed) *****
  loss: 0.0313 rmse: 0.173 r2: 0.740 corr: 0.879
********************
***** Epoch 17 Test (windowed) *****
  loss: 0.0456 rmse: 0.194 r2: 0.677 corr: 0.826
********************
  Epoch 17 done in 28.4s

----- Epoch 18 (windowed) -----

###### Windowed train epoch 18 overall metrics
  loss: 0.0781 rmse: 0.151 r2: 0.755 corr: 0.870
***** Epoch 18 Val (windowed) *****
  loss: 0.0289 rmse: 0.165 r2: 0.761 corr: 0.882
********************
***** Epoch 18 Test (windowed) *****
  loss: 0.0445 rmse: 0.193 r2: 0.683 corr: 0.826
********************
  Epoch 18 done in 29.5s
  Saved best model → model/FIM_restoration_0412G_stations_monthly/2016/gat-rnn-v2-windowed_bs-128_lr-0.001_maxepoch-50_testyear-2016_win-3_nwin-10_seed-0/model-18

----- Epoch 19 (windowed) -----

###### Windowed train epoch 19 overall metrics
  loss: 0.0771 rmse: 0.150 r2: 0.759 corr: 0.873
***** Epoch 19 Val (windowed) *****
  loss: 0.0281 rmse: 0.165 r2: 0.761 corr: 0.884
********************
***** Epoch 19 Test (windowed) *****
  loss: 0.0442 rmse: 0.191 r2: 0.687 corr: 0.829
********************
  Epoch 19 done in 27.9s

----- Epoch 20 (windowed) -----

###### Windowed train epoch 20 overall metrics
  loss: 0.0758 rmse: 0.149 r2: 0.762 corr: 0.875
***** Epoch 20 Val (windowed) *****
  loss: 0.0296 rmse: 0.164 r2: 0.766 corr: 0.880
********************
***** Epoch 20 Test (windowed) *****
  loss: 0.0477 rmse: 0.193 r2: 0.682 corr: 0.830
********************
  Epoch 20 done in 28.6s
  Saved best model → model/FIM_restoration_0412G_stations_monthly/2016/gat-rnn-v2-windowed_bs-128_lr-0.001_maxepoch-50_testyear-2016_win-3_nwin-10_seed-0/model-20

----- Epoch 21 (windowed) -----

###### Windowed train epoch 21 overall metrics
  loss: 0.0749 rmse: 0.148 r2: 0.763 corr: 0.876
***** Epoch 21 Val (windowed) *****
  loss: 0.0295 rmse: 0.167 r2: 0.757 corr: 0.876
********************
***** Epoch 21 Test (windowed) *****
  loss: 0.0487 rmse: 0.199 r2: 0.664 corr: 0.817
********************
  Epoch 21 done in 28.7s

----- Epoch 22 (windowed) -----

###### Windowed train epoch 22 overall metrics
  loss: 0.0743 rmse: 0.148 r2: 0.766 corr: 0.876
***** Epoch 22 Val (windowed) *****
  loss: 0.0277 rmse: 0.160 r2: 0.776 corr: 0.885
********************
***** Epoch 22 Test (windowed) *****
  loss: 0.0485 rmse: 0.198 r2: 0.667 corr: 0.821
********************
  Epoch 22 done in 28.2s
  Saved best model → model/FIM_restoration_0412G_stations_monthly/2016/gat-rnn-v2-windowed_bs-128_lr-0.001_maxepoch-50_testyear-2016_win-3_nwin-10_seed-0/model-22

----- Epoch 23 (windowed) -----

###### Windowed train epoch 23 overall metrics
  loss: 0.0727 rmse: 0.146 r2: 0.771 corr: 0.879
***** Epoch 23 Val (windowed) *****
  loss: 0.0270 rmse: 0.160 r2: 0.777 corr: 0.888
********************
***** Epoch 23 Test (windowed) *****
  loss: 0.0456 rmse: 0.191 r2: 0.690 corr: 0.832
********************
  Epoch 23 done in 28.8s
  Saved best model → model/FIM_restoration_0412G_stations_monthly/2016/gat-rnn-v2-windowed_bs-128_lr-0.001_maxepoch-50_testyear-2016_win-3_nwin-10_seed-0/model-23

----- Epoch 24 (windowed) -----

###### Windowed train epoch 24 overall metrics
  loss: 0.0712 rmse: 0.144 r2: 0.777 corr: 0.884
***** Epoch 24 Val (windowed) *****
  loss: 0.0271 rmse: 0.163 r2: 0.767 corr: 0.893
********************
***** Epoch 24 Test (windowed) *****
  loss: 0.0453 rmse: 0.191 r2: 0.687 corr: 0.829
********************
  Epoch 24 done in 29.0s

----- Epoch 25 (windowed) -----

###### Windowed train epoch 25 overall metrics
  loss: 0.0698 rmse: 0.142 r2: 0.783 corr: 0.886
***** Epoch 25 Val (windowed) *****
  loss: 0.0264 rmse: 0.155 r2: 0.790 corr: 0.895
********************
***** Epoch 25 Test (windowed) *****
  loss: 0.0472 rmse: 0.193 r2: 0.682 corr: 0.829
********************
  Epoch 25 done in 28.4s
  Saved best model → model/FIM_restoration_0412G_stations_monthly/2016/gat-rnn-v2-windowed_bs-128_lr-0.001_maxepoch-50_testyear-2016_win-3_nwin-10_seed-0/model-25

----- Epoch 26 (windowed) -----

###### Windowed train epoch 26 overall metrics
  loss: 0.0692 rmse: 0.141 r2: 0.786 corr: 0.888
***** Epoch 26 Val (windowed) *****
  loss: 0.0257 rmse: 0.151 r2: 0.802 corr: 0.896
********************
***** Epoch 26 Test (windowed) *****
  loss: 0.0477 rmse: 0.195 r2: 0.677 corr: 0.833
********************
  Epoch 26 done in 28.4s
  Saved best model → model/FIM_restoration_0412G_stations_monthly/2016/gat-rnn-v2-windowed_bs-128_lr-0.001_maxepoch-50_testyear-2016_win-3_nwin-10_seed-0/model-26

----- Epoch 27 (windowed) -----

###### Windowed train epoch 27 overall metrics
  loss: 0.0689 rmse: 0.141 r2: 0.786 corr: 0.888
***** Epoch 27 Val (windowed) *****
  loss: 0.0273 rmse: 0.157 r2: 0.784 corr: 0.890
********************
***** Epoch 27 Test (windowed) *****
  loss: 0.0463 rmse: 0.192 r2: 0.684 corr: 0.830
********************
  Epoch 27 done in 28.6s

----- Epoch 28 (windowed) -----

###### Windowed train epoch 28 overall metrics
  loss: 0.0682 rmse: 0.141 r2: 0.787 corr: 0.888
***** Epoch 28 Val (windowed) *****
  loss: 0.0254 rmse: 0.153 r2: 0.795 corr: 0.896
********************
***** Epoch 28 Test (windowed) *****
  loss: 0.0456 rmse: 0.191 r2: 0.688 corr: 0.831
********************
  Epoch 28 done in 28.3s

----- Epoch 29 (windowed) -----

###### Windowed train epoch 29 overall metrics
  loss: 0.0665 rmse: 0.139 r2: 0.794 corr: 0.892
***** Epoch 29 Val (windowed) *****
  loss: 0.0245 rmse: 0.151 r2: 0.800 corr: 0.899
********************
***** Epoch 29 Test (windowed) *****
  loss: 0.0459 rmse: 0.191 r2: 0.688 corr: 0.832
********************
  Epoch 29 done in 29.1s

----- Epoch 30 (windowed) -----

###### Windowed train epoch 30 overall metrics
  loss: 0.0656 rmse: 0.138 r2: 0.795 corr: 0.892
***** Epoch 30 Val (windowed) *****
  loss: 0.0246 rmse: 0.153 r2: 0.794 corr: 0.899
********************
***** Epoch 30 Test (windowed) *****
  loss: 0.0463 rmse: 0.194 r2: 0.678 corr: 0.825
********************
  Epoch 30 done in 29.1s

----- Epoch 31 (windowed) -----

###### Windowed train epoch 31 overall metrics
  loss: 0.0649 rmse: 0.137 r2: 0.797 corr: 0.894
***** Epoch 31 Val (windowed) *****
  loss: 0.0277 rmse: 0.165 r2: 0.762 corr: 0.895
********************
***** Epoch 31 Test (windowed) *****
  loss: 0.0452 rmse: 0.192 r2: 0.686 corr: 0.829
********************
  Epoch 31 done in 28.7s

----- Epoch 32 (windowed) -----

###### Windowed train epoch 32 overall metrics
  loss: 0.0643 rmse: 0.136 r2: 0.800 corr: 0.896
***** Epoch 32 Val (windowed) *****
  loss: 0.0269 rmse: 0.161 r2: 0.773 corr: 0.896
********************
***** Epoch 32 Test (windowed) *****
  loss: 0.0451 rmse: 0.192 r2: 0.685 corr: 0.828
********************
  Epoch 32 done in 28.5s

----- Epoch 33 (windowed) -----

###### Windowed train epoch 33 overall metrics
  loss: 0.0641 rmse: 0.137 r2: 0.797 corr: 0.894
***** Epoch 33 Val (windowed) *****
  loss: 0.0236 rmse: 0.147 r2: 0.812 corr: 0.902
********************
***** Epoch 33 Test (windowed) *****
  loss: 0.0486 rmse: 0.198 r2: 0.664 corr: 0.827
********************
  Epoch 33 done in 29.2s
  Saved best model → model/FIM_restoration_0412G_stations_monthly/2016/gat-rnn-v2-windowed_bs-128_lr-0.001_maxepoch-50_testyear-2016_win-3_nwin-10_seed-0/model-33

----- Epoch 34 (windowed) -----

###### Windowed train epoch 34 overall metrics
  loss: 0.0625 rmse: 0.135 r2: 0.803 corr: 0.897
***** Epoch 34 Val (windowed) *****
  loss: 0.0230 rmse: 0.145 r2: 0.817 corr: 0.906
********************
***** Epoch 34 Test (windowed) *****
  loss: 0.0479 rmse: 0.194 r2: 0.678 corr: 0.829
********************
  Epoch 34 done in 28.6s
  Saved best model → model/FIM_restoration_0412G_stations_monthly/2016/gat-rnn-v2-windowed_bs-128_lr-0.001_maxepoch-50_testyear-2016_win-3_nwin-10_seed-0/model-34

----- Epoch 35 (windowed) -----

###### Windowed train epoch 35 overall metrics
  loss: 0.0617 rmse: 0.135 r2: 0.804 corr: 0.898
***** Epoch 35 Val (windowed) *****
  loss: 0.0231 rmse: 0.146 r2: 0.815 corr: 0.905
********************
***** Epoch 35 Test (windowed) *****
  loss: 0.0479 rmse: 0.197 r2: 0.670 corr: 0.827
********************
  Epoch 35 done in 28.7s

----- Epoch 36 (windowed) -----

###### Windowed train epoch 36 overall metrics
  loss: 0.0610 rmse: 0.133 r2: 0.810 corr: 0.901
***** Epoch 36 Val (windowed) *****
  loss: 0.0250 rmse: 0.154 r2: 0.792 corr: 0.905
********************
***** Epoch 36 Test (windowed) *****
  loss: 0.0459 rmse: 0.193 r2: 0.681 corr: 0.826
********************
  Epoch 36 done in 28.0s

----- Epoch 37 (windowed) -----

###### Windowed train epoch 37 overall metrics
  loss: 0.0604 rmse: 0.133 r2: 0.811 corr: 0.902
***** Epoch 37 Val (windowed) *****
  loss: 0.0231 rmse: 0.146 r2: 0.815 corr: 0.906
********************
***** Epoch 37 Test (windowed) *****
  loss: 0.0502 rmse: 0.202 r2: 0.651 corr: 0.818
********************
  Epoch 37 done in 28.3s

----- Epoch 38 (windowed) -----

###### Windowed train epoch 38 overall metrics
  loss: 0.0603 rmse: 0.133 r2: 0.809 corr: 0.901
***** Epoch 38 Val (windowed) *****
  loss: 0.0231 rmse: 0.149 r2: 0.805 corr: 0.909
********************
***** Epoch 38 Test (windowed) *****
  loss: 0.0473 rmse: 0.195 r2: 0.674 corr: 0.822
********************
  Epoch 38 done in 28.2s

----- Epoch 39 (windowed) -----

###### Windowed train epoch 39 overall metrics
  loss: 0.0588 rmse: 0.131 r2: 0.815 corr: 0.904
***** Epoch 39 Val (windowed) *****
  loss: 0.0224 rmse: 0.144 r2: 0.818 corr: 0.909
********************
***** Epoch 39 Test (windowed) *****
  loss: 0.0496 rmse: 0.200 r2: 0.659 corr: 0.820
********************
  Epoch 39 done in 29.5s
  Saved best model → model/FIM_restoration_0412G_stations_monthly/2016/gat-rnn-v2-windowed_bs-128_lr-0.001_maxepoch-50_testyear-2016_win-3_nwin-10_seed-0/model-39

----- Epoch 40 (windowed) -----

###### Windowed train epoch 40 overall metrics
  loss: 0.0584 rmse: 0.131 r2: 0.815 corr: 0.904
***** Epoch 40 Val (windowed) *****
  loss: 0.0224 rmse: 0.145 r2: 0.817 corr: 0.911
********************
***** Epoch 40 Test (windowed) *****
  loss: 0.0472 rmse: 0.196 r2: 0.674 corr: 0.824
********************
  Epoch 40 done in 29.5s

----- Epoch 41 (windowed) -----

###### Windowed train epoch 41 overall metrics
  loss: 0.0582 rmse: 0.131 r2: 0.816 corr: 0.904
***** Epoch 41 Val (windowed) *****
  loss: 0.0226 rmse: 0.146 r2: 0.813 corr: 0.911
********************
***** Epoch 41 Test (windowed) *****
  loss: 0.0476 rmse: 0.195 r2: 0.675 corr: 0.825
********************
  Epoch 41 done in 27.7s

----- Epoch 42 (windowed) -----

###### Windowed train epoch 42 overall metrics
  loss: 0.0577 rmse: 0.129 r2: 0.821 corr: 0.907
***** Epoch 42 Val (windowed) *****
  loss: 0.0253 rmse: 0.156 r2: 0.787 corr: 0.910
********************
***** Epoch 42 Test (windowed) *****
  loss: 0.0464 rmse: 0.194 r2: 0.678 corr: 0.824
********************
  Epoch 42 done in 29.1s

----- Epoch 43 (windowed) -----

###### Windowed train epoch 43 overall metrics
  loss: 0.0574 rmse: 0.130 r2: 0.820 corr: 0.906
***** Epoch 43 Val (windowed) *****
  loss: 0.0238 rmse: 0.149 r2: 0.807 corr: 0.904
********************
***** Epoch 43 Test (windowed) *****
  loss: 0.0476 rmse: 0.197 r2: 0.670 corr: 0.821
********************
  Epoch 43 done in 28.5s

----- Epoch 44 (windowed) -----

###### Windowed train epoch 44 overall metrics
  loss: 0.0565 rmse: 0.128 r2: 0.823 corr: 0.908
***** Epoch 44 Val (windowed) *****
  loss: 0.0213 rmse: 0.140 r2: 0.828 corr: 0.916
********************
***** Epoch 44 Test (windowed) *****
  loss: 0.0469 rmse: 0.194 r2: 0.678 corr: 0.829
********************
  Epoch 44 done in 30.5s
  Saved best model → model/FIM_restoration_0412G_stations_monthly/2016/gat-rnn-v2-windowed_bs-128_lr-0.001_maxepoch-50_testyear-2016_win-3_nwin-10_seed-0/model-44

----- Epoch 45 (windowed) -----

###### Windowed train epoch 45 overall metrics
  loss: 0.0561 rmse: 0.129 r2: 0.822 corr: 0.908
***** Epoch 45 Val (windowed) *****
  loss: 0.0217 rmse: 0.140 r2: 0.828 corr: 0.914
********************
***** Epoch 45 Test (windowed) *****
  loss: 0.0484 rmse: 0.197 r2: 0.669 corr: 0.823
********************
  Epoch 45 done in 28.8s

----- Epoch 46 (windowed) -----

###### Windowed train epoch 46 overall metrics
  loss: 0.0558 rmse: 0.128 r2: 0.825 corr: 0.909
***** Epoch 46 Val (windowed) *****
  loss: 0.0209 rmse: 0.136 r2: 0.838 corr: 0.916
********************
***** Epoch 46 Test (windowed) *****
  loss: 0.0497 rmse: 0.200 r2: 0.660 corr: 0.825
********************
  Epoch 46 done in 27.5s
  Saved best model → model/FIM_restoration_0412G_stations_monthly/2016/gat-rnn-v2-windowed_bs-128_lr-0.001_maxepoch-50_testyear-2016_win-3_nwin-10_seed-0/model-46

----- Epoch 47 (windowed) -----

###### Windowed train epoch 47 overall metrics
  loss: 0.0546 rmse: 0.127 r2: 0.827 corr: 0.910
***** Epoch 47 Val (windowed) *****
  loss: 0.0211 rmse: 0.141 r2: 0.827 corr: 0.918
********************
***** Epoch 47 Test (windowed) *****
  loss: 0.0476 rmse: 0.194 r2: 0.679 corr: 0.826
********************
  Epoch 47 done in 27.8s

----- Epoch 48 (windowed) -----

###### Windowed train epoch 48 overall metrics
  loss: 0.0541 rmse: 0.126 r2: 0.831 corr: 0.912
***** Epoch 48 Val (windowed) *****
  loss: 0.0212 rmse: 0.141 r2: 0.826 corr: 0.916
********************
***** Epoch 48 Test (windowed) *****
  loss: 0.0480 rmse: 0.196 r2: 0.672 corr: 0.822
********************
  Epoch 48 done in 27.6s

----- Epoch 49 (windowed) -----

###### Windowed train epoch 49 overall metrics
  loss: 0.0539 rmse: 0.125 r2: 0.832 corr: 0.913
***** Epoch 49 Val (windowed) *****
  loss: 0.0205 rmse: 0.136 r2: 0.839 corr: 0.919
********************
***** Epoch 49 Test (windowed) *****
  loss: 0.0497 rmse: 0.198 r2: 0.667 corr: 0.825
********************
  Epoch 49 done in 28.1s
  Saved best model → model/FIM_restoration_0412G_stations_monthly/2016/gat-rnn-v2-windowed_bs-128_lr-0.001_maxepoch-50_testyear-2016_win-3_nwin-10_seed-0/model-49
Fold done — best val RMSE=0.1358 test R²=0.6670 corr=0.8251

================================================================
Rolling-windowed  test_year=2017
  Val  : 2016
  Test : 2017
  win_size=3  n_windows=10
================================================================
Initially data (54319, 166)
After filtering (40126, 166)
[transform] Applied root-4: y → expm1(log1p_y)^(1/4); new range [0.00, 5.54]
get_X_Y
X shape (40126, 152)
Y shape (40126, 12)
Y (output) means tensor([[0.1442, 0.0124, 0.2477, 0.1353, 0.0188, 0.0652, 0.1549, 0.0230, 0.0446,
         0.0099, 0.0345, 0.1451]]) stds tensor([[0.4227, 0.1263, 0.5377, 0.4493, 0.1529, 0.2831, 0.4459, 0.1739, 0.2534,
         0.1187, 0.2382, 0.4122]])
Y count-scale means tensor([[0.3259, 0.0262, 0.5827, 0.3728, 0.0391, 0.1422, 0.3647, 0.0502, 0.1100,
         0.0229, 0.1103, 0.3122]]) stds tensor([[1.1626, 0.2986, 1.7285, 1.7245, 0.3716, 1.0464, 1.2955, 0.4335, 0.8040,
         0.3050, 1.8345, 1.0441]])
/Users/liyingnceas/GitHub/GNN-RNN-main/gnn-lstm-v4/utils/data_utils.py:274: RuntimeWarning: Mean of empty slice
  np.nanmean(county_dict[county], axis=0).astype(np.float32)
Filled 101494 missing (node, year) entries from neighbors or year averages
[2D] Station nodes: 596, adj nnz: 2980
[build_year_XY_windowed] data_start=1998, min_pred_year=2009, test_year=2017, win_size=3, n_windows=10
  built windows for T=2009
  built windows for T=2014
[build_year_XY_windowed] built windowed XY for 9 prediction years (2009–2017)
  GAT_RNN_V2: edge_feat_dim=3, n_heads=4, n_hidden=64
  [Bayes] Species rarity weights (mean=1): min=0.63 max=1.31  (rarest=Archosargus probatocephalus_R)

----- Epoch 0 (windowed) -----

###### Windowed train epoch 0 overall metrics
  loss: 0.2223 rmse: 0.292 r2: 0.120 corr: 0.367
***** Epoch 0 Val (windowed) *****
  loss: 0.0935 rmse: 0.298 r2: 0.246 corr: 0.530
********************
***** Epoch 0 Test (windowed) *****
  loss: 0.0952 rmse: 0.296 r2: 0.252 corr: 0.535
********************
  Epoch 0 done in 33.0s
  Saved best model → model/FIM_restoration_0412G_stations_monthly/2017/gat-rnn-v2-windowed_bs-128_lr-0.001_maxepoch-50_testyear-2017_win-3_nwin-10_seed-0/model-0

----- Epoch 1 (windowed) -----

###### Windowed train epoch 1 overall metrics
  loss: 0.1748 rmse: 0.254 r2: 0.330 corr: 0.593
***** Epoch 1 Val (windowed) *****
  loss: 0.0732 rmse: 0.263 r2: 0.411 corr: 0.665
********************
***** Epoch 1 Test (windowed) *****
  loss: 0.0750 rmse: 0.260 r2: 0.419 corr: 0.674
********************
  Epoch 1 done in 34.8s
  Saved best model → model/FIM_restoration_0412G_stations_monthly/2017/gat-rnn-v2-windowed_bs-128_lr-0.001_maxepoch-50_testyear-2017_win-3_nwin-10_seed-0/model-1

----- Epoch 2 (windowed) -----

###### Windowed train epoch 2 overall metrics
  loss: 0.1467 rmse: 0.223 r2: 0.487 corr: 0.707
***** Epoch 2 Val (windowed) *****
  loss: 0.0616 rmse: 0.239 r2: 0.516 corr: 0.733
********************
***** Epoch 2 Test (windowed) *****
  loss: 0.0643 rmse: 0.233 r2: 0.537 corr: 0.745
********************
  Epoch 2 done in 31.6s
  Saved best model → model/FIM_restoration_0412G_stations_monthly/2017/gat-rnn-v2-windowed_bs-128_lr-0.001_maxepoch-50_testyear-2017_win-3_nwin-10_seed-0/model-2

----- Epoch 3 (windowed) -----

###### Windowed train epoch 3 overall metrics
  loss: 0.1279 rmse: 0.204 r2: 0.570 corr: 0.763
***** Epoch 3 Val (windowed) *****
  loss: 0.0528 rmse: 0.222 r2: 0.580 corr: 0.776
********************
***** Epoch 3 Test (windowed) *****
  loss: 0.0570 rmse: 0.217 r2: 0.597 corr: 0.782
********************
  Epoch 3 done in 31.9s
  Saved best model → model/FIM_restoration_0412G_stations_monthly/2017/gat-rnn-v2-windowed_bs-128_lr-0.001_maxepoch-50_testyear-2017_win-3_nwin-10_seed-0/model-3

----- Epoch 4 (windowed) -----

###### Windowed train epoch 4 overall metrics
  loss: 0.1146 rmse: 0.189 r2: 0.630 corr: 0.800
***** Epoch 4 Val (windowed) *****
  loss: 0.0479 rmse: 0.202 r2: 0.655 corr: 0.813
********************
***** Epoch 4 Test (windowed) *****
  loss: 0.0555 rmse: 0.204 r2: 0.645 corr: 0.803
********************
  Epoch 4 done in 31.2s
  Saved best model → model/FIM_restoration_0412G_stations_monthly/2017/gat-rnn-v2-windowed_bs-128_lr-0.001_maxepoch-50_testyear-2017_win-3_nwin-10_seed-0/model-4

----- Epoch 5 (windowed) -----

###### Windowed train epoch 5 overall metrics
  loss: 0.1057 rmse: 0.179 r2: 0.670 corr: 0.823
***** Epoch 5 Val (windowed) *****
  loss: 0.0445 rmse: 0.193 r2: 0.682 corr: 0.829
********************
***** Epoch 5 Test (windowed) *****
  loss: 0.0510 rmse: 0.197 r2: 0.668 corr: 0.818
********************
  Epoch 5 done in 34.1s
  Saved best model → model/FIM_restoration_0412G_stations_monthly/2017/gat-rnn-v2-windowed_bs-128_lr-0.001_maxepoch-50_testyear-2017_win-3_nwin-10_seed-0/model-5

----- Epoch 6 (windowed) -----

###### Windowed train epoch 6 overall metrics
  loss: 0.1005 rmse: 0.175 r2: 0.684 corr: 0.830
***** Epoch 6 Val (windowed) *****
  loss: 0.0434 rmse: 0.196 r2: 0.675 corr: 0.837
********************
***** Epoch 6 Test (windowed) *****
  loss: 0.0487 rmse: 0.195 r2: 0.674 corr: 0.827
********************
  Epoch 6 done in 31.4s

----- Epoch 7 (windowed) -----

###### Windowed train epoch 7 overall metrics
  loss: 0.0973 rmse: 0.172 r2: 0.695 corr: 0.837
***** Epoch 7 Val (windowed) *****
  loss: 0.0411 rmse: 0.189 r2: 0.698 corr: 0.841
********************
***** Epoch 7 Test (windowed) *****
  loss: 0.0486 rmse: 0.194 r2: 0.678 corr: 0.824
********************
  Epoch 7 done in 32.1s
  Saved best model → model/FIM_restoration_0412G_stations_monthly/2017/gat-rnn-v2-windowed_bs-128_lr-0.001_maxepoch-50_testyear-2017_win-3_nwin-10_seed-0/model-7

----- Epoch 8 (windowed) -----

###### Windowed train epoch 8 overall metrics
  loss: 0.0945 rmse: 0.169 r2: 0.705 corr: 0.842
***** Epoch 8 Val (windowed) *****
  loss: 0.0405 rmse: 0.187 r2: 0.704 corr: 0.844
********************
***** Epoch 8 Test (windowed) *****
  loss: 0.0481 rmse: 0.192 r2: 0.685 corr: 0.828
********************
  Epoch 8 done in 35.5s
  Saved best model → model/FIM_restoration_0412G_stations_monthly/2017/gat-rnn-v2-windowed_bs-128_lr-0.001_maxepoch-50_testyear-2017_win-3_nwin-10_seed-0/model-8

----- Epoch 9 (windowed) -----

###### Windowed train epoch 9 overall metrics
  loss: 0.0928 rmse: 0.168 r2: 0.707 corr: 0.844
***** Epoch 9 Val (windowed) *****
  loss: 0.0414 rmse: 0.189 r2: 0.696 corr: 0.846
********************
***** Epoch 9 Test (windowed) *****
  loss: 0.0478 rmse: 0.194 r2: 0.677 corr: 0.826
********************
  Epoch 9 done in 35.8s

----- Epoch 10 (windowed) -----

###### Windowed train epoch 10 overall metrics
  loss: 0.0905 rmse: 0.166 r2: 0.716 corr: 0.849
***** Epoch 10 Val (windowed) *****
  loss: 0.0390 rmse: 0.185 r2: 0.708 corr: 0.848
********************
***** Epoch 10 Test (windowed) *****
  loss: 0.0482 rmse: 0.192 r2: 0.685 corr: 0.829
********************
  Epoch 10 done in 35.9s
  Saved best model → model/FIM_restoration_0412G_stations_monthly/2017/gat-rnn-v2-windowed_bs-128_lr-0.001_maxepoch-50_testyear-2017_win-3_nwin-10_seed-0/model-10

----- Epoch 11 (windowed) -----

###### Windowed train epoch 11 overall metrics
  loss: 0.0883 rmse: 0.164 r2: 0.722 corr: 0.851
***** Epoch 11 Val (windowed) *****
  loss: 0.0383 rmse: 0.180 r2: 0.723 corr: 0.854
********************
***** Epoch 11 Test (windowed) *****
  loss: 0.0480 rmse: 0.192 r2: 0.684 corr: 0.827
********************
  Epoch 11 done in 35.4s
  Saved best model → model/FIM_restoration_0412G_stations_monthly/2017/gat-rnn-v2-windowed_bs-128_lr-0.001_maxepoch-50_testyear-2017_win-3_nwin-10_seed-0/model-11

----- Epoch 12 (windowed) -----

###### Windowed train epoch 12 overall metrics
  loss: 0.0858 rmse: 0.162 r2: 0.730 corr: 0.857
***** Epoch 12 Val (windowed) *****
  loss: 0.0367 rmse: 0.176 r2: 0.736 corr: 0.861
********************
***** Epoch 12 Test (windowed) *****
  loss: 0.0474 rmse: 0.191 r2: 0.688 corr: 0.830
********************
  Epoch 12 done in 37.7s
  Saved best model → model/FIM_restoration_0412G_stations_monthly/2017/gat-rnn-v2-windowed_bs-128_lr-0.001_maxepoch-50_testyear-2017_win-3_nwin-10_seed-0/model-12

----- Epoch 13 (windowed) -----

###### Windowed train epoch 13 overall metrics
  loss: 0.0843 rmse: 0.159 r2: 0.737 corr: 0.861
***** Epoch 13 Val (windowed) *****
  loss: 0.0363 rmse: 0.178 r2: 0.732 corr: 0.865
********************
***** Epoch 13 Test (windowed) *****
  loss: 0.0475 rmse: 0.192 r2: 0.684 corr: 0.828
********************
  Epoch 13 done in 35.6s

----- Epoch 14 (windowed) -----

###### Windowed train epoch 14 overall metrics
  loss: 0.0827 rmse: 0.159 r2: 0.740 corr: 0.862
***** Epoch 14 Val (windowed) *****
  loss: 0.0356 rmse: 0.175 r2: 0.740 corr: 0.864
********************
***** Epoch 14 Test (windowed) *****
  loss: 0.0482 rmse: 0.195 r2: 0.676 corr: 0.823
********************
  Epoch 14 done in 35.4s
  Saved best model → model/FIM_restoration_0412G_stations_monthly/2017/gat-rnn-v2-windowed_bs-128_lr-0.001_maxepoch-50_testyear-2017_win-3_nwin-10_seed-0/model-14

----- Epoch 15 (windowed) -----

###### Windowed train epoch 15 overall metrics
  loss: 0.0813 rmse: 0.157 r2: 0.745 corr: 0.865
***** Epoch 15 Val (windowed) *****
  loss: 0.0353 rmse: 0.173 r2: 0.745 corr: 0.864
********************
***** Epoch 15 Test (windowed) *****
  loss: 0.0493 rmse: 0.194 r2: 0.678 corr: 0.826
********************
  Epoch 15 done in 34.2s
  Saved best model → model/FIM_restoration_0412G_stations_monthly/2017/gat-rnn-v2-windowed_bs-128_lr-0.001_maxepoch-50_testyear-2017_win-3_nwin-10_seed-0/model-15

----- Epoch 16 (windowed) -----

###### Windowed train epoch 16 overall metrics
  loss: 0.0792 rmse: 0.155 r2: 0.752 corr: 0.869
***** Epoch 16 Val (windowed) *****
  loss: 0.0350 rmse: 0.175 r2: 0.741 corr: 0.865
********************
***** Epoch 16 Test (windowed) *****
  loss: 0.0488 rmse: 0.194 r2: 0.677 corr: 0.824
********************
  Epoch 16 done in 34.6s

----- Epoch 17 (windowed) -----

###### Windowed train epoch 17 overall metrics
  loss: 0.0775 rmse: 0.153 r2: 0.757 corr: 0.872
***** Epoch 17 Val (windowed) *****
  loss: 0.0348 rmse: 0.171 r2: 0.752 corr: 0.869
********************
***** Epoch 17 Test (windowed) *****
  loss: 0.0488 rmse: 0.193 r2: 0.681 corr: 0.827
********************
  Epoch 17 done in 34.0s
  Saved best model → model/FIM_restoration_0412G_stations_monthly/2017/gat-rnn-v2-windowed_bs-128_lr-0.001_maxepoch-50_testyear-2017_win-3_nwin-10_seed-0/model-17

----- Epoch 18 (windowed) -----

###### Windowed train epoch 18 overall metrics
  loss: 0.0757 rmse: 0.152 r2: 0.762 corr: 0.875
***** Epoch 18 Val (windowed) *****
  loss: 0.0333 rmse: 0.170 r2: 0.753 corr: 0.874
********************
***** Epoch 18 Test (windowed) *****
  loss: 0.0474 rmse: 0.192 r2: 0.684 corr: 0.827
********************
  Epoch 18 done in 33.8s
  Saved best model → model/FIM_restoration_0412G_stations_monthly/2017/gat-rnn-v2-windowed_bs-128_lr-0.001_maxepoch-50_testyear-2017_win-3_nwin-10_seed-0/model-18

----- Epoch 19 (windowed) -----

###### Windowed train epoch 19 overall metrics
  loss: 0.0741 rmse: 0.150 r2: 0.768 corr: 0.878
***** Epoch 19 Val (windowed) *****
  loss: 0.0340 rmse: 0.167 r2: 0.763 corr: 0.875
********************
***** Epoch 19 Test (windowed) *****
  loss: 0.0487 rmse: 0.193 r2: 0.682 corr: 0.827
********************
  Epoch 19 done in 33.9s
  Saved best model → model/FIM_restoration_0412G_stations_monthly/2017/gat-rnn-v2-windowed_bs-128_lr-0.001_maxepoch-50_testyear-2017_win-3_nwin-10_seed-0/model-19

----- Epoch 20 (windowed) -----

###### Windowed train epoch 20 overall metrics
  loss: 0.0736 rmse: 0.150 r2: 0.766 corr: 0.877
***** Epoch 20 Val (windowed) *****
  loss: 0.0327 rmse: 0.164 r2: 0.772 corr: 0.881
********************
***** Epoch 20 Test (windowed) *****
  loss: 0.0488 rmse: 0.193 r2: 0.682 corr: 0.828
********************
  Epoch 20 done in 33.4s
  Saved best model → model/FIM_restoration_0412G_stations_monthly/2017/gat-rnn-v2-windowed_bs-128_lr-0.001_maxepoch-50_testyear-2017_win-3_nwin-10_seed-0/model-20

----- Epoch 21 (windowed) -----

###### Windowed train epoch 21 overall metrics
  loss: 0.0724 rmse: 0.148 r2: 0.773 corr: 0.881
***** Epoch 21 Val (windowed) *****
  loss: 0.0318 rmse: 0.163 r2: 0.774 corr: 0.882
********************
***** Epoch 21 Test (windowed) *****
  loss: 0.0485 rmse: 0.194 r2: 0.677 corr: 0.825
********************
  Epoch 21 done in 33.8s
  Saved best model → model/FIM_restoration_0412G_stations_monthly/2017/gat-rnn-v2-windowed_bs-128_lr-0.001_maxepoch-50_testyear-2017_win-3_nwin-10_seed-0/model-21

----- Epoch 22 (windowed) -----

###### Windowed train epoch 22 overall metrics
  loss: 0.0711 rmse: 0.146 r2: 0.779 corr: 0.884
***** Epoch 22 Val (windowed) *****
  loss: 0.0313 rmse: 0.163 r2: 0.774 corr: 0.883
********************
***** Epoch 22 Test (windowed) *****
  loss: 0.0492 rmse: 0.192 r2: 0.684 corr: 0.829
********************
  Epoch 22 done in 1598.1s

----- Epoch 23 (windowed) -----

###### Windowed train epoch 23 overall metrics
  loss: 0.0699 rmse: 0.145 r2: 0.783 corr: 0.886
***** Epoch 23 Val (windowed) *****
  loss: 0.0319 rmse: 0.169 r2: 0.758 corr: 0.886
********************
***** Epoch 23 Test (windowed) *****
  loss: 0.0476 rmse: 0.194 r2: 0.678 corr: 0.826
********************
  Epoch 23 done in 938.5s

----- Epoch 24 (windowed) -----

###### Windowed train epoch 24 overall metrics
  loss: 0.0689 rmse: 0.144 r2: 0.784 corr: 0.887
***** Epoch 24 Val (windowed) *****
  loss: 0.0323 rmse: 0.170 r2: 0.756 corr: 0.884
********************
***** Epoch 24 Test (windowed) *****
  loss: 0.0479 rmse: 0.194 r2: 0.678 corr: 0.825
********************
  Epoch 24 done in 888.3s

----- Epoch 25 (windowed) -----

###### Windowed train epoch 25 overall metrics
  loss: 0.0684 rmse: 0.144 r2: 0.787 corr: 0.888
***** Epoch 25 Val (windowed) *****
  loss: 0.0336 rmse: 0.174 r2: 0.742 corr: 0.879
********************
***** Epoch 25 Test (windowed) *****
  loss: 0.0477 rmse: 0.195 r2: 0.674 corr: 0.823
********************
  Epoch 25 done in 33.0s

----- Epoch 26 (windowed) -----

###### Windowed train epoch 26 overall metrics
  loss: 0.0676 rmse: 0.143 r2: 0.789 corr: 0.889
***** Epoch 26 Val (windowed) *****
  loss: 0.0303 rmse: 0.158 r2: 0.788 corr: 0.888
********************
***** Epoch 26 Test (windowed) *****
  loss: 0.0501 rmse: 0.197 r2: 0.668 corr: 0.825
********************
  Epoch 26 done in 33.5s
  Saved best model → model/FIM_restoration_0412G_stations_monthly/2017/gat-rnn-v2-windowed_bs-128_lr-0.001_maxepoch-50_testyear-2017_win-3_nwin-10_seed-0/model-26

----- Epoch 27 (windowed) -----

###### Windowed train epoch 27 overall metrics
  loss: 0.0663 rmse: 0.141 r2: 0.795 corr: 0.893
***** Epoch 27 Val (windowed) *****
  loss: 0.0305 rmse: 0.160 r2: 0.782 corr: 0.889
********************
***** Epoch 27 Test (windowed) *****
  loss: 0.0491 rmse: 0.197 r2: 0.668 corr: 0.819
********************
  Epoch 27 done in 34.9s

----- Epoch 28 (windowed) -----

###### Windowed train epoch 28 overall metrics
  loss: 0.0648 rmse: 0.139 r2: 0.800 corr: 0.896
***** Epoch 28 Val (windowed) *****
  loss: 0.0296 rmse: 0.158 r2: 0.788 corr: 0.890
********************
***** Epoch 28 Test (windowed) *****
  loss: 0.0491 rmse: 0.194 r2: 0.677 corr: 0.828
********************
  Epoch 28 done in 34.7s

----- Epoch 29 (windowed) -----

###### Windowed train epoch 29 overall metrics
  loss: 0.0643 rmse: 0.139 r2: 0.800 corr: 0.896
***** Epoch 29 Val (windowed) *****
  loss: 0.0325 rmse: 0.172 r2: 0.750 corr: 0.885
********************
***** Epoch 29 Test (windowed) *****
  loss: 0.0493 rmse: 0.197 r2: 0.668 corr: 0.819
********************
  Epoch 29 done in 35.7s

----- Epoch 30 (windowed) -----

###### Windowed train epoch 30 overall metrics
  loss: 0.0646 rmse: 0.140 r2: 0.796 corr: 0.894
***** Epoch 30 Val (windowed) *****
  loss: 0.0303 rmse: 0.163 r2: 0.775 corr: 0.893
********************
***** Epoch 30 Test (windowed) *****
  loss: 0.0497 rmse: 0.196 r2: 0.670 corr: 0.819
********************
  Epoch 30 done in 36.3s

----- Epoch 31 (windowed) -----

###### Windowed train epoch 31 overall metrics
  loss: 0.0627 rmse: 0.138 r2: 0.802 corr: 0.897
***** Epoch 31 Val (windowed) *****
  loss: 0.0286 rmse: 0.153 r2: 0.801 corr: 0.895
********************
***** Epoch 31 Test (windowed) *****
  loss: 0.0503 rmse: 0.198 r2: 0.664 corr: 0.827
********************
  Epoch 31 done in 35.7s
  Saved best model → model/FIM_restoration_0412G_stations_monthly/2017/gat-rnn-v2-windowed_bs-128_lr-0.001_maxepoch-50_testyear-2017_win-3_nwin-10_seed-0/model-31

----- Epoch 32 (windowed) -----

###### Windowed train epoch 32 overall metrics
  loss: 0.0618 rmse: 0.136 r2: 0.808 corr: 0.900
***** Epoch 32 Val (windowed) *****
  loss: 0.0284 rmse: 0.156 r2: 0.793 corr: 0.897
********************
***** Epoch 32 Test (windowed) *****
  loss: 0.0491 rmse: 0.195 r2: 0.675 corr: 0.825
********************
  Epoch 32 done in 35.5s

----- Epoch 33 (windowed) -----

###### Windowed train epoch 33 overall metrics
  loss: 0.0610 rmse: 0.135 r2: 0.811 corr: 0.902
***** Epoch 33 Val (windowed) *****
  loss: 0.0289 rmse: 0.153 r2: 0.801 corr: 0.900
********************
***** Epoch 33 Test (windowed) *****
  loss: 0.0492 rmse: 0.195 r2: 0.673 corr: 0.826
********************
  Epoch 33 done in 36.8s
  Saved best model → model/FIM_restoration_0412G_stations_monthly/2017/gat-rnn-v2-windowed_bs-128_lr-0.001_maxepoch-50_testyear-2017_win-3_nwin-10_seed-0/model-33

----- Epoch 34 (windowed) -----

###### Windowed train epoch 34 overall metrics
  loss: 0.0599 rmse: 0.134 r2: 0.815 corr: 0.904
***** Epoch 34 Val (windowed) *****
  loss: 0.0276 rmse: 0.152 r2: 0.803 corr: 0.901
********************
***** Epoch 34 Test (windowed) *****
  loss: 0.0492 rmse: 0.194 r2: 0.678 corr: 0.829
********************
  Epoch 34 done in 35.6s
  Saved best model → model/FIM_restoration_0412G_stations_monthly/2017/gat-rnn-v2-windowed_bs-128_lr-0.001_maxepoch-50_testyear-2017_win-3_nwin-10_seed-0/model-34

----- Epoch 35 (windowed) -----

###### Windowed train epoch 35 overall metrics
  loss: 0.0599 rmse: 0.134 r2: 0.815 corr: 0.904
***** Epoch 35 Val (windowed) *****
  loss: 0.0278 rmse: 0.152 r2: 0.804 corr: 0.899
********************
***** Epoch 35 Test (windowed) *****
  loss: 0.0485 rmse: 0.196 r2: 0.673 corr: 0.828
********************
  Epoch 35 done in 34.0s
  Saved best model → model/FIM_restoration_0412G_stations_monthly/2017/gat-rnn-v2-windowed_bs-128_lr-0.001_maxepoch-50_testyear-2017_win-3_nwin-10_seed-0/model-35

----- Epoch 36 (windowed) -----

###### Windowed train epoch 36 overall metrics
  loss: 0.0587 rmse: 0.133 r2: 0.818 corr: 0.905
***** Epoch 36 Val (windowed) *****
  loss: 0.0279 rmse: 0.155 r2: 0.796 corr: 0.902
********************
***** Epoch 36 Test (windowed) *****
  loss: 0.0498 rmse: 0.193 r2: 0.683 corr: 0.827
********************
  Epoch 36 done in 31.4s

----- Epoch 37 (windowed) -----

###### Windowed train epoch 37 overall metrics
  loss: 0.0579 rmse: 0.131 r2: 0.822 corr: 0.908
***** Epoch 37 Val (windowed) *****
  loss: 0.0273 rmse: 0.152 r2: 0.803 corr: 0.903
********************
***** Epoch 37 Test (windowed) *****
  loss: 0.0486 rmse: 0.192 r2: 0.685 corr: 0.829
********************
  Epoch 37 done in 31.6s

----- Epoch 38 (windowed) -----

###### Windowed train epoch 38 overall metrics
  loss: 0.0575 rmse: 0.131 r2: 0.822 corr: 0.908
***** Epoch 38 Val (windowed) *****
  loss: 0.0269 rmse: 0.149 r2: 0.811 corr: 0.905
********************
***** Epoch 38 Test (windowed) *****
  loss: 0.0492 rmse: 0.195 r2: 0.676 corr: 0.825
********************
  Epoch 38 done in 32.1s
  Saved best model → model/FIM_restoration_0412G_stations_monthly/2017/gat-rnn-v2-windowed_bs-128_lr-0.001_maxepoch-50_testyear-2017_win-3_nwin-10_seed-0/model-38

----- Epoch 39 (windowed) -----

###### Windowed train epoch 39 overall metrics
  loss: 0.0562 rmse: 0.130 r2: 0.826 corr: 0.910
***** Epoch 39 Val (windowed) *****
  loss: 0.0287 rmse: 0.154 r2: 0.798 corr: 0.905
********************
***** Epoch 39 Test (windowed) *****
  loss: 0.0489 rmse: 0.195 r2: 0.675 corr: 0.823
********************
  Epoch 39 done in 31.7s

----- Epoch 40 (windowed) -----

###### Windowed train epoch 40 overall metrics
  loss: 0.0561 rmse: 0.130 r2: 0.825 corr: 0.909
***** Epoch 40 Val (windowed) *****
  loss: 0.0269 rmse: 0.149 r2: 0.810 corr: 0.903
********************
***** Epoch 40 Test (windowed) *****
  loss: 0.0494 rmse: 0.192 r2: 0.684 corr: 0.832
********************
  Epoch 40 done in 32.7s

----- Epoch 41 (windowed) -----

###### Windowed train epoch 41 overall metrics
  loss: 0.0549 rmse: 0.129 r2: 0.828 corr: 0.911
***** Epoch 41 Val (windowed) *****
  loss: 0.0259 rmse: 0.143 r2: 0.825 corr: 0.911
********************
***** Epoch 41 Test (windowed) *****
  loss: 0.0499 rmse: 0.196 r2: 0.673 corr: 0.829
********************
  Epoch 41 done in 31.4s
  Saved best model → model/FIM_restoration_0412G_stations_monthly/2017/gat-rnn-v2-windowed_bs-128_lr-0.001_maxepoch-50_testyear-2017_win-3_nwin-10_seed-0/model-41

----- Epoch 42 (windowed) -----

###### Windowed train epoch 42 overall metrics
  loss: 0.0544 rmse: 0.128 r2: 0.830 corr: 0.911
***** Epoch 42 Val (windowed) *****
  loss: 0.0262 rmse: 0.149 r2: 0.812 corr: 0.911
********************
***** Epoch 42 Test (windowed) *****
  loss: 0.0496 rmse: 0.194 r2: 0.677 corr: 0.825
********************
  Epoch 42 done in 31.1s

----- Epoch 43 (windowed) -----

###### Windowed train epoch 43 overall metrics
  loss: 0.0542 rmse: 0.128 r2: 0.831 corr: 0.912
***** Epoch 43 Val (windowed) *****
  loss: 0.0258 rmse: 0.142 r2: 0.828 corr: 0.911
********************
***** Epoch 43 Test (windowed) *****
  loss: 0.0517 rmse: 0.197 r2: 0.669 corr: 0.832
********************
  Epoch 43 done in 32.7s
  Saved best model → model/FIM_restoration_0412G_stations_monthly/2017/gat-rnn-v2-windowed_bs-128_lr-0.001_maxepoch-50_testyear-2017_win-3_nwin-10_seed-0/model-43

----- Epoch 44 (windowed) -----

###### Windowed train epoch 44 overall metrics
  loss: 0.0540 rmse: 0.128 r2: 0.830 corr: 0.913
***** Epoch 44 Val (windowed) *****
  loss: 0.0257 rmse: 0.143 r2: 0.826 corr: 0.914
********************
***** Epoch 44 Test (windowed) *****
  loss: 0.0508 rmse: 0.197 r2: 0.669 corr: 0.827
********************
  Epoch 44 done in 31.9s

----- Epoch 45 (windowed) -----

###### Windowed train epoch 45 overall metrics
  loss: 0.0529 rmse: 0.126 r2: 0.835 corr: 0.914
***** Epoch 45 Val (windowed) *****
  loss: 0.0250 rmse: 0.142 r2: 0.829 corr: 0.915
********************
***** Epoch 45 Test (windowed) *****
  loss: 0.0495 rmse: 0.194 r2: 0.678 corr: 0.829
********************
  Epoch 45 done in 31.2s
  Saved best model → model/FIM_restoration_0412G_stations_monthly/2017/gat-rnn-v2-windowed_bs-128_lr-0.001_maxepoch-50_testyear-2017_win-3_nwin-10_seed-0/model-45

----- Epoch 46 (windowed) -----

###### Windowed train epoch 46 overall metrics
  loss: 0.0522 rmse: 0.125 r2: 0.838 corr: 0.916
***** Epoch 46 Val (windowed) *****
  loss: 0.0268 rmse: 0.149 r2: 0.812 corr: 0.916
********************
***** Epoch 46 Test (windowed) *****
  loss: 0.0480 rmse: 0.191 r2: 0.688 corr: 0.831
********************
  Epoch 46 done in 30.9s

----- Epoch 47 (windowed) -----

###### Windowed train epoch 47 overall metrics
  loss: 0.0524 rmse: 0.126 r2: 0.836 corr: 0.915
***** Epoch 47 Val (windowed) *****
  loss: 0.0247 rmse: 0.140 r2: 0.835 corr: 0.916
********************
***** Epoch 47 Test (windowed) *****
  loss: 0.0510 rmse: 0.197 r2: 0.667 corr: 0.829
********************
  Epoch 47 done in 30.6s
  Saved best model → model/FIM_restoration_0412G_stations_monthly/2017/gat-rnn-v2-windowed_bs-128_lr-0.001_maxepoch-50_testyear-2017_win-3_nwin-10_seed-0/model-47

----- Epoch 48 (windowed) -----

###### Windowed train epoch 48 overall metrics
  loss: 0.0516 rmse: 0.125 r2: 0.839 corr: 0.917
***** Epoch 48 Val (windowed) *****
  loss: 0.0249 rmse: 0.139 r2: 0.836 corr: 0.916
********************
***** Epoch 48 Test (windowed) *****
  loss: 0.0507 rmse: 0.196 r2: 0.672 corr: 0.833
********************
  Epoch 48 done in 30.4s
  Saved best model → model/FIM_restoration_0412G_stations_monthly/2017/gat-rnn-v2-windowed_bs-128_lr-0.001_maxepoch-50_testyear-2017_win-3_nwin-10_seed-0/model-48

----- Epoch 49 (windowed) -----

###### Windowed train epoch 49 overall metrics
  loss: 0.0508 rmse: 0.124 r2: 0.841 corr: 0.917
***** Epoch 49 Val (windowed) *****
  loss: 0.0247 rmse: 0.138 r2: 0.838 corr: 0.916
********************
***** Epoch 49 Test (windowed) *****
  loss: 0.0518 rmse: 0.202 r2: 0.651 corr: 0.827
********************
  Epoch 49 done in 123.2s
  Saved best model → model/FIM_restoration_0412G_stations_monthly/2017/gat-rnn-v2-windowed_bs-128_lr-0.001_maxepoch-50_testyear-2017_win-3_nwin-10_seed-0/model-49
Fold done — best val RMSE=0.1383 test R²=0.6510 corr=0.8273

================================================================
Rolling-windowed  test_year=2018
  Val  : 2017
  Test : 2018
  win_size=3  n_windows=10
================================================================
Initially data (54319, 166)
After filtering (42427, 166)
[transform] Applied root-4: y → expm1(log1p_y)^(1/4); new range [0.00, 5.54]
get_X_Y
X shape (42427, 152)
Y shape (42427, 12)
Y (output) means tensor([[0.1446, 0.0130, 0.2487, 0.1367, 0.0212, 0.0642, 0.1551, 0.0241, 0.0456,
         0.0097, 0.0352, 0.1443]]) stds tensor([[0.4245, 0.1295, 0.5375, 0.4529, 0.1624, 0.2807, 0.4451, 0.1785, 0.2561,
         0.1171, 0.2413, 0.4110]])
Y count-scale means tensor([[0.3288, 0.0276, 0.5832, 0.3802, 0.0441, 0.1395, 0.3634, 0.0528, 0.1130,
         0.0223, 0.1124, 0.3099]]) stds tensor([[1.1778, 0.3053, 1.7251, 1.7676, 0.3919, 1.0228, 1.2820, 0.4437, 0.8620,
         0.2999, 1.7993, 1.0356]])
/Users/liyingnceas/GitHub/GNN-RNN-main/gnn-lstm-v4/utils/data_utils.py:274: RuntimeWarning: Mean of empty slice
  np.nanmean(county_dict[county], axis=0).astype(np.float32)
Filled 106589 missing (node, year) entries from neighbors or year averages
[2D] Station nodes: 596, adj nnz: 2980
[build_year_XY_windowed] data_start=1998, min_pred_year=2009, test_year=2018, win_size=3, n_windows=10
  built windows for T=2009
  built windows for T=2014
[build_year_XY_windowed] built windowed XY for 10 prediction years (2009–2018)
  GAT_RNN_V2: edge_feat_dim=3, n_heads=4, n_hidden=64
  [Bayes] Species rarity weights (mean=1): min=0.63 max=1.32  (rarest=Mycteroperca microlepis_SA)

----- Epoch 0 (windowed) -----

###### Windowed train epoch 0 overall metrics
  loss: 0.2140 rmse: 0.292 r2: 0.139 corr: 0.392
***** Epoch 0 Val (windowed) *****
  loss: 0.0886 rmse: 0.292 r2: 0.269 corr: 0.570
********************
***** Epoch 0 Test (windowed) *****
  loss: 0.0939 rmse: 0.293 r2: 0.265 corr: 0.569
********************
  Epoch 0 done in 35.2s
  Saved best model → model/FIM_restoration_0412G_stations_monthly/2018/gat-rnn-v2-windowed_bs-128_lr-0.001_maxepoch-50_testyear-2018_win-3_nwin-10_seed-0/model-0

----- Epoch 1 (windowed) -----

###### Windowed train epoch 1 overall metrics
  loss: 0.1717 rmse: 0.250 r2: 0.369 corr: 0.622
***** Epoch 1 Val (windowed) *****
  loss: 0.0727 rmse: 0.255 r2: 0.445 corr: 0.678
********************
***** Epoch 1 Test (windowed) *****
  loss: 0.0770 rmse: 0.256 r2: 0.440 corr: 0.674
********************
  Epoch 1 done in 33.4s
  Saved best model → model/FIM_restoration_0412G_stations_monthly/2018/gat-rnn-v2-windowed_bs-128_lr-0.001_maxepoch-50_testyear-2018_win-3_nwin-10_seed-0/model-1

----- Epoch 2 (windowed) -----

###### Windowed train epoch 2 overall metrics
  loss: 0.1446 rmse: 0.221 r2: 0.508 corr: 0.723
***** Epoch 2 Val (windowed) *****
  loss: 0.0631 rmse: 0.235 r2: 0.528 corr: 0.762
********************
***** Epoch 2 Test (windowed) *****
  loss: 0.0645 rmse: 0.237 r2: 0.518 corr: 0.760
********************
  Epoch 2 done in 33.1s
  Saved best model → model/FIM_restoration_0412G_stations_monthly/2018/gat-rnn-v2-windowed_bs-128_lr-0.001_maxepoch-50_testyear-2018_win-3_nwin-10_seed-0/model-2

----- Epoch 3 (windowed) -----

###### Windowed train epoch 3 overall metrics
  loss: 0.1260 rmse: 0.202 r2: 0.587 corr: 0.773
***** Epoch 3 Val (windowed) *****
  loss: 0.0527 rmse: 0.207 r2: 0.635 corr: 0.805
********************
***** Epoch 3 Test (windowed) *****
  loss: 0.0530 rmse: 0.212 r2: 0.617 corr: 0.794
********************
  Epoch 3 done in 34.4s
  Saved best model → model/FIM_restoration_0412G_stations_monthly/2018/gat-rnn-v2-windowed_bs-128_lr-0.001_maxepoch-50_testyear-2018_win-3_nwin-10_seed-0/model-3

----- Epoch 4 (windowed) -----

###### Windowed train epoch 4 overall metrics
  loss: 0.1116 rmse: 0.188 r2: 0.644 corr: 0.808
***** Epoch 4 Val (windowed) *****
  loss: 0.0484 rmse: 0.201 r2: 0.655 corr: 0.826
********************
***** Epoch 4 Test (windowed) *****
  loss: 0.0480 rmse: 0.206 r2: 0.637 corr: 0.815
********************
  Epoch 4 done in 35.3s
  Saved best model → model/FIM_restoration_0412G_stations_monthly/2018/gat-rnn-v2-windowed_bs-128_lr-0.001_maxepoch-50_testyear-2018_win-3_nwin-10_seed-0/model-4

----- Epoch 5 (windowed) -----

###### Windowed train epoch 5 overall metrics
  loss: 0.1039 rmse: 0.180 r2: 0.672 corr: 0.824
***** Epoch 5 Val (windowed) *****
  loss: 0.0451 rmse: 0.189 r2: 0.696 corr: 0.838
********************
***** Epoch 5 Test (windowed) *****
  loss: 0.0444 rmse: 0.195 r2: 0.674 corr: 0.825
********************
  Epoch 5 done in 33.3s
  Saved best model → model/FIM_restoration_0412G_stations_monthly/2018/gat-rnn-v2-windowed_bs-128_lr-0.001_maxepoch-50_testyear-2018_win-3_nwin-10_seed-0/model-5

----- Epoch 6 (windowed) -----

###### Windowed train epoch 6 overall metrics
  loss: 0.0991 rmse: 0.177 r2: 0.685 corr: 0.831
***** Epoch 6 Val (windowed) *****
  loss: 0.0442 rmse: 0.187 r2: 0.700 corr: 0.846
********************
***** Epoch 6 Test (windowed) *****
  loss: 0.0437 rmse: 0.197 r2: 0.669 corr: 0.827
********************
  Epoch 6 done in 33.6s
  Saved best model → model/FIM_restoration_0412G_stations_monthly/2018/gat-rnn-v2-windowed_bs-128_lr-0.001_maxepoch-50_testyear-2018_win-3_nwin-10_seed-0/model-6

----- Epoch 7 (windowed) -----

###### Windowed train epoch 7 overall metrics
  loss: 0.0960 rmse: 0.172 r2: 0.702 corr: 0.841
***** Epoch 7 Val (windowed) *****
  loss: 0.0428 rmse: 0.187 r2: 0.703 corr: 0.846
********************
***** Epoch 7 Test (windowed) *****
  loss: 0.0437 rmse: 0.197 r2: 0.667 corr: 0.823
********************
  Epoch 7 done in 33.5s
  Saved best model → model/FIM_restoration_0412G_stations_monthly/2018/gat-rnn-v2-windowed_bs-128_lr-0.001_maxepoch-50_testyear-2018_win-3_nwin-10_seed-0/model-7

----- Epoch 8 (windowed) -----

###### Windowed train epoch 8 overall metrics
  loss: 0.0937 rmse: 0.171 r2: 0.705 corr: 0.842
***** Epoch 8 Val (windowed) *****
  loss: 0.0417 rmse: 0.184 r2: 0.711 corr: 0.854
********************
***** Epoch 8 Test (windowed) *****
  loss: 0.0435 rmse: 0.198 r2: 0.664 corr: 0.827
********************
  Epoch 8 done in 33.0s
  Saved best model → model/FIM_restoration_0412G_stations_monthly/2018/gat-rnn-v2-windowed_bs-128_lr-0.001_maxepoch-50_testyear-2018_win-3_nwin-10_seed-0/model-8

----- Epoch 9 (windowed) -----

###### Windowed train epoch 9 overall metrics
  loss: 0.0916 rmse: 0.168 r2: 0.715 corr: 0.849
***** Epoch 9 Val (windowed) *****
  loss: 0.0404 rmse: 0.184 r2: 0.710 corr: 0.856
********************
***** Epoch 9 Test (windowed) *****
  loss: 0.0443 rmse: 0.203 r2: 0.648 corr: 0.821
********************
  Epoch 9 done in 35.0s

----- Epoch 10 (windowed) -----

###### Windowed train epoch 10 overall metrics
  loss: 0.0894 rmse: 0.166 r2: 0.722 corr: 0.852
***** Epoch 10 Val (windowed) *****
  loss: 0.0403 rmse: 0.181 r2: 0.720 corr: 0.856
********************
***** Epoch 10 Test (windowed) *****
  loss: 0.0434 rmse: 0.197 r2: 0.669 corr: 0.824
********************
  Epoch 10 done in 33.3s
  Saved best model → model/FIM_restoration_0412G_stations_monthly/2018/gat-rnn-v2-windowed_bs-128_lr-0.001_maxepoch-50_testyear-2018_win-3_nwin-10_seed-0/model-10

----- Epoch 11 (windowed) -----

###### Windowed train epoch 11 overall metrics
  loss: 0.0870 rmse: 0.164 r2: 0.727 corr: 0.855
***** Epoch 11 Val (windowed) *****
  loss: 0.0393 rmse: 0.175 r2: 0.737 corr: 0.861
********************
***** Epoch 11 Test (windowed) *****
  loss: 0.0432 rmse: 0.195 r2: 0.673 corr: 0.823
********************
  Epoch 11 done in 34.0s
  Saved best model → model/FIM_restoration_0412G_stations_monthly/2018/gat-rnn-v2-windowed_bs-128_lr-0.001_maxepoch-50_testyear-2018_win-3_nwin-10_seed-0/model-11

----- Epoch 12 (windowed) -----

###### Windowed train epoch 12 overall metrics
  loss: 0.0847 rmse: 0.161 r2: 0.737 corr: 0.861
***** Epoch 12 Val (windowed) *****
  loss: 0.0404 rmse: 0.193 r2: 0.682 corr: 0.863
********************
***** Epoch 12 Test (windowed) *****
  loss: 0.0481 rmse: 0.215 r2: 0.603 corr: 0.814
********************
  Epoch 12 done in 33.2s

----- Epoch 13 (windowed) -----

###### Windowed train epoch 13 overall metrics
  loss: 0.0833 rmse: 0.161 r2: 0.736 corr: 0.861
***** Epoch 13 Val (windowed) *****
  loss: 0.0370 rmse: 0.170 r2: 0.753 corr: 0.870
********************
***** Epoch 13 Test (windowed) *****
  loss: 0.0443 rmse: 0.195 r2: 0.675 corr: 0.823
********************
  Epoch 13 done in 33.3s
  Saved best model → model/FIM_restoration_0412G_stations_monthly/2018/gat-rnn-v2-windowed_bs-128_lr-0.001_maxepoch-50_testyear-2018_win-3_nwin-10_seed-0/model-13

----- Epoch 14 (windowed) -----

###### Windowed train epoch 14 overall metrics
  loss: 0.0809 rmse: 0.158 r2: 0.746 corr: 0.866
***** Epoch 14 Val (windowed) *****
  loss: 0.0370 rmse: 0.171 r2: 0.750 corr: 0.867
********************
***** Epoch 14 Test (windowed) *****
  loss: 0.0425 rmse: 0.195 r2: 0.674 corr: 0.822
********************
  Epoch 14 done in 165.4s

----- Epoch 15 (windowed) -----

###### Windowed train epoch 15 overall metrics
  loss: 0.0789 rmse: 0.156 r2: 0.754 corr: 0.871
***** Epoch 15 Val (windowed) *****
  loss: 0.0351 rmse: 0.170 r2: 0.752 corr: 0.875
********************
***** Epoch 15 Test (windowed) *****
  loss: 0.0441 rmse: 0.199 r2: 0.661 corr: 0.817
********************
  Epoch 15 done in 34.8s

----- Epoch 16 (windowed) -----

###### Windowed train epoch 16 overall metrics
  loss: 0.0773 rmse: 0.154 r2: 0.760 corr: 0.873
***** Epoch 16 Val (windowed) *****
  loss: 0.0345 rmse: 0.171 r2: 0.751 corr: 0.876
********************
***** Epoch 16 Test (windowed) *****
  loss: 0.0441 rmse: 0.200 r2: 0.658 corr: 0.816
********************
  Epoch 16 done in 32.9s

----- Epoch 17 (windowed) -----

###### Windowed train epoch 17 overall metrics
  loss: 0.0774 rmse: 0.155 r2: 0.758 corr: 0.873
***** Epoch 17 Val (windowed) *****
  loss: 0.0363 rmse: 0.176 r2: 0.736 corr: 0.869
********************
***** Epoch 17 Test (windowed) *****
  loss: 0.0466 rmse: 0.206 r2: 0.638 corr: 0.809
********************
  Epoch 17 done in 33.6s

----- Epoch 18 (windowed) -----

###### Windowed train epoch 18 overall metrics
  loss: 0.0751 rmse: 0.152 r2: 0.765 corr: 0.877
***** Epoch 18 Val (windowed) *****
  loss: 0.0349 rmse: 0.169 r2: 0.756 corr: 0.877
********************
***** Epoch 18 Test (windowed) *****
  loss: 0.0447 rmse: 0.201 r2: 0.654 corr: 0.812
********************
  Epoch 18 done in 33.2s
  Saved best model → model/FIM_restoration_0412G_stations_monthly/2018/gat-rnn-v2-windowed_bs-128_lr-0.001_maxepoch-50_testyear-2018_win-3_nwin-10_seed-0/model-18

----- Epoch 19 (windowed) -----

###### Windowed train epoch 19 overall metrics
  loss: 0.0733 rmse: 0.151 r2: 0.770 corr: 0.879
***** Epoch 19 Val (windowed) *****
  loss: 0.0336 rmse: 0.167 r2: 0.762 corr: 0.881
********************
***** Epoch 19 Test (windowed) *****
  loss: 0.0443 rmse: 0.200 r2: 0.659 corr: 0.818
********************
  Epoch 19 done in 33.4s
  Saved best model → model/FIM_restoration_0412G_stations_monthly/2018/gat-rnn-v2-windowed_bs-128_lr-0.001_maxepoch-50_testyear-2018_win-3_nwin-10_seed-0/model-19

----- Epoch 20 (windowed) -----

###### Windowed train epoch 20 overall metrics
  loss: 0.0724 rmse: 0.150 r2: 0.772 corr: 0.881
***** Epoch 20 Val (windowed) *****
  loss: 0.0335 rmse: 0.162 r2: 0.776 corr: 0.883
********************
***** Epoch 20 Test (windowed) *****
  loss: 0.0440 rmse: 0.196 r2: 0.671 corr: 0.820
********************
  Epoch 20 done in 34.0s
  Saved best model → model/FIM_restoration_0412G_stations_monthly/2018/gat-rnn-v2-windowed_bs-128_lr-0.001_maxepoch-50_testyear-2018_win-3_nwin-10_seed-0/model-20

----- Epoch 21 (windowed) -----

###### Windowed train epoch 21 overall metrics
  loss: 0.0709 rmse: 0.148 r2: 0.779 corr: 0.884
***** Epoch 21 Val (windowed) *****
  loss: 0.0340 rmse: 0.169 r2: 0.756 corr: 0.881
********************
***** Epoch 21 Test (windowed) *****
  loss: 0.0463 rmse: 0.203 r2: 0.648 corr: 0.814
********************
  Epoch 21 done in 32.8s

----- Epoch 22 (windowed) -----

###### Windowed train epoch 22 overall metrics
  loss: 0.0702 rmse: 0.148 r2: 0.778 corr: 0.884
***** Epoch 22 Val (windowed) *****
  loss: 0.0331 rmse: 0.167 r2: 0.762 corr: 0.879
********************
***** Epoch 22 Test (windowed) *****
  loss: 0.0459 rmse: 0.202 r2: 0.650 corr: 0.813
********************
  Epoch 22 done in 33.3s

----- Epoch 23 (windowed) -----

###### Windowed train epoch 23 overall metrics
  loss: 0.0690 rmse: 0.147 r2: 0.783 corr: 0.887
***** Epoch 23 Val (windowed) *****
  loss: 0.0338 rmse: 0.166 r2: 0.766 corr: 0.877
********************
***** Epoch 23 Test (windowed) *****
  loss: 0.0466 rmse: 0.201 r2: 0.654 corr: 0.811
********************
  Epoch 23 done in 262.0s

----- Epoch 24 (windowed) -----

###### Windowed train epoch 24 overall metrics
  loss: 0.0674 rmse: 0.145 r2: 0.787 corr: 0.889
***** Epoch 24 Val (windowed) *****
  loss: 0.0329 rmse: 0.167 r2: 0.762 corr: 0.881
********************
***** Epoch 24 Test (windowed) *****
  loss: 0.0444 rmse: 0.200 r2: 0.658 corr: 0.814
********************
  Epoch 24 done in 33.7s

----- Epoch 25 (windowed) -----

###### Windowed train epoch 25 overall metrics
  loss: 0.0663 rmse: 0.143 r2: 0.792 corr: 0.892
***** Epoch 25 Val (windowed) *****
  loss: 0.0313 rmse: 0.157 r2: 0.789 corr: 0.891
********************
***** Epoch 25 Test (windowed) *****
  loss: 0.0449 rmse: 0.198 r2: 0.663 corr: 0.816
********************
  Epoch 25 done in 34.4s
  Saved best model → model/FIM_restoration_0412G_stations_monthly/2018/gat-rnn-v2-windowed_bs-128_lr-0.001_maxepoch-50_testyear-2018_win-3_nwin-10_seed-0/model-25

----- Epoch 26 (windowed) -----

###### Windowed train epoch 26 overall metrics
  loss: 0.0654 rmse: 0.141 r2: 0.799 corr: 0.895
***** Epoch 26 Val (windowed) *****
  loss: 0.0320 rmse: 0.163 r2: 0.773 corr: 0.890
********************
***** Epoch 26 Test (windowed) *****
  loss: 0.0453 rmse: 0.200 r2: 0.659 corr: 0.817
********************
  Epoch 26 done in 33.8s

----- Epoch 27 (windowed) -----

###### Windowed train epoch 27 overall metrics
  loss: 0.0650 rmse: 0.142 r2: 0.796 corr: 0.894
***** Epoch 27 Val (windowed) *****
  loss: 0.0336 rmse: 0.169 r2: 0.756 corr: 0.889
********************
***** Epoch 27 Test (windowed) *****
  loss: 0.0463 rmse: 0.205 r2: 0.642 corr: 0.814
********************
  Epoch 27 done in 34.0s

----- Epoch 28 (windowed) -----

###### Windowed train epoch 28 overall metrics
  loss: 0.0639 rmse: 0.141 r2: 0.799 corr: 0.895
***** Epoch 28 Val (windowed) *****
  loss: 0.0288 rmse: 0.152 r2: 0.804 corr: 0.898
********************
***** Epoch 28 Test (windowed) *****
  loss: 0.0452 rmse: 0.198 r2: 0.665 corr: 0.817
********************
  Epoch 28 done in 36.7s
  Saved best model → model/FIM_restoration_0412G_stations_monthly/2018/gat-rnn-v2-windowed_bs-128_lr-0.001_maxepoch-50_testyear-2018_win-3_nwin-10_seed-0/model-28

----- Epoch 29 (windowed) -----

###### Windowed train epoch 29 overall metrics
  loss: 0.0621 rmse: 0.138 r2: 0.807 corr: 0.900
***** Epoch 29 Val (windowed) *****
  loss: 0.0297 rmse: 0.156 r2: 0.792 corr: 0.899
********************
***** Epoch 29 Test (windowed) *****
  loss: 0.0471 rmse: 0.203 r2: 0.647 corr: 0.811
********************
  Epoch 29 done in 37.2s

----- Epoch 30 (windowed) -----

###### Windowed train epoch 30 overall metrics
  loss: 0.0610 rmse: 0.136 r2: 0.812 corr: 0.902
***** Epoch 30 Val (windowed) *****
  loss: 0.0285 rmse: 0.153 r2: 0.800 corr: 0.902
********************
***** Epoch 30 Test (windowed) *****
  loss: 0.0450 rmse: 0.200 r2: 0.658 corr: 0.815
********************
  Epoch 30 done in 37.4s

----- Epoch 31 (windowed) -----

###### Windowed train epoch 31 overall metrics
  loss: 0.0604 rmse: 0.136 r2: 0.813 corr: 0.903
***** Epoch 31 Val (windowed) *****
  loss: 0.0278 rmse: 0.146 r2: 0.817 corr: 0.905
********************
***** Epoch 31 Test (windowed) *****
  loss: 0.0458 rmse: 0.199 r2: 0.662 corr: 0.816
********************
  Epoch 31 done in 117.3s
  Saved best model → model/FIM_restoration_0412G_stations_monthly/2018/gat-rnn-v2-windowed_bs-128_lr-0.001_maxepoch-50_testyear-2018_win-3_nwin-10_seed-0/model-31

----- Epoch 32 (windowed) -----

###### Windowed train epoch 32 overall metrics
  loss: 0.0599 rmse: 0.136 r2: 0.812 corr: 0.903
***** Epoch 32 Val (windowed) *****
  loss: 0.0288 rmse: 0.155 r2: 0.795 corr: 0.902
********************
***** Epoch 32 Test (windowed) *****
  loss: 0.0473 rmse: 0.205 r2: 0.641 corr: 0.807
********************
  Epoch 32 done in 37.8s

----- Epoch 33 (windowed) -----

###### Windowed train epoch 33 overall metrics
  loss: 0.0590 rmse: 0.135 r2: 0.814 corr: 0.903
***** Epoch 33 Val (windowed) *****
  loss: 0.0283 rmse: 0.145 r2: 0.820 corr: 0.906
********************
***** Epoch 33 Test (windowed) *****
  loss: 0.0442 rmse: 0.196 r2: 0.670 corr: 0.822
********************
  Epoch 33 done in 37.4s
  Saved best model → model/FIM_restoration_0412G_stations_monthly/2018/gat-rnn-v2-windowed_bs-128_lr-0.001_maxepoch-50_testyear-2018_win-3_nwin-10_seed-0/model-33

----- Epoch 34 (windowed) -----

###### Windowed train epoch 34 overall metrics
  loss: 0.0579 rmse: 0.134 r2: 0.820 corr: 0.906
***** Epoch 34 Val (windowed) *****
  loss: 0.0288 rmse: 0.153 r2: 0.800 corr: 0.905
********************
***** Epoch 34 Test (windowed) *****
  loss: 0.0465 rmse: 0.202 r2: 0.652 corr: 0.817
********************
  Epoch 34 done in 85.0s

----- Epoch 35 (windowed) -----

###### Windowed train epoch 35 overall metrics
  loss: 0.0571 rmse: 0.132 r2: 0.823 corr: 0.908
***** Epoch 35 Val (windowed) *****
  loss: 0.0271 rmse: 0.143 r2: 0.825 corr: 0.909
********************
***** Epoch 35 Test (windowed) *****
  loss: 0.0458 rmse: 0.195 r2: 0.673 corr: 0.822
********************
  Epoch 35 done in 36.4s
  Saved best model → model/FIM_restoration_0412G_stations_monthly/2018/gat-rnn-v2-windowed_bs-128_lr-0.001_maxepoch-50_testyear-2018_win-3_nwin-10_seed-0/model-35

----- Epoch 36 (windowed) -----

###### Windowed train epoch 36 overall metrics
  loss: 0.0567 rmse: 0.132 r2: 0.823 corr: 0.908
***** Epoch 36 Val (windowed) *****
  loss: 0.0275 rmse: 0.153 r2: 0.801 corr: 0.910
********************
***** Epoch 36 Test (windowed) *****
  loss: 0.0473 rmse: 0.206 r2: 0.637 corr: 0.812
********************
  Epoch 36 done in 35.1s

----- Epoch 37 (windowed) -----

###### Windowed train epoch 37 overall metrics
  loss: 0.0563 rmse: 0.132 r2: 0.823 corr: 0.908
***** Epoch 37 Val (windowed) *****
  loss: 0.0296 rmse: 0.157 r2: 0.789 corr: 0.908
********************
***** Epoch 37 Test (windowed) *****
  loss: 0.0476 rmse: 0.206 r2: 0.638 corr: 0.814
********************
  Epoch 37 done in 35.2s

----- Epoch 38 (windowed) -----

###### Windowed train epoch 38 overall metrics
  loss: 0.0550 rmse: 0.129 r2: 0.831 corr: 0.912
***** Epoch 38 Val (windowed) *****
  loss: 0.0293 rmse: 0.157 r2: 0.788 corr: 0.908
********************
***** Epoch 38 Test (windowed) *****
  loss: 0.0498 rmse: 0.212 r2: 0.616 corr: 0.805
********************
  Epoch 38 done in 37.0s

----- Epoch 39 (windowed) -----

###### Windowed train epoch 39 overall metrics
  loss: 0.0551 rmse: 0.131 r2: 0.827 corr: 0.910
***** Epoch 39 Val (windowed) *****
  loss: 0.0259 rmse: 0.144 r2: 0.823 corr: 0.911
********************
***** Epoch 39 Test (windowed) *****
  loss: 0.0446 rmse: 0.198 r2: 0.664 corr: 0.819
********************
  Epoch 39 done in 37.5s

----- Epoch 40 (windowed) -----

###### Windowed train epoch 40 overall metrics
  loss: 0.0548 rmse: 0.131 r2: 0.827 corr: 0.911
***** Epoch 40 Val (windowed) *****
  loss: 0.0250 rmse: 0.139 r2: 0.835 corr: 0.914
********************
***** Epoch 40 Test (windowed) *****
  loss: 0.0457 rmse: 0.200 r2: 0.657 corr: 0.813
********************
  Epoch 40 done in 37.6s
  Saved best model → model/FIM_restoration_0412G_stations_monthly/2018/gat-rnn-v2-windowed_bs-128_lr-0.001_maxepoch-50_testyear-2018_win-3_nwin-10_seed-0/model-40

----- Epoch 41 (windowed) -----

###### Windowed train epoch 41 overall metrics
  loss: 0.0534 rmse: 0.128 r2: 0.835 corr: 0.914
***** Epoch 41 Val (windowed) *****
  loss: 0.0262 rmse: 0.148 r2: 0.814 corr: 0.912
********************
***** Epoch 41 Test (windowed) *****
  loss: 0.0458 rmse: 0.200 r2: 0.657 corr: 0.816
********************
  Epoch 41 done in 34.2s

----- Epoch 42 (windowed) -----

###### Windowed train epoch 42 overall metrics
  loss: 0.0524 rmse: 0.127 r2: 0.836 corr: 0.915
***** Epoch 42 Val (windowed) *****
  loss: 0.0247 rmse: 0.138 r2: 0.837 corr: 0.915
********************
***** Epoch 42 Test (windowed) *****
  loss: 0.0452 rmse: 0.197 r2: 0.669 corr: 0.820
********************
  Epoch 42 done in 109.8s
  Saved best model → model/FIM_restoration_0412G_stations_monthly/2018/gat-rnn-v2-windowed_bs-128_lr-0.001_maxepoch-50_testyear-2018_win-3_nwin-10_seed-0/model-42

----- Epoch 43 (windowed) -----

###### Windowed train epoch 43 overall metrics
  loss: 0.0528 rmse: 0.129 r2: 0.832 corr: 0.914
***** Epoch 43 Val (windowed) *****
  loss: 0.0260 rmse: 0.144 r2: 0.823 corr: 0.915
********************
***** Epoch 43 Test (windowed) *****
  loss: 0.0464 rmse: 0.200 r2: 0.659 corr: 0.817
********************
  Epoch 43 done in 33.2s

----- Epoch 44 (windowed) -----

###### Windowed train epoch 44 overall metrics
  loss: 0.0510 rmse: 0.125 r2: 0.843 corr: 0.919
***** Epoch 44 Val (windowed) *****
  loss: 0.0247 rmse: 0.138 r2: 0.838 corr: 0.918
********************
***** Epoch 44 Test (windowed) *****
  loss: 0.0459 rmse: 0.199 r2: 0.660 corr: 0.815
********************
  Epoch 44 done in 33.0s
  Saved best model → model/FIM_restoration_0412G_stations_monthly/2018/gat-rnn-v2-windowed_bs-128_lr-0.001_maxepoch-50_testyear-2018_win-3_nwin-10_seed-0/model-44

----- Epoch 45 (windowed) -----

###### Windowed train epoch 45 overall metrics
  loss: 0.0501 rmse: 0.124 r2: 0.844 corr: 0.920
***** Epoch 45 Val (windowed) *****
  loss: 0.0237 rmse: 0.134 r2: 0.846 corr: 0.921
********************
***** Epoch 45 Test (windowed) *****
  loss: 0.0447 rmse: 0.195 r2: 0.673 corr: 0.822
********************
  Epoch 45 done in 33.0s
  Saved best model → model/FIM_restoration_0412G_stations_monthly/2018/gat-rnn-v2-windowed_bs-128_lr-0.001_maxepoch-50_testyear-2018_win-3_nwin-10_seed-0/model-45

----- Epoch 46 (windowed) -----

###### Windowed train epoch 46 overall metrics
  loss: 0.0500 rmse: 0.124 r2: 0.845 corr: 0.920
***** Epoch 46 Val (windowed) *****
  loss: 0.0244 rmse: 0.145 r2: 0.821 corr: 0.919
********************
***** Epoch 46 Test (windowed) *****
  loss: 0.0455 rmse: 0.199 r2: 0.663 corr: 0.820
********************
  Epoch 46 done in 132.1s

----- Epoch 47 (windowed) -----

###### Windowed train epoch 47 overall metrics
  loss: 0.0499 rmse: 0.125 r2: 0.843 corr: 0.919
***** Epoch 47 Val (windowed) *****
  loss: 0.0253 rmse: 0.143 r2: 0.825 corr: 0.918
********************
***** Epoch 47 Test (windowed) *****
  loss: 0.0462 rmse: 0.199 r2: 0.660 corr: 0.817
********************
  Epoch 47 done in 34.1s

----- Epoch 48 (windowed) -----

###### Windowed train epoch 48 overall metrics
  loss: 0.0494 rmse: 0.124 r2: 0.845 corr: 0.920
***** Epoch 48 Val (windowed) *****
  loss: 0.0248 rmse: 0.141 r2: 0.830 corr: 0.917
********************
***** Epoch 48 Test (windowed) *****
  loss: 0.0464 rmse: 0.203 r2: 0.648 corr: 0.807
********************
  Epoch 48 done in 34.7s

----- Epoch 49 (windowed) -----

###### Windowed train epoch 49 overall metrics
  loss: 0.0500 rmse: 0.125 r2: 0.841 corr: 0.918
***** Epoch 49 Val (windowed) *****
  loss: 0.0246 rmse: 0.142 r2: 0.827 corr: 0.918
********************
***** Epoch 49 Test (windowed) *****
  loss: 0.0481 rmse: 0.206 r2: 0.637 corr: 0.810
********************
  Epoch 49 done in 35.3s
Fold done — best val RMSE=0.1342 test R²=0.6733 corr=0.8225

================================================================
Rolling-windowed  test_year=2019
  Val  : 2018
  Test : 2019
  win_size=3  n_windows=10
================================================================
Initially data (54319, 166)
After filtering (44769, 166)
[transform] Applied root-4: y → expm1(log1p_y)^(1/4); new range [0.00, 5.54]
get_X_Y
X shape (44769, 152)
Y shape (44769, 12)
Y (output) means tensor([[0.1446, 0.0130, 0.2506, 0.1390, 0.0238, 0.0635, 0.1537, 0.0240, 0.0473,
         0.0097, 0.0365, 0.1423]]) stds tensor([[0.4247, 0.1295, 0.5385, 0.4575, 0.1721, 0.2787, 0.4430, 0.1779, 0.2630,
         0.1170, 0.2456, 0.4076]])
Y count-scale means tensor([[0.3290, 0.0276, 0.5857, 0.3887, 0.0495, 0.1373, 0.3595, 0.0524, 0.1210,
         0.0222, 0.1155, 0.3046]]) stds tensor([[1.1776, 0.3038, 1.7095, 1.8059, 0.4106, 1.0004, 1.2688, 0.4404, 0.9887,
         0.3013, 1.7685, 1.0206]])
/Users/liyingnceas/GitHub/GNN-RNN-main/gnn-lstm-v4/utils/data_utils.py:274: RuntimeWarning: Mean of empty slice
  np.nanmean(county_dict[county], axis=0).astype(np.float32)
Filled 111585 missing (node, year) entries from neighbors or year averages
[2D] Station nodes: 596, adj nnz: 2980
[build_year_XY_windowed] data_start=1998, min_pred_year=2009, test_year=2019, win_size=3, n_windows=10
  built windows for T=2009
  built windows for T=2014
  built windows for T=2019
[build_year_XY_windowed] built windowed XY for 11 prediction years (2009–2019)
  GAT_RNN_V2: edge_feat_dim=3, n_heads=4, n_hidden=64
  [Bayes] Species rarity weights (mean=1): min=0.63 max=1.33  (rarest=Mycteroperca microlepis_SA)

----- Epoch 0 (windowed) -----
  batch 49 | loss 0.1992 rmse 0.270 r2 0.261 corr 0.538

###### Windowed train epoch 0 overall metrics
  loss: 0.2125 rmse: 0.296 r2: 0.129 corr: 0.384
***** Epoch 0 Val (windowed) *****
  loss: 0.0917 rmse: 0.294 r2: 0.260 corr: 0.557
********************
***** Epoch 0 Test (windowed) *****
  loss: 0.0871 rmse: 0.299 r2: 0.256 corr: 0.555
********************
  Epoch 0 done in 41.2s
  Saved best model → model/FIM_restoration_0412G_stations_monthly/2019/gat-rnn-v2-windowed_bs-128_lr-0.001_maxepoch-50_testyear-2019_win-3_nwin-10_seed-0/model-0

----- Epoch 1 (windowed) -----
  batch 49 | loss 0.1378 rmse 0.193 r2 0.526 corr 0.731

###### Windowed train epoch 1 overall metrics
  loss: 0.1628 rmse: 0.246 r2: 0.398 corr: 0.648
***** Epoch 1 Val (windowed) *****
  loss: 0.0699 rmse: 0.246 r2: 0.480 corr: 0.735
********************
***** Epoch 1 Test (windowed) *****
  loss: 0.0670 rmse: 0.252 r2: 0.472 corr: 0.731
********************
  Epoch 1 done in 41.4s
  Saved best model → model/FIM_restoration_0412G_stations_monthly/2019/gat-rnn-v2-windowed_bs-128_lr-0.001_maxepoch-50_testyear-2019_win-3_nwin-10_seed-0/model-1

----- Epoch 2 (windowed) -----
  batch 49 | loss 0.1252 rmse 0.186 r2 0.652 corr 0.825

###### Windowed train epoch 2 overall metrics
  loss: 0.1342 rmse: 0.211 r2: 0.560 corr: 0.758
***** Epoch 2 Val (windowed) *****
  loss: 0.0584 rmse: 0.212 r2: 0.614 corr: 0.798
********************
***** Epoch 2 Test (windowed) *****
  loss: 0.0556 rmse: 0.218 r2: 0.604 corr: 0.793
********************
  Epoch 2 done in 41.3s
  Saved best model → model/FIM_restoration_0412G_stations_monthly/2019/gat-rnn-v2-windowed_bs-128_lr-0.001_maxepoch-50_testyear-2019_win-3_nwin-10_seed-0/model-2

----- Epoch 3 (windowed) -----
  batch 49 | loss 0.1090 rmse 0.197 r2 0.651 corr 0.821

###### Windowed train epoch 3 overall metrics
  loss: 0.1158 rmse: 0.191 r2: 0.636 corr: 0.804
***** Epoch 3 Val (windowed) *****
  loss: 0.0488 rmse: 0.197 r2: 0.667 corr: 0.821
********************
***** Epoch 3 Test (windowed) *****
  loss: 0.0487 rmse: 0.203 r2: 0.655 corr: 0.815
********************
  Epoch 3 done in 204.0s
  Saved best model → model/FIM_restoration_0412G_stations_monthly/2019/gat-rnn-v2-windowed_bs-128_lr-0.001_maxepoch-50_testyear-2019_win-3_nwin-10_seed-0/model-3

----- Epoch 4 (windowed) -----
  batch 49 | loss 0.1113 rmse 0.181 r2 0.633 corr 0.811

###### Windowed train epoch 4 overall metrics
  loss: 0.1063 rmse: 0.182 r2: 0.669 corr: 0.822
***** Epoch 4 Val (windowed) *****
  loss: 0.0444 rmse: 0.201 r2: 0.654 corr: 0.832
********************
***** Epoch 4 Test (windowed) *****
  loss: 0.0469 rmse: 0.206 r2: 0.646 corr: 0.827
********************
  Epoch 4 done in 40.2s

----- Epoch 5 (windowed) -----
  batch 49 | loss 0.1205 rmse 0.210 r2 0.655 corr 0.820

###### Windowed train epoch 5 overall metrics
  loss: 0.1006 rmse: 0.179 r2: 0.681 corr: 0.829
***** Epoch 5 Val (windowed) *****
  loss: 0.0418 rmse: 0.189 r2: 0.695 corr: 0.838
********************
***** Epoch 5 Test (windowed) *****
  loss: 0.0443 rmse: 0.198 r2: 0.672 corr: 0.823
********************
  Epoch 5 done in 39.4s
  Saved best model → model/FIM_restoration_0412G_stations_monthly/2019/gat-rnn-v2-windowed_bs-128_lr-0.001_maxepoch-50_testyear-2019_win-3_nwin-10_seed-0/model-5

----- Epoch 6 (windowed) -----
  batch 49 | loss 0.0911 rmse 0.154 r2 0.708 corr 0.852

###### Windowed train epoch 6 overall metrics
  loss: 0.0957 rmse: 0.174 r2: 0.698 corr: 0.839
***** Epoch 6 Val (windowed) *****
  loss: 0.0390 rmse: 0.185 r2: 0.707 corr: 0.843
********************
***** Epoch 6 Test (windowed) *****
  loss: 0.0414 rmse: 0.194 r2: 0.687 corr: 0.831
********************
  Epoch 6 done in 39.9s
  Saved best model → model/FIM_restoration_0412G_stations_monthly/2019/gat-rnn-v2-windowed_bs-128_lr-0.001_maxepoch-50_testyear-2019_win-3_nwin-10_seed-0/model-6

----- Epoch 7 (windowed) -----
  batch 49 | loss 0.0918 rmse 0.175 r2 0.721 corr 0.855

###### Windowed train epoch 7 overall metrics
  loss: 0.0925 rmse: 0.172 r2: 0.708 corr: 0.844
***** Epoch 7 Val (windowed) *****
  loss: 0.0372 rmse: 0.182 r2: 0.716 corr: 0.848
********************
***** Epoch 7 Test (windowed) *****
  loss: 0.0424 rmse: 0.193 r2: 0.690 corr: 0.833
********************
  Epoch 7 done in 38.0s
  Saved best model → model/FIM_restoration_0412G_stations_monthly/2019/gat-rnn-v2-windowed_bs-128_lr-0.001_maxepoch-50_testyear-2019_win-3_nwin-10_seed-0/model-7

----- Epoch 8 (windowed) -----
  batch 49 | loss 0.1047 rmse 0.191 r2 0.710 corr 0.850

###### Windowed train epoch 8 overall metrics
  loss: 0.0905 rmse: 0.169 r2: 0.715 corr: 0.848
***** Epoch 8 Val (windowed) *****
  loss: 0.0369 rmse: 0.180 r2: 0.722 corr: 0.852
********************
***** Epoch 8 Test (windowed) *****
  loss: 0.0411 rmse: 0.192 r2: 0.693 corr: 0.834
********************
  Epoch 8 done in 37.3s
  Saved best model → model/FIM_restoration_0412G_stations_monthly/2019/gat-rnn-v2-windowed_bs-128_lr-0.001_maxepoch-50_testyear-2019_win-3_nwin-10_seed-0/model-8

----- Epoch 9 (windowed) -----
  batch 49 | loss 0.0888 rmse 0.169 r2 0.746 corr 0.867

###### Windowed train epoch 9 overall metrics
  loss: 0.0891 rmse: 0.169 r2: 0.717 corr: 0.849
***** Epoch 9 Val (windowed) *****
  loss: 0.0374 rmse: 0.187 r2: 0.700 corr: 0.847
********************
***** Epoch 9 Test (windowed) *****
  loss: 0.0415 rmse: 0.198 r2: 0.673 corr: 0.832
********************
  Epoch 9 done in 37.6s

----- Epoch 10 (windowed) -----
  batch 49 | loss 0.0880 rmse 0.148 r2 0.782 corr 0.884

###### Windowed train epoch 10 overall metrics
  loss: 0.0853 rmse: 0.165 r2: 0.729 corr: 0.856
***** Epoch 10 Val (windowed) *****
  loss: 0.0371 rmse: 0.186 r2: 0.704 corr: 0.852
********************
***** Epoch 10 Test (windowed) *****
  loss: 0.0406 rmse: 0.198 r2: 0.674 corr: 0.834
********************
  Epoch 10 done in 37.3s

----- Epoch 11 (windowed) -----
  batch 49 | loss 0.0862 rmse 0.151 r2 0.774 corr 0.883

###### Windowed train epoch 11 overall metrics
  loss: 0.0833 rmse: 0.164 r2: 0.734 corr: 0.859
***** Epoch 11 Val (windowed) *****
  loss: 0.0357 rmse: 0.179 r2: 0.726 corr: 0.855
********************
***** Epoch 11 Test (windowed) *****
  loss: 0.0431 rmse: 0.196 r2: 0.681 corr: 0.828
********************
  Epoch 11 done in 38.3s
  Saved best model → model/FIM_restoration_0412G_stations_monthly/2019/gat-rnn-v2-windowed_bs-128_lr-0.001_maxepoch-50_testyear-2019_win-3_nwin-10_seed-0/model-11

----- Epoch 12 (windowed) -----
  batch 49 | loss 0.0950 rmse 0.188 r2 0.717 corr 0.847

###### Windowed train epoch 12 overall metrics
  loss: 0.0816 rmse: 0.162 r2: 0.741 corr: 0.864
***** Epoch 12 Val (windowed) *****
  loss: 0.0350 rmse: 0.178 r2: 0.729 corr: 0.855
********************
***** Epoch 12 Test (windowed) *****
  loss: 0.0425 rmse: 0.198 r2: 0.674 corr: 0.822
********************
  Epoch 12 done in 36.4s
  Saved best model → model/FIM_restoration_0412G_stations_monthly/2019/gat-rnn-v2-windowed_bs-128_lr-0.001_maxepoch-50_testyear-2019_win-3_nwin-10_seed-0/model-12

----- Epoch 13 (windowed) -----
  batch 49 | loss 0.0802 rmse 0.160 r2 0.751 corr 0.870

###### Windowed train epoch 13 overall metrics
  loss: 0.0793 rmse: 0.159 r2: 0.748 corr: 0.867
***** Epoch 13 Val (windowed) *****
  loss: 0.0357 rmse: 0.174 r2: 0.740 corr: 0.861
********************
***** Epoch 13 Test (windowed) *****
  loss: 0.0419 rmse: 0.194 r2: 0.685 corr: 0.828
********************
  Epoch 13 done in 42.4s
  Saved best model → model/FIM_restoration_0412G_stations_monthly/2019/gat-rnn-v2-windowed_bs-128_lr-0.001_maxepoch-50_testyear-2019_win-3_nwin-10_seed-0/model-13

----- Epoch 14 (windowed) -----
  batch 49 | loss 0.0834 rmse 0.160 r2 0.780 corr 0.883

###### Windowed train epoch 14 overall metrics
  loss: 0.0773 rmse: 0.157 r2: 0.756 corr: 0.871
***** Epoch 14 Val (windowed) *****
  loss: 0.0338 rmse: 0.174 r2: 0.742 corr: 0.862
********************
***** Epoch 14 Test (windowed) *****
  loss: 0.0420 rmse: 0.193 r2: 0.688 corr: 0.830
********************
  Epoch 14 done in 37.1s
  Saved best model → model/FIM_restoration_0412G_stations_monthly/2019/gat-rnn-v2-windowed_bs-128_lr-0.001_maxepoch-50_testyear-2019_win-3_nwin-10_seed-0/model-14

----- Epoch 15 (windowed) -----
  batch 49 | loss 0.0818 rmse 0.154 r2 0.763 corr 0.873

###### Windowed train epoch 15 overall metrics
  loss: 0.0756 rmse: 0.155 r2: 0.761 corr: 0.874
***** Epoch 15 Val (windowed) *****
  loss: 0.0334 rmse: 0.176 r2: 0.736 corr: 0.866
********************
***** Epoch 15 Test (windowed) *****
  loss: 0.0425 rmse: 0.196 r2: 0.679 corr: 0.829
********************
  Epoch 15 done in 36.4s

----- Epoch 16 (windowed) -----
  batch 49 | loss 0.0812 rmse 0.165 r2 0.762 corr 0.874

###### Windowed train epoch 16 overall metrics
  loss: 0.0741 rmse: 0.154 r2: 0.765 corr: 0.877
***** Epoch 16 Val (windowed) *****
  loss: 0.0332 rmse: 0.172 r2: 0.748 corr: 0.867
********************
***** Epoch 16 Test (windowed) *****
  loss: 0.0421 rmse: 0.195 r2: 0.683 corr: 0.827
********************
  Epoch 16 done in 36.3s
  Saved best model → model/FIM_restoration_0412G_stations_monthly/2019/gat-rnn-v2-windowed_bs-128_lr-0.001_maxepoch-50_testyear-2019_win-3_nwin-10_seed-0/model-16

----- Epoch 17 (windowed) -----
  batch 49 | loss 0.0800 rmse 0.161 r2 0.754 corr 0.873

###### Windowed train epoch 17 overall metrics
  loss: 0.0728 rmse: 0.153 r2: 0.769 corr: 0.879
***** Epoch 17 Val (windowed) *****
  loss: 0.0321 rmse: 0.169 r2: 0.755 corr: 0.871
********************
***** Epoch 17 Test (windowed) *****
  loss: 0.0428 rmse: 0.195 r2: 0.682 corr: 0.827
********************
  Epoch 17 done in 37.1s
  Saved best model → model/FIM_restoration_0412G_stations_monthly/2019/gat-rnn-v2-windowed_bs-128_lr-0.001_maxepoch-50_testyear-2019_win-3_nwin-10_seed-0/model-17

----- Epoch 18 (windowed) -----
  batch 49 | loss 0.0739 rmse 0.144 r2 0.780 corr 0.883

###### Windowed train epoch 18 overall metrics
  loss: 0.0712 rmse: 0.151 r2: 0.775 corr: 0.882
***** Epoch 18 Val (windowed) *****
  loss: 0.0323 rmse: 0.168 r2: 0.759 corr: 0.871
********************
***** Epoch 18 Test (windowed) *****
  loss: 0.0430 rmse: 0.196 r2: 0.681 corr: 0.825
********************
  Epoch 18 done in 38.0s
  Saved best model → model/FIM_restoration_0412G_stations_monthly/2019/gat-rnn-v2-windowed_bs-128_lr-0.001_maxepoch-50_testyear-2019_win-3_nwin-10_seed-0/model-18

----- Epoch 19 (windowed) -----
  batch 49 | loss 0.0715 rmse 0.126 r2 0.800 corr 0.897

###### Windowed train epoch 19 overall metrics
  loss: 0.0702 rmse: 0.149 r2: 0.779 corr: 0.885
***** Epoch 19 Val (windowed) *****
  loss: 0.0313 rmse: 0.172 r2: 0.747 corr: 0.874
********************
***** Epoch 19 Test (windowed) *****
  loss: 0.0429 rmse: 0.200 r2: 0.666 corr: 0.822
********************
  Epoch 19 done in 36.8s

----- Epoch 20 (windowed) -----
  batch 49 | loss 0.0699 rmse 0.137 r2 0.799 corr 0.903

###### Windowed train epoch 20 overall metrics
  loss: 0.0687 rmse: 0.149 r2: 0.781 corr: 0.885
***** Epoch 20 Val (windowed) *****
  loss: 0.0331 rmse: 0.180 r2: 0.723 corr: 0.873
********************
***** Epoch 20 Test (windowed) *****
  loss: 0.0435 rmse: 0.205 r2: 0.649 corr: 0.821
********************
  Epoch 20 done in 40.8s

----- Epoch 21 (windowed) -----
  batch 49 | loss 0.0684 rmse 0.141 r2 0.786 corr 0.890

###### Windowed train epoch 21 overall metrics
  loss: 0.0680 rmse: 0.148 r2: 0.782 corr: 0.886
***** Epoch 21 Val (windowed) *****
  loss: 0.0359 rmse: 0.182 r2: 0.717 corr: 0.867
********************
***** Epoch 21 Test (windowed) *****
  loss: 0.0453 rmse: 0.207 r2: 0.642 corr: 0.817
********************
  Epoch 21 done in 40.2s

----- Epoch 22 (windowed) -----
  batch 49 | loss 0.0706 rmse 0.148 r2 0.805 corr 0.898

###### Windowed train epoch 22 overall metrics
  loss: 0.0661 rmse: 0.146 r2: 0.790 corr: 0.890
***** Epoch 22 Val (windowed) *****
  loss: 0.0296 rmse: 0.162 r2: 0.775 corr: 0.881
********************
***** Epoch 22 Test (windowed) *****
  loss: 0.0428 rmse: 0.194 r2: 0.687 corr: 0.829
********************
  Epoch 22 done in 40.5s
  Saved best model → model/FIM_restoration_0412G_stations_monthly/2019/gat-rnn-v2-windowed_bs-128_lr-0.001_maxepoch-50_testyear-2019_win-3_nwin-10_seed-0/model-22

----- Epoch 23 (windowed) -----
  batch 49 | loss 0.0775 rmse 0.166 r2 0.750 corr 0.866

###### Windowed train epoch 23 overall metrics
  loss: 0.0653 rmse: 0.144 r2: 0.794 corr: 0.893
***** Epoch 23 Val (windowed) *****
  loss: 0.0295 rmse: 0.162 r2: 0.777 corr: 0.883
********************
***** Epoch 23 Test (windowed) *****
  loss: 0.0439 rmse: 0.193 r2: 0.688 corr: 0.830
********************
  Epoch 23 done in 41.7s
  Saved best model → model/FIM_restoration_0412G_stations_monthly/2019/gat-rnn-v2-windowed_bs-128_lr-0.001_maxepoch-50_testyear-2019_win-3_nwin-10_seed-0/model-23

----- Epoch 24 (windowed) -----
  batch 49 | loss 0.0698 rmse 0.147 r2 0.807 corr 0.901

###### Windowed train epoch 24 overall metrics
  loss: 0.0645 rmse: 0.143 r2: 0.797 corr: 0.894
***** Epoch 24 Val (windowed) *****
  loss: 0.0291 rmse: 0.163 r2: 0.773 corr: 0.885
********************
***** Epoch 24 Test (windowed) *****
  loss: 0.0429 rmse: 0.195 r2: 0.684 corr: 0.831
********************
  Epoch 24 done in 40.4s

----- Epoch 25 (windowed) -----
  batch 49 | loss 0.0639 rmse 0.127 r2 0.825 corr 0.912

###### Windowed train epoch 25 overall metrics
  loss: 0.0622 rmse: 0.140 r2: 0.806 corr: 0.899
***** Epoch 25 Val (windowed) *****
  loss: 0.0294 rmse: 0.165 r2: 0.768 corr: 0.885
********************
***** Epoch 25 Test (windowed) *****
  loss: 0.0425 rmse: 0.196 r2: 0.680 corr: 0.828
********************
  Epoch 25 done in 41.0s

----- Epoch 26 (windowed) -----
  batch 49 | loss 0.0631 rmse 0.147 r2 0.816 corr 0.904

###### Windowed train epoch 26 overall metrics
  loss: 0.0610 rmse: 0.139 r2: 0.807 corr: 0.899
***** Epoch 26 Val (windowed) *****
  loss: 0.0277 rmse: 0.158 r2: 0.787 corr: 0.889
********************
***** Epoch 26 Test (windowed) *****
  loss: 0.0441 rmse: 0.196 r2: 0.681 corr: 0.825
********************
  Epoch 26 done in 40.7s
  Saved best model → model/FIM_restoration_0412G_stations_monthly/2019/gat-rnn-v2-windowed_bs-128_lr-0.001_maxepoch-50_testyear-2019_win-3_nwin-10_seed-0/model-26

----- Epoch 27 (windowed) -----
  batch 49 | loss 0.0580 rmse 0.120 r2 0.833 corr 0.916

###### Windowed train epoch 27 overall metrics
  loss: 0.0612 rmse: 0.139 r2: 0.807 corr: 0.900
***** Epoch 27 Val (windowed) *****
  loss: 0.0280 rmse: 0.158 r2: 0.787 corr: 0.891
********************
***** Epoch 27 Test (windowed) *****
  loss: 0.0417 rmse: 0.192 r2: 0.694 corr: 0.834
********************
  Epoch 27 done in 110.7s

----- Epoch 28 (windowed) -----
  batch 49 | loss 0.0637 rmse 0.124 r2 0.844 corr 0.919

###### Windowed train epoch 28 overall metrics
  loss: 0.0599 rmse: 0.138 r2: 0.812 corr: 0.902
***** Epoch 28 Val (windowed) *****
  loss: 0.0291 rmse: 0.165 r2: 0.767 corr: 0.886
********************
***** Epoch 28 Test (windowed) *****
  loss: 0.0430 rmse: 0.196 r2: 0.679 corr: 0.829
********************
  Epoch 28 done in 37.0s

----- Epoch 29 (windowed) -----
  batch 49 | loss 0.0588 rmse 0.132 r2 0.817 corr 0.907

###### Windowed train epoch 29 overall metrics
  loss: 0.0594 rmse: 0.138 r2: 0.812 corr: 0.902
***** Epoch 29 Val (windowed) *****
  loss: 0.0290 rmse: 0.157 r2: 0.788 corr: 0.893
********************
***** Epoch 29 Test (windowed) *****
  loss: 0.0438 rmse: 0.195 r2: 0.684 corr: 0.828
********************
  Epoch 29 done in 37.3s
  Saved best model → model/FIM_restoration_0412G_stations_monthly/2019/gat-rnn-v2-windowed_bs-128_lr-0.001_maxepoch-50_testyear-2019_win-3_nwin-10_seed-0/model-29

----- Epoch 30 (windowed) -----
  batch 49 | loss 0.0568 rmse 0.113 r2 0.841 corr 0.919

###### Windowed train epoch 30 overall metrics
  loss: 0.0579 rmse: 0.135 r2: 0.818 corr: 0.906
***** Epoch 30 Val (windowed) *****
  loss: 0.0279 rmse: 0.155 r2: 0.793 corr: 0.891
********************
***** Epoch 30 Test (windowed) *****
  loss: 0.0434 rmse: 0.194 r2: 0.687 corr: 0.832
********************
  Epoch 30 done in 37.4s
  Saved best model → model/FIM_restoration_0412G_stations_monthly/2019/gat-rnn-v2-windowed_bs-128_lr-0.001_maxepoch-50_testyear-2019_win-3_nwin-10_seed-0/model-30

----- Epoch 31 (windowed) -----
  batch 49 | loss 0.0661 rmse 0.142 r2 0.840 corr 0.917

###### Windowed train epoch 31 overall metrics
  loss: 0.0575 rmse: 0.134 r2: 0.820 corr: 0.907
***** Epoch 31 Val (windowed) *****
  loss: 0.0264 rmse: 0.154 r2: 0.796 corr: 0.897
********************
***** Epoch 31 Test (windowed) *****
  loss: 0.0422 rmse: 0.194 r2: 0.688 corr: 0.830
********************
  Epoch 31 done in 35.9s
  Saved best model → model/FIM_restoration_0412G_stations_monthly/2019/gat-rnn-v2-windowed_bs-128_lr-0.001_maxepoch-50_testyear-2019_win-3_nwin-10_seed-0/model-31

----- Epoch 32 (windowed) -----
  batch 49 | loss 0.0581 rmse 0.132 r2 0.832 corr 0.913

###### Windowed train epoch 32 overall metrics
  loss: 0.0566 rmse: 0.133 r2: 0.823 corr: 0.909
***** Epoch 32 Val (windowed) *****
  loss: 0.0273 rmse: 0.153 r2: 0.799 corr: 0.897
********************
***** Epoch 32 Test (windowed) *****
  loss: 0.0430 rmse: 0.195 r2: 0.683 corr: 0.827
********************
  Epoch 32 done in 36.9s
  Saved best model → model/FIM_restoration_0412G_stations_monthly/2019/gat-rnn-v2-windowed_bs-128_lr-0.001_maxepoch-50_testyear-2019_win-3_nwin-10_seed-0/model-32

----- Epoch 33 (windowed) -----
  batch 49 | loss 0.0681 rmse 0.147 r2 0.798 corr 0.896

###### Windowed train epoch 33 overall metrics
  loss: 0.0564 rmse: 0.134 r2: 0.822 corr: 0.908
***** Epoch 33 Val (windowed) *****
  loss: 0.0259 rmse: 0.149 r2: 0.810 corr: 0.900
********************
***** Epoch 33 Test (windowed) *****
  loss: 0.0430 rmse: 0.191 r2: 0.695 corr: 0.836
********************
  Epoch 33 done in 36.6s
  Saved best model → model/FIM_restoration_0412G_stations_monthly/2019/gat-rnn-v2-windowed_bs-128_lr-0.001_maxepoch-50_testyear-2019_win-3_nwin-10_seed-0/model-33

----- Epoch 34 (windowed) -----
  batch 49 | loss 0.0558 rmse 0.129 r2 0.826 corr 0.909

###### Windowed train epoch 34 overall metrics
  loss: 0.0556 rmse: 0.132 r2: 0.826 corr: 0.909
***** Epoch 34 Val (windowed) *****
  loss: 0.0255 rmse: 0.149 r2: 0.811 corr: 0.902
********************
***** Epoch 34 Test (windowed) *****
  loss: 0.0426 rmse: 0.190 r2: 0.701 corr: 0.838
********************
  Epoch 34 done in 36.5s
  Saved best model → model/FIM_restoration_0412G_stations_monthly/2019/gat-rnn-v2-windowed_bs-128_lr-0.001_maxepoch-50_testyear-2019_win-3_nwin-10_seed-0/model-34

----- Epoch 35 (windowed) -----
  batch 49 | loss 0.0585 rmse 0.148 r2 0.794 corr 0.893

###### Windowed train epoch 35 overall metrics
  loss: 0.0541 rmse: 0.132 r2: 0.826 corr: 0.910
***** Epoch 35 Val (windowed) *****
  loss: 0.0246 rmse: 0.147 r2: 0.816 corr: 0.904
********************
***** Epoch 35 Test (windowed) *****
  loss: 0.0424 rmse: 0.191 r2: 0.697 corr: 0.836
********************
  Epoch 35 done in 37.8s
  Saved best model → model/FIM_restoration_0412G_stations_monthly/2019/gat-rnn-v2-windowed_bs-128_lr-0.001_maxepoch-50_testyear-2019_win-3_nwin-10_seed-0/model-35

----- Epoch 36 (windowed) -----
  batch 49 | loss 0.0637 rmse 0.142 r2 0.821 corr 0.907

###### Windowed train epoch 36 overall metrics
  loss: 0.0534 rmse: 0.130 r2: 0.833 corr: 0.914
***** Epoch 36 Val (windowed) *****
  loss: 0.0250 rmse: 0.148 r2: 0.812 corr: 0.904
********************
***** Epoch 36 Test (windowed) *****
  loss: 0.0445 rmse: 0.194 r2: 0.688 corr: 0.830
********************
  Epoch 36 done in 36.8s

----- Epoch 37 (windowed) -----
  batch 49 | loss 0.0590 rmse 0.143 r2 0.819 corr 0.906

###### Windowed train epoch 37 overall metrics
  loss: 0.0532 rmse: 0.130 r2: 0.831 corr: 0.913
***** Epoch 37 Val (windowed) *****
  loss: 0.0254 rmse: 0.151 r2: 0.804 corr: 0.904
********************
***** Epoch 37 Test (windowed) *****
  loss: 0.0431 rmse: 0.192 r2: 0.691 corr: 0.834
********************
  Epoch 37 done in 37.5s

----- Epoch 38 (windowed) -----
  batch 49 | loss 0.0527 rmse 0.114 r2 0.863 corr 0.929

###### Windowed train epoch 38 overall metrics
  loss: 0.0526 rmse: 0.129 r2: 0.833 corr: 0.914
***** Epoch 38 Val (windowed) *****
  loss: 0.0246 rmse: 0.146 r2: 0.817 corr: 0.905
********************
***** Epoch 38 Test (windowed) *****
  loss: 0.0429 rmse: 0.192 r2: 0.694 corr: 0.834
********************
  Epoch 38 done in 36.8s
  Saved best model → model/FIM_restoration_0412G_stations_monthly/2019/gat-rnn-v2-windowed_bs-128_lr-0.001_maxepoch-50_testyear-2019_win-3_nwin-10_seed-0/model-38

----- Epoch 39 (windowed) -----
  batch 49 | loss 0.0567 rmse 0.124 r2 0.840 corr 0.928

###### Windowed train epoch 39 overall metrics
  loss: 0.0522 rmse: 0.129 r2: 0.834 corr: 0.914
***** Epoch 39 Val (windowed) *****
  loss: 0.0240 rmse: 0.148 r2: 0.812 corr: 0.908
********************
***** Epoch 39 Test (windowed) *****
  loss: 0.0424 rmse: 0.192 r2: 0.694 corr: 0.834
********************
  Epoch 39 done in 37.7s

----- Epoch 40 (windowed) -----
  batch 49 | loss 0.0513 rmse 0.109 r2 0.839 corr 0.917

###### Windowed train epoch 40 overall metrics
  loss: 0.0513 rmse: 0.128 r2: 0.838 corr: 0.916
***** Epoch 40 Val (windowed) *****
  loss: 0.0238 rmse: 0.146 r2: 0.819 corr: 0.909
********************
***** Epoch 40 Test (windowed) *****
  loss: 0.0428 rmse: 0.191 r2: 0.697 corr: 0.835
********************
  Epoch 40 done in 40.8s
  Saved best model → model/FIM_restoration_0412G_stations_monthly/2019/gat-rnn-v2-windowed_bs-128_lr-0.001_maxepoch-50_testyear-2019_win-3_nwin-10_seed-0/model-40

----- Epoch 41 (windowed) -----
  batch 49 | loss 0.0589 rmse 0.141 r2 0.844 corr 0.924

###### Windowed train epoch 41 overall metrics
  loss: 0.0510 rmse: 0.128 r2: 0.836 corr: 0.915
***** Epoch 41 Val (windowed) *****
  loss: 0.0248 rmse: 0.144 r2: 0.824 corr: 0.908
********************
***** Epoch 41 Test (windowed) *****
  loss: 0.0428 rmse: 0.193 r2: 0.690 corr: 0.833
********************
  Epoch 41 done in 40.7s
  Saved best model → model/FIM_restoration_0412G_stations_monthly/2019/gat-rnn-v2-windowed_bs-128_lr-0.001_maxepoch-50_testyear-2019_win-3_nwin-10_seed-0/model-41

----- Epoch 42 (windowed) -----
  batch 49 | loss 0.0482 rmse 0.106 r2 0.847 corr 0.921

###### Windowed train epoch 42 overall metrics
  loss: 0.0504 rmse: 0.127 r2: 0.840 corr: 0.917
***** Epoch 42 Val (windowed) *****
  loss: 0.0262 rmse: 0.153 r2: 0.800 corr: 0.905
********************
***** Epoch 42 Test (windowed) *****
  loss: 0.0449 rmse: 0.199 r2: 0.671 corr: 0.821
********************
  Epoch 42 done in 41.1s

----- Epoch 43 (windowed) -----
  batch 49 | loss 0.0497 rmse 0.108 r2 0.853 corr 0.924

###### Windowed train epoch 43 overall metrics
  loss: 0.0491 rmse: 0.125 r2: 0.845 corr: 0.920
***** Epoch 43 Val (windowed) *****
  loss: 0.0232 rmse: 0.143 r2: 0.824 corr: 0.911
********************
***** Epoch 43 Test (windowed) *****
  loss: 0.0435 rmse: 0.195 r2: 0.685 corr: 0.828
********************
  Epoch 43 done in 163.0s
  Saved best model → model/FIM_restoration_0412G_stations_monthly/2019/gat-rnn-v2-windowed_bs-128_lr-0.001_maxepoch-50_testyear-2019_win-3_nwin-10_seed-0/model-43

----- Epoch 44 (windowed) -----
  batch 49 | loss 0.0530 rmse 0.127 r2 0.855 corr 0.925

###### Windowed train epoch 44 overall metrics
  loss: 0.0491 rmse: 0.126 r2: 0.843 corr: 0.919
***** Epoch 44 Val (windowed) *****
  loss: 0.0231 rmse: 0.143 r2: 0.824 corr: 0.912
********************
***** Epoch 44 Test (windowed) *****
  loss: 0.0432 rmse: 0.196 r2: 0.680 corr: 0.826
********************
  Epoch 44 done in 50.2s
  Saved best model → model/FIM_restoration_0412G_stations_monthly/2019/gat-rnn-v2-windowed_bs-128_lr-0.001_maxepoch-50_testyear-2019_win-3_nwin-10_seed-0/model-44

----- Epoch 45 (windowed) -----
  batch 49 | loss 0.0535 rmse 0.140 r2 0.807 corr 0.900

###### Windowed train epoch 45 overall metrics
  loss: 0.0485 rmse: 0.125 r2: 0.845 corr: 0.920
***** Epoch 45 Val (windowed) *****
  loss: 0.0229 rmse: 0.141 r2: 0.830 corr: 0.912
********************
***** Epoch 45 Test (windowed) *****
  loss: 0.0440 rmse: 0.192 r2: 0.692 corr: 0.833
********************
  Epoch 45 done in 50.6s
  Saved best model → model/FIM_restoration_0412G_stations_monthly/2019/gat-rnn-v2-windowed_bs-128_lr-0.001_maxepoch-50_testyear-2019_win-3_nwin-10_seed-0/model-45

----- Epoch 46 (windowed) -----
  batch 49 | loss 0.0451 rmse 0.121 r2 0.848 corr 0.921

###### Windowed train epoch 46 overall metrics
  loss: 0.0489 rmse: 0.125 r2: 0.844 corr: 0.919
***** Epoch 46 Val (windowed) *****
  loss: 0.0228 rmse: 0.139 r2: 0.835 corr: 0.915
********************
***** Epoch 46 Test (windowed) *****
  loss: 0.0442 rmse: 0.195 r2: 0.683 corr: 0.830
********************
  Epoch 46 done in 49.9s
  Saved best model → model/FIM_restoration_0412G_stations_monthly/2019/gat-rnn-v2-windowed_bs-128_lr-0.001_maxepoch-50_testyear-2019_win-3_nwin-10_seed-0/model-46

----- Epoch 47 (windowed) -----
  batch 49 | loss 0.0553 rmse 0.142 r2 0.836 corr 0.915

###### Windowed train epoch 47 overall metrics
  loss: 0.0483 rmse: 0.124 r2: 0.846 corr: 0.921
***** Epoch 47 Val (windowed) *****
  loss: 0.0226 rmse: 0.140 r2: 0.832 corr: 0.915
********************
***** Epoch 47 Test (windowed) *****
  loss: 0.0427 rmse: 0.190 r2: 0.698 corr: 0.836
********************
  Epoch 47 done in 51.9s

----- Epoch 48 (windowed) -----
  batch 49 | loss 0.0514 rmse 0.139 r2 0.846 corr 0.921

###### Windowed train epoch 48 overall metrics
  loss: 0.0475 rmse: 0.124 r2: 0.848 corr: 0.921
***** Epoch 48 Val (windowed) *****
  loss: 0.0221 rmse: 0.138 r2: 0.836 corr: 0.916
********************
***** Epoch 48 Test (windowed) *****
  loss: 0.0437 rmse: 0.193 r2: 0.688 corr: 0.831
********************
  Epoch 48 done in 53.3s
  Saved best model → model/FIM_restoration_0412G_stations_monthly/2019/gat-rnn-v2-windowed_bs-128_lr-0.001_maxepoch-50_testyear-2019_win-3_nwin-10_seed-0/model-48

----- Epoch 49 (windowed) -----
  batch 49 | loss 0.0560 rmse 0.141 r2 0.827 corr 0.915

###### Windowed train epoch 49 overall metrics
  loss: 0.0473 rmse: 0.123 r2: 0.849 corr: 0.922
***** Epoch 49 Val (windowed) *****
  loss: 0.0223 rmse: 0.139 r2: 0.834 corr: 0.914
********************
***** Epoch 49 Test (windowed) *****
  loss: 0.0440 rmse: 0.196 r2: 0.679 corr: 0.827
********************
  Epoch 49 done in 54.2s
Fold done — best val RMSE=0.1385 test R²=0.6885 corr=0.8310

================================================================
Rolling-windowed  test_year=2020
  Val  : 2019
  Test : 2020
  win_size=3  n_windows=10
================================================================
Initially data (54319, 166)
After filtering (46810, 166)
[transform] Applied root-4: y → expm1(log1p_y)^(1/4); new range [0.00, 5.54]
get_X_Y
X shape (46810, 152)
Y shape (46810, 12)
Y (output) means tensor([[0.1456, 0.0129, 0.2539, 0.1416, 0.0255, 0.0635, 0.1518, 0.0238, 0.0478,
         0.0092, 0.0370, 0.1414]]) stds tensor([[0.4268, 0.1285, 0.5408, 0.4622, 0.1783, 0.2790, 0.4404, 0.1770, 0.2644,
         0.1139, 0.2468, 0.4066]])
Y count-scale means tensor([[0.3335, 0.0271, 0.5917, 0.3997, 0.0533, 0.1379, 0.3547, 0.0518, 0.1228,
         0.0211, 0.1161, 0.3026]]) stds tensor([[1.2204, 0.2999, 1.6987, 1.9386, 0.4307, 1.0020, 1.2572, 0.4370, 1.0263,
         0.2934, 1.7364, 1.0133]])
/Users/liyingnceas/GitHub/GNN-RNN-main/gnn-lstm-v4/utils/data_utils.py:274: RuntimeWarning: Mean of empty slice
  np.nanmean(county_dict[county], axis=0).astype(np.float32)
Filled 116835 missing (node, year) entries from neighbors or year averages
[2D] Station nodes: 596, adj nnz: 2980
[build_year_XY_windowed] data_start=1998, min_pred_year=2009, test_year=2020, win_size=3, n_windows=10
  built windows for T=2009
  built windows for T=2014
  built windows for T=2019
[build_year_XY_windowed] built windowed XY for 12 prediction years (2009–2020)
  GAT_RNN_V2: edge_feat_dim=3, n_heads=4, n_hidden=64
  [Bayes] Species rarity weights (mean=1): min=0.63 max=1.33  (rarest=Mycteroperca microlepis_SA)

----- Epoch 0 (windowed) -----
  batch 49 | loss 0.1824 rmse 0.288 r2 0.276 corr 0.550

###### Windowed train epoch 0 overall metrics
  loss: 0.2149 rmse: 0.295 r2: 0.153 corr: 0.406
***** Epoch 0 Val (windowed) *****
  loss: 0.0834 rmse: 0.284 r2: 0.328 corr: 0.599
********************
***** Epoch 0 Test (windowed) *****
  loss: 0.0824 rmse: 0.290 r2: 0.319 corr: 0.596
********************
  Epoch 0 done in 54.8s
  Saved best model → model/FIM_restoration_0412G_stations_monthly/2020/gat-rnn-v2-windowed_bs-128_lr-0.001_maxepoch-50_testyear-2020_win-3_nwin-10_seed-0/model-0

----- Epoch 1 (windowed) -----
  batch 49 | loss 0.1370 rmse 0.188 r2 0.506 corr 0.722

###### Windowed train epoch 1 overall metrics
  loss: 0.1628 rmse: 0.244 r2: 0.420 corr: 0.663
***** Epoch 1 Val (windowed) *****
  loss: 0.0643 rmse: 0.239 r2: 0.524 corr: 0.739
********************
***** Epoch 1 Test (windowed) *****
  loss: 0.0631 rmse: 0.244 r2: 0.518 corr: 0.738
********************
  Epoch 1 done in 51.7s
  Saved best model → model/FIM_restoration_0412G_stations_monthly/2020/gat-rnn-v2-windowed_bs-128_lr-0.001_maxepoch-50_testyear-2020_win-3_nwin-10_seed-0/model-1

----- Epoch 2 (windowed) -----
  batch 49 | loss 0.1466 rmse 0.219 r2 0.598 corr 0.782

###### Windowed train epoch 2 overall metrics
  loss: 0.1356 rmse: 0.212 r2: 0.560 corr: 0.757
***** Epoch 2 Val (windowed) *****
  loss: 0.0535 rmse: 0.217 r2: 0.607 corr: 0.796
********************
***** Epoch 2 Test (windowed) *****
  loss: 0.0550 rmse: 0.224 r2: 0.592 corr: 0.785
********************
  Epoch 2 done in 52.0s
  Saved best model → model/FIM_restoration_0412G_stations_monthly/2020/gat-rnn-v2-windowed_bs-128_lr-0.001_maxepoch-50_testyear-2020_win-3_nwin-10_seed-0/model-2

----- Epoch 3 (windowed) -----
  batch 49 | loss 0.1197 rmse 0.216 r2 0.625 corr 0.805

###### Windowed train epoch 3 overall metrics
  loss: 0.1156 rmse: 0.194 r2: 0.634 corr: 0.804
***** Epoch 3 Val (windowed) *****
  loss: 0.0467 rmse: 0.203 r2: 0.656 corr: 0.822
********************
***** Epoch 3 Test (windowed) *****
  loss: 0.0475 rmse: 0.209 r2: 0.646 corr: 0.818
********************
  Epoch 3 done in 225.2s
  Saved best model → model/FIM_restoration_0412G_stations_monthly/2020/gat-rnn-v2-windowed_bs-128_lr-0.001_maxepoch-50_testyear-2020_win-3_nwin-10_seed-0/model-3

----- Epoch 4 (windowed) -----
  batch 49 | loss 0.1069 rmse 0.165 r2 0.698 corr 0.844

###### Windowed train epoch 4 overall metrics
  loss: 0.1043 rmse: 0.185 r2: 0.666 corr: 0.820
***** Epoch 4 Val (windowed) *****
  loss: 0.0413 rmse: 0.191 r2: 0.696 corr: 0.837
********************
***** Epoch 4 Test (windowed) *****
  loss: 0.0432 rmse: 0.200 r2: 0.674 corr: 0.824
********************
  Epoch 4 done in 53.5s
  Saved best model → model/FIM_restoration_0412G_stations_monthly/2020/gat-rnn-v2-windowed_bs-128_lr-0.001_maxepoch-50_testyear-2020_win-3_nwin-10_seed-0/model-4

----- Epoch 5 (windowed) -----
  batch 49 | loss 0.1069 rmse 0.167 r2 0.669 corr 0.818

###### Windowed train epoch 5 overall metrics
  loss: 0.0998 rmse: 0.179 r2: 0.687 corr: 0.832
***** Epoch 5 Val (windowed) *****
  loss: 0.0411 rmse: 0.192 r2: 0.692 corr: 0.834
********************
***** Epoch 5 Test (windowed) *****
  loss: 0.0432 rmse: 0.202 r2: 0.669 corr: 0.821
********************
  Epoch 5 done in 53.3s

----- Epoch 6 (windowed) -----
  batch 49 | loss 0.1025 rmse 0.179 r2 0.692 corr 0.837

###### Windowed train epoch 6 overall metrics
  loss: 0.0956 rmse: 0.176 r2: 0.696 corr: 0.837
***** Epoch 6 Val (windowed) *****
  loss: 0.0394 rmse: 0.194 r2: 0.687 corr: 0.847
********************
***** Epoch 6 Test (windowed) *****
  loss: 0.0433 rmse: 0.206 r2: 0.656 corr: 0.827
********************
  Epoch 6 done in 54.2s

----- Epoch 7 (windowed) -----
  batch 49 | loss 0.0925 rmse 0.157 r2 0.757 corr 0.871

###### Windowed train epoch 7 overall metrics
  loss: 0.0927 rmse: 0.174 r2: 0.706 corr: 0.843
***** Epoch 7 Val (windowed) *****
  loss: 0.0382 rmse: 0.193 r2: 0.691 corr: 0.849
********************
***** Epoch 7 Test (windowed) *****
  loss: 0.0422 rmse: 0.203 r2: 0.664 corr: 0.831
********************
  Epoch 7 done in 157.5s

----- Epoch 8 (windowed) -----
  batch 49 | loss 0.0953 rmse 0.169 r2 0.701 corr 0.839

###### Windowed train epoch 8 overall metrics
  loss: 0.0909 rmse: 0.171 r2: 0.714 corr: 0.847
***** Epoch 8 Val (windowed) *****
  loss: 0.0376 rmse: 0.184 r2: 0.718 corr: 0.850
********************
***** Epoch 8 Test (windowed) *****
  loss: 0.0421 rmse: 0.197 r2: 0.685 corr: 0.831
********************
  Epoch 8 done in 53.5s
  Saved best model → model/FIM_restoration_0412G_stations_monthly/2020/gat-rnn-v2-windowed_bs-128_lr-0.001_maxepoch-50_testyear-2020_win-3_nwin-10_seed-0/model-8

----- Epoch 9 (windowed) -----
  batch 49 | loss 0.0809 rmse 0.146 r2 0.744 corr 0.870

###### Windowed train epoch 9 overall metrics
  loss: 0.0876 rmse: 0.169 r2: 0.721 corr: 0.852
***** Epoch 9 Val (windowed) *****
  loss: 0.0369 rmse: 0.186 r2: 0.712 corr: 0.853
********************
***** Epoch 9 Test (windowed) *****
  loss: 0.0420 rmse: 0.201 r2: 0.673 corr: 0.826
********************
  Epoch 9 done in 54.6s

----- Epoch 10 (windowed) -----
  batch 49 | loss 0.0917 rmse 0.161 r2 0.703 corr 0.846

###### Windowed train epoch 10 overall metrics
  loss: 0.0862 rmse: 0.167 r2: 0.726 corr: 0.855
***** Epoch 10 Val (windowed) *****
  loss: 0.0354 rmse: 0.184 r2: 0.719 corr: 0.859
********************
***** Epoch 10 Test (windowed) *****
  loss: 0.0415 rmse: 0.198 r2: 0.681 corr: 0.834
********************
  Epoch 10 done in 53.9s
  Saved best model → model/FIM_restoration_0412G_stations_monthly/2020/gat-rnn-v2-windowed_bs-128_lr-0.001_maxepoch-50_testyear-2020_win-3_nwin-10_seed-0/model-10

----- Epoch 11 (windowed) -----
  batch 49 | loss 0.0856 rmse 0.169 r2 0.742 corr 0.866

###### Windowed train epoch 11 overall metrics
  loss: 0.0840 rmse: 0.165 r2: 0.733 corr: 0.859
***** Epoch 11 Val (windowed) *****
  loss: 0.0350 rmse: 0.178 r2: 0.737 corr: 0.859
********************
***** Epoch 11 Test (windowed) *****
  loss: 0.0419 rmse: 0.194 r2: 0.696 corr: 0.834
********************
  Epoch 11 done in 52.8s
  Saved best model → model/FIM_restoration_0412G_stations_monthly/2020/gat-rnn-v2-windowed_bs-128_lr-0.001_maxepoch-50_testyear-2020_win-3_nwin-10_seed-0/model-11

----- Epoch 12 (windowed) -----
  batch 49 | loss 0.0845 rmse 0.141 r2 0.755 corr 0.871

###### Windowed train epoch 12 overall metrics
  loss: 0.0820 rmse: 0.164 r2: 0.738 corr: 0.861
***** Epoch 12 Val (windowed) *****
  loss: 0.0344 rmse: 0.175 r2: 0.745 corr: 0.864
********************
***** Epoch 12 Test (windowed) *****
  loss: 0.0430 rmse: 0.194 r2: 0.694 corr: 0.833
********************
  Epoch 12 done in 53.9s
  Saved best model → model/FIM_restoration_0412G_stations_monthly/2020/gat-rnn-v2-windowed_bs-128_lr-0.001_maxepoch-50_testyear-2020_win-3_nwin-10_seed-0/model-12

----- Epoch 13 (windowed) -----
  batch 49 | loss 0.1005 rmse 0.192 r2 0.722 corr 0.853

###### Windowed train epoch 13 overall metrics
  loss: 0.0811 rmse: 0.163 r2: 0.740 corr: 0.862
***** Epoch 13 Val (windowed) *****
  loss: 0.0341 rmse: 0.181 r2: 0.726 corr: 0.864
********************
***** Epoch 13 Test (windowed) *****
  loss: 0.0422 rmse: 0.198 r2: 0.682 corr: 0.834
********************
  Epoch 13 done in 52.9s

----- Epoch 14 (windowed) -----
  batch 49 | loss 0.0876 rmse 0.172 r2 0.722 corr 0.850

###### Windowed train epoch 14 overall metrics
  loss: 0.0784 rmse: 0.160 r2: 0.749 corr: 0.868
***** Epoch 14 Val (windowed) *****
  loss: 0.0359 rmse: 0.185 r2: 0.715 corr: 0.861
********************
***** Epoch 14 Test (windowed) *****
  loss: 0.0422 rmse: 0.199 r2: 0.680 corr: 0.833
********************
  Epoch 14 done in 53.2s

----- Epoch 15 (windowed) -----
  batch 49 | loss 0.0860 rmse 0.170 r2 0.753 corr 0.870

###### Windowed train epoch 15 overall metrics
  loss: 0.0769 rmse: 0.159 r2: 0.754 corr: 0.871
***** Epoch 15 Val (windowed) *****
  loss: 0.0324 rmse: 0.175 r2: 0.744 corr: 0.869
********************
***** Epoch 15 Test (windowed) *****
  loss: 0.0424 rmse: 0.197 r2: 0.684 corr: 0.831
********************
  Epoch 15 done in 711.1s

----- Epoch 16 (windowed) -----
  batch 49 | loss 0.0718 rmse 0.139 r2 0.763 corr 0.874

###### Windowed train epoch 16 overall metrics
  loss: 0.0750 rmse: 0.156 r2: 0.763 corr: 0.875
***** Epoch 16 Val (windowed) *****
  loss: 0.0323 rmse: 0.172 r2: 0.753 corr: 0.871
********************
***** Epoch 16 Test (windowed) *****
  loss: 0.0427 rmse: 0.194 r2: 0.696 corr: 0.835
********************
  Epoch 16 done in 54.2s
  Saved best model → model/FIM_restoration_0412G_stations_monthly/2020/gat-rnn-v2-windowed_bs-128_lr-0.001_maxepoch-50_testyear-2020_win-3_nwin-10_seed-0/model-16

----- Epoch 17 (windowed) -----
  batch 49 | loss 0.0731 rmse 0.133 r2 0.789 corr 0.894

###### Windowed train epoch 17 overall metrics
  loss: 0.0736 rmse: 0.156 r2: 0.762 corr: 0.875
***** Epoch 17 Val (windowed) *****
  loss: 0.0320 rmse: 0.176 r2: 0.743 corr: 0.872
********************
***** Epoch 17 Test (windowed) *****
  loss: 0.0422 rmse: 0.196 r2: 0.687 corr: 0.833
********************
  Epoch 17 done in 52.9s

----- Epoch 18 (windowed) -----
  batch 49 | loss 0.0706 rmse 0.145 r2 0.776 corr 0.882

###### Windowed train epoch 18 overall metrics
  loss: 0.0710 rmse: 0.153 r2: 0.772 corr: 0.880
***** Epoch 18 Val (windowed) *****
  loss: 0.0320 rmse: 0.178 r2: 0.736 corr: 0.875
********************
***** Epoch 18 Test (windowed) *****
  loss: 0.0422 rmse: 0.197 r2: 0.686 corr: 0.834
********************
  Epoch 18 done in 53.3s

----- Epoch 19 (windowed) -----
  batch 49 | loss 0.0717 rmse 0.135 r2 0.766 corr 0.875

###### Windowed train epoch 19 overall metrics
  loss: 0.0696 rmse: 0.151 r2: 0.777 corr: 0.883
***** Epoch 19 Val (windowed) *****
  loss: 0.0302 rmse: 0.167 r2: 0.767 corr: 0.878
********************
***** Epoch 19 Test (windowed) *****
  loss: 0.0416 rmse: 0.192 r2: 0.700 corr: 0.837
********************
  Epoch 19 done in 52.7s
  Saved best model → model/FIM_restoration_0412G_stations_monthly/2020/gat-rnn-v2-windowed_bs-128_lr-0.001_maxepoch-50_testyear-2020_win-3_nwin-10_seed-0/model-19

----- Epoch 20 (windowed) -----
  batch 49 | loss 0.0758 rmse 0.161 r2 0.769 corr 0.878

###### Windowed train epoch 20 overall metrics
  loss: 0.0680 rmse: 0.149 r2: 0.784 corr: 0.887
***** Epoch 20 Val (windowed) *****
  loss: 0.0293 rmse: 0.165 r2: 0.772 corr: 0.881
********************
***** Epoch 20 Test (windowed) *****
  loss: 0.0410 rmse: 0.192 r2: 0.702 corr: 0.839
********************
  Epoch 20 done in 53.3s
  Saved best model → model/FIM_restoration_0412G_stations_monthly/2020/gat-rnn-v2-windowed_bs-128_lr-0.001_maxepoch-50_testyear-2020_win-3_nwin-10_seed-0/model-20

----- Epoch 21 (windowed) -----
  batch 49 | loss 0.0701 rmse 0.160 r2 0.798 corr 0.902

###### Windowed train epoch 21 overall metrics
  loss: 0.0666 rmse: 0.148 r2: 0.788 corr: 0.889
***** Epoch 21 Val (windowed) *****
  loss: 0.0292 rmse: 0.166 r2: 0.769 corr: 0.884
********************
***** Epoch 21 Test (windowed) *****
  loss: 0.0408 rmse: 0.193 r2: 0.698 corr: 0.839
********************
  Epoch 21 done in 52.4s

----- Epoch 22 (windowed) -----
  batch 49 | loss 0.0624 rmse 0.123 r2 0.808 corr 0.900

###### Windowed train epoch 22 overall metrics
  loss: 0.0649 rmse: 0.146 r2: 0.793 corr: 0.892
***** Epoch 22 Val (windowed) *****
  loss: 0.0293 rmse: 0.167 r2: 0.767 corr: 0.887
********************
***** Epoch 22 Test (windowed) *****
  loss: 0.0414 rmse: 0.195 r2: 0.693 corr: 0.837
********************
  Epoch 22 done in 54.7s

----- Epoch 23 (windowed) -----
  batch 49 | loss 0.0627 rmse 0.131 r2 0.808 corr 0.900

###### Windowed train epoch 23 overall metrics
  loss: 0.0647 rmse: 0.144 r2: 0.797 corr: 0.894
***** Epoch 23 Val (windowed) *****
  loss: 0.0304 rmse: 0.176 r2: 0.743 corr: 0.888
********************
***** Epoch 23 Test (windowed) *****
  loss: 0.0420 rmse: 0.199 r2: 0.679 corr: 0.838
********************
  Epoch 23 done in 50.6s

----- Epoch 24 (windowed) -----
  batch 49 | loss 0.0788 rmse 0.167 r2 0.763 corr 0.874

###### Windowed train epoch 24 overall metrics
  loss: 0.0634 rmse: 0.144 r2: 0.797 corr: 0.894
***** Epoch 24 Val (windowed) *****
  loss: 0.0284 rmse: 0.167 r2: 0.768 corr: 0.891
********************
***** Epoch 24 Test (windowed) *****
  loss: 0.0410 rmse: 0.193 r2: 0.697 corr: 0.841
********************
  Epoch 24 done in 51.9s

----- Epoch 25 (windowed) -----
  batch 49 | loss 0.0640 rmse 0.150 r2 0.812 corr 0.901

###### Windowed train epoch 25 overall metrics
  loss: 0.0620 rmse: 0.143 r2: 0.801 corr: 0.896
***** Epoch 25 Val (windowed) *****
  loss: 0.0278 rmse: 0.161 r2: 0.783 corr: 0.890
********************
***** Epoch 25 Test (windowed) *****
  loss: 0.0414 rmse: 0.190 r2: 0.706 corr: 0.841
********************
  Epoch 25 done in 52.3s
  Saved best model → model/FIM_restoration_0412G_stations_monthly/2020/gat-rnn-v2-windowed_bs-128_lr-0.001_maxepoch-50_testyear-2020_win-3_nwin-10_seed-0/model-25

----- Epoch 26 (windowed) -----
  batch 49 | loss 0.0722 rmse 0.161 r2 0.790 corr 0.894

###### Windowed train epoch 26 overall metrics
  loss: 0.0606 rmse: 0.141 r2: 0.807 corr: 0.900
***** Epoch 26 Val (windowed) *****
  loss: 0.0269 rmse: 0.161 r2: 0.785 corr: 0.892
********************
***** Epoch 26 Test (windowed) *****
  loss: 0.0404 rmse: 0.191 r2: 0.705 corr: 0.842
********************
  Epoch 26 done in 953.9s
  Saved best model → model/FIM_restoration_0412G_stations_monthly/2020/gat-rnn-v2-windowed_bs-128_lr-0.001_maxepoch-50_testyear-2020_win-3_nwin-10_seed-0/model-26

----- Epoch 27 (windowed) -----
  batch 49 | loss 0.0609 rmse 0.149 r2 0.801 corr 0.896

###### Windowed train epoch 27 overall metrics
  loss: 0.0593 rmse: 0.139 r2: 0.812 corr: 0.902
***** Epoch 27 Val (windowed) *****
  loss: 0.0267 rmse: 0.157 r2: 0.794 corr: 0.896
********************
***** Epoch 27 Test (windowed) *****
  loss: 0.0408 rmse: 0.190 r2: 0.707 corr: 0.843
********************
  Epoch 27 done in 154.5s
  Saved best model → model/FIM_restoration_0412G_stations_monthly/2020/gat-rnn-v2-windowed_bs-128_lr-0.001_maxepoch-50_testyear-2020_win-3_nwin-10_seed-0/model-27

----- Epoch 28 (windowed) -----
  batch 49 | loss 0.0701 rmse 0.156 r2 0.801 corr 0.895

###### Windowed train epoch 28 overall metrics
  loss: 0.0588 rmse: 0.139 r2: 0.811 corr: 0.902
***** Epoch 28 Val (windowed) *****
  loss: 0.0287 rmse: 0.166 r2: 0.770 corr: 0.892
********************
***** Epoch 28 Test (windowed) *****
  loss: 0.0404 rmse: 0.193 r2: 0.696 corr: 0.841
********************
  Epoch 28 done in 53.9s

----- Epoch 29 (windowed) -----
  batch 49 | loss 0.0571 rmse 0.110 r2 0.841 corr 0.917

###### Windowed train epoch 29 overall metrics
  loss: 0.0591 rmse: 0.139 r2: 0.811 corr: 0.902
***** Epoch 29 Val (windowed) *****
  loss: 0.0262 rmse: 0.156 r2: 0.798 corr: 0.899
********************
***** Epoch 29 Test (windowed) *****
  loss: 0.0411 rmse: 0.190 r2: 0.706 corr: 0.842
********************
  Epoch 29 done in 55.1s
  Saved best model → model/FIM_restoration_0412G_stations_monthly/2020/gat-rnn-v2-windowed_bs-128_lr-0.001_maxepoch-50_testyear-2020_win-3_nwin-10_seed-0/model-29

----- Epoch 30 (windowed) -----
  batch 49 | loss 0.0610 rmse 0.116 r2 0.838 corr 0.915

###### Windowed train epoch 30 overall metrics
  loss: 0.0573 rmse: 0.137 r2: 0.816 corr: 0.905
***** Epoch 30 Val (windowed) *****
  loss: 0.0257 rmse: 0.156 r2: 0.796 corr: 0.897
********************
***** Epoch 30 Test (windowed) *****
  loss: 0.0403 rmse: 0.191 r2: 0.703 corr: 0.840
********************
  Epoch 30 done in 345.7s

----- Epoch 31 (windowed) -----
  batch 49 | loss 0.0561 rmse 0.114 r2 0.844 corr 0.925

###### Windowed train epoch 31 overall metrics
  loss: 0.0569 rmse: 0.137 r2: 0.817 corr: 0.905
***** Epoch 31 Val (windowed) *****
  loss: 0.0255 rmse: 0.151 r2: 0.810 corr: 0.901
********************
***** Epoch 31 Test (windowed) *****
  loss: 0.0397 rmse: 0.186 r2: 0.718 corr: 0.847
********************
  Epoch 31 done in 54.0s
  Saved best model → model/FIM_restoration_0412G_stations_monthly/2020/gat-rnn-v2-windowed_bs-128_lr-0.001_maxepoch-50_testyear-2020_win-3_nwin-10_seed-0/model-31

----- Epoch 32 (windowed) -----
  batch 49 | loss 0.0541 rmse 0.116 r2 0.853 corr 0.924

###### Windowed train epoch 32 overall metrics
  loss: 0.0555 rmse: 0.135 r2: 0.823 corr: 0.908
***** Epoch 32 Val (windowed) *****
  loss: 0.0271 rmse: 0.156 r2: 0.796 corr: 0.895
********************
***** Epoch 32 Test (windowed) *****
  loss: 0.0424 rmse: 0.193 r2: 0.699 corr: 0.837
********************
  Epoch 32 done in 53.2s

----- Epoch 33 (windowed) -----
  batch 49 | loss 0.0554 rmse 0.108 r2 0.844 corr 0.919

###### Windowed train epoch 33 overall metrics
  loss: 0.0548 rmse: 0.134 r2: 0.825 corr: 0.909
***** Epoch 33 Val (windowed) *****
  loss: 0.0266 rmse: 0.162 r2: 0.782 corr: 0.897
********************
***** Epoch 33 Test (windowed) *****
  loss: 0.0415 rmse: 0.196 r2: 0.688 corr: 0.835
********************
  Epoch 33 done in 54.5s

----- Epoch 34 (windowed) -----
  batch 49 | loss 0.0653 rmse 0.160 r2 0.810 corr 0.903

###### Windowed train epoch 34 overall metrics
  loss: 0.0541 rmse: 0.133 r2: 0.828 corr: 0.911
***** Epoch 34 Val (windowed) *****
  loss: 0.0252 rmse: 0.156 r2: 0.797 corr: 0.900
********************
***** Epoch 34 Test (windowed) *****
  loss: 0.0413 rmse: 0.193 r2: 0.697 corr: 0.836
********************
  Epoch 34 done in 55.7s

----- Epoch 35 (windowed) -----
  batch 49 | loss 0.0590 rmse 0.118 r2 0.852 corr 0.924

###### Windowed train epoch 35 overall metrics
  loss: 0.0536 rmse: 0.133 r2: 0.828 corr: 0.911
***** Epoch 35 Val (windowed) *****
  loss: 0.0249 rmse: 0.150 r2: 0.812 corr: 0.902
********************
***** Epoch 35 Test (windowed) *****
  loss: 0.0417 rmse: 0.192 r2: 0.702 corr: 0.841
********************
  Epoch 35 done in 56.9s
  Saved best model → model/FIM_restoration_0412G_stations_monthly/2020/gat-rnn-v2-windowed_bs-128_lr-0.001_maxepoch-50_testyear-2020_win-3_nwin-10_seed-0/model-35

----- Epoch 36 (windowed) -----
  batch 49 | loss 0.0594 rmse 0.133 r2 0.819 corr 0.921

###### Windowed train epoch 36 overall metrics
  loss: 0.0530 rmse: 0.132 r2: 0.829 corr: 0.912
***** Epoch 36 Val (windowed) *****
  loss: 0.0261 rmse: 0.156 r2: 0.798 corr: 0.896
********************
***** Epoch 36 Test (windowed) *****
  loss: 0.0416 rmse: 0.195 r2: 0.692 corr: 0.833
********************
  Epoch 36 done in 55.0s

----- Epoch 37 (windowed) -----
  batch 49 | loss 0.0625 rmse 0.146 r2 0.816 corr 0.907

###### Windowed train epoch 37 overall metrics
  loss: 0.0530 rmse: 0.132 r2: 0.831 corr: 0.912
***** Epoch 37 Val (windowed) *****
  loss: 0.0255 rmse: 0.158 r2: 0.792 corr: 0.905
********************
***** Epoch 37 Test (windowed) *****
  loss: 0.0415 rmse: 0.194 r2: 0.695 corr: 0.838
********************
  Epoch 37 done in 54.3s

----- Epoch 38 (windowed) -----
  batch 49 | loss 0.0527 rmse 0.127 r2 0.827 corr 0.912

###### Windowed train epoch 38 overall metrics
  loss: 0.0513 rmse: 0.130 r2: 0.836 corr: 0.915
***** Epoch 38 Val (windowed) *****
  loss: 0.0235 rmse: 0.152 r2: 0.809 corr: 0.907
********************
***** Epoch 38 Test (windowed) *****
  loss: 0.0406 rmse: 0.193 r2: 0.698 corr: 0.838
********************
  Epoch 38 done in 54.3s

----- Epoch 39 (windowed) -----
  batch 49 | loss 0.0513 rmse 0.120 r2 0.841 corr 0.917

###### Windowed train epoch 39 overall metrics
  loss: 0.0513 rmse: 0.131 r2: 0.834 corr: 0.914
***** Epoch 39 Val (windowed) *****
  loss: 0.0242 rmse: 0.150 r2: 0.813 corr: 0.903
********************
***** Epoch 39 Test (windowed) *****
  loss: 0.0426 rmse: 0.194 r2: 0.695 corr: 0.835
********************
  Epoch 39 done in 54.5s
  Saved best model → model/FIM_restoration_0412G_stations_monthly/2020/gat-rnn-v2-windowed_bs-128_lr-0.001_maxepoch-50_testyear-2020_win-3_nwin-10_seed-0/model-39

----- Epoch 40 (windowed) -----
  batch 49 | loss 0.0513 rmse 0.137 r2 0.835 corr 0.914

###### Windowed train epoch 40 overall metrics
  loss: 0.0510 rmse: 0.130 r2: 0.835 corr: 0.915
***** Epoch 40 Val (windowed) *****
  loss: 0.0239 rmse: 0.147 r2: 0.821 corr: 0.906
********************
***** Epoch 40 Test (windowed) *****
  loss: 0.0418 rmse: 0.192 r2: 0.701 corr: 0.840
********************
  Epoch 40 done in 54.7s
  Saved best model → model/FIM_restoration_0412G_stations_monthly/2020/gat-rnn-v2-windowed_bs-128_lr-0.001_maxepoch-50_testyear-2020_win-3_nwin-10_seed-0/model-40

----- Epoch 41 (windowed) -----
  batch 49 | loss 0.0513 rmse 0.133 r2 0.844 corr 0.920

###### Windowed train epoch 41 overall metrics
  loss: 0.0505 rmse: 0.129 r2: 0.838 corr: 0.916
***** Epoch 41 Val (windowed) *****
  loss: 0.0249 rmse: 0.153 r2: 0.804 corr: 0.905
********************
***** Epoch 41 Test (windowed) *****
  loss: 0.0434 rmse: 0.197 r2: 0.686 corr: 0.830
********************
  Epoch 41 done in 1017.4s

----- Epoch 42 (windowed) -----
  batch 49 | loss 0.0505 rmse 0.128 r2 0.856 corr 0.930

###### Windowed train epoch 42 overall metrics
  loss: 0.0496 rmse: 0.128 r2: 0.839 corr: 0.917
***** Epoch 42 Val (windowed) *****
  loss: 0.0237 rmse: 0.145 r2: 0.825 corr: 0.908
********************
***** Epoch 42 Test (windowed) *****
  loss: 0.0415 rmse: 0.190 r2: 0.706 corr: 0.841
********************
  Epoch 42 done in 53.6s
  Saved best model → model/FIM_restoration_0412G_stations_monthly/2020/gat-rnn-v2-windowed_bs-128_lr-0.001_maxepoch-50_testyear-2020_win-3_nwin-10_seed-0/model-42

----- Epoch 43 (windowed) -----
  batch 49 | loss 0.0537 rmse 0.137 r2 0.840 corr 0.917

###### Windowed train epoch 43 overall metrics
  loss: 0.0487 rmse: 0.127 r2: 0.843 corr: 0.919
***** Epoch 43 Val (windowed) *****
  loss: 0.0229 rmse: 0.147 r2: 0.820 corr: 0.908
********************
***** Epoch 43 Test (windowed) *****
  loss: 0.0413 rmse: 0.194 r2: 0.694 corr: 0.834
********************
  Epoch 43 done in 419.8s

----- Epoch 44 (windowed) -----
  batch 49 | loss 0.0473 rmse 0.107 r2 0.850 corr 0.922

###### Windowed train epoch 44 overall metrics
  loss: 0.0479 rmse: 0.126 r2: 0.845 corr: 0.920
***** Epoch 44 Val (windowed) *****
  loss: 0.0224 rmse: 0.145 r2: 0.825 corr: 0.909
********************
***** Epoch 44 Test (windowed) *****
  loss: 0.0415 rmse: 0.193 r2: 0.698 corr: 0.836
********************
  Epoch 44 done in 394.3s

----- Epoch 45 (windowed) -----
  batch 49 | loss 0.0526 rmse 0.134 r2 0.837 corr 0.916

###### Windowed train epoch 45 overall metrics
  loss: 0.0488 rmse: 0.128 r2: 0.840 corr: 0.917
***** Epoch 45 Val (windowed) *****
  loss: 0.0270 rmse: 0.166 r2: 0.771 corr: 0.901
********************
***** Epoch 45 Test (windowed) *****
  loss: 0.0421 rmse: 0.201 r2: 0.673 corr: 0.826
********************
  Epoch 45 done in 56.1s

----- Epoch 46 (windowed) -----
  batch 49 | loss 0.0522 rmse 0.149 r2 0.824 corr 0.911

###### Windowed train epoch 46 overall metrics
  loss: 0.0478 rmse: 0.127 r2: 0.843 corr: 0.919
***** Epoch 46 Val (windowed) *****
  loss: 0.0224 rmse: 0.143 r2: 0.830 corr: 0.912
********************
***** Epoch 46 Test (windowed) *****
  loss: 0.0425 rmse: 0.193 r2: 0.698 corr: 0.836
********************
  Epoch 46 done in 55.8s
  Saved best model → model/FIM_restoration_0412G_stations_monthly/2020/gat-rnn-v2-windowed_bs-128_lr-0.001_maxepoch-50_testyear-2020_win-3_nwin-10_seed-0/model-46

----- Epoch 47 (windowed) -----
  batch 49 | loss 0.0540 rmse 0.117 r2 0.834 corr 0.914

###### Windowed train epoch 47 overall metrics
  loss: 0.0473 rmse: 0.126 r2: 0.845 corr: 0.920
***** Epoch 47 Val (windowed) *****
  loss: 0.0223 rmse: 0.146 r2: 0.823 corr: 0.910
********************
***** Epoch 47 Test (windowed) *****
  loss: 0.0422 rmse: 0.196 r2: 0.688 corr: 0.830
********************
  Epoch 47 done in 55.3s

----- Epoch 48 (windowed) -----
  batch 49 | loss 0.0505 rmse 0.135 r2 0.850 corr 0.923

###### Windowed train epoch 48 overall metrics
  loss: 0.0470 rmse: 0.125 r2: 0.846 corr: 0.921
***** Epoch 48 Val (windowed) *****
  loss: 0.0213 rmse: 0.141 r2: 0.834 corr: 0.915
********************
***** Epoch 48 Test (windowed) *****
  loss: 0.0413 rmse: 0.192 r2: 0.700 corr: 0.838
********************
  Epoch 48 done in 55.6s
  Saved best model → model/FIM_restoration_0412G_stations_monthly/2020/gat-rnn-v2-windowed_bs-128_lr-0.001_maxepoch-50_testyear-2020_win-3_nwin-10_seed-0/model-48

----- Epoch 49 (windowed) -----
  batch 49 | loss 0.0567 rmse 0.143 r2 0.832 corr 0.915

###### Windowed train epoch 49 overall metrics
  loss: 0.0466 rmse: 0.125 r2: 0.847 corr: 0.921
***** Epoch 49 Val (windowed) *****
  loss: 0.0224 rmse: 0.143 r2: 0.829 corr: 0.912
********************
***** Epoch 49 Test (windowed) *****
  loss: 0.0419 rmse: 0.194 r2: 0.693 corr: 0.833
********************
  Epoch 49 done in 55.2s
Fold done — best val RMSE=0.1412 test R²=0.7001 corr=0.8376

================================================================
Rolling-windowed  test_year=2021
  Val  : 2020
  Test : 2021
  win_size=3  n_windows=10
================================================================
Initially data (54319, 166)
After filtering (49048, 166)
[transform] Applied root-4: y → expm1(log1p_y)^(1/4); new range [0.00, 5.54]
get_X_Y
X shape (49048, 152)
Y shape (49048, 12)
Y (output) means tensor([[0.1452, 0.0123, 0.2536, 0.1447, 0.0265, 0.0631, 0.1509, 0.0237, 0.0489,
         0.0092, 0.0372, 0.1420]]) stds tensor([[0.4263, 0.1253, 0.5406, 0.4669, 0.1822, 0.2784, 0.4389, 0.1762, 0.2683,
         0.1133, 0.2473, 0.4070]])
Y count-scale means tensor([[0.3326, 0.0258, 0.5906, 0.4082, 0.0557, 0.1376, 0.3518, 0.0514, 0.1261,
         0.0209, 0.1163, 0.3033]]) stds tensor([[1.2181, 0.2925, 1.6912, 1.9407, 0.4453, 1.0108, 1.2468, 0.4329, 1.0262,
         0.2896, 1.7087, 1.0104]])
/Users/liyingnceas/GitHub/GNN-RNN-main/gnn-lstm-v4/utils/data_utils.py:274: RuntimeWarning: Mean of empty slice
  np.nanmean(county_dict[county], axis=0).astype(np.float32)
Filled 121976 missing (node, year) entries from neighbors or year averages
[2D] Station nodes: 596, adj nnz: 2980
[build_year_XY_windowed] data_start=1998, min_pred_year=2009, test_year=2021, win_size=3, n_windows=10
  built windows for T=2009
  built windows for T=2014
  built windows for T=2019
[build_year_XY_windowed] built windowed XY for 13 prediction years (2009–2021)
  GAT_RNN_V2: edge_feat_dim=3, n_heads=4, n_hidden=64
  [Bayes] Species rarity weights (mean=1): min=0.63 max=1.34  (rarest=Mycteroperca microlepis_SA)

----- Epoch 0 (windowed) -----
  batch 49 | loss 0.2005 rmse 0.300 r2 0.250 corr 0.517

###### Windowed train epoch 0 overall metrics
  loss: 0.2146 rmse: 0.296 r2: 0.157 corr: 0.414
***** Epoch 0 Val (windowed) *****
  loss: 0.0826 rmse: 0.296 r2: 0.291 corr: 0.594
********************
***** Epoch 0 Test (windowed) *****
  loss: 0.0810 rmse: 0.288 r2: 0.288 corr: 0.574
********************
  Epoch 0 done in 58.7s
  Saved best model → model/FIM_restoration_0412G_stations_monthly/2021/gat-rnn-v2-windowed_bs-128_lr-0.001_maxepoch-50_testyear-2021_win-3_nwin-10_seed-0/model-0

----- Epoch 1 (windowed) -----
  batch 49 | loss 0.1591 rmse 0.242 r2 0.438 corr 0.681

###### Windowed train epoch 1 overall metrics
  loss: 0.1600 rmse: 0.245 r2: 0.426 corr: 0.667
***** Epoch 1 Val (windowed) *****
  loss: 0.0634 rmse: 0.245 r2: 0.515 corr: 0.719
********************
***** Epoch 1 Test (windowed) *****
  loss: 0.0648 rmse: 0.244 r2: 0.487 corr: 0.699
********************
  Epoch 1 done in 56.3s
  Saved best model → model/FIM_restoration_0412G_stations_monthly/2021/gat-rnn-v2-windowed_bs-128_lr-0.001_maxepoch-50_testyear-2021_win-3_nwin-10_seed-0/model-1

----- Epoch 2 (windowed) -----
  batch 49 | loss 0.1302 rmse 0.222 r2 0.598 corr 0.786

###### Windowed train epoch 2 overall metrics
  loss: 0.1327 rmse: 0.213 r2: 0.564 corr: 0.759
***** Epoch 2 Val (windowed) *****
  loss: 0.0523 rmse: 0.219 r2: 0.612 corr: 0.787
********************
***** Epoch 2 Test (windowed) *****
  loss: 0.0524 rmse: 0.215 r2: 0.601 corr: 0.775
********************
  Epoch 2 done in 60.2s
  Saved best model → model/FIM_restoration_0412G_stations_monthly/2021/gat-rnn-v2-windowed_bs-128_lr-0.001_maxepoch-50_testyear-2021_win-3_nwin-10_seed-0/model-2

----- Epoch 3 (windowed) -----
  batch 49 | loss 0.1241 rmse 0.218 r2 0.661 corr 0.814

###### Windowed train epoch 3 overall metrics
  loss: 0.1142 rmse: 0.195 r2: 0.635 corr: 0.801
***** Epoch 3 Val (windowed) *****
  loss: 0.0445 rmse: 0.203 r2: 0.667 corr: 0.822
********************
***** Epoch 3 Test (windowed) *****
  loss: 0.0449 rmse: 0.199 r2: 0.659 corr: 0.813
********************
  Epoch 3 done in 59.8s
  Saved best model → model/FIM_restoration_0412G_stations_monthly/2021/gat-rnn-v2-windowed_bs-128_lr-0.001_maxepoch-50_testyear-2021_win-3_nwin-10_seed-0/model-3

----- Epoch 4 (windowed) -----
  batch 49 | loss 0.1137 rmse 0.173 r2 0.684 corr 0.829

###### Windowed train epoch 4 overall metrics
  loss: 0.1031 rmse: 0.184 r2: 0.674 corr: 0.825
***** Epoch 4 Val (windowed) *****
  loss: 0.0416 rmse: 0.202 r2: 0.670 corr: 0.834
********************
***** Epoch 4 Test (windowed) *****
  loss: 0.0420 rmse: 0.195 r2: 0.672 corr: 0.825
********************
  Epoch 4 done in 58.4s
  Saved best model → model/FIM_restoration_0412G_stations_monthly/2021/gat-rnn-v2-windowed_bs-128_lr-0.001_maxepoch-50_testyear-2021_win-3_nwin-10_seed-0/model-4

----- Epoch 5 (windowed) -----
  batch 49 | loss 0.1027 rmse 0.199 r2 0.645 corr 0.804

###### Windowed train epoch 5 overall metrics
  loss: 0.0986 rmse: 0.180 r2: 0.689 corr: 0.833
***** Epoch 5 Val (windowed) *****
  loss: 0.0419 rmse: 0.199 r2: 0.678 corr: 0.834
********************
***** Epoch 5 Test (windowed) *****
  loss: 0.0424 rmse: 0.197 r2: 0.666 corr: 0.820
********************
  Epoch 5 done in 57.8s
  Saved best model → model/FIM_restoration_0412G_stations_monthly/2021/gat-rnn-v2-windowed_bs-128_lr-0.001_maxepoch-50_testyear-2021_win-3_nwin-10_seed-0/model-5

----- Epoch 6 (windowed) -----
  batch 49 | loss 0.1001 rmse 0.187 r2 0.688 corr 0.832

###### Windowed train epoch 6 overall metrics
  loss: 0.0947 rmse: 0.177 r2: 0.700 corr: 0.840
***** Epoch 6 Val (windowed) *****
  loss: 0.0399 rmse: 0.193 r2: 0.698 corr: 0.840
********************
***** Epoch 6 Test (windowed) *****
  loss: 0.0432 rmse: 0.192 r2: 0.682 corr: 0.826
********************
  Epoch 6 done in 59.0s
  Saved best model → model/FIM_restoration_0412G_stations_monthly/2021/gat-rnn-v2-windowed_bs-128_lr-0.001_maxepoch-50_testyear-2021_win-3_nwin-10_seed-0/model-6

----- Epoch 7 (windowed) -----
  batch 49 | loss 0.1015 rmse 0.184 r2 0.703 corr 0.841

###### Windowed train epoch 7 overall metrics
  loss: 0.0914 rmse: 0.174 r2: 0.711 corr: 0.846
***** Epoch 7 Val (windowed) *****
  loss: 0.0395 rmse: 0.194 r2: 0.695 corr: 0.848
********************
***** Epoch 7 Test (windowed) *****
  loss: 0.0419 rmse: 0.192 r2: 0.683 corr: 0.830
********************
  Epoch 7 done in 58.9s

----- Epoch 8 (windowed) -----
  batch 49 | loss 0.0928 rmse 0.145 r2 0.740 corr 0.860

###### Windowed train epoch 8 overall metrics
  loss: 0.0892 rmse: 0.172 r2: 0.715 corr: 0.848
***** Epoch 8 Val (windowed) *****
  loss: 0.0380 rmse: 0.190 r2: 0.707 corr: 0.853
********************
***** Epoch 8 Test (windowed) *****
  loss: 0.0417 rmse: 0.191 r2: 0.686 corr: 0.830
********************
  Epoch 8 done in 58.1s
  Saved best model → model/FIM_restoration_0412G_stations_monthly/2021/gat-rnn-v2-windowed_bs-128_lr-0.001_maxepoch-50_testyear-2021_win-3_nwin-10_seed-0/model-8

----- Epoch 9 (windowed) -----
  batch 49 | loss 0.0835 rmse 0.154 r2 0.732 corr 0.860

###### Windowed train epoch 9 overall metrics
  loss: 0.0866 rmse: 0.169 r2: 0.726 corr: 0.854
***** Epoch 9 Val (windowed) *****
  loss: 0.0375 rmse: 0.191 r2: 0.704 corr: 0.855
********************
***** Epoch 9 Test (windowed) *****
  loss: 0.0424 rmse: 0.193 r2: 0.681 corr: 0.827
********************
  Epoch 9 done in 56.8s

----- Epoch 10 (windowed) -----
  batch 49 | loss 0.0803 rmse 0.140 r2 0.771 corr 0.882

###### Windowed train epoch 10 overall metrics
  loss: 0.0842 rmse: 0.167 r2: 0.732 corr: 0.858
***** Epoch 10 Val (windowed) *****
  loss: 0.0366 rmse: 0.186 r2: 0.721 corr: 0.855
********************
***** Epoch 10 Test (windowed) *****
  loss: 0.0412 rmse: 0.190 r2: 0.689 corr: 0.830
********************
  Epoch 10 done in 56.5s
  Saved best model → model/FIM_restoration_0412G_stations_monthly/2021/gat-rnn-v2-windowed_bs-128_lr-0.001_maxepoch-50_testyear-2021_win-3_nwin-10_seed-0/model-10

----- Epoch 11 (windowed) -----
  batch 49 | loss 0.0876 rmse 0.151 r2 0.732 corr 0.856

###### Windowed train epoch 11 overall metrics
  loss: 0.0821 rmse: 0.165 r2: 0.737 corr: 0.861
***** Epoch 11 Val (windowed) *****
  loss: 0.0362 rmse: 0.187 r2: 0.716 corr: 0.857
********************
***** Epoch 11 Test (windowed) *****
  loss: 0.0415 rmse: 0.189 r2: 0.692 corr: 0.833
********************
  Epoch 11 done in 59.3s

----- Epoch 12 (windowed) -----
  batch 49 | loss 0.0811 rmse 0.137 r2 0.766 corr 0.876

###### Windowed train epoch 12 overall metrics
  loss: 0.0800 rmse: 0.164 r2: 0.743 corr: 0.864
***** Epoch 12 Val (windowed) *****
  loss: 0.0366 rmse: 0.187 r2: 0.716 corr: 0.850
********************
***** Epoch 12 Test (windowed) *****
  loss: 0.0431 rmse: 0.193 r2: 0.681 corr: 0.826
********************
  Epoch 12 done in 58.5s

----- Epoch 13 (windowed) -----
  batch 49 | loss 0.0874 rmse 0.179 r2 0.762 corr 0.877

###### Windowed train epoch 13 overall metrics
  loss: 0.0789 rmse: 0.163 r2: 0.746 corr: 0.866
***** Epoch 13 Val (windowed) *****
  loss: 0.0350 rmse: 0.180 r2: 0.739 corr: 0.861
********************
***** Epoch 13 Test (windowed) *****
  loss: 0.0433 rmse: 0.193 r2: 0.680 corr: 0.827
********************
  Epoch 13 done in 60.9s
  Saved best model → model/FIM_restoration_0412G_stations_monthly/2021/gat-rnn-v2-windowed_bs-128_lr-0.001_maxepoch-50_testyear-2021_win-3_nwin-10_seed-0/model-13

----- Epoch 14 (windowed) -----
  batch 49 | loss 0.0754 rmse 0.148 r2 0.783 corr 0.886

###### Windowed train epoch 14 overall metrics
  loss: 0.0764 rmse: 0.160 r2: 0.754 corr: 0.870
***** Epoch 14 Val (windowed) *****
  loss: 0.0355 rmse: 0.183 r2: 0.730 corr: 0.861
********************
***** Epoch 14 Test (windowed) *****
  loss: 0.0420 rmse: 0.191 r2: 0.686 corr: 0.829
********************
  Epoch 14 done in 59.6s

----- Epoch 15 (windowed) -----
  batch 49 | loss 0.0847 rmse 0.168 r2 0.749 corr 0.867

###### Windowed train epoch 15 overall metrics
  loss: 0.0753 rmse: 0.161 r2: 0.752 corr: 0.869
***** Epoch 15 Val (windowed) *****
  loss: 0.0362 rmse: 0.178 r2: 0.743 corr: 0.864
********************
***** Epoch 15 Test (windowed) *****
  loss: 0.0439 rmse: 0.190 r2: 0.688 corr: 0.831
********************
  Epoch 15 done in 58.7s
  Saved best model → model/FIM_restoration_0412G_stations_monthly/2021/gat-rnn-v2-windowed_bs-128_lr-0.001_maxepoch-50_testyear-2021_win-3_nwin-10_seed-0/model-15

----- Epoch 16 (windowed) -----
  batch 49 | loss 0.0789 rmse 0.156 r2 0.737 corr 0.860

###### Windowed train epoch 16 overall metrics
  loss: 0.0734 rmse: 0.157 r2: 0.763 corr: 0.875
***** Epoch 16 Val (windowed) *****
  loss: 0.0331 rmse: 0.177 r2: 0.745 corr: 0.868
********************
***** Epoch 16 Test (windowed) *****
  loss: 0.0428 rmse: 0.190 r2: 0.689 corr: 0.831
********************
  Epoch 16 done in 59.3s
  Saved best model → model/FIM_restoration_0412G_stations_monthly/2021/gat-rnn-v2-windowed_bs-128_lr-0.001_maxepoch-50_testyear-2021_win-3_nwin-10_seed-0/model-16

----- Epoch 17 (windowed) -----
  batch 49 | loss 0.0752 rmse 0.155 r2 0.791 corr 0.891

###### Windowed train epoch 17 overall metrics
  loss: 0.0719 rmse: 0.156 r2: 0.767 corr: 0.877
***** Epoch 17 Val (windowed) *****
  loss: 0.0337 rmse: 0.176 r2: 0.749 corr: 0.870
********************
***** Epoch 17 Test (windowed) *****
  loss: 0.0429 rmse: 0.192 r2: 0.682 corr: 0.828
********************
  Epoch 17 done in 60.7s
  Saved best model → model/FIM_restoration_0412G_stations_monthly/2021/gat-rnn-v2-windowed_bs-128_lr-0.001_maxepoch-50_testyear-2021_win-3_nwin-10_seed-0/model-17

----- Epoch 18 (windowed) -----
  batch 49 | loss 0.0738 rmse 0.152 r2 0.780 corr 0.888

###### Windowed train epoch 18 overall metrics
  loss: 0.0705 rmse: 0.154 r2: 0.771 corr: 0.880
***** Epoch 18 Val (windowed) *****
  loss: 0.0327 rmse: 0.178 r2: 0.743 corr: 0.869
********************
***** Epoch 18 Test (windowed) *****
  loss: 0.0432 rmse: 0.191 r2: 0.686 corr: 0.828
********************
  Epoch 18 done in 61.0s

----- Epoch 19 (windowed) -----
  batch 49 | loss 0.0704 rmse 0.138 r2 0.815 corr 0.903

###### Windowed train epoch 19 overall metrics
  loss: 0.0689 rmse: 0.154 r2: 0.774 corr: 0.881
***** Epoch 19 Val (windowed) *****
  loss: 0.0331 rmse: 0.181 r2: 0.734 corr: 0.870
********************
***** Epoch 19 Test (windowed) *****
  loss: 0.0423 rmse: 0.192 r2: 0.684 corr: 0.829
********************
  Epoch 19 done in 58.2s

----- Epoch 20 (windowed) -----
  batch 49 | loss 0.0815 rmse 0.171 r2 0.765 corr 0.876

###### Windowed train epoch 20 overall metrics
  loss: 0.0678 rmse: 0.151 r2: 0.781 corr: 0.885
***** Epoch 20 Val (windowed) *****
  loss: 0.0330 rmse: 0.179 r2: 0.739 corr: 0.871
********************
***** Epoch 20 Test (windowed) *****
  loss: 0.0426 rmse: 0.192 r2: 0.684 corr: 0.828
********************
  Epoch 20 done in 58.7s

----- Epoch 21 (windowed) -----
  batch 49 | loss 0.0790 rmse 0.184 r2 0.777 corr 0.889

###### Windowed train epoch 21 overall metrics
  loss: 0.0673 rmse: 0.152 r2: 0.779 corr: 0.885
***** Epoch 21 Val (windowed) *****
  loss: 0.0320 rmse: 0.177 r2: 0.747 corr: 0.873
********************
***** Epoch 21 Test (windowed) *****
  loss: 0.0432 rmse: 0.192 r2: 0.682 corr: 0.826
********************
  Epoch 21 done in 59.2s

----- Epoch 22 (windowed) -----
  batch 49 | loss 0.0796 rmse 0.185 r2 0.751 corr 0.869

###### Windowed train epoch 22 overall metrics
  loss: 0.0659 rmse: 0.150 r2: 0.786 corr: 0.888
***** Epoch 22 Val (windowed) *****
  loss: 0.0306 rmse: 0.173 r2: 0.758 corr: 0.876
********************
***** Epoch 22 Test (windowed) *****
  loss: 0.0433 rmse: 0.190 r2: 0.690 corr: 0.831
********************
  Epoch 22 done in 61.1s
  Saved best model → model/FIM_restoration_0412G_stations_monthly/2021/gat-rnn-v2-windowed_bs-128_lr-0.001_maxepoch-50_testyear-2021_win-3_nwin-10_seed-0/model-22

----- Epoch 23 (windowed) -----
  batch 49 | loss 0.0663 rmse 0.122 r2 0.821 corr 0.906

###### Windowed train epoch 23 overall metrics
  loss: 0.0639 rmse: 0.148 r2: 0.789 corr: 0.890
***** Epoch 23 Val (windowed) *****
  loss: 0.0307 rmse: 0.170 r2: 0.766 corr: 0.877
********************
***** Epoch 23 Test (windowed) *****
  loss: 0.0441 rmse: 0.193 r2: 0.679 corr: 0.829
********************
  Epoch 23 done in 58.1s
  Saved best model → model/FIM_restoration_0412G_stations_monthly/2021/gat-rnn-v2-windowed_bs-128_lr-0.001_maxepoch-50_testyear-2021_win-3_nwin-10_seed-0/model-23

----- Epoch 24 (windowed) -----
  batch 49 | loss 0.0751 rmse 0.159 r2 0.770 corr 0.878

###### Windowed train epoch 24 overall metrics
  loss: 0.0644 rmse: 0.148 r2: 0.789 corr: 0.890
***** Epoch 24 Val (windowed) *****
  loss: 0.0317 rmse: 0.174 r2: 0.755 corr: 0.876
********************
***** Epoch 24 Test (windowed) *****
  loss: 0.0424 rmse: 0.193 r2: 0.678 corr: 0.826
********************
  Epoch 24 done in 57.6s

----- Epoch 25 (windowed) -----
  batch 49 | loss 0.0611 rmse 0.136 r2 0.822 corr 0.907

###### Windowed train epoch 25 overall metrics
  loss: 0.0631 rmse: 0.146 r2: 0.794 corr: 0.893
***** Epoch 25 Val (windowed) *****
  loss: 0.0312 rmse: 0.172 r2: 0.761 corr: 0.878
********************
***** Epoch 25 Test (windowed) *****
  loss: 0.0450 rmse: 0.192 r2: 0.683 corr: 0.828
********************
  Epoch 25 done in 58.1s

----- Epoch 26 (windowed) -----
  batch 49 | loss 0.0614 rmse 0.139 r2 0.794 corr 0.897

###### Windowed train epoch 26 overall metrics
  loss: 0.0617 rmse: 0.146 r2: 0.797 corr: 0.894
***** Epoch 26 Val (windowed) *****
  loss: 0.0293 rmse: 0.166 r2: 0.776 corr: 0.885
********************
***** Epoch 26 Test (windowed) *****
  loss: 0.0428 rmse: 0.190 r2: 0.688 corr: 0.831
********************
  Epoch 26 done in 57.0s
  Saved best model → model/FIM_restoration_0412G_stations_monthly/2021/gat-rnn-v2-windowed_bs-128_lr-0.001_maxepoch-50_testyear-2021_win-3_nwin-10_seed-0/model-26

----- Epoch 27 (windowed) -----
  batch 49 | loss 0.0617 rmse 0.151 r2 0.801 corr 0.897

###### Windowed train epoch 27 overall metrics
  loss: 0.0601 rmse: 0.143 r2: 0.803 corr: 0.897
***** Epoch 27 Val (windowed) *****
  loss: 0.0286 rmse: 0.166 r2: 0.777 corr: 0.886
********************
***** Epoch 27 Test (windowed) *****
  loss: 0.0426 rmse: 0.188 r2: 0.695 corr: 0.835
********************
  Epoch 27 done in 58.3s

----- Epoch 28 (windowed) -----
  batch 49 | loss 0.0565 rmse 0.125 r2 0.807 corr 0.900

###### Windowed train epoch 28 overall metrics
  loss: 0.0589 rmse: 0.142 r2: 0.806 corr: 0.899
***** Epoch 28 Val (windowed) *****
  loss: 0.0305 rmse: 0.176 r2: 0.749 corr: 0.885
********************
***** Epoch 28 Test (windowed) *****
  loss: 0.0431 rmse: 0.192 r2: 0.681 corr: 0.828
********************
  Epoch 28 done in 57.1s

----- Epoch 29 (windowed) -----
  batch 49 | loss 0.0633 rmse 0.159 r2 0.797 corr 0.895

###### Windowed train epoch 29 overall metrics
  loss: 0.0581 rmse: 0.142 r2: 0.808 corr: 0.900
***** Epoch 29 Val (windowed) *****
  loss: 0.0275 rmse: 0.162 r2: 0.787 corr: 0.891
********************
***** Epoch 29 Test (windowed) *****
  loss: 0.0422 rmse: 0.187 r2: 0.698 corr: 0.838
********************
  Epoch 29 done in 56.5s
  Saved best model → model/FIM_restoration_0412G_stations_monthly/2021/gat-rnn-v2-windowed_bs-128_lr-0.001_maxepoch-50_testyear-2021_win-3_nwin-10_seed-0/model-29

----- Epoch 30 (windowed) -----
  batch 49 | loss 0.0547 rmse 0.113 r2 0.849 corr 0.922

###### Windowed train epoch 30 overall metrics
  loss: 0.0570 rmse: 0.140 r2: 0.812 corr: 0.902
***** Epoch 30 Val (windowed) *****
  loss: 0.0271 rmse: 0.159 r2: 0.796 corr: 0.896
********************
***** Epoch 30 Test (windowed) *****
  loss: 0.0419 rmse: 0.188 r2: 0.697 corr: 0.837
********************
  Epoch 30 done in 57.8s
  Saved best model → model/FIM_restoration_0412G_stations_monthly/2021/gat-rnn-v2-windowed_bs-128_lr-0.001_maxepoch-50_testyear-2021_win-3_nwin-10_seed-0/model-30

----- Epoch 31 (windowed) -----
  batch 49 | loss 0.0572 rmse 0.136 r2 0.829 corr 0.912

###### Windowed train epoch 31 overall metrics
  loss: 0.0565 rmse: 0.139 r2: 0.814 corr: 0.903
***** Epoch 31 Val (windowed) *****
  loss: 0.0274 rmse: 0.160 r2: 0.793 corr: 0.893
********************
***** Epoch 31 Test (windowed) *****
  loss: 0.0424 rmse: 0.186 r2: 0.701 corr: 0.840
********************
  Epoch 31 done in 57.7s

----- Epoch 32 (windowed) -----
  batch 49 | loss 0.0629 rmse 0.151 r2 0.818 corr 0.906

###### Windowed train epoch 32 overall metrics
  loss: 0.0561 rmse: 0.138 r2: 0.816 corr: 0.905
***** Epoch 32 Val (windowed) *****
  loss: 0.0272 rmse: 0.156 r2: 0.803 corr: 0.896
********************
***** Epoch 32 Test (windowed) *****
  loss: 0.0434 rmse: 0.191 r2: 0.685 corr: 0.839
********************
  Epoch 32 done in 962.5s
  Saved best model → model/FIM_restoration_0412G_stations_monthly/2021/gat-rnn-v2-windowed_bs-128_lr-0.001_maxepoch-50_testyear-2021_win-3_nwin-10_seed-0/model-32

----- Epoch 33 (windowed) -----
  batch 49 | loss 0.0554 rmse 0.113 r2 0.837 corr 0.915

###### Windowed train epoch 33 overall metrics
  loss: 0.0546 rmse: 0.137 r2: 0.820 corr: 0.906
***** Epoch 33 Val (windowed) *****
  loss: 0.0266 rmse: 0.157 r2: 0.800 corr: 0.898
********************
***** Epoch 33 Test (windowed) *****
  loss: 0.0422 rmse: 0.189 r2: 0.692 corr: 0.835
********************
  Epoch 33 done in 94.7s

----- Epoch 34 (windowed) -----
  batch 49 | loss 0.0592 rmse 0.139 r2 0.824 corr 0.911

###### Windowed train epoch 34 overall metrics
  loss: 0.0539 rmse: 0.136 r2: 0.824 corr: 0.909
***** Epoch 34 Val (windowed) *****
  loss: 0.0261 rmse: 0.154 r2: 0.807 corr: 0.899
********************
***** Epoch 34 Test (windowed) *****
  loss: 0.0427 rmse: 0.189 r2: 0.693 corr: 0.838
********************
  Epoch 34 done in 57.7s
  Saved best model → model/FIM_restoration_0412G_stations_monthly/2021/gat-rnn-v2-windowed_bs-128_lr-0.001_maxepoch-50_testyear-2021_win-3_nwin-10_seed-0/model-34

----- Epoch 35 (windowed) -----
  batch 49 | loss 0.0652 rmse 0.157 r2 0.784 corr 0.886

###### Windowed train epoch 35 overall metrics
  loss: 0.0532 rmse: 0.135 r2: 0.825 corr: 0.909
***** Epoch 35 Val (windowed) *****
  loss: 0.0270 rmse: 0.156 r2: 0.804 corr: 0.900
********************
***** Epoch 35 Test (windowed) *****
  loss: 0.0429 rmse: 0.186 r2: 0.703 corr: 0.842
********************
  Epoch 35 done in 999.4s

----- Epoch 36 (windowed) -----
  batch 49 | loss 0.0599 rmse 0.139 r2 0.818 corr 0.908

###### Windowed train epoch 36 overall metrics
  loss: 0.0552 rmse: 0.137 r2: 0.820 corr: 0.906
***** Epoch 36 Val (windowed) *****
  loss: 0.0270 rmse: 0.156 r2: 0.802 corr: 0.899
********************
***** Epoch 36 Test (windowed) *****
  loss: 0.0418 rmse: 0.188 r2: 0.695 corr: 0.837
********************
  Epoch 36 done in 959.6s

----- Epoch 37 (windowed) -----
  batch 49 | loss 0.0579 rmse 0.143 r2 0.814 corr 0.903

###### Windowed train epoch 37 overall metrics
  loss: 0.0523 rmse: 0.134 r2: 0.828 corr: 0.911
***** Epoch 37 Val (windowed) *****
  loss: 0.0261 rmse: 0.156 r2: 0.803 corr: 0.900
********************
***** Epoch 37 Test (windowed) *****
  loss: 0.0417 rmse: 0.185 r2: 0.706 corr: 0.842
********************
  Epoch 37 done in 704.4s

----- Epoch 38 (windowed) -----
  batch 49 | loss 0.0537 rmse 0.135 r2 0.828 corr 0.912

###### Windowed train epoch 38 overall metrics
  loss: 0.0516 rmse: 0.134 r2: 0.829 corr: 0.911
***** Epoch 38 Val (windowed) *****
  loss: 0.0259 rmse: 0.156 r2: 0.803 corr: 0.903
********************
***** Epoch 38 Test (windowed) *****
  loss: 0.0414 rmse: 0.183 r2: 0.711 corr: 0.844
********************
  Epoch 38 done in 58.7s

----- Epoch 39 (windowed) -----
  batch 49 | loss 0.0525 rmse 0.126 r2 0.833 corr 0.914

###### Windowed train epoch 39 overall metrics
  loss: 0.0520 rmse: 0.134 r2: 0.829 corr: 0.912
***** Epoch 39 Val (windowed) *****
  loss: 0.0255 rmse: 0.150 r2: 0.817 corr: 0.904
********************
***** Epoch 39 Test (windowed) *****
  loss: 0.0431 rmse: 0.191 r2: 0.687 corr: 0.841
********************
  Epoch 39 done in 59.9s
  Saved best model → model/FIM_restoration_0412G_stations_monthly/2021/gat-rnn-v2-windowed_bs-128_lr-0.001_maxepoch-50_testyear-2021_win-3_nwin-10_seed-0/model-39

----- Epoch 40 (windowed) -----
  batch 49 | loss 0.0526 rmse 0.111 r2 0.855 corr 0.927

###### Windowed train epoch 40 overall metrics
  loss: 0.0514 rmse: 0.132 r2: 0.833 corr: 0.913
***** Epoch 40 Val (windowed) *****
  loss: 0.0245 rmse: 0.149 r2: 0.820 corr: 0.908
********************
***** Epoch 40 Test (windowed) *****
  loss: 0.0417 rmse: 0.185 r2: 0.706 corr: 0.843
********************
  Epoch 40 done in 57.0s
  Saved best model → model/FIM_restoration_0412G_stations_monthly/2021/gat-rnn-v2-windowed_bs-128_lr-0.001_maxepoch-50_testyear-2021_win-3_nwin-10_seed-0/model-40

----- Epoch 41 (windowed) -----
  batch 49 | loss 0.0587 rmse 0.152 r2 0.820 corr 0.906

###### Windowed train epoch 41 overall metrics
  loss: 0.0502 rmse: 0.131 r2: 0.837 corr: 0.915
***** Epoch 41 Val (windowed) *****
  loss: 0.0253 rmse: 0.151 r2: 0.815 corr: 0.907
********************
***** Epoch 41 Test (windowed) *****
  loss: 0.0427 rmse: 0.187 r2: 0.700 corr: 0.839
********************
  Epoch 41 done in 57.2s

----- Epoch 42 (windowed) -----
  batch 49 | loss 0.0589 rmse 0.147 r2 0.820 corr 0.906

###### Windowed train epoch 42 overall metrics
  loss: 0.0494 rmse: 0.131 r2: 0.835 corr: 0.914
***** Epoch 42 Val (windowed) *****
  loss: 0.0247 rmse: 0.148 r2: 0.823 corr: 0.907
********************
***** Epoch 42 Test (windowed) *****
  loss: 0.0421 rmse: 0.191 r2: 0.688 corr: 0.840
********************
  Epoch 42 done in 56.8s
  Saved best model → model/FIM_restoration_0412G_stations_monthly/2021/gat-rnn-v2-windowed_bs-128_lr-0.001_maxepoch-50_testyear-2021_win-3_nwin-10_seed-0/model-42

----- Epoch 43 (windowed) -----
  batch 49 | loss 0.0525 rmse 0.130 r2 0.855 corr 0.925

###### Windowed train epoch 43 overall metrics
  loss: 0.0489 rmse: 0.130 r2: 0.837 corr: 0.916
***** Epoch 43 Val (windowed) *****
  loss: 0.0245 rmse: 0.154 r2: 0.808 corr: 0.908
********************
***** Epoch 43 Test (windowed) *****
  loss: 0.0411 rmse: 0.184 r2: 0.708 corr: 0.841
********************
  Epoch 43 done in 59.5s

----- Epoch 44 (windowed) -----
  batch 49 | loss 0.0443 rmse 0.103 r2 0.864 corr 0.930

###### Windowed train epoch 44 overall metrics
  loss: 0.0489 rmse: 0.130 r2: 0.838 corr: 0.916
***** Epoch 44 Val (windowed) *****
  loss: 0.0255 rmse: 0.153 r2: 0.809 corr: 0.903
********************
***** Epoch 44 Test (windowed) *****
  loss: 0.0429 rmse: 0.188 r2: 0.695 corr: 0.837
********************
  Epoch 44 done in 56.3s

----- Epoch 45 (windowed) -----
  batch 49 | loss 0.0595 rmse 0.119 r2 0.840 corr 0.920

###### Windowed train epoch 45 overall metrics
  loss: 0.0486 rmse: 0.131 r2: 0.837 corr: 0.916
***** Epoch 45 Val (windowed) *****
  loss: 0.0254 rmse: 0.150 r2: 0.818 corr: 0.905
********************
***** Epoch 45 Test (windowed) *****
  loss: 0.0429 rmse: 0.191 r2: 0.686 corr: 0.834
********************
  Epoch 45 done in 62.2s

----- Epoch 46 (windowed) -----
  batch 49 | loss 0.0502 rmse 0.123 r2 0.844 corr 0.921

###### Windowed train epoch 46 overall metrics
  loss: 0.0486 rmse: 0.129 r2: 0.839 corr: 0.917
***** Epoch 46 Val (windowed) *****
  loss: 0.0258 rmse: 0.160 r2: 0.793 corr: 0.908
********************
***** Epoch 46 Test (windowed) *****
  loss: 0.0419 rmse: 0.185 r2: 0.704 corr: 0.840
********************
  Epoch 46 done in 60.2s

----- Epoch 47 (windowed) -----
  batch 49 | loss 0.0499 rmse 0.118 r2 0.866 corr 0.931

###### Windowed train epoch 47 overall metrics
  loss: 0.0488 rmse: 0.131 r2: 0.837 corr: 0.915
***** Epoch 47 Val (windowed) *****
  loss: 0.0244 rmse: 0.147 r2: 0.825 corr: 0.910
********************
***** Epoch 47 Test (windowed) *****
  loss: 0.0427 rmse: 0.188 r2: 0.697 corr: 0.842
********************
  Epoch 47 done in 56.7s
  Saved best model → model/FIM_restoration_0412G_stations_monthly/2021/gat-rnn-v2-windowed_bs-128_lr-0.001_maxepoch-50_testyear-2021_win-3_nwin-10_seed-0/model-47

----- Epoch 48 (windowed) -----
  batch 49 | loss 0.0476 rmse 0.119 r2 0.861 corr 0.932

###### Windowed train epoch 48 overall metrics
  loss: 0.0467 rmse: 0.128 r2: 0.842 corr: 0.918
***** Epoch 48 Val (windowed) *****
  loss: 0.0237 rmse: 0.147 r2: 0.824 corr: 0.911
********************
***** Epoch 48 Test (windowed) *****
  loss: 0.0415 rmse: 0.183 r2: 0.712 corr: 0.845
********************
  Epoch 48 done in 58.8s

----- Epoch 49 (windowed) -----
  batch 49 | loss 0.0524 rmse 0.141 r2 0.820 corr 0.907

###### Windowed train epoch 49 overall metrics
  loss: 0.0472 rmse: 0.129 r2: 0.841 corr: 0.918
***** Epoch 49 Val (windowed) *****
  loss: 0.0237 rmse: 0.150 r2: 0.818 corr: 0.909
********************
***** Epoch 49 Test (windowed) *****
  loss: 0.0421 rmse: 0.186 r2: 0.702 corr: 0.841
********************
  Epoch 49 done in 57.5s
Fold done — best val RMSE=0.1467 test R²=0.6968 corr=0.8418

================================================================
Rolling-windowed  test_year=2022
  Val  : 2021
  Test : 2022
  win_size=3  n_windows=10
================================================================
Initially data (54319, 166)
After filtering (50820, 166)
[transform] Applied root-4: y → expm1(log1p_y)^(1/4); new range [0.00, 5.54]
get_X_Y
X shape (50820, 152)
Y shape (50820, 12)
Y (output) means tensor([[0.1447, 0.0125, 0.2532, 0.1476, 0.0272, 0.0637, 0.1509, 0.0241, 0.0501,
         0.0093, 0.0390, 0.1422]]) stds tensor([[0.4258, 0.1264, 0.5403, 0.4721, 0.1849, 0.2796, 0.4382, 0.1775, 0.2712,
         0.1140, 0.2549, 0.4074]])
Y count-scale means tensor([[0.3314, 0.0262, 0.5898, 0.4183, 0.0573, 0.1386, 0.3509, 0.0522, 0.1287,
         0.0212, 0.1241, 0.3040]]) stds tensor([[1.2138, 0.2939, 1.6869, 1.9638, 0.4521, 0.9996, 1.2444, 0.4339, 1.0210,
         0.2907, 1.7339, 1.0122]])
/Users/liyingnceas/GitHub/GNN-RNN-main/gnn-lstm-v4/utils/data_utils.py:274: RuntimeWarning: Mean of empty slice
  np.nanmean(county_dict[county], axis=0).astype(np.float32)
Filled 127430 missing (node, year) entries from neighbors or year averages
[2D] Station nodes: 596, adj nnz: 2980
[build_year_XY_windowed] data_start=1998, min_pred_year=2009, test_year=2022, win_size=3, n_windows=10
  built windows for T=2009
  built windows for T=2014
  built windows for T=2019
[build_year_XY_windowed] built windowed XY for 14 prediction years (2009–2022)
  GAT_RNN_V2: edge_feat_dim=3, n_heads=4, n_hidden=64
  [Bayes] Species rarity weights (mean=1): min=0.62 max=1.35  (rarest=Mycteroperca microlepis_SA)

----- Epoch 0 (windowed) -----
  batch 49 | loss 0.1904 rmse 0.258 r2 0.250 corr 0.525

###### Windowed train epoch 0 overall metrics
  loss: 0.2058 rmse: 0.294 r2: 0.177 corr: 0.441
***** Epoch 0 Val (windowed) *****
  loss: 0.0779 rmse: 0.278 r2: 0.337 corr: 0.593
********************
***** Epoch 0 Test (windowed) *****
  loss: 0.0742 rmse: 0.259 r2: 0.352 corr: 0.604
********************
  Epoch 0 done in 64.1s
  Saved best model → model/FIM_restoration_0412G_stations_monthly/2022/gat-rnn-v2-windowed_bs-128_lr-0.001_maxepoch-50_testyear-2022_win-3_nwin-10_seed-0/model-0

----- Epoch 1 (windowed) -----
  batch 49 | loss 0.1347 rmse 0.212 r2 0.512 corr 0.720

###### Windowed train epoch 1 overall metrics
  loss: 0.1521 rmse: 0.237 r2: 0.466 corr: 0.695
***** Epoch 1 Val (windowed) *****
  loss: 0.0559 rmse: 0.224 r2: 0.569 corr: 0.762
********************
***** Epoch 1 Test (windowed) *****
  loss: 0.0537 rmse: 0.208 r2: 0.582 corr: 0.768
********************
  Epoch 1 done in 62.3s
  Saved best model → model/FIM_restoration_0412G_stations_monthly/2022/gat-rnn-v2-windowed_bs-128_lr-0.001_maxepoch-50_testyear-2022_win-3_nwin-10_seed-0/model-1

----- Epoch 2 (windowed) -----
  batch 49 | loss 0.1237 rmse 0.196 r2 0.626 corr 0.800

###### Windowed train epoch 2 overall metrics
  loss: 0.1223 rmse: 0.203 r2: 0.608 corr: 0.787
***** Epoch 2 Val (windowed) *****
  loss: 0.0457 rmse: 0.204 r2: 0.641 corr: 0.815
********************
***** Epoch 2 Test (windowed) *****
  loss: 0.0410 rmse: 0.188 r2: 0.660 corr: 0.825
********************
  Epoch 2 done in 62.0s
  Saved best model → model/FIM_restoration_0412G_stations_monthly/2022/gat-rnn-v2-windowed_bs-128_lr-0.001_maxepoch-50_testyear-2022_win-3_nwin-10_seed-0/model-2

----- Epoch 3 (windowed) -----
  batch 49 | loss 0.1093 rmse 0.181 r2 0.704 corr 0.842

###### Windowed train epoch 3 overall metrics
  loss: 0.1058 rmse: 0.188 r2: 0.664 corr: 0.819
***** Epoch 3 Val (windowed) *****
  loss: 0.0413 rmse: 0.198 r2: 0.663 corr: 0.830
********************
***** Epoch 3 Test (windowed) *****
  loss: 0.0368 rmse: 0.183 r2: 0.676 corr: 0.837
********************
  Epoch 3 done in 62.7s
  Saved best model → model/FIM_restoration_0412G_stations_monthly/2022/gat-rnn-v2-windowed_bs-128_lr-0.001_maxepoch-50_testyear-2022_win-3_nwin-10_seed-0/model-3

----- Epoch 4 (windowed) -----
  batch 49 | loss 0.1133 rmse 0.192 r2 0.679 corr 0.827

###### Windowed train epoch 4 overall metrics
  loss: 0.1004 rmse: 0.184 r2: 0.680 corr: 0.828
***** Epoch 4 Val (windowed) *****
  loss: 0.0406 rmse: 0.197 r2: 0.665 corr: 0.837
********************
***** Epoch 4 Test (windowed) *****
  loss: 0.0363 rmse: 0.184 r2: 0.674 corr: 0.839
********************
  Epoch 4 done in 65.1s
  Saved best model → model/FIM_restoration_0412G_stations_monthly/2022/gat-rnn-v2-windowed_bs-128_lr-0.001_maxepoch-50_testyear-2022_win-3_nwin-10_seed-0/model-4

----- Epoch 5 (windowed) -----
  batch 49 | loss 0.0950 rmse 0.156 r2 0.709 corr 0.849

###### Windowed train epoch 5 overall metrics
  loss: 0.0962 rmse: 0.180 r2: 0.692 corr: 0.836
***** Epoch 5 Val (windowed) *****
  loss: 0.0412 rmse: 0.189 r2: 0.694 corr: 0.834
********************
***** Epoch 5 Test (windowed) *****
  loss: 0.0361 rmse: 0.173 r2: 0.711 corr: 0.843
********************
  Epoch 5 done in 969.2s
  Saved best model → model/FIM_restoration_0412G_stations_monthly/2022/gat-rnn-v2-windowed_bs-128_lr-0.001_maxepoch-50_testyear-2022_win-3_nwin-10_seed-0/model-5

----- Epoch 6 (windowed) -----
  batch 49 | loss 0.0963 rmse 0.197 r2 0.713 corr 0.855

###### Windowed train epoch 6 overall metrics
  loss: 0.0924 rmse: 0.176 r2: 0.706 corr: 0.842
***** Epoch 6 Val (windowed) *****
  loss: 0.0388 rmse: 0.186 r2: 0.702 corr: 0.842
********************
***** Epoch 6 Test (windowed) *****
  loss: 0.0364 rmse: 0.175 r2: 0.703 corr: 0.844
********************
  Epoch 6 done in 64.9s
  Saved best model → model/FIM_restoration_0412G_stations_monthly/2022/gat-rnn-v2-windowed_bs-128_lr-0.001_maxepoch-50_testyear-2022_win-3_nwin-10_seed-0/model-6

----- Epoch 7 (windowed) -----
  batch 49 | loss 0.0876 rmse 0.150 r2 0.732 corr 0.856

###### Windowed train epoch 7 overall metrics
  loss: 0.0896 rmse: 0.175 r2: 0.711 corr: 0.846
***** Epoch 7 Val (windowed) *****
  loss: 0.0367 rmse: 0.183 r2: 0.713 corr: 0.850
********************
***** Epoch 7 Test (windowed) *****
  loss: 0.0343 rmse: 0.173 r2: 0.712 corr: 0.849
********************
  Epoch 7 done in 150.0s
  Saved best model → model/FIM_restoration_0412G_stations_monthly/2022/gat-rnn-v2-windowed_bs-128_lr-0.001_maxepoch-50_testyear-2022_win-3_nwin-10_seed-0/model-7

----- Epoch 8 (windowed) -----
  batch 49 | loss 0.0876 rmse 0.162 r2 0.776 corr 0.882

###### Windowed train epoch 8 overall metrics
  loss: 0.0868 rmse: 0.171 r2: 0.722 corr: 0.852
***** Epoch 8 Val (windowed) *****
  loss: 0.0367 rmse: 0.182 r2: 0.716 corr: 0.848
********************
***** Epoch 8 Test (windowed) *****
  loss: 0.0352 rmse: 0.171 r2: 0.716 corr: 0.847
********************
  Epoch 8 done in 1169.5s
  Saved best model → model/FIM_restoration_0412G_stations_monthly/2022/gat-rnn-v2-windowed_bs-128_lr-0.001_maxepoch-50_testyear-2022_win-3_nwin-10_seed-0/model-8

----- Epoch 9 (windowed) -----
  batch 49 | loss 0.0981 rmse 0.186 r2 0.741 corr 0.861

###### Windowed train epoch 9 overall metrics
  loss: 0.0843 rmse: 0.169 r2: 0.729 corr: 0.856
***** Epoch 9 Val (windowed) *****
  loss: 0.0350 rmse: 0.178 r2: 0.728 corr: 0.856
********************
***** Epoch 9 Test (windowed) *****
  loss: 0.0347 rmse: 0.171 r2: 0.718 corr: 0.849
********************
  Epoch 9 done in 62.9s
  Saved best model → model/FIM_restoration_0412G_stations_monthly/2022/gat-rnn-v2-windowed_bs-128_lr-0.001_maxepoch-50_testyear-2022_win-3_nwin-10_seed-0/model-9

----- Epoch 10 (windowed) -----
  batch 49 | loss 0.0792 rmse 0.130 r2 0.745 corr 0.864

###### Windowed train epoch 10 overall metrics
  loss: 0.0816 rmse: 0.166 r2: 0.737 corr: 0.861
***** Epoch 10 Val (windowed) *****
  loss: 0.0354 rmse: 0.183 r2: 0.712 corr: 0.854
********************
***** Epoch 10 Test (windowed) *****
  loss: 0.0350 rmse: 0.176 r2: 0.701 corr: 0.848
********************
  Epoch 10 done in 380.1s

----- Epoch 11 (windowed) -----
  batch 49 | loss 0.0837 rmse 0.152 r2 0.771 corr 0.886

###### Windowed train epoch 11 overall metrics
  loss: 0.0802 rmse: 0.165 r2: 0.741 corr: 0.863
***** Epoch 11 Val (windowed) *****
  loss: 0.0352 rmse: 0.178 r2: 0.726 corr: 0.855
********************
***** Epoch 11 Test (windowed) *****
  loss: 0.0346 rmse: 0.172 r2: 0.713 corr: 0.848
********************
  Epoch 11 done in 64.4s

----- Epoch 12 (windowed) -----
  batch 49 | loss 0.0758 rmse 0.151 r2 0.758 corr 0.873

###### Windowed train epoch 12 overall metrics
  loss: 0.0777 rmse: 0.162 r2: 0.750 corr: 0.867
***** Epoch 12 Val (windowed) *****
  loss: 0.0336 rmse: 0.178 r2: 0.729 corr: 0.861
********************
***** Epoch 12 Test (windowed) *****
  loss: 0.0345 rmse: 0.173 r2: 0.710 corr: 0.848
********************
  Epoch 12 done in 88.6s
  Saved best model → model/FIM_restoration_0412G_stations_monthly/2022/gat-rnn-v2-windowed_bs-128_lr-0.001_maxepoch-50_testyear-2022_win-3_nwin-10_seed-0/model-12

----- Epoch 13 (windowed) -----
  batch 49 | loss 0.0870 rmse 0.187 r2 0.753 corr 0.869

###### Windowed train epoch 13 overall metrics
  loss: 0.0757 rmse: 0.161 r2: 0.755 corr: 0.871
***** Epoch 13 Val (windowed) *****
  loss: 0.0329 rmse: 0.172 r2: 0.745 corr: 0.865
********************
***** Epoch 13 Test (windowed) *****
  loss: 0.0353 rmse: 0.173 r2: 0.712 corr: 0.845
********************
  Epoch 13 done in 78.3s
  Saved best model → model/FIM_restoration_0412G_stations_monthly/2022/gat-rnn-v2-windowed_bs-128_lr-0.001_maxepoch-50_testyear-2022_win-3_nwin-10_seed-0/model-13

----- Epoch 14 (windowed) -----
  batch 49 | loss 0.0750 rmse 0.163 r2 0.758 corr 0.872

###### Windowed train epoch 14 overall metrics
  loss: 0.0738 rmse: 0.159 r2: 0.760 corr: 0.874
***** Epoch 14 Val (windowed) *****
  loss: 0.0319 rmse: 0.170 r2: 0.752 corr: 0.869
********************
***** Epoch 14 Test (windowed) *****
  loss: 0.0341 rmse: 0.169 r2: 0.722 corr: 0.850
********************
  Epoch 14 done in 979.0s
  Saved best model → model/FIM_restoration_0412G_stations_monthly/2022/gat-rnn-v2-windowed_bs-128_lr-0.001_maxepoch-50_testyear-2022_win-3_nwin-10_seed-0/model-14

----- Epoch 15 (windowed) -----
  batch 49 | loss 0.0797 rmse 0.162 r2 0.767 corr 0.876

###### Windowed train epoch 15 overall metrics
  loss: 0.0726 rmse: 0.157 r2: 0.767 corr: 0.877
***** Epoch 15 Val (windowed) *****
  loss: 0.0319 rmse: 0.170 r2: 0.750 corr: 0.871
********************
***** Epoch 15 Test (windowed) *****
  loss: 0.0341 rmse: 0.172 r2: 0.713 corr: 0.848
********************
  Epoch 15 done in 62.6s

----- Epoch 16 (windowed) -----
  batch 49 | loss 0.0723 rmse 0.157 r2 0.795 corr 0.893

###### Windowed train epoch 16 overall metrics
  loss: 0.0719 rmse: 0.157 r2: 0.767 corr: 0.877
***** Epoch 16 Val (windowed) *****
  loss: 0.0325 rmse: 0.180 r2: 0.722 corr: 0.866
********************
***** Epoch 16 Test (windowed) *****
  loss: 0.0349 rmse: 0.178 r2: 0.694 corr: 0.845
********************
  Epoch 16 done in 963.5s

----- Epoch 17 (windowed) -----
  batch 49 | loss 0.0783 rmse 0.171 r2 0.752 corr 0.868

###### Windowed train epoch 17 overall metrics
  loss: 0.0698 rmse: 0.155 r2: 0.772 corr: 0.880
***** Epoch 17 Val (windowed) *****
  loss: 0.0313 rmse: 0.169 r2: 0.754 corr: 0.872
********************
***** Epoch 17 Test (windowed) *****
  loss: 0.0351 rmse: 0.175 r2: 0.705 corr: 0.842
********************
  Epoch 17 done in 1030.5s
  Saved best model → model/FIM_restoration_0412G_stations_monthly/2022/gat-rnn-v2-windowed_bs-128_lr-0.001_maxepoch-50_testyear-2022_win-3_nwin-10_seed-0/model-17

----- Epoch 18 (windowed) -----
  batch 49 | loss 0.0714 rmse 0.158 r2 0.762 corr 0.877

###### Windowed train epoch 18 overall metrics
  loss: 0.0680 rmse: 0.152 r2: 0.780 corr: 0.885
***** Epoch 18 Val (windowed) *****
  loss: 0.0312 rmse: 0.168 r2: 0.757 corr: 0.873
********************
***** Epoch 18 Test (windowed) *****
  loss: 0.0346 rmse: 0.174 r2: 0.708 corr: 0.843
********************
  Epoch 18 done in 62.6s
  Saved best model → model/FIM_restoration_0412G_stations_monthly/2022/gat-rnn-v2-windowed_bs-128_lr-0.001_maxepoch-50_testyear-2022_win-3_nwin-10_seed-0/model-18

----- Epoch 19 (windowed) -----
  batch 49 | loss 0.0772 rmse 0.172 r2 0.749 corr 0.868

###### Windowed train epoch 19 overall metrics
  loss: 0.0674 rmse: 0.152 r2: 0.780 corr: 0.884
***** Epoch 19 Val (windowed) *****
  loss: 0.0306 rmse: 0.165 r2: 0.766 corr: 0.878
********************
***** Epoch 19 Test (windowed) *****
  loss: 0.0354 rmse: 0.173 r2: 0.712 corr: 0.844
********************
  Epoch 19 done in 590.0s
  Saved best model → model/FIM_restoration_0412G_stations_monthly/2022/gat-rnn-v2-windowed_bs-128_lr-0.001_maxepoch-50_testyear-2022_win-3_nwin-10_seed-0/model-19

----- Epoch 20 (windowed) -----
  batch 49 | loss 0.0728 rmse 0.161 r2 0.751 corr 0.869

###### Windowed train epoch 20 overall metrics
  loss: 0.0662 rmse: 0.151 r2: 0.784 corr: 0.887
***** Epoch 20 Val (windowed) *****
  loss: 0.0312 rmse: 0.169 r2: 0.753 corr: 0.874
********************
***** Epoch 20 Test (windowed) *****
  loss: 0.0348 rmse: 0.174 r2: 0.708 corr: 0.845
********************
  Epoch 20 done in 62.8s

----- Epoch 21 (windowed) -----
  batch 49 | loss 0.0663 rmse 0.138 r2 0.787 corr 0.887

###### Windowed train epoch 21 overall metrics
  loss: 0.0663 rmse: 0.151 r2: 0.782 corr: 0.886
***** Epoch 21 Val (windowed) *****
  loss: 0.0302 rmse: 0.167 r2: 0.761 corr: 0.874
********************
***** Epoch 21 Test (windowed) *****
  loss: 0.0360 rmse: 0.177 r2: 0.698 corr: 0.836
********************
  Epoch 21 done in 1077.8s

----- Epoch 22 (windowed) -----
  batch 49 | loss 0.0643 rmse 0.120 r2 0.826 corr 0.913

###### Windowed train epoch 22 overall metrics
  loss: 0.0639 rmse: 0.149 r2: 0.789 corr: 0.890
***** Epoch 22 Val (windowed) *****
  loss: 0.0297 rmse: 0.165 r2: 0.767 corr: 0.878
********************
***** Epoch 22 Test (windowed) *****
  loss: 0.0347 rmse: 0.175 r2: 0.705 corr: 0.841
********************
  Epoch 22 done in 62.3s
  Saved best model → model/FIM_restoration_0412G_stations_monthly/2022/gat-rnn-v2-windowed_bs-128_lr-0.001_maxepoch-50_testyear-2022_win-3_nwin-10_seed-0/model-22

----- Epoch 23 (windowed) -----
  batch 49 | loss 0.0616 rmse 0.144 r2 0.808 corr 0.901

###### Windowed train epoch 23 overall metrics
  loss: 0.0637 rmse: 0.148 r2: 0.792 corr: 0.891
***** Epoch 23 Val (windowed) *****
  loss: 0.0296 rmse: 0.167 r2: 0.760 corr: 0.878
********************
***** Epoch 23 Test (windowed) *****
  loss: 0.0353 rmse: 0.175 r2: 0.702 corr: 0.841
********************
  Epoch 23 done in 1065.3s

----- Epoch 24 (windowed) -----
  batch 49 | loss 0.0599 rmse 0.132 r2 0.814 corr 0.908

###### Windowed train epoch 24 overall metrics
  loss: 0.0614 rmse: 0.146 r2: 0.797 corr: 0.894
***** Epoch 24 Val (windowed) *****
  loss: 0.0289 rmse: 0.164 r2: 0.768 corr: 0.882
********************
***** Epoch 24 Test (windowed) *****
  loss: 0.0363 rmse: 0.177 r2: 0.697 corr: 0.839
********************
  Epoch 24 done in 62.4s
  Saved best model → model/FIM_restoration_0412G_stations_monthly/2022/gat-rnn-v2-windowed_bs-128_lr-0.001_maxepoch-50_testyear-2022_win-3_nwin-10_seed-0/model-24

----- Epoch 25 (windowed) -----
  batch 49 | loss 0.0718 rmse 0.161 r2 0.782 corr 0.885

###### Windowed train epoch 25 overall metrics
  loss: 0.0612 rmse: 0.146 r2: 0.797 corr: 0.894
***** Epoch 25 Val (windowed) *****
  loss: 0.0283 rmse: 0.161 r2: 0.776 corr: 0.884
********************
***** Epoch 25 Test (windowed) *****
  loss: 0.0356 rmse: 0.174 r2: 0.706 corr: 0.841
********************
  Epoch 25 done in 959.6s
  Saved best model → model/FIM_restoration_0412G_stations_monthly/2022/gat-rnn-v2-windowed_bs-128_lr-0.001_maxepoch-50_testyear-2022_win-3_nwin-10_seed-0/model-25

----- Epoch 26 (windowed) -----
  batch 49 | loss 0.0670 rmse 0.145 r2 0.780 corr 0.884

###### Windowed train epoch 26 overall metrics
  loss: 0.0601 rmse: 0.145 r2: 0.801 corr: 0.896
***** Epoch 26 Val (windowed) *****
  loss: 0.0293 rmse: 0.168 r2: 0.757 corr: 0.884
********************
***** Epoch 26 Test (windowed) *****
  loss: 0.0362 rmse: 0.179 r2: 0.689 corr: 0.839
********************
  Epoch 26 done in 1085.4s

----- Epoch 27 (windowed) -----
  batch 49 | loss 0.0667 rmse 0.156 r2 0.785 corr 0.887

###### Windowed train epoch 27 overall metrics
  loss: 0.0600 rmse: 0.145 r2: 0.800 corr: 0.896
***** Epoch 27 Val (windowed) *****
  loss: 0.0275 rmse: 0.158 r2: 0.787 corr: 0.889
********************
***** Epoch 27 Test (windowed) *****
  loss: 0.0359 rmse: 0.176 r2: 0.702 corr: 0.838
********************
  Epoch 27 done in 62.9s
  Saved best model → model/FIM_restoration_0412G_stations_monthly/2022/gat-rnn-v2-windowed_bs-128_lr-0.001_maxepoch-50_testyear-2022_win-3_nwin-10_seed-0/model-27

----- Epoch 28 (windowed) -----
  batch 49 | loss 0.0564 rmse 0.130 r2 0.823 corr 0.907

###### Windowed train epoch 28 overall metrics
  loss: 0.0579 rmse: 0.142 r2: 0.807 corr: 0.900
***** Epoch 28 Val (windowed) *****
  loss: 0.0274 rmse: 0.155 r2: 0.792 corr: 0.891
********************
***** Epoch 28 Test (windowed) *****
  loss: 0.0364 rmse: 0.175 r2: 0.703 corr: 0.839
********************
  Epoch 28 done in 65.4s
  Saved best model → model/FIM_restoration_0412G_stations_monthly/2022/gat-rnn-v2-windowed_bs-128_lr-0.001_maxepoch-50_testyear-2022_win-3_nwin-10_seed-0/model-28

----- Epoch 29 (windowed) -----
  batch 49 | loss 0.0643 rmse 0.167 r2 0.782 corr 0.888

###### Windowed train epoch 29 overall metrics
  loss: 0.0577 rmse: 0.143 r2: 0.806 corr: 0.899
***** Epoch 29 Val (windowed) *****
  loss: 0.0285 rmse: 0.157 r2: 0.787 corr: 0.887
********************
***** Epoch 29 Test (windowed) *****
  loss: 0.0376 rmse: 0.178 r2: 0.695 corr: 0.839
********************
  Epoch 29 done in 62.3s

----- Epoch 30 (windowed) -----
  batch 49 | loss 0.0608 rmse 0.149 r2 0.803 corr 0.897

###### Windowed train epoch 30 overall metrics
  loss: 0.0574 rmse: 0.142 r2: 0.807 corr: 0.900
***** Epoch 30 Val (windowed) *****
  loss: 0.0276 rmse: 0.161 r2: 0.777 corr: 0.889
********************
***** Epoch 30 Test (windowed) *****
  loss: 0.0373 rmse: 0.181 r2: 0.682 corr: 0.827
********************
  Epoch 30 done in 2048.0s

----- Epoch 31 (windowed) -----
  batch 49 | loss 0.0637 rmse 0.138 r2 0.818 corr 0.904

###### Windowed train epoch 31 overall metrics
  loss: 0.0570 rmse: 0.142 r2: 0.809 corr: 0.901
***** Epoch 31 Val (windowed) *****
  loss: 0.0265 rmse: 0.154 r2: 0.797 corr: 0.895
********************
***** Epoch 31 Test (windowed) *****
  loss: 0.0364 rmse: 0.175 r2: 0.705 corr: 0.840
********************
  Epoch 31 done in 66.8s
  Saved best model → model/FIM_restoration_0412G_stations_monthly/2022/gat-rnn-v2-windowed_bs-128_lr-0.001_maxepoch-50_testyear-2022_win-3_nwin-10_seed-0/model-31

----- Epoch 32 (windowed) -----
  batch 49 | loss 0.0565 rmse 0.158 r2 0.813 corr 0.913

###### Windowed train epoch 32 overall metrics
  loss: 0.0555 rmse: 0.140 r2: 0.815 corr: 0.904
***** Epoch 32 Val (windowed) *****
  loss: 0.0265 rmse: 0.158 r2: 0.786 corr: 0.894
********************
***** Epoch 32 Test (windowed) *****
  loss: 0.0354 rmse: 0.176 r2: 0.701 corr: 0.841
********************
  Epoch 32 done in 1044.3s

----- Epoch 33 (windowed) -----
  batch 49 | loss 0.0556 rmse 0.119 r2 0.830 corr 0.914

###### Windowed train epoch 33 overall metrics
  loss: 0.0550 rmse: 0.140 r2: 0.815 corr: 0.904
***** Epoch 33 Val (windowed) *****
  loss: 0.0263 rmse: 0.154 r2: 0.796 corr: 0.894
********************
***** Epoch 33 Test (windowed) *****
  loss: 0.0360 rmse: 0.175 r2: 0.705 corr: 0.840
********************
  Epoch 33 done in 62.8s

----- Epoch 34 (windowed) -----
  batch 49 | loss 0.0524 rmse 0.133 r2 0.828 corr 0.914

###### Windowed train epoch 34 overall metrics
  loss: 0.0541 rmse: 0.138 r2: 0.818 corr: 0.906
***** Epoch 34 Val (windowed) *****
  loss: 0.0264 rmse: 0.158 r2: 0.785 corr: 0.893
********************
***** Epoch 34 Test (windowed) *****
  loss: 0.0368 rmse: 0.178 r2: 0.695 corr: 0.835
********************
  Epoch 34 done in 992.9s

----- Epoch 35 (windowed) -----
  batch 49 | loss 0.0587 rmse 0.150 r2 0.822 corr 0.913

###### Windowed train epoch 35 overall metrics
  loss: 0.0535 rmse: 0.138 r2: 0.820 corr: 0.907
***** Epoch 35 Val (windowed) *****
  loss: 0.0251 rmse: 0.151 r2: 0.803 corr: 0.897
********************
***** Epoch 35 Test (windowed) *****
  loss: 0.0377 rmse: 0.178 r2: 0.695 corr: 0.834
********************
  Epoch 35 done in 62.8s
  Saved best model → model/FIM_restoration_0412G_stations_monthly/2022/gat-rnn-v2-windowed_bs-128_lr-0.001_maxepoch-50_testyear-2022_win-3_nwin-10_seed-0/model-35

----- Epoch 36 (windowed) -----
  batch 49 | loss 0.0500 rmse 0.108 r2 0.855 corr 0.927

###### Windowed train epoch 36 overall metrics
  loss: 0.0528 rmse: 0.136 r2: 0.823 corr: 0.908
***** Epoch 36 Val (windowed) *****
  loss: 0.0247 rmse: 0.148 r2: 0.812 corr: 0.902
********************
***** Epoch 36 Test (windowed) *****
  loss: 0.0371 rmse: 0.176 r2: 0.701 corr: 0.838
********************
  Epoch 36 done in 897.6s
  Saved best model → model/FIM_restoration_0412G_stations_monthly/2022/gat-rnn-v2-windowed_bs-128_lr-0.001_maxepoch-50_testyear-2022_win-3_nwin-10_seed-0/model-36

----- Epoch 37 (windowed) -----
  batch 49 | loss 0.0510 rmse 0.110 r2 0.852 corr 0.923

###### Windowed train epoch 37 overall metrics
  loss: 0.0519 rmse: 0.136 r2: 0.825 corr: 0.909
***** Epoch 37 Val (windowed) *****
  loss: 0.0247 rmse: 0.150 r2: 0.807 corr: 0.902
********************
***** Epoch 37 Test (windowed) *****
  loss: 0.0364 rmse: 0.178 r2: 0.694 corr: 0.835
********************
  Epoch 37 done in 64.8s

----- Epoch 38 (windowed) -----
  batch 49 | loss 0.0518 rmse 0.122 r2 0.823 corr 0.911

###### Windowed train epoch 38 overall metrics
  loss: 0.0519 rmse: 0.137 r2: 0.821 corr: 0.907
***** Epoch 38 Val (windowed) *****
  loss: 0.0245 rmse: 0.150 r2: 0.806 corr: 0.900
********************
***** Epoch 38 Test (windowed) *****
  loss: 0.0360 rmse: 0.176 r2: 0.700 corr: 0.838
********************
  Epoch 38 done in 63.4s

----- Epoch 39 (windowed) -----
  batch 49 | loss 0.0536 rmse 0.130 r2 0.845 corr 0.921

###### Windowed train epoch 39 overall metrics
  loss: 0.0507 rmse: 0.134 r2: 0.829 corr: 0.911
***** Epoch 39 Val (windowed) *****
  loss: 0.0251 rmse: 0.150 r2: 0.807 corr: 0.902
********************
***** Epoch 39 Test (windowed) *****
  loss: 0.0376 rmse: 0.177 r2: 0.698 corr: 0.836
********************
  Epoch 39 done in 66.0s

----- Epoch 40 (windowed) -----
  batch 49 | loss 0.0545 rmse 0.142 r2 0.836 corr 0.916

###### Windowed train epoch 40 overall metrics
  loss: 0.0503 rmse: 0.134 r2: 0.830 corr: 0.912
***** Epoch 40 Val (windowed) *****
  loss: 0.0254 rmse: 0.155 r2: 0.794 corr: 0.902
********************
***** Epoch 40 Test (windowed) *****
  loss: 0.0366 rmse: 0.179 r2: 0.691 corr: 0.835
********************
  Epoch 40 done in 93.0s

----- Epoch 41 (windowed) -----
  batch 49 | loss 0.0482 rmse 0.123 r2 0.826 corr 0.910

###### Windowed train epoch 41 overall metrics
  loss: 0.0505 rmse: 0.135 r2: 0.828 corr: 0.911
***** Epoch 41 Val (windowed) *****
  loss: 0.0244 rmse: 0.149 r2: 0.810 corr: 0.901
********************
***** Epoch 41 Test (windowed) *****
  loss: 0.0365 rmse: 0.177 r2: 0.695 corr: 0.835
********************
  Epoch 41 done in 70.5s

----- Epoch 42 (windowed) -----
  batch 49 | loss 0.0506 rmse 0.132 r2 0.835 corr 0.915

###### Windowed train epoch 42 overall metrics
  loss: 0.0495 rmse: 0.133 r2: 0.832 corr: 0.913
***** Epoch 42 Val (windowed) *****
  loss: 0.0237 rmse: 0.149 r2: 0.809 corr: 0.905
********************
***** Epoch 42 Test (windowed) *****
  loss: 0.0368 rmse: 0.178 r2: 0.694 corr: 0.834
********************
  Epoch 42 done in 192.0s

----- Epoch 43 (windowed) -----
  batch 49 | loss 0.0443 rmse 0.113 r2 0.869 corr 0.935

###### Windowed train epoch 43 overall metrics
  loss: 0.0486 rmse: 0.133 r2: 0.832 corr: 0.913
***** Epoch 43 Val (windowed) *****
  loss: 0.0235 rmse: 0.146 r2: 0.817 corr: 0.906
********************
***** Epoch 43 Test (windowed) *****
  loss: 0.0365 rmse: 0.175 r2: 0.703 corr: 0.839
********************
  Epoch 43 done in 65.9s
  Saved best model → model/FIM_restoration_0412G_stations_monthly/2022/gat-rnn-v2-windowed_bs-128_lr-0.001_maxepoch-50_testyear-2022_win-3_nwin-10_seed-0/model-43

----- Epoch 44 (windowed) -----
  batch 49 | loss 0.0463 rmse 0.119 r2 0.854 corr 0.932

###### Windowed train epoch 44 overall metrics
  loss: 0.0481 rmse: 0.132 r2: 0.835 corr: 0.914
***** Epoch 44 Val (windowed) *****
  loss: 0.0231 rmse: 0.143 r2: 0.823 corr: 0.909
********************
***** Epoch 44 Test (windowed) *****
  loss: 0.0374 rmse: 0.177 r2: 0.697 corr: 0.836
********************
  Epoch 44 done in 970.4s
  Saved best model → model/FIM_restoration_0412G_stations_monthly/2022/gat-rnn-v2-windowed_bs-128_lr-0.001_maxepoch-50_testyear-2022_win-3_nwin-10_seed-0/model-44

----- Epoch 45 (windowed) -----
  batch 49 | loss 0.0489 rmse 0.124 r2 0.843 corr 0.921

###### Windowed train epoch 45 overall metrics
  loss: 0.0482 rmse: 0.132 r2: 0.835 corr: 0.915
***** Epoch 45 Val (windowed) *****
  loss: 0.0231 rmse: 0.144 r2: 0.822 corr: 0.908
********************
***** Epoch 45 Test (windowed) *****
  loss: 0.0373 rmse: 0.176 r2: 0.701 corr: 0.838
********************
  Epoch 45 done in 68.9s

----- Epoch 46 (windowed) -----
  batch 49 | loss 0.0504 rmse 0.139 r2 0.828 corr 0.911

###### Windowed train epoch 46 overall metrics
  loss: 0.0471 rmse: 0.131 r2: 0.837 corr: 0.916
***** Epoch 46 Val (windowed) *****
  loss: 0.0232 rmse: 0.144 r2: 0.821 corr: 0.906
********************
***** Epoch 46 Test (windowed) *****
  loss: 0.0382 rmse: 0.179 r2: 0.691 corr: 0.834
********************
  Epoch 46 done in 73.6s

----- Epoch 47 (windowed) -----
  batch 49 | loss 0.0554 rmse 0.161 r2 0.813 corr 0.910

###### Windowed train epoch 47 overall metrics
  loss: 0.0466 rmse: 0.129 r2: 0.841 corr: 0.918
***** Epoch 47 Val (windowed) *****
  loss: 0.0229 rmse: 0.142 r2: 0.826 corr: 0.909
********************
***** Epoch 47 Test (windowed) *****
  loss: 0.0383 rmse: 0.176 r2: 0.702 corr: 0.840
********************
  Epoch 47 done in 86.7s
  Saved best model → model/FIM_restoration_0412G_stations_monthly/2022/gat-rnn-v2-windowed_bs-128_lr-0.001_maxepoch-50_testyear-2022_win-3_nwin-10_seed-0/model-47

----- Epoch 48 (windowed) -----
  batch 49 | loss 0.0437 rmse 0.112 r2 0.876 corr 0.936

###### Windowed train epoch 48 overall metrics
  loss: 0.0463 rmse: 0.129 r2: 0.841 corr: 0.918
***** Epoch 48 Val (windowed) *****
  loss: 0.0224 rmse: 0.142 r2: 0.826 corr: 0.911
********************
***** Epoch 48 Test (windowed) *****
  loss: 0.0378 rmse: 0.177 r2: 0.697 corr: 0.836
********************
  Epoch 48 done in 67.4s

----- Epoch 49 (windowed) -----
  batch 49 | loss 0.0439 rmse 0.125 r2 0.852 corr 0.923

###### Windowed train epoch 49 overall metrics
  loss: 0.0465 rmse: 0.131 r2: 0.838 corr: 0.916
***** Epoch 49 Val (windowed) *****
  loss: 0.0239 rmse: 0.150 r2: 0.805 corr: 0.903
********************
***** Epoch 49 Test (windowed) *****
  loss: 0.0369 rmse: 0.179 r2: 0.690 corr: 0.831
********************
  Epoch 49 done in 69.4s
Fold done — best val RMSE=0.1421 test R²=0.7019 corr=0.8395

================================================================
Rolling-windowed  test_year=2023
  Val  : 2022
  Test : 2023
  win_size=3  n_windows=10
================================================================
Initially data (54319, 166)
After filtering (52586, 166)
[transform] Applied root-4: y → expm1(log1p_y)^(1/4); new range [0.00, 5.54]
get_X_Y
X shape (52586, 152)
Y shape (52586, 12)
Y (output) means tensor([[0.1441, 0.0127, 0.2496, 0.1490, 0.0282, 0.0633, 0.1500, 0.0237, 0.0511,
         0.0090, 0.0397, 0.1429]]) stds tensor([[0.4253, 0.1274, 0.5369, 0.4735, 0.1884, 0.2786, 0.4366, 0.1759, 0.2742,
         0.1125, 0.2560, 0.4090]])
Y count-scale means tensor([[0.3305, 0.0266, 0.5805, 0.4207, 0.0596, 0.1375, 0.3481, 0.0512, 0.1314,
         0.0206, 0.1247, 0.3064]]) stds tensor([[1.2167, 0.2943, 1.6677, 1.9510, 0.4620, 0.9859, 1.2330, 0.4282, 1.0256,
         0.2862, 1.7075, 1.0236]])
/Users/liyingnceas/GitHub/GNN-RNN-main/gnn-lstm-v4/utils/data_utils.py:274: RuntimeWarning: Mean of empty slice
  np.nanmean(county_dict[county], axis=0).astype(np.float32)
Filled 132898 missing (node, year) entries from neighbors or year averages
[2D] Station nodes: 596, adj nnz: 2980
[build_year_XY_windowed] data_start=1998, min_pred_year=2009, test_year=2023, win_size=3, n_windows=10
  built windows for T=2009
  built windows for T=2014
  built windows for T=2019
[build_year_XY_windowed] built windowed XY for 15 prediction years (2009–2023)
  GAT_RNN_V2: edge_feat_dim=3, n_heads=4, n_hidden=64
  [Bayes] Species rarity weights (mean=1): min=0.62 max=1.36  (rarest=Mycteroperca microlepis_SA)

----- Epoch 0 (windowed) -----
  batch 49 | loss 0.1958 rmse 0.281 r2 0.344 corr 0.621

###### Windowed train epoch 0 overall metrics
  loss: 0.1989 rmse: 0.285 r2: 0.225 corr: 0.494
***** Epoch 0 Val (windowed) *****
  loss: 0.0655 rmse: 0.246 r2: 0.416 corr: 0.681
********************
***** Epoch 0 Test (windowed) *****
  loss: 0.0610 rmse: 0.230 r2: 0.411 corr: 0.666
********************
  Epoch 0 done in 79.0s
  Saved best model → model/FIM_restoration_0412G_stations_monthly/2023/gat-rnn-v2-windowed_bs-128_lr-0.001_maxepoch-50_testyear-2023_win-3_nwin-10_seed-0/model-0

----- Epoch 1 (windowed) -----
  batch 49 | loss 0.1452 rmse 0.254 r2 0.495 corr 0.706

###### Windowed train epoch 1 overall metrics
  loss: 0.1480 rmse: 0.230 r2: 0.498 corr: 0.715
***** Epoch 1 Val (windowed) *****
  loss: 0.0506 rmse: 0.206 r2: 0.591 corr: 0.785
********************
***** Epoch 1 Test (windowed) *****
  loss: 0.0489 rmse: 0.198 r2: 0.563 corr: 0.757
********************
  Epoch 1 done in 1005.9s
  Saved best model → model/FIM_restoration_0412G_stations_monthly/2023/gat-rnn-v2-windowed_bs-128_lr-0.001_maxepoch-50_testyear-2023_win-3_nwin-10_seed-0/model-1

----- Epoch 2 (windowed) -----
  batch 49 | loss 0.1044 rmse 0.176 r2 0.691 corr 0.845

###### Windowed train epoch 2 overall metrics
  loss: 0.1194 rmse: 0.201 r2: 0.617 corr: 0.791
***** Epoch 2 Val (windowed) *****
  loss: 0.0393 rmse: 0.187 r2: 0.663 corr: 0.827
********************
***** Epoch 2 Test (windowed) *****
  loss: 0.0416 rmse: 0.185 r2: 0.619 corr: 0.794
********************
  Epoch 2 done in 68.5s
  Saved best model → model/FIM_restoration_0412G_stations_monthly/2023/gat-rnn-v2-windowed_bs-128_lr-0.001_maxepoch-50_testyear-2023_win-3_nwin-10_seed-0/model-2

----- Epoch 3 (windowed) -----
  batch 49 | loss 0.1094 rmse 0.193 r2 0.670 corr 0.836

###### Windowed train epoch 3 overall metrics
  loss: 0.1044 rmse: 0.187 r2: 0.667 corr: 0.821
***** Epoch 3 Val (windowed) *****
  loss: 0.0345 rmse: 0.172 r2: 0.713 corr: 0.846
********************
***** Epoch 3 Test (windowed) *****
  loss: 0.0383 rmse: 0.175 r2: 0.656 corr: 0.810
********************
  Epoch 3 done in 150.2s
  Saved best model → model/FIM_restoration_0412G_stations_monthly/2023/gat-rnn-v2-windowed_bs-128_lr-0.001_maxepoch-50_testyear-2023_win-3_nwin-10_seed-0/model-3

----- Epoch 4 (windowed) -----
  batch 49 | loss 0.1034 rmse 0.180 r2 0.673 corr 0.820

###### Windowed train epoch 4 overall metrics
  loss: 0.0994 rmse: 0.182 r2: 0.686 corr: 0.832
***** Epoch 4 Val (windowed) *****
  loss: 0.0332 rmse: 0.172 r2: 0.714 corr: 0.853
********************
***** Epoch 4 Test (windowed) *****
  loss: 0.0369 rmse: 0.174 r2: 0.661 corr: 0.815
********************
  Epoch 4 done in 66.2s
  Saved best model → model/FIM_restoration_0412G_stations_monthly/2023/gat-rnn-v2-windowed_bs-128_lr-0.001_maxepoch-50_testyear-2023_win-3_nwin-10_seed-0/model-4

----- Epoch 5 (windowed) -----
  batch 49 | loss 0.1021 rmse 0.170 r2 0.678 corr 0.833

###### Windowed train epoch 5 overall metrics
  loss: 0.0951 rmse: 0.178 r2: 0.699 corr: 0.839
***** Epoch 5 Val (windowed) *****
  loss: 0.0326 rmse: 0.177 r2: 0.698 corr: 0.846
********************
***** Epoch 5 Test (windowed) *****
  loss: 0.0363 rmse: 0.180 r2: 0.640 corr: 0.802
********************
  Epoch 5 done in 66.7s

----- Epoch 6 (windowed) -----
  batch 49 | loss 0.0976 rmse 0.171 r2 0.713 corr 0.844

###### Windowed train epoch 6 overall metrics
  loss: 0.0923 rmse: 0.176 r2: 0.706 corr: 0.844
***** Epoch 6 Val (windowed) *****
  loss: 0.0319 rmse: 0.164 r2: 0.739 corr: 0.860
********************
***** Epoch 6 Test (windowed) *****
  loss: 0.0371 rmse: 0.176 r2: 0.653 corr: 0.809
********************
  Epoch 6 done in 66.9s
  Saved best model → model/FIM_restoration_0412G_stations_monthly/2023/gat-rnn-v2-windowed_bs-128_lr-0.001_maxepoch-50_testyear-2023_win-3_nwin-10_seed-0/model-6

----- Epoch 7 (windowed) -----
  batch 49 | loss 0.0966 rmse 0.167 r2 0.713 corr 0.846

###### Windowed train epoch 7 overall metrics
  loss: 0.0891 rmse: 0.172 r2: 0.718 corr: 0.850
***** Epoch 7 Val (windowed) *****
  loss: 0.0322 rmse: 0.166 r2: 0.733 corr: 0.856
********************
***** Epoch 7 Test (windowed) *****
  loss: 0.0379 rmse: 0.178 r2: 0.646 corr: 0.805
********************
  Epoch 7 done in 67.4s

----- Epoch 8 (windowed) -----
  batch 49 | loss 0.0938 rmse 0.190 r2 0.706 corr 0.850

###### Windowed train epoch 8 overall metrics
  loss: 0.0864 rmse: 0.170 r2: 0.725 corr: 0.854
***** Epoch 8 Val (windowed) *****
  loss: 0.0301 rmse: 0.163 r2: 0.743 corr: 0.870
********************
***** Epoch 8 Test (windowed) *****
  loss: 0.0372 rmse: 0.174 r2: 0.664 corr: 0.815
********************
  Epoch 8 done in 1081.1s
  Saved best model → model/FIM_restoration_0412G_stations_monthly/2023/gat-rnn-v2-windowed_bs-128_lr-0.001_maxepoch-50_testyear-2023_win-3_nwin-10_seed-0/model-8

----- Epoch 9 (windowed) -----
  batch 49 | loss 0.0889 rmse 0.179 r2 0.760 corr 0.874

###### Windowed train epoch 9 overall metrics
  loss: 0.0840 rmse: 0.168 r2: 0.731 corr: 0.857
***** Epoch 9 Val (windowed) *****
  loss: 0.0287 rmse: 0.157 r2: 0.763 corr: 0.875
********************
***** Epoch 9 Test (windowed) *****
  loss: 0.0373 rmse: 0.174 r2: 0.664 corr: 0.815
********************
  Epoch 9 done in 65.6s
  Saved best model → model/FIM_restoration_0412G_stations_monthly/2023/gat-rnn-v2-windowed_bs-128_lr-0.001_maxepoch-50_testyear-2023_win-3_nwin-10_seed-0/model-9

----- Epoch 10 (windowed) -----
  batch 49 | loss 0.0984 rmse 0.196 r2 0.712 corr 0.857

###### Windowed train epoch 10 overall metrics
  loss: 0.0814 rmse: 0.166 r2: 0.739 corr: 0.862
***** Epoch 10 Val (windowed) *****
  loss: 0.0282 rmse: 0.157 r2: 0.763 corr: 0.876
********************
***** Epoch 10 Test (windowed) *****
  loss: 0.0364 rmse: 0.174 r2: 0.662 corr: 0.814
********************
  Epoch 10 done in 70.8s

----- Epoch 11 (windowed) -----
  batch 49 | loss 0.0909 rmse 0.163 r2 0.735 corr 0.858

###### Windowed train epoch 11 overall metrics
  loss: 0.0799 rmse: 0.164 r2: 0.743 corr: 0.864
***** Epoch 11 Val (windowed) *****
  loss: 0.0293 rmse: 0.165 r2: 0.738 corr: 0.872
********************
***** Epoch 11 Test (windowed) *****
  loss: 0.0371 rmse: 0.177 r2: 0.650 corr: 0.809
********************
  Epoch 11 done in 69.4s

----- Epoch 12 (windowed) -----
  batch 49 | loss 0.0808 rmse 0.148 r2 0.771 corr 0.881

###### Windowed train epoch 12 overall metrics
  loss: 0.0774 rmse: 0.162 r2: 0.751 corr: 0.869
***** Epoch 12 Val (windowed) *****
  loss: 0.0277 rmse: 0.160 r2: 0.752 corr: 0.876
********************
***** Epoch 12 Test (windowed) *****
  loss: 0.0371 rmse: 0.176 r2: 0.653 corr: 0.809
********************
  Epoch 12 done in 975.2s

----- Epoch 13 (windowed) -----
  batch 49 | loss 0.0778 rmse 0.170 r2 0.754 corr 0.869

###### Windowed train epoch 13 overall metrics
  loss: 0.0758 rmse: 0.161 r2: 0.754 corr: 0.870
***** Epoch 13 Val (windowed) *****
  loss: 0.0270 rmse: 0.154 r2: 0.772 corr: 0.880
********************
***** Epoch 13 Test (windowed) *****
  loss: 0.0364 rmse: 0.175 r2: 0.658 corr: 0.811
********************
  Epoch 13 done in 1003.5s
  Saved best model → model/FIM_restoration_0412G_stations_monthly/2023/gat-rnn-v2-windowed_bs-128_lr-0.001_maxepoch-50_testyear-2023_win-3_nwin-10_seed-0/model-13

----- Epoch 14 (windowed) -----
  batch 49 | loss 0.0776 rmse 0.163 r2 0.751 corr 0.867

###### Windowed train epoch 14 overall metrics
  loss: 0.0742 rmse: 0.159 r2: 0.759 corr: 0.873
***** Epoch 14 Val (windowed) *****
  loss: 0.0277 rmse: 0.154 r2: 0.770 corr: 0.878
********************
***** Epoch 14 Test (windowed) *****
  loss: 0.0359 rmse: 0.174 r2: 0.663 corr: 0.815
********************
  Epoch 14 done in 78.8s

----- Epoch 15 (windowed) -----
  batch 49 | loss 0.0767 rmse 0.162 r2 0.785 corr 0.887

###### Windowed train epoch 15 overall metrics
  loss: 0.0729 rmse: 0.158 r2: 0.763 corr: 0.875
***** Epoch 15 Val (windowed) *****
  loss: 0.0259 rmse: 0.151 r2: 0.781 corr: 0.886
********************
***** Epoch 15 Test (windowed) *****
  loss: 0.0375 rmse: 0.173 r2: 0.665 corr: 0.816
********************
  Epoch 15 done in 81.5s
  Saved best model → model/FIM_restoration_0412G_stations_monthly/2023/gat-rnn-v2-windowed_bs-128_lr-0.001_maxepoch-50_testyear-2023_win-3_nwin-10_seed-0/model-15

----- Epoch 16 (windowed) -----
  batch 49 | loss 0.0853 rmse 0.180 r2 0.750 corr 0.873

###### Windowed train epoch 16 overall metrics
  loss: 0.0711 rmse: 0.156 r2: 0.769 corr: 0.878
***** Epoch 16 Val (windowed) *****
  loss: 0.0252 rmse: 0.151 r2: 0.781 corr: 0.889
********************
***** Epoch 16 Test (windowed) *****
  loss: 0.0368 rmse: 0.173 r2: 0.665 corr: 0.816
********************
  Epoch 16 done in 87.8s

----- Epoch 17 (windowed) -----
  batch 49 | loss 0.0795 rmse 0.160 r2 0.783 corr 0.886

###### Windowed train epoch 17 overall metrics
  loss: 0.0688 rmse: 0.153 r2: 0.776 corr: 0.883
***** Epoch 17 Val (windowed) *****
  loss: 0.0255 rmse: 0.149 r2: 0.786 corr: 0.888
********************
***** Epoch 17 Test (windowed) *****
  loss: 0.0368 rmse: 0.175 r2: 0.657 corr: 0.812
********************
  Epoch 17 done in 1028.3s
  Saved best model → model/FIM_restoration_0412G_stations_monthly/2023/gat-rnn-v2-windowed_bs-128_lr-0.001_maxepoch-50_testyear-2023_win-3_nwin-10_seed-0/model-17

----- Epoch 18 (windowed) -----
  batch 49 | loss 0.0695 rmse 0.162 r2 0.775 corr 0.886

###### Windowed train epoch 18 overall metrics
  loss: 0.0679 rmse: 0.152 r2: 0.779 corr: 0.884
***** Epoch 18 Val (windowed) *****
  loss: 0.0256 rmse: 0.148 r2: 0.787 corr: 0.888
********************
***** Epoch 18 Test (windowed) *****
  loss: 0.0383 rmse: 0.175 r2: 0.658 corr: 0.815
********************
  Epoch 18 done in 67.2s
  Saved best model → model/FIM_restoration_0412G_stations_monthly/2023/gat-rnn-v2-windowed_bs-128_lr-0.001_maxepoch-50_testyear-2023_win-3_nwin-10_seed-0/model-18

----- Epoch 19 (windowed) -----
  batch 49 | loss 0.0740 rmse 0.133 r2 0.796 corr 0.896

###### Windowed train epoch 19 overall metrics
  loss: 0.0663 rmse: 0.150 r2: 0.786 corr: 0.888
***** Epoch 19 Val (windowed) *****
  loss: 0.0247 rmse: 0.149 r2: 0.784 corr: 0.892
********************
***** Epoch 19 Test (windowed) *****
  loss: 0.0369 rmse: 0.173 r2: 0.666 corr: 0.817
********************
  Epoch 19 done in 133.3s

----- Epoch 20 (windowed) -----
  batch 49 | loss 0.0767 rmse 0.157 r2 0.795 corr 0.892

###### Windowed train epoch 20 overall metrics
  loss: 0.0646 rmse: 0.148 r2: 0.791 corr: 0.891
***** Epoch 20 Val (windowed) *****
  loss: 0.0246 rmse: 0.145 r2: 0.797 corr: 0.896
********************
***** Epoch 20 Test (windowed) *****
  loss: 0.0384 rmse: 0.173 r2: 0.667 corr: 0.818
********************
  Epoch 20 done in 253.7s
  Saved best model → model/FIM_restoration_0412G_stations_monthly/2023/gat-rnn-v2-windowed_bs-128_lr-0.001_maxepoch-50_testyear-2023_win-3_nwin-10_seed-0/model-20

----- Epoch 21 (windowed) -----
  batch 49 | loss 0.0634 rmse 0.118 r2 0.801 corr 0.896

###### Windowed train epoch 21 overall metrics
  loss: 0.0630 rmse: 0.147 r2: 0.795 corr: 0.893
***** Epoch 21 Val (windowed) *****
  loss: 0.0236 rmse: 0.144 r2: 0.799 corr: 0.901
********************
***** Epoch 21 Test (windowed) *****
  loss: 0.0364 rmse: 0.172 r2: 0.669 corr: 0.818
********************
  Epoch 21 done in 69.9s
  Saved best model → model/FIM_restoration_0412G_stations_monthly/2023/gat-rnn-v2-windowed_bs-128_lr-0.001_maxepoch-50_testyear-2023_win-3_nwin-10_seed-0/model-21

----- Epoch 22 (windowed) -----
  batch 49 | loss 0.0659 rmse 0.129 r2 0.819 corr 0.905

###### Windowed train epoch 22 overall metrics
  loss: 0.0616 rmse: 0.145 r2: 0.800 corr: 0.896
***** Epoch 22 Val (windowed) *****
  loss: 0.0248 rmse: 0.151 r2: 0.781 corr: 0.898
********************
***** Epoch 22 Test (windowed) *****
  loss: 0.0359 rmse: 0.175 r2: 0.660 corr: 0.816
********************
  Epoch 22 done in 967.5s

----- Epoch 23 (windowed) -----
  batch 49 | loss 0.0580 rmse 0.117 r2 0.827 corr 0.912

###### Windowed train epoch 23 overall metrics
  loss: 0.0605 rmse: 0.144 r2: 0.803 corr: 0.897
***** Epoch 23 Val (windowed) *****
  loss: 0.0228 rmse: 0.140 r2: 0.810 corr: 0.904
********************
***** Epoch 23 Test (windowed) *****
  loss: 0.0366 rmse: 0.173 r2: 0.667 corr: 0.819
********************
  Epoch 23 done in 67.5s
  Saved best model → model/FIM_restoration_0412G_stations_monthly/2023/gat-rnn-v2-windowed_bs-128_lr-0.001_maxepoch-50_testyear-2023_win-3_nwin-10_seed-0/model-23

----- Epoch 24 (windowed) -----
  batch 49 | loss 0.0628 rmse 0.149 r2 0.797 corr 0.893

###### Windowed train epoch 24 overall metrics
  loss: 0.0599 rmse: 0.144 r2: 0.803 corr: 0.897
***** Epoch 24 Val (windowed) *****
  loss: 0.0219 rmse: 0.139 r2: 0.813 corr: 0.905
********************
***** Epoch 24 Test (windowed) *****
  loss: 0.0376 rmse: 0.172 r2: 0.669 corr: 0.819
********************
  Epoch 24 done in 998.3s
  Saved best model → model/FIM_restoration_0412G_stations_monthly/2023/gat-rnn-v2-windowed_bs-128_lr-0.001_maxepoch-50_testyear-2023_win-3_nwin-10_seed-0/model-24

----- Epoch 25 (windowed) -----
  batch 49 | loss 0.0618 rmse 0.134 r2 0.810 corr 0.901

###### Windowed train epoch 25 overall metrics
  loss: 0.0586 rmse: 0.141 r2: 0.810 corr: 0.901
***** Epoch 25 Val (windowed) *****
  loss: 0.0224 rmse: 0.143 r2: 0.803 corr: 0.907
********************
***** Epoch 25 Test (windowed) *****
  loss: 0.0359 rmse: 0.173 r2: 0.665 corr: 0.818
********************
  Epoch 25 done in 67.6s

----- Epoch 26 (windowed) -----
  batch 49 | loss 0.0607 rmse 0.141 r2 0.799 corr 0.899

###### Windowed train epoch 26 overall metrics
  loss: 0.0576 rmse: 0.141 r2: 0.812 corr: 0.902
***** Epoch 26 Val (windowed) *****
  loss: 0.0223 rmse: 0.143 r2: 0.801 corr: 0.908
********************
***** Epoch 26 Test (windowed) *****
  loss: 0.0358 rmse: 0.172 r2: 0.669 corr: 0.820
********************
  Epoch 26 done in 66.4s

----- Epoch 27 (windowed) -----
  batch 49 | loss 0.0608 rmse 0.157 r2 0.803 corr 0.896

###### Windowed train epoch 27 overall metrics
  loss: 0.0568 rmse: 0.139 r2: 0.816 corr: 0.904
***** Epoch 27 Val (windowed) *****
  loss: 0.0210 rmse: 0.133 r2: 0.829 corr: 0.911
********************
***** Epoch 27 Test (windowed) *****
  loss: 0.0377 rmse: 0.173 r2: 0.667 corr: 0.822
********************
  Epoch 27 done in 1052.0s
  Saved best model → model/FIM_restoration_0412G_stations_monthly/2023/gat-rnn-v2-windowed_bs-128_lr-0.001_maxepoch-50_testyear-2023_win-3_nwin-10_seed-0/model-27

----- Epoch 28 (windowed) -----
  batch 49 | loss 0.0550 rmse 0.111 r2 0.838 corr 0.916

###### Windowed train epoch 28 overall metrics
  loss: 0.0562 rmse: 0.138 r2: 0.818 corr: 0.905
***** Epoch 28 Val (windowed) *****
  loss: 0.0216 rmse: 0.137 r2: 0.818 corr: 0.909
********************
***** Epoch 28 Test (windowed) *****
  loss: 0.0370 rmse: 0.174 r2: 0.661 corr: 0.815
********************
  Epoch 28 done in 67.4s

----- Epoch 29 (windowed) -----
  batch 49 | loss 0.0652 rmse 0.156 r2 0.797 corr 0.893

###### Windowed train epoch 29 overall metrics
  loss: 0.0549 rmse: 0.137 r2: 0.822 corr: 0.907
***** Epoch 29 Val (windowed) *****
  loss: 0.0219 rmse: 0.143 r2: 0.802 corr: 0.912
********************
***** Epoch 29 Test (windowed) *****
  loss: 0.0358 rmse: 0.172 r2: 0.671 corr: 0.822
********************
  Epoch 29 done in 71.1s

----- Epoch 30 (windowed) -----
  batch 49 | loss 0.0595 rmse 0.117 r2 0.838 corr 0.920

###### Windowed train epoch 30 overall metrics
  loss: 0.0547 rmse: 0.137 r2: 0.820 corr: 0.907
***** Epoch 30 Val (windowed) *****
  loss: 0.0204 rmse: 0.130 r2: 0.837 corr: 0.915
********************
***** Epoch 30 Test (windowed) *****
  loss: 0.0370 rmse: 0.173 r2: 0.667 corr: 0.823
********************
  Epoch 30 done in 170.0s
  Saved best model → model/FIM_restoration_0412G_stations_monthly/2023/gat-rnn-v2-windowed_bs-128_lr-0.001_maxepoch-50_testyear-2023_win-3_nwin-10_seed-0/model-30

----- Epoch 31 (windowed) -----
  batch 49 | loss 0.0552 rmse 0.121 r2 0.825 corr 0.909

###### Windowed train epoch 31 overall metrics
  loss: 0.0540 rmse: 0.137 r2: 0.822 corr: 0.908
***** Epoch 31 Val (windowed) *****
  loss: 0.0210 rmse: 0.132 r2: 0.833 corr: 0.913
********************
***** Epoch 31 Test (windowed) *****
  loss: 0.0385 rmse: 0.175 r2: 0.659 corr: 0.820
********************
  Epoch 31 done in 69.6s

----- Epoch 32 (windowed) -----
  batch 49 | loss 0.0547 rmse 0.132 r2 0.848 corr 0.926

###### Windowed train epoch 32 overall metrics
  loss: 0.0536 rmse: 0.135 r2: 0.826 corr: 0.910
***** Epoch 32 Val (windowed) *****
  loss: 0.0215 rmse: 0.145 r2: 0.796 corr: 0.910
********************
***** Epoch 32 Test (windowed) *****
  loss: 0.0368 rmse: 0.175 r2: 0.657 corr: 0.814
********************
  Epoch 32 done in 69.4s

----- Epoch 33 (windowed) -----
  batch 49 | loss 0.0557 rmse 0.122 r2 0.833 corr 0.916

###### Windowed train epoch 33 overall metrics
  loss: 0.0523 rmse: 0.135 r2: 0.827 corr: 0.910
***** Epoch 33 Val (windowed) *****
  loss: 0.0200 rmse: 0.131 r2: 0.833 corr: 0.916
********************
***** Epoch 33 Test (windowed) *****
  loss: 0.0365 rmse: 0.172 r2: 0.670 corr: 0.820
********************
  Epoch 33 done in 1043.8s

----- Epoch 34 (windowed) -----
  batch 49 | loss 0.0479 rmse 0.118 r2 0.854 corr 0.924

###### Windowed train epoch 34 overall metrics
  loss: 0.0510 rmse: 0.133 r2: 0.832 corr: 0.913
***** Epoch 34 Val (windowed) *****
  loss: 0.0199 rmse: 0.130 r2: 0.835 corr: 0.916
********************
***** Epoch 34 Test (windowed) *****
  loss: 0.0370 rmse: 0.174 r2: 0.664 corr: 0.817
********************
  Epoch 34 done in 66.8s

----- Epoch 35 (windowed) -----
  batch 49 | loss 0.0496 rmse 0.110 r2 0.844 corr 0.920

###### Windowed train epoch 35 overall metrics
  loss: 0.0512 rmse: 0.132 r2: 0.834 corr: 0.914
***** Epoch 35 Val (windowed) *****
  loss: 0.0194 rmse: 0.127 r2: 0.844 corr: 0.921
********************
***** Epoch 35 Test (windowed) *****
  loss: 0.0367 rmse: 0.174 r2: 0.661 corr: 0.817
********************
  Epoch 35 done in 69.3s
  Saved best model → model/FIM_restoration_0412G_stations_monthly/2023/gat-rnn-v2-windowed_bs-128_lr-0.001_maxepoch-50_testyear-2023_win-3_nwin-10_seed-0/model-35

----- Epoch 36 (windowed) -----
  batch 49 | loss 0.0584 rmse 0.140 r2 0.808 corr 0.900

###### Windowed train epoch 36 overall metrics
  loss: 0.0501 rmse: 0.132 r2: 0.835 corr: 0.915
***** Epoch 36 Val (windowed) *****
  loss: 0.0194 rmse: 0.131 r2: 0.834 corr: 0.919
********************
***** Epoch 36 Test (windowed) *****
  loss: 0.0373 rmse: 0.174 r2: 0.661 corr: 0.814
********************
  Epoch 36 done in 71.3s

----- Epoch 37 (windowed) -----
  batch 49 | loss 0.0520 rmse 0.131 r2 0.834 corr 0.921

###### Windowed train epoch 37 overall metrics
  loss: 0.0503 rmse: 0.133 r2: 0.833 corr: 0.913
***** Epoch 37 Val (windowed) *****
  loss: 0.0190 rmse: 0.126 r2: 0.846 corr: 0.920
********************
***** Epoch 37 Test (windowed) *****
  loss: 0.0372 rmse: 0.173 r2: 0.666 corr: 0.822
********************
  Epoch 37 done in 72.9s
  Saved best model → model/FIM_restoration_0412G_stations_monthly/2023/gat-rnn-v2-windowed_bs-128_lr-0.001_maxepoch-50_testyear-2023_win-3_nwin-10_seed-0/model-37

----- Epoch 38 (windowed) -----
  batch 49 | loss 0.0474 rmse 0.111 r2 0.844 corr 0.920

###### Windowed train epoch 38 overall metrics
  loss: 0.0498 rmse: 0.132 r2: 0.834 corr: 0.914
***** Epoch 38 Val (windowed) *****
  loss: 0.0188 rmse: 0.127 r2: 0.844 corr: 0.920
********************
***** Epoch 38 Test (windowed) *****
  loss: 0.0380 rmse: 0.175 r2: 0.658 corr: 0.818
********************
  Epoch 38 done in 1080.2s

----- Epoch 39 (windowed) -----
  batch 49 | loss 0.0509 rmse 0.128 r2 0.833 corr 0.923

###### Windowed train epoch 39 overall metrics
  loss: 0.0485 rmse: 0.130 r2: 0.840 corr: 0.917
***** Epoch 39 Val (windowed) *****
  loss: 0.0191 rmse: 0.131 r2: 0.834 corr: 0.922
********************
***** Epoch 39 Test (windowed) *****
  loss: 0.0362 rmse: 0.172 r2: 0.671 corr: 0.820
********************
  Epoch 39 done in 66.2s

----- Epoch 40 (windowed) -----
  batch 49 | loss 0.0522 rmse 0.136 r2 0.831 corr 0.912

###### Windowed train epoch 40 overall metrics
  loss: 0.0478 rmse: 0.130 r2: 0.840 corr: 0.917
***** Epoch 40 Val (windowed) *****
  loss: 0.0185 rmse: 0.126 r2: 0.845 corr: 0.925
********************
***** Epoch 40 Test (windowed) *****
  loss: 0.0370 rmse: 0.174 r2: 0.663 corr: 0.816
********************
  Epoch 40 done in 68.4s

----- Epoch 41 (windowed) -----
  batch 49 | loss 0.0458 rmse 0.117 r2 0.878 corr 0.938

###### Windowed train epoch 41 overall metrics
  loss: 0.0476 rmse: 0.129 r2: 0.843 corr: 0.919
***** Epoch 41 Val (windowed) *****
  loss: 0.0186 rmse: 0.127 r2: 0.844 corr: 0.925
********************
***** Epoch 41 Test (windowed) *****
  loss: 0.0363 rmse: 0.172 r2: 0.671 corr: 0.820
********************
  Epoch 41 done in 67.9s

----- Epoch 42 (windowed) -----
  batch 49 | loss 0.0470 rmse 0.120 r2 0.861 corr 0.931

###### Windowed train epoch 42 overall metrics
  loss: 0.0470 rmse: 0.128 r2: 0.843 corr: 0.919
***** Epoch 42 Val (windowed) *****
  loss: 0.0187 rmse: 0.129 r2: 0.838 corr: 0.924
********************
***** Epoch 42 Test (windowed) *****
  loss: 0.0376 rmse: 0.175 r2: 0.660 corr: 0.814
********************
  Epoch 42 done in 905.5s

----- Epoch 43 (windowed) -----
  batch 49 | loss 0.0496 rmse 0.136 r2 0.837 corr 0.917

###### Windowed train epoch 43 overall metrics
  loss: 0.0473 rmse: 0.129 r2: 0.841 corr: 0.917
***** Epoch 43 Val (windowed) *****
  loss: 0.0177 rmse: 0.122 r2: 0.856 corr: 0.927
********************
***** Epoch 43 Test (windowed) *****
  loss: 0.0377 rmse: 0.175 r2: 0.657 corr: 0.817
********************
  Epoch 43 done in 917.8s
  Saved best model → model/FIM_restoration_0412G_stations_monthly/2023/gat-rnn-v2-windowed_bs-128_lr-0.001_maxepoch-50_testyear-2023_win-3_nwin-10_seed-0/model-43

----- Epoch 44 (windowed) -----
  batch 49 | loss 0.0430 rmse 0.112 r2 0.857 corr 0.928

###### Windowed train epoch 44 overall metrics
  loss: 0.0461 rmse: 0.127 r2: 0.846 corr: 0.921
***** Epoch 44 Val (windowed) *****
  loss: 0.0177 rmse: 0.122 r2: 0.857 corr: 0.926
********************
***** Epoch 44 Test (windowed) *****
  loss: 0.0391 rmse: 0.178 r2: 0.647 corr: 0.815
********************
  Epoch 44 done in 68.3s
  Saved best model → model/FIM_restoration_0412G_stations_monthly/2023/gat-rnn-v2-windowed_bs-128_lr-0.001_maxepoch-50_testyear-2023_win-3_nwin-10_seed-0/model-44

----- Epoch 45 (windowed) -----
  batch 49 | loss 0.0403 rmse 0.109 r2 0.870 corr 0.933

###### Windowed train epoch 45 overall metrics
  loss: 0.0457 rmse: 0.127 r2: 0.847 corr: 0.921
***** Epoch 45 Val (windowed) *****
  loss: 0.0192 rmse: 0.134 r2: 0.826 corr: 0.927
********************
***** Epoch 45 Test (windowed) *****
  loss: 0.0366 rmse: 0.174 r2: 0.663 corr: 0.816
********************
  Epoch 45 done in 70.4s

----- Epoch 46 (windowed) -----
  batch 49 | loss 0.0478 rmse 0.128 r2 0.848 corr 0.924

###### Windowed train epoch 46 overall metrics
  loss: 0.0457 rmse: 0.128 r2: 0.845 corr: 0.920
***** Epoch 46 Val (windowed) *****
  loss: 0.0190 rmse: 0.127 r2: 0.845 corr: 0.925
********************
***** Epoch 46 Test (windowed) *****
  loss: 0.0371 rmse: 0.174 r2: 0.660 corr: 0.815
********************
  Epoch 46 done in 69.1s

----- Epoch 47 (windowed) -----
  batch 49 | loss 0.0454 rmse 0.115 r2 0.839 corr 0.918

###### Windowed train epoch 47 overall metrics
  loss: 0.0456 rmse: 0.127 r2: 0.846 corr: 0.920
***** Epoch 47 Val (windowed) *****
  loss: 0.0185 rmse: 0.122 r2: 0.856 corr: 0.926
********************
***** Epoch 47 Test (windowed) *****
  loss: 0.0374 rmse: 0.176 r2: 0.653 corr: 0.817
********************
  Epoch 47 done in 71.6s

----- Epoch 48 (windowed) -----
  batch 49 | loss 0.0489 rmse 0.125 r2 0.831 corr 0.912

###### Windowed train epoch 48 overall metrics
  loss: 0.0448 rmse: 0.126 r2: 0.849 corr: 0.922
***** Epoch 48 Val (windowed) *****
  loss: 0.0174 rmse: 0.121 r2: 0.858 corr: 0.929
********************
***** Epoch 48 Test (windowed) *****
  loss: 0.0381 rmse: 0.177 r2: 0.650 corr: 0.812
********************
  Epoch 48 done in 70.8s
  Saved best model → model/FIM_restoration_0412G_stations_monthly/2023/gat-rnn-v2-windowed_bs-128_lr-0.001_maxepoch-50_testyear-2023_win-3_nwin-10_seed-0/model-48

----- Epoch 49 (windowed) -----
  batch 49 | loss 0.0514 rmse 0.130 r2 0.845 corr 0.921

###### Windowed train epoch 49 overall metrics
  loss: 0.0447 rmse: 0.126 r2: 0.849 corr: 0.922
***** Epoch 49 Val (windowed) *****
  loss: 0.0175 rmse: 0.119 r2: 0.862 corr: 0.929
********************
***** Epoch 49 Test (windowed) *****
  loss: 0.0388 rmse: 0.179 r2: 0.641 corr: 0.813
********************
  Epoch 49 done in 70.9s
  Saved best model → model/FIM_restoration_0412G_stations_monthly/2023/gat-rnn-v2-windowed_bs-128_lr-0.001_maxepoch-50_testyear-2023_win-3_nwin-10_seed-0/model-49
Fold done — best val RMSE=0.1193 test R²=0.6406 corr=0.8127

================================================================
Rolling-windowed  test_year=2024
  Val  : 2023
  Test : 2024
  win_size=3  n_windows=10
================================================================
Initially data (54319, 166)
After filtering (54319, 166)
[transform] Applied root-4: y → expm1(log1p_y)^(1/4); new range [0.00, 5.54]
get_X_Y
X shape (54319, 152)
Y shape (54319, 12)
Y (output) means tensor([[0.1442, 0.0127, 0.2472, 0.1509, 0.0273, 0.0632, 0.1510, 0.0235, 0.0514,
         0.0088, 0.0387, 0.1442]]) stds tensor([[0.4252, 0.1273, 0.5348, 0.4754, 0.1851, 0.2782, 0.4382, 0.1748, 0.2747,
         0.1109, 0.2527, 0.4105]])
Y count-scale means tensor([[0.3304, 0.0266, 0.5748, 0.4239, 0.0575, 0.1370, 0.3509, 0.0506, 0.1317,
         0.0200, 0.1213, 0.3090]]) stds tensor([[1.2122, 0.2929, 1.6566, 1.9403, 0.4540, 0.9746, 1.2414, 0.4232, 1.0165,
         0.2816, 1.6793, 1.0248]])
/Users/liyingnceas/GitHub/GNN-RNN-main/gnn-lstm-v4/utils/data_utils.py:274: RuntimeWarning: Mean of empty slice
  np.nanmean(county_dict[county], axis=0).astype(np.float32)
Filled 138353 missing (node, year) entries from neighbors or year averages
[2D] Station nodes: 596, adj nnz: 2980
[build_year_XY_windowed] data_start=1998, min_pred_year=2009, test_year=2024, win_size=3, n_windows=10
  built windows for T=2009
  built windows for T=2014
  built windows for T=2019
  built windows for T=2024
[build_year_XY_windowed] built windowed XY for 16 prediction years (2009–2024)
  GAT_RNN_V2: edge_feat_dim=3, n_heads=4, n_hidden=64
  [Bayes] Species rarity weights (mean=1): min=0.62 max=1.37  (rarest=Mycteroperca microlepis_SA)

----- Epoch 0 (windowed) -----
  batch 49 | loss 0.2106 rmse 0.325 r2 0.193 corr 0.474

###### Windowed train epoch 0 overall metrics
  loss: 0.2028 rmse: 0.289 r2: 0.200 corr: 0.466
***** Epoch 0 Val (windowed) *****
  loss: 0.0651 rmse: 0.235 r2: 0.385 corr: 0.625
********************
***** Epoch 0 Test (windowed) *****
  loss: 0.0623 rmse: 0.233 r2: 0.389 corr: 0.631
********************
  Epoch 0 done in 69.5s
  Saved best model → model/FIM_restoration_0412G_stations_monthly/2024/gat-rnn-v2-windowed_bs-128_lr-0.001_maxepoch-50_testyear-2024_win-3_nwin-10_seed-0/model-0

----- Epoch 1 (windowed) -----
  batch 49 | loss 0.1359 rmse 0.182 r2 0.583 corr 0.784

###### Windowed train epoch 1 overall metrics
  loss: 0.1449 rmse: 0.225 r2: 0.512 corr: 0.725
***** Epoch 1 Val (windowed) *****
  loss: 0.0458 rmse: 0.188 r2: 0.607 corr: 0.781
********************
***** Epoch 1 Test (windowed) *****
  loss: 0.0426 rmse: 0.183 r2: 0.623 corr: 0.793
********************
  Epoch 1 done in 96.9s
  Saved best model → model/FIM_restoration_0412G_stations_monthly/2024/gat-rnn-v2-windowed_bs-128_lr-0.001_maxepoch-50_testyear-2024_win-3_nwin-10_seed-0/model-1

----- Epoch 2 (windowed) -----
  batch 49 | loss 0.1262 rmse 0.179 r2 0.680 corr 0.825

###### Windowed train epoch 2 overall metrics
  loss: 0.1157 rmse: 0.194 r2: 0.639 corr: 0.805
***** Epoch 2 Val (windowed) *****
  loss: 0.0407 rmse: 0.188 r2: 0.604 corr: 0.812
********************
***** Epoch 2 Test (windowed) *****
  loss: 0.0383 rmse: 0.185 r2: 0.613 corr: 0.825
********************
  Epoch 2 done in 662.7s

----- Epoch 3 (windowed) -----
  batch 49 | loss 0.1192 rmse 0.205 r2 0.674 corr 0.826

###### Windowed train epoch 3 overall metrics
  loss: 0.1036 rmse: 0.184 r2: 0.674 corr: 0.825
***** Epoch 3 Val (windowed) *****
  loss: 0.0364 rmse: 0.171 r2: 0.673 corr: 0.821
********************
***** Epoch 3 Test (windowed) *****
  loss: 0.0349 rmse: 0.166 r2: 0.690 corr: 0.832
********************
  Epoch 3 done in 77.9s
  Saved best model → model/FIM_restoration_0412G_stations_monthly/2024/gat-rnn-v2-windowed_bs-128_lr-0.001_maxepoch-50_testyear-2024_win-3_nwin-10_seed-0/model-3

----- Epoch 4 (windowed) -----
  batch 49 | loss 0.1061 rmse 0.165 r2 0.695 corr 0.835

###### Windowed train epoch 4 overall metrics
  loss: 0.0978 rmse: 0.180 r2: 0.688 corr: 0.832
***** Epoch 4 Val (windowed) *****
  loss: 0.0348 rmse: 0.172 r2: 0.671 corr: 0.827
********************
***** Epoch 4 Test (windowed) *****
  loss: 0.0345 rmse: 0.173 r2: 0.662 corr: 0.823
********************
  Epoch 4 done in 77.4s

----- Epoch 5 (windowed) -----
  batch 49 | loss 0.1052 rmse 0.195 r2 0.708 corr 0.845

###### Windowed train epoch 5 overall metrics
  loss: 0.0940 rmse: 0.177 r2: 0.701 corr: 0.839
***** Epoch 5 Val (windowed) *****
  loss: 0.0344 rmse: 0.168 r2: 0.686 corr: 0.830
********************
***** Epoch 5 Test (windowed) *****
  loss: 0.0344 rmse: 0.169 r2: 0.680 corr: 0.825
********************
  Epoch 5 done in 74.8s
  Saved best model → model/FIM_restoration_0412G_stations_monthly/2024/gat-rnn-v2-windowed_bs-128_lr-0.001_maxepoch-50_testyear-2024_win-3_nwin-10_seed-0/model-5

----- Epoch 6 (windowed) -----
  batch 49 | loss 0.0944 rmse 0.155 r2 0.701 corr 0.839

###### Windowed train epoch 6 overall metrics
  loss: 0.0908 rmse: 0.174 r2: 0.710 corr: 0.846
***** Epoch 6 Val (windowed) *****
  loss: 0.0332 rmse: 0.164 r2: 0.699 corr: 0.837
********************
***** Epoch 6 Test (windowed) *****
  loss: 0.0337 rmse: 0.165 r2: 0.694 corr: 0.834
********************
  Epoch 6 done in 77.6s
  Saved best model → model/FIM_restoration_0412G_stations_monthly/2024/gat-rnn-v2-windowed_bs-128_lr-0.001_maxepoch-50_testyear-2024_win-3_nwin-10_seed-0/model-6

----- Epoch 7 (windowed) -----
  batch 49 | loss 0.0892 rmse 0.146 r2 0.694 corr 0.837

###### Windowed train epoch 7 overall metrics
  loss: 0.0888 rmse: 0.172 r2: 0.716 corr: 0.849
***** Epoch 7 Val (windowed) *****
  loss: 0.0337 rmse: 0.171 r2: 0.672 corr: 0.831
********************
***** Epoch 7 Test (windowed) *****
  loss: 0.0347 rmse: 0.173 r2: 0.662 corr: 0.824
********************
  Epoch 7 done in 81.1s

----- Epoch 8 (windowed) -----
  batch 49 | loss 0.0999 rmse 0.181 r2 0.717 corr 0.854

###### Windowed train epoch 8 overall metrics
  loss: 0.0857 rmse: 0.169 r2: 0.726 corr: 0.854
***** Epoch 8 Val (windowed) *****
  loss: 0.0320 rmse: 0.160 r2: 0.714 corr: 0.846
********************
***** Epoch 8 Test (windowed) *****
  loss: 0.0328 rmse: 0.163 r2: 0.702 corr: 0.838
********************
  Epoch 8 done in 79.7s
  Saved best model → model/FIM_restoration_0412G_stations_monthly/2024/gat-rnn-v2-windowed_bs-128_lr-0.001_maxepoch-50_testyear-2024_win-3_nwin-10_seed-0/model-8

----- Epoch 9 (windowed) -----
  batch 49 | loss 0.0924 rmse 0.156 r2 0.706 corr 0.845

###### Windowed train epoch 9 overall metrics
  loss: 0.0835 rmse: 0.167 r2: 0.732 corr: 0.857
***** Epoch 9 Val (windowed) *****
  loss: 0.0309 rmse: 0.161 r2: 0.710 corr: 0.850
********************
***** Epoch 9 Test (windowed) *****
  loss: 0.0336 rmse: 0.168 r2: 0.681 corr: 0.830
********************
  Epoch 9 done in 75.4s

----- Epoch 10 (windowed) -----
  batch 49 | loss 0.0830 rmse 0.174 r2 0.756 corr 0.871

###### Windowed train epoch 10 overall metrics
  loss: 0.0804 rmse: 0.164 r2: 0.742 corr: 0.864
***** Epoch 10 Val (windowed) *****
  loss: 0.0298 rmse: 0.154 r2: 0.734 corr: 0.858
********************
***** Epoch 10 Test (windowed) *****
  loss: 0.0334 rmse: 0.163 r2: 0.700 corr: 0.837
********************
  Epoch 10 done in 77.3s
  Saved best model → model/FIM_restoration_0412G_stations_monthly/2024/gat-rnn-v2-windowed_bs-128_lr-0.001_maxepoch-50_testyear-2024_win-3_nwin-10_seed-0/model-10

----- Epoch 11 (windowed) -----
  batch 49 | loss 0.0868 rmse 0.168 r2 0.763 corr 0.875

###### Windowed train epoch 11 overall metrics
  loss: 0.0778 rmse: 0.161 r2: 0.750 corr: 0.868
***** Epoch 11 Val (windowed) *****
  loss: 0.0298 rmse: 0.155 r2: 0.731 corr: 0.858
********************
***** Epoch 11 Test (windowed) *****
  loss: 0.0331 rmse: 0.163 r2: 0.700 corr: 0.838
********************
  Epoch 11 done in 76.2s

----- Epoch 12 (windowed) -----
  batch 49 | loss 0.0875 rmse 0.169 r2 0.749 corr 0.866

###### Windowed train epoch 12 overall metrics
  loss: 0.0757 rmse: 0.158 r2: 0.759 corr: 0.873
***** Epoch 12 Val (windowed) *****
  loss: 0.0284 rmse: 0.153 r2: 0.740 corr: 0.862
********************
***** Epoch 12 Test (windowed) *****
  loss: 0.0328 rmse: 0.162 r2: 0.706 corr: 0.842
********************
  Epoch 12 done in 77.2s
  Saved best model → model/FIM_restoration_0412G_stations_monthly/2024/gat-rnn-v2-windowed_bs-128_lr-0.001_maxepoch-50_testyear-2024_win-3_nwin-10_seed-0/model-12

----- Epoch 13 (windowed) -----
  batch 49 | loss 0.0756 rmse 0.171 r2 0.752 corr 0.869

###### Windowed train epoch 13 overall metrics
  loss: 0.0734 rmse: 0.157 r2: 0.764 corr: 0.876
***** Epoch 13 Val (windowed) *****
  loss: 0.0294 rmse: 0.164 r2: 0.701 corr: 0.867
********************
***** Epoch 13 Test (windowed) *****
  loss: 0.0321 rmse: 0.169 r2: 0.677 corr: 0.841
********************
  Epoch 13 done in 78.9s

----- Epoch 14 (windowed) -----
  batch 49 | loss 0.0695 rmse 0.131 r2 0.778 corr 0.889

###### Windowed train epoch 14 overall metrics
  loss: 0.0712 rmse: 0.155 r2: 0.769 corr: 0.878
***** Epoch 14 Val (windowed) *****
  loss: 0.0277 rmse: 0.148 r2: 0.755 corr: 0.869
********************
***** Epoch 14 Test (windowed) *****
  loss: 0.0333 rmse: 0.159 r2: 0.714 corr: 0.846
********************
  Epoch 14 done in 77.5s
  Saved best model → model/FIM_restoration_0412G_stations_monthly/2024/gat-rnn-v2-windowed_bs-128_lr-0.001_maxepoch-50_testyear-2024_win-3_nwin-10_seed-0/model-14

----- Epoch 15 (windowed) -----
  batch 49 | loss 0.0676 rmse 0.131 r2 0.790 corr 0.891

###### Windowed train epoch 15 overall metrics
  loss: 0.0697 rmse: 0.153 r2: 0.775 corr: 0.882
***** Epoch 15 Val (windowed) *****
  loss: 0.0275 rmse: 0.149 r2: 0.751 corr: 0.868
********************
***** Epoch 15 Test (windowed) *****
  loss: 0.0351 rmse: 0.163 r2: 0.701 corr: 0.838
********************
  Epoch 15 done in 76.0s

----- Epoch 16 (windowed) -----
  batch 49 | loss 0.0687 rmse 0.131 r2 0.798 corr 0.896

###### Windowed train epoch 16 overall metrics
  loss: 0.0687 rmse: 0.151 r2: 0.780 corr: 0.885
***** Epoch 16 Val (windowed) *****
  loss: 0.0267 rmse: 0.146 r2: 0.763 corr: 0.874
********************
***** Epoch 16 Test (windowed) *****
  loss: 0.0332 rmse: 0.161 r2: 0.710 corr: 0.843
********************
  Epoch 16 done in 75.9s
  Saved best model → model/FIM_restoration_0412G_stations_monthly/2024/gat-rnn-v2-windowed_bs-128_lr-0.001_maxepoch-50_testyear-2024_win-3_nwin-10_seed-0/model-16

----- Epoch 17 (windowed) -----
  batch 49 | loss 0.0632 rmse 0.131 r2 0.819 corr 0.906

###### Windowed train epoch 17 overall metrics
  loss: 0.0667 rmse: 0.150 r2: 0.785 corr: 0.887
***** Epoch 17 Val (windowed) *****
  loss: 0.0251 rmse: 0.144 r2: 0.770 corr: 0.880
********************
***** Epoch 17 Test (windowed) *****
  loss: 0.0334 rmse: 0.160 r2: 0.712 corr: 0.845
********************
  Epoch 17 done in 80.5s
  Saved best model → model/FIM_restoration_0412G_stations_monthly/2024/gat-rnn-v2-windowed_bs-128_lr-0.001_maxepoch-50_testyear-2024_win-3_nwin-10_seed-0/model-17

----- Epoch 18 (windowed) -----
  batch 49 | loss 0.0624 rmse 0.126 r2 0.816 corr 0.905

###### Windowed train epoch 18 overall metrics
  loss: 0.0642 rmse: 0.146 r2: 0.794 corr: 0.893
***** Epoch 18 Val (windowed) *****
  loss: 0.0248 rmse: 0.143 r2: 0.773 corr: 0.880
********************
***** Epoch 18 Test (windowed) *****
  loss: 0.0341 rmse: 0.161 r2: 0.709 corr: 0.843
********************
  Epoch 18 done in 79.4s
  Saved best model → model/FIM_restoration_0412G_stations_monthly/2024/gat-rnn-v2-windowed_bs-128_lr-0.001_maxepoch-50_testyear-2024_win-3_nwin-10_seed-0/model-18

----- Epoch 19 (windowed) -----
  batch 49 | loss 0.0752 rmse 0.147 r2 0.768 corr 0.877

###### Windowed train epoch 19 overall metrics
  loss: 0.0635 rmse: 0.145 r2: 0.797 corr: 0.894
***** Epoch 19 Val (windowed) *****
  loss: 0.0247 rmse: 0.142 r2: 0.776 corr: 0.883
********************
***** Epoch 19 Test (windowed) *****
  loss: 0.0325 rmse: 0.158 r2: 0.718 corr: 0.848
********************
  Epoch 19 done in 79.4s
  Saved best model → model/FIM_restoration_0412G_stations_monthly/2024/gat-rnn-v2-windowed_bs-128_lr-0.001_maxepoch-50_testyear-2024_win-3_nwin-10_seed-0/model-19

----- Epoch 20 (windowed) -----
  batch 49 | loss 0.0622 rmse 0.136 r2 0.846 corr 0.921

###### Windowed train epoch 20 overall metrics
  loss: 0.0626 rmse: 0.144 r2: 0.801 corr: 0.896
***** Epoch 20 Val (windowed) *****
  loss: 0.0248 rmse: 0.144 r2: 0.769 corr: 0.882
********************
***** Epoch 20 Test (windowed) *****
  loss: 0.0325 rmse: 0.160 r2: 0.712 corr: 0.847
********************
  Epoch 20 done in 79.9s

----- Epoch 21 (windowed) -----
  batch 49 | loss 0.0619 rmse 0.132 r2 0.825 corr 0.911

###### Windowed train epoch 21 overall metrics
  loss: 0.0613 rmse: 0.145 r2: 0.798 corr: 0.894
***** Epoch 21 Val (windowed) *****
  loss: 0.0246 rmse: 0.148 r2: 0.757 corr: 0.879
********************
***** Epoch 21 Test (windowed) *****
  loss: 0.0337 rmse: 0.162 r2: 0.704 corr: 0.842
********************
  Epoch 21 done in 70.7s

----- Epoch 22 (windowed) -----
  batch 49 | loss 0.0673 rmse 0.165 r2 0.776 corr 0.888

###### Windowed train epoch 22 overall metrics
  loss: 0.0597 rmse: 0.142 r2: 0.807 corr: 0.900
***** Epoch 22 Val (windowed) *****
  loss: 0.0246 rmse: 0.147 r2: 0.757 corr: 0.884
********************
***** Epoch 22 Test (windowed) *****
  loss: 0.0337 rmse: 0.163 r2: 0.700 corr: 0.844
********************
  Epoch 22 done in 72.5s

----- Epoch 23 (windowed) -----
  batch 49 | loss 0.0626 rmse 0.140 r2 0.794 corr 0.891

###### Windowed train epoch 23 overall metrics
  loss: 0.0593 rmse: 0.143 r2: 0.804 corr: 0.898
***** Epoch 23 Val (windowed) *****
  loss: 0.0248 rmse: 0.148 r2: 0.755 corr: 0.880
********************
***** Epoch 23 Test (windowed) *****
  loss: 0.0331 rmse: 0.162 r2: 0.704 corr: 0.843
********************
  Epoch 23 done in 70.9s

----- Epoch 24 (windowed) -----
  batch 49 | loss 0.0563 rmse 0.140 r2 0.806 corr 0.902

###### Windowed train epoch 24 overall metrics
  loss: 0.0591 rmse: 0.142 r2: 0.806 corr: 0.899
***** Epoch 24 Val (windowed) *****
  loss: 0.0230 rmse: 0.138 r2: 0.786 corr: 0.887
********************
***** Epoch 24 Test (windowed) *****
  loss: 0.0360 rmse: 0.161 r2: 0.706 corr: 0.843
********************
  Epoch 24 done in 76.4s
  Saved best model → model/FIM_restoration_0412G_stations_monthly/2024/gat-rnn-v2-windowed_bs-128_lr-0.001_maxepoch-50_testyear-2024_win-3_nwin-10_seed-0/model-24

----- Epoch 25 (windowed) -----
  batch 49 | loss 0.0654 rmse 0.153 r2 0.802 corr 0.896

###### Windowed train epoch 25 overall metrics
  loss: 0.0569 rmse: 0.139 r2: 0.813 corr: 0.903
***** Epoch 25 Val (windowed) *****
  loss: 0.0231 rmse: 0.138 r2: 0.787 corr: 0.888
********************
***** Epoch 25 Test (windowed) *****
  loss: 0.0328 rmse: 0.158 r2: 0.717 corr: 0.848
********************
  Epoch 25 done in 77.3s
  Saved best model → model/FIM_restoration_0412G_stations_monthly/2024/gat-rnn-v2-windowed_bs-128_lr-0.001_maxepoch-50_testyear-2024_win-3_nwin-10_seed-0/model-25
