Device cpu
  [prevalence_target_min=0.1] Promoted 20 community species to targets. Total targets: 34. Demoted 72 rare species to input features.
FIM targets: 34 life-stage species (_A/_R/_SA/_J)
FIM forage (input only): []
FIM community species as input features: 72
FIM n_env_feats: 58
HybridEncoder individual_indices: 0 features
HybridEncoder group_slices: [(0, 72, 'other_species'), (72, 78, 'env'), (78, 86, 'restoration'), (86, 93, 'habitat_structured'), (93, 100, 'habitat_open'), (100, 107, 'shoreline'), (107, 110, 'water_effort'), (110, 124, 'bycatch'), (124, 130, 'na_indicators')]
FIM dataset: 34 species, time_intervals=1
Time intervals 1

================================================================
Rolling-windowed  test_year=2010
  Val  : 2009
  Test : 2010
  win_size=3  n_windows=10
================================================================
Initially data (54319, 166)
After filtering (24937, 166)
get_X_Y
X shape (24937, 130)
Y shape (24937, 34)
Y (output) means tensor([[0.1447, 0.0127, 0.2670, 0.1674, 0.0142, 0.0624, 0.1688, 0.6403, 0.8419,
         0.0218, 0.0433, 0.0141, 0.0743, 0.1473, 1.0253, 0.9296, 0.3659, 0.4133,
         0.9961, 0.4017, 0.1961, 0.2287, 0.4237, 0.1708, 0.4009, 0.4735, 0.2990,
         0.6411, 0.5361, 0.1538, 0.2455, 0.0967, 0.1378, 0.1352]]) stds tensor([[0.4759, 0.1425, 0.6450, 0.5957, 0.1432, 0.3048, 0.5325, 1.4282, 1.5683,
         0.1856, 0.2852, 0.1612, 0.4045, 0.4611, 2.1130, 1.6207, 0.8917, 1.2119,
         1.7277, 0.9473, 0.5522, 0.7063, 1.1073, 0.5803, 1.0032, 1.0510, 0.7432,
         1.3859, 1.0639, 0.4535, 0.7875, 0.3237, 0.4091, 0.3811]])
Y count-scale means tensor([[4.7995e-01, 3.8462e-02, 1.0546e+00, 9.2712e-01, 3.8750e-02, 1.9678e-01,
         6.3365e-01, 1.4055e+01, 2.7378e+01, 6.5048e-02, 1.8567e-01, 4.8798e-02,
         5.0606e-01, 4.4933e-01, 2.7225e+02, 2.0047e+01, 3.0278e+00, 1.6869e+01,
         3.3809e+01, 3.3352e+00, 6.7707e-01, 1.6736e+00, 8.3841e+00, 1.6151e+00,
         3.6877e+00, 4.3880e+00, 1.4438e+00, 2.4749e+01, 6.4391e+00, 4.7606e-01,
         2.7440e+00, 1.9995e-01, 3.3154e-01, 2.8462e-01]]) stds tensor([[3.2201e+00, 6.9984e-01, 6.2948e+00, 7.0654e+00, 6.5841e-01, 2.0970e+00,
         4.1402e+00, 7.0738e+01, 1.8693e+02, 8.7345e-01, 2.7362e+00, 8.0355e-01,
         9.2696e+00, 2.7550e+00, 3.1861e+03, 9.3559e+01, 2.1775e+01, 2.0322e+02,
         2.6768e+02, 1.9449e+01, 3.6295e+00, 1.6226e+01, 8.1280e+01, 5.2445e+01,
         1.7698e+01, 2.4202e+01, 7.7699e+00, 4.5895e+02, 7.6858e+01, 5.7896e+00,
         2.6420e+01, 9.0255e-01, 1.5608e+00, 1.1253e+00]])
Loaded per-window (calendar) month weights from analysis/figures/month_weights_per_window.npz: cube.shape=(25, 12, 34)
/Users/liyingnceas/GitHub/GNN-RNN-main/gnn-lstm-v3/utils/data_utils.py:264: RuntimeWarning: Mean of empty slice
  np.nanmean(county_dict[county], axis=0).astype(np.float32)
Filled 62371 missing (node, year) entries from neighbors or year averages
[2D] Station nodes: 586, adj nnz: 2905
[build_year_XY_windowed] data_start=1998, min_pred_year=2009, test_year=2010, win_size=3, n_windows=10
  built windows for T=2009
[build_year_XY_windowed] built windowed XY for 2 prediction years (2009–2010)
  GAT_RNN_V2: edge_feat_dim=3, n_heads=4, n_hidden=64
  [CrossDonor] Ecological cross-donor map (9 recipients):
    Centropomus undecimalis_A  <-  ['Cynoscion nebulosus_R', 'Cynoscion nebulosus_A']
    Centropomus undecimalis_SA  <-  ['Cynoscion nebulosus_R', 'Centropomus undecimalis_A']
    Sciaenops ocellatus_R  <-  ['Cynoscion nebulosus_R', 'Cynoscion nebulosus_A']
    Sciaenops ocellatus_SA  <-  ['Cynoscion nebulosus_R', 'Cynoscion nebulosus_A']
    Cynoscion nebulosus_A  <-  ['Cynoscion nebulosus_R', 'Lagodon rhomboides_A']
    Mycteroperca microlepis_SA  <-  ['Lutjanus griseus_SA', 'Lutjanus griseus_R']
    Lutjanus griseus_R  <-  ['Archosargus probatocephalus_A', 'Lutjanus griseus_SA']
    Lutjanus griseus_SA  <-  ['Archosargus probatocephalus_A']
    Archosargus probatocephalus_R  <-  ['Archosargus probatocephalus_A', 'Lagodon rhomboides_A']
  [BayesTransferMapped] 9 recipient → donor mappings:
    recipient   3 <- donors [6, 5]
    recipient   4 <- donors [6, 3]
    recipient  12 <- donors [6, 5]
    recipient  13 <- donors [6, 5]
    recipient   5 <- donors [6, 7]
    recipient  11 <- donors [10, 9]
    recipient   9 <- donors [0, 10]
    recipient  10 <- donors [0]
    recipient   1 <- donors [0, 7]
  [BayesTransferMapped] transfer_prior_std=0.600  warmstart_alpha=0.25

----- Epoch 0 (windowed) -----

###### Windowed train epoch 0 overall metrics
  loss: 0.6199 rmse: 27.770 r2: 0.001 corr: 0.072
***** Epoch 0 Val (windowed) *****
  loss: 0.2810 rmse: 27.763 r2: 0.002 corr: 0.067
********************
***** Epoch 0 Test (windowed) *****
  loss: 0.2810 rmse: 17.523 r2: 0.004 corr: 0.098
********************
  Epoch 0 done in 9.2s
  Saved best model → model/FIM_restoration_0412_stations_monthly/2010/gat-rnn-v2-windowed_bs-128_lr-0.001_maxepoch-50_testyear-2010_win-3_nwin-10_seed-0/model-0

----- Epoch 1 (windowed) -----

###### Windowed train epoch 1 overall metrics
  loss: 0.5990 rmse: 27.761 r2: 0.002 corr: 0.057
***** Epoch 1 Val (windowed) *****
  loss: 0.2669 rmse: 27.749 r2: 0.003 corr: 0.063
********************
***** Epoch 1 Test (windowed) *****
  loss: 0.2664 rmse: 17.502 r2: 0.006 corr: 0.094
********************
  Epoch 1 done in 9.2s
  Saved best model → model/FIM_restoration_0412_stations_monthly/2010/gat-rnn-v2-windowed_bs-128_lr-0.001_maxepoch-50_testyear-2010_win-3_nwin-10_seed-0/model-1

----- Epoch 2 (windowed) -----

###### Windowed train epoch 2 overall metrics
  loss: 0.5722 rmse: 27.744 r2: 0.003 corr: 0.062
***** Epoch 2 Val (windowed) *****
  loss: 0.2592 rmse: 27.742 r2: 0.003 corr: 0.068
********************
***** Epoch 2 Test (windowed) *****
  loss: 0.2589 rmse: 17.490 r2: 0.008 corr: 0.103
********************
  Epoch 2 done in 9.4s
  Saved best model → model/FIM_restoration_0412_stations_monthly/2010/gat-rnn-v2-windowed_bs-128_lr-0.001_maxepoch-50_testyear-2010_win-3_nwin-10_seed-0/model-2

----- Epoch 3 (windowed) -----

###### Windowed train epoch 3 overall metrics
  loss: 0.5599 rmse: 27.738 r2: 0.003 corr: 0.067
***** Epoch 3 Val (windowed) *****
  loss: 0.2533 rmse: 27.740 r2: 0.003 corr: 0.064
********************
***** Epoch 3 Test (windowed) *****
  loss: 0.2547 rmse: 17.483 r2: 0.008 corr: 0.102
********************
  Epoch 3 done in 8.5s
  Saved best model → model/FIM_restoration_0412_stations_monthly/2010/gat-rnn-v2-windowed_bs-128_lr-0.001_maxepoch-50_testyear-2010_win-3_nwin-10_seed-0/model-3

----- Epoch 4 (windowed) -----

###### Windowed train epoch 4 overall metrics
  loss: 0.5473 rmse: 27.739 r2: 0.003 corr: 0.063
***** Epoch 4 Val (windowed) *****
  loss: 0.2461 rmse: 27.739 r2: 0.003 corr: 0.063
********************
***** Epoch 4 Test (windowed) *****
  loss: 0.2462 rmse: 17.475 r2: 0.009 corr: 0.104
********************
  Epoch 4 done in 8.5s
  Saved best model → model/FIM_restoration_0412_stations_monthly/2010/gat-rnn-v2-windowed_bs-128_lr-0.001_maxepoch-50_testyear-2010_win-3_nwin-10_seed-0/model-4

----- Epoch 5 (windowed) -----

###### Windowed train epoch 5 overall metrics
  loss: 0.5359 rmse: 27.740 r2: 0.003 corr: 0.060
***** Epoch 5 Val (windowed) *****
  loss: 0.2410 rmse: 27.737 r2: 0.003 corr: 0.062
********************
***** Epoch 5 Test (windowed) *****
  loss: 0.2408 rmse: 17.467 r2: 0.010 corr: 0.105
********************
  Epoch 5 done in 8.5s
  Saved best model → model/FIM_restoration_0412_stations_monthly/2010/gat-rnn-v2-windowed_bs-128_lr-0.001_maxepoch-50_testyear-2010_win-3_nwin-10_seed-0/model-5

----- Epoch 6 (windowed) -----

###### Windowed train epoch 6 overall metrics
  loss: 0.5278 rmse: 27.744 r2: 0.003 corr: 0.056
***** Epoch 6 Val (windowed) *****
  loss: 0.2369 rmse: 27.735 r2: 0.004 corr: 0.063
********************
***** Epoch 6 Test (windowed) *****
  loss: 0.2354 rmse: 17.462 r2: 0.011 corr: 0.109
********************
  Epoch 6 done in 8.5s
  Saved best model → model/FIM_restoration_0412_stations_monthly/2010/gat-rnn-v2-windowed_bs-128_lr-0.001_maxepoch-50_testyear-2010_win-3_nwin-10_seed-0/model-6

----- Epoch 7 (windowed) -----

###### Windowed train epoch 7 overall metrics
  loss: 0.5171 rmse: 27.741 r2: 0.003 corr: 0.058
***** Epoch 7 Val (windowed) *****
  loss: 0.2314 rmse: 27.732 r2: 0.004 corr: 0.065
********************
***** Epoch 7 Test (windowed) *****
  loss: 0.2328 rmse: 17.459 r2: 0.011 corr: 0.111
********************
  Epoch 7 done in 8.8s
  Saved best model → model/FIM_restoration_0412_stations_monthly/2010/gat-rnn-v2-windowed_bs-128_lr-0.001_maxepoch-50_testyear-2010_win-3_nwin-10_seed-0/model-7

----- Epoch 8 (windowed) -----

###### Windowed train epoch 8 overall metrics
  loss: 0.5095 rmse: 27.736 r2: 0.004 corr: 0.062
***** Epoch 8 Val (windowed) *****
  loss: 0.2276 rmse: 27.727 r2: 0.004 corr: 0.069
********************
***** Epoch 8 Test (windowed) *****
  loss: 0.2276 rmse: 17.453 r2: 0.012 corr: 0.116
********************
  Epoch 8 done in 9.0s
  Saved best model → model/FIM_restoration_0412_stations_monthly/2010/gat-rnn-v2-windowed_bs-128_lr-0.001_maxepoch-50_testyear-2010_win-3_nwin-10_seed-0/model-8

----- Epoch 9 (windowed) -----

###### Windowed train epoch 9 overall metrics
  loss: 0.5014 rmse: 27.726 r2: 0.004 corr: 0.067
***** Epoch 9 Val (windowed) *****
  loss: 0.2248 rmse: 27.723 r2: 0.005 corr: 0.069
********************
***** Epoch 9 Test (windowed) *****
  loss: 0.2285 rmse: 17.445 r2: 0.013 corr: 0.116
********************
  Epoch 9 done in 8.7s
  Saved best model → model/FIM_restoration_0412_stations_monthly/2010/gat-rnn-v2-windowed_bs-128_lr-0.001_maxepoch-50_testyear-2010_win-3_nwin-10_seed-0/model-9

----- Epoch 10 (windowed) -----

###### Windowed train epoch 10 overall metrics
  loss: 0.4954 rmse: 27.723 r2: 0.005 corr: 0.069
***** Epoch 10 Val (windowed) *****
  loss: 0.2209 rmse: 27.718 r2: 0.005 corr: 0.074
********************
***** Epoch 10 Test (windowed) *****
  loss: 0.2225 rmse: 17.436 r2: 0.014 corr: 0.125
********************
  Epoch 10 done in 8.7s
  Saved best model → model/FIM_restoration_0412_stations_monthly/2010/gat-rnn-v2-windowed_bs-128_lr-0.001_maxepoch-50_testyear-2010_win-3_nwin-10_seed-0/model-10

----- Epoch 11 (windowed) -----

###### Windowed train epoch 11 overall metrics
  loss: 0.4875 rmse: 27.719 r2: 0.005 corr: 0.071
***** Epoch 11 Val (windowed) *****
  loss: 0.2175 rmse: 27.711 r2: 0.005 corr: 0.076
********************
***** Epoch 11 Test (windowed) *****
  loss: 0.2215 rmse: 17.418 r2: 0.016 corr: 0.131
********************
  Epoch 11 done in 8.9s
  Saved best model → model/FIM_restoration_0412_stations_monthly/2010/gat-rnn-v2-windowed_bs-128_lr-0.001_maxepoch-50_testyear-2010_win-3_nwin-10_seed-0/model-11

----- Epoch 12 (windowed) -----

###### Windowed train epoch 12 overall metrics
  loss: 0.4820 rmse: 27.716 r2: 0.005 corr: 0.072
***** Epoch 12 Val (windowed) *****
  loss: 0.2146 rmse: 27.704 r2: 0.006 corr: 0.079
********************
***** Epoch 12 Test (windowed) *****
  loss: 0.2194 rmse: 17.406 r2: 0.017 corr: 0.137
********************
  Epoch 12 done in 9.1s
  Saved best model → model/FIM_restoration_0412_stations_monthly/2010/gat-rnn-v2-windowed_bs-128_lr-0.001_maxepoch-50_testyear-2010_win-3_nwin-10_seed-0/model-12

----- Epoch 13 (windowed) -----

###### Windowed train epoch 13 overall metrics
  loss: 0.4776 rmse: 27.704 r2: 0.006 corr: 0.080
***** Epoch 13 Val (windowed) *****
  loss: 0.2123 rmse: 27.699 r2: 0.006 corr: 0.081
********************
***** Epoch 13 Test (windowed) *****
  loss: 0.2154 rmse: 17.400 r2: 0.018 corr: 0.139
********************
  Epoch 13 done in 9.0s
  Saved best model → model/FIM_restoration_0412_stations_monthly/2010/gat-rnn-v2-windowed_bs-128_lr-0.001_maxepoch-50_testyear-2010_win-3_nwin-10_seed-0/model-13

----- Epoch 14 (windowed) -----

###### Windowed train epoch 14 overall metrics
  loss: 0.4716 rmse: 27.703 r2: 0.006 corr: 0.079
***** Epoch 14 Val (windowed) *****
  loss: 0.2090 rmse: 27.694 r2: 0.007 corr: 0.083
********************
***** Epoch 14 Test (windowed) *****
  loss: 0.2140 rmse: 17.391 r2: 0.019 corr: 0.141
********************
  Epoch 14 done in 9.2s
  Saved best model → model/FIM_restoration_0412_stations_monthly/2010/gat-rnn-v2-windowed_bs-128_lr-0.001_maxepoch-50_testyear-2010_win-3_nwin-10_seed-0/model-14

----- Epoch 15 (windowed) -----

###### Windowed train epoch 15 overall metrics
  loss: 0.4678 rmse: 27.705 r2: 0.006 corr: 0.077
***** Epoch 15 Val (windowed) *****
  loss: 0.2072 rmse: 27.694 r2: 0.007 corr: 0.082
********************
***** Epoch 15 Test (windowed) *****
  loss: 0.2123 rmse: 17.386 r2: 0.019 corr: 0.141
********************
  Epoch 15 done in 9.0s

----- Epoch 16 (windowed) -----

###### Windowed train epoch 16 overall metrics
  loss: 0.4626 rmse: 27.702 r2: 0.006 corr: 0.079
***** Epoch 16 Val (windowed) *****
  loss: 0.2045 rmse: 27.690 r2: 0.007 corr: 0.089
********************
***** Epoch 16 Test (windowed) *****
  loss: 0.2096 rmse: 17.396 r2: 0.018 corr: 0.144
********************
  Epoch 16 done in 9.2s
  Saved best model → model/FIM_restoration_0412_stations_monthly/2010/gat-rnn-v2-windowed_bs-128_lr-0.001_maxepoch-50_testyear-2010_win-3_nwin-10_seed-0/model-16

----- Epoch 17 (windowed) -----

###### Windowed train epoch 17 overall metrics
  loss: 0.4568 rmse: 27.682 r2: 0.007 corr: 0.090
***** Epoch 17 Val (windowed) *****
  loss: 0.2018 rmse: 27.686 r2: 0.007 corr: 0.089
********************
***** Epoch 17 Test (windowed) *****
  loss: 0.2073 rmse: 17.392 r2: 0.019 corr: 0.142
********************
  Epoch 17 done in 9.2s
  Saved best model → model/FIM_restoration_0412_stations_monthly/2010/gat-rnn-v2-windowed_bs-128_lr-0.001_maxepoch-50_testyear-2010_win-3_nwin-10_seed-0/model-17

----- Epoch 18 (windowed) -----

###### Windowed train epoch 18 overall metrics
  loss: 0.4512 rmse: 27.689 r2: 0.007 corr: 0.086
***** Epoch 18 Val (windowed) *****
  loss: 0.1991 rmse: 27.686 r2: 0.007 corr: 0.087
********************
***** Epoch 18 Test (windowed) *****
  loss: 0.2055 rmse: 17.385 r2: 0.019 corr: 0.143
********************
  Epoch 18 done in 9.1s
  Saved best model → model/FIM_restoration_0412_stations_monthly/2010/gat-rnn-v2-windowed_bs-128_lr-0.001_maxepoch-50_testyear-2010_win-3_nwin-10_seed-0/model-18

----- Epoch 19 (windowed) -----

###### Windowed train epoch 19 overall metrics
  loss: 0.4464 rmse: 27.681 r2: 0.008 corr: 0.092
***** Epoch 19 Val (windowed) *****
  loss: 0.1948 rmse: 27.685 r2: 0.007 corr: 0.089
********************
***** Epoch 19 Test (windowed) *****
  loss: 0.2030 rmse: 17.379 r2: 0.020 corr: 0.147
********************
  Epoch 19 done in 9.3s
  Saved best model → model/FIM_restoration_0412_stations_monthly/2010/gat-rnn-v2-windowed_bs-128_lr-0.001_maxepoch-50_testyear-2010_win-3_nwin-10_seed-0/model-19

----- Epoch 20 (windowed) -----

###### Windowed train epoch 20 overall metrics
  loss: 0.4388 rmse: 27.693 r2: 0.007 corr: 0.084
***** Epoch 20 Val (windowed) *****
  loss: 0.1917 rmse: 27.683 r2: 0.007 corr: 0.087
********************
***** Epoch 20 Test (windowed) *****
  loss: 0.2000 rmse: 17.370 r2: 0.021 corr: 0.147
********************
  Epoch 20 done in 8.8s
  Saved best model → model/FIM_restoration_0412_stations_monthly/2010/gat-rnn-v2-windowed_bs-128_lr-0.001_maxepoch-50_testyear-2010_win-3_nwin-10_seed-0/model-20

----- Epoch 21 (windowed) -----

###### Windowed train epoch 21 overall metrics
  loss: 0.4350 rmse: 27.678 r2: 0.008 corr: 0.091
***** Epoch 21 Val (windowed) *****
  loss: 0.1951 rmse: 27.676 r2: 0.008 corr: 0.089
********************
***** Epoch 21 Test (windowed) *****
  loss: 0.2089 rmse: 17.356 r2: 0.023 corr: 0.151
********************
  Epoch 21 done in 9.1s
  Saved best model → model/FIM_restoration_0412_stations_monthly/2010/gat-rnn-v2-windowed_bs-128_lr-0.001_maxepoch-50_testyear-2010_win-3_nwin-10_seed-0/model-21

----- Epoch 22 (windowed) -----

###### Windowed train epoch 22 overall metrics
  loss: 0.4320 rmse: 27.689 r2: 0.007 corr: 0.084
***** Epoch 22 Val (windowed) *****
  loss: 0.1868 rmse: 27.673 r2: 0.008 corr: 0.092
********************
***** Epoch 22 Test (windowed) *****
  loss: 0.2018 rmse: 17.360 r2: 0.022 corr: 0.152
********************
  Epoch 22 done in 8.8s
  Saved best model → model/FIM_restoration_0412_stations_monthly/2010/gat-rnn-v2-windowed_bs-128_lr-0.001_maxepoch-50_testyear-2010_win-3_nwin-10_seed-0/model-22

----- Epoch 23 (windowed) -----

###### Windowed train epoch 23 overall metrics
  loss: 0.4258 rmse: 27.690 r2: 0.007 corr: 0.084
***** Epoch 23 Val (windowed) *****
  loss: 0.1837 rmse: 27.668 r2: 0.008 corr: 0.096
********************
***** Epoch 23 Test (windowed) *****
  loss: 0.1979 rmse: 17.355 r2: 0.023 corr: 0.157
********************
  Epoch 23 done in 8.9s
  Saved best model → model/FIM_restoration_0412_stations_monthly/2010/gat-rnn-v2-windowed_bs-128_lr-0.001_maxepoch-50_testyear-2010_win-3_nwin-10_seed-0/model-23

----- Epoch 24 (windowed) -----

###### Windowed train epoch 24 overall metrics
  loss: 0.4187 rmse: 27.679 r2: 0.008 corr: 0.091
***** Epoch 24 Val (windowed) *****
  loss: 0.1805 rmse: 27.667 r2: 0.009 corr: 0.094
********************
***** Epoch 24 Test (windowed) *****
  loss: 0.1967 rmse: 17.364 r2: 0.022 corr: 0.150
********************
  Epoch 24 done in 9.2s
  Saved best model → model/FIM_restoration_0412_stations_monthly/2010/gat-rnn-v2-windowed_bs-128_lr-0.001_maxepoch-50_testyear-2010_win-3_nwin-10_seed-0/model-24

----- Epoch 25 (windowed) -----

###### Windowed train epoch 25 overall metrics
  loss: 0.4121 rmse: 27.673 r2: 0.008 corr: 0.091
***** Epoch 25 Val (windowed) *****
  loss: 0.1768 rmse: 27.663 r2: 0.009 corr: 0.097
********************
***** Epoch 25 Test (windowed) *****
  loss: 0.1914 rmse: 17.356 r2: 0.023 corr: 0.155
********************
  Epoch 25 done in 8.8s
  Saved best model → model/FIM_restoration_0412_stations_monthly/2010/gat-rnn-v2-windowed_bs-128_lr-0.001_maxepoch-50_testyear-2010_win-3_nwin-10_seed-0/model-25

----- Epoch 26 (windowed) -----

###### Windowed train epoch 26 overall metrics
  loss: 0.4078 rmse: 27.662 r2: 0.009 corr: 0.097
***** Epoch 26 Val (windowed) *****
  loss: 0.1747 rmse: 27.662 r2: 0.009 corr: 0.097
********************
***** Epoch 26 Test (windowed) *****
  loss: 0.1954 rmse: 17.352 r2: 0.023 corr: 0.156
********************
  Epoch 26 done in 8.5s
  Saved best model → model/FIM_restoration_0412_stations_monthly/2010/gat-rnn-v2-windowed_bs-128_lr-0.001_maxepoch-50_testyear-2010_win-3_nwin-10_seed-0/model-26

----- Epoch 27 (windowed) -----

###### Windowed train epoch 27 overall metrics
  loss: 0.4012 rmse: 27.663 r2: 0.009 corr: 0.095
***** Epoch 27 Val (windowed) *****
  loss: 0.1722 rmse: 27.655 r2: 0.009 corr: 0.098
********************
***** Epoch 27 Test (windowed) *****
  loss: 0.1937 rmse: 17.347 r2: 0.024 corr: 0.155
********************
  Epoch 27 done in 9.5s
  Saved best model → model/FIM_restoration_0412_stations_monthly/2010/gat-rnn-v2-windowed_bs-128_lr-0.001_maxepoch-50_testyear-2010_win-3_nwin-10_seed-0/model-27

----- Epoch 28 (windowed) -----

###### Windowed train epoch 28 overall metrics
  loss: 0.3991 rmse: 27.665 r2: 0.009 corr: 0.093
***** Epoch 28 Val (windowed) *****
  loss: 0.1759 rmse: 27.649 r2: 0.010 corr: 0.100
********************
***** Epoch 28 Test (windowed) *****
  loss: 0.1837 rmse: 17.335 r2: 0.025 corr: 0.159
********************
  Epoch 28 done in 9.0s
  Saved best model → model/FIM_restoration_0412_stations_monthly/2010/gat-rnn-v2-windowed_bs-128_lr-0.001_maxepoch-50_testyear-2010_win-3_nwin-10_seed-0/model-28

----- Epoch 29 (windowed) -----

###### Windowed train epoch 29 overall metrics
  loss: 0.3948 rmse: 27.668 r2: 0.008 corr: 0.093
***** Epoch 29 Val (windowed) *****
  loss: 0.1673 rmse: 27.655 r2: 0.009 corr: 0.101
********************
***** Epoch 29 Test (windowed) *****
  loss: 0.1911 rmse: 17.358 r2: 0.023 corr: 0.155
********************
  Epoch 29 done in 8.6s

----- Epoch 30 (windowed) -----

###### Windowed train epoch 30 overall metrics
  loss: 0.3868 rmse: 27.639 r2: 0.011 corr: 0.106
***** Epoch 30 Val (windowed) *****
  loss: 0.1649 rmse: 27.646 r2: 0.010 corr: 0.103
********************
***** Epoch 30 Test (windowed) *****
  loss: 0.1902 rmse: 17.348 r2: 0.024 corr: 0.157
********************
  Epoch 30 done in 8.7s
  Saved best model → model/FIM_restoration_0412_stations_monthly/2010/gat-rnn-v2-windowed_bs-128_lr-0.001_maxepoch-50_testyear-2010_win-3_nwin-10_seed-0/model-30

----- Epoch 31 (windowed) -----

###### Windowed train epoch 31 overall metrics
  loss: 0.3819 rmse: 27.657 r2: 0.009 corr: 0.097
***** Epoch 31 Val (windowed) *****
  loss: 0.1612 rmse: 27.639 r2: 0.011 corr: 0.105
********************
***** Epoch 31 Test (windowed) *****
  loss: 0.1839 rmse: 17.347 r2: 0.024 corr: 0.156
********************
  Epoch 31 done in 9.6s
  Saved best model → model/FIM_restoration_0412_stations_monthly/2010/gat-rnn-v2-windowed_bs-128_lr-0.001_maxepoch-50_testyear-2010_win-3_nwin-10_seed-0/model-31

----- Epoch 32 (windowed) -----

###### Windowed train epoch 32 overall metrics
  loss: 0.3780 rmse: 27.631 r2: 0.011 corr: 0.106
***** Epoch 32 Val (windowed) *****
  loss: 0.1600 rmse: 27.636 r2: 0.011 corr: 0.105
********************
***** Epoch 32 Test (windowed) *****
  loss: 0.1934 rmse: 17.334 r2: 0.025 corr: 0.160
********************
  Epoch 32 done in 9.1s
  Saved best model → model/FIM_restoration_0412_stations_monthly/2010/gat-rnn-v2-windowed_bs-128_lr-0.001_maxepoch-50_testyear-2010_win-3_nwin-10_seed-0/model-32

----- Epoch 33 (windowed) -----

###### Windowed train epoch 33 overall metrics
  loss: 0.3741 rmse: 27.638 r2: 0.011 corr: 0.104
***** Epoch 33 Val (windowed) *****
  loss: 0.1574 rmse: 27.630 r2: 0.011 corr: 0.109
********************
***** Epoch 33 Test (windowed) *****
  loss: 0.1835 rmse: 17.329 r2: 0.026 corr: 0.165
********************
  Epoch 33 done in 9.2s
  Saved best model → model/FIM_restoration_0412_stations_monthly/2010/gat-rnn-v2-windowed_bs-128_lr-0.001_maxepoch-50_testyear-2010_win-3_nwin-10_seed-0/model-33

----- Epoch 34 (windowed) -----

###### Windowed train epoch 34 overall metrics
  loss: 0.3693 rmse: 27.645 r2: 0.010 corr: 0.101
***** Epoch 34 Val (windowed) *****
  loss: 0.1548 rmse: 27.629 r2: 0.011 corr: 0.111
********************
***** Epoch 34 Test (windowed) *****
  loss: 0.1903 rmse: 17.331 r2: 0.026 corr: 0.167
********************
  Epoch 34 done in 8.7s
  Saved best model → model/FIM_restoration_0412_stations_monthly/2010/gat-rnn-v2-windowed_bs-128_lr-0.001_maxepoch-50_testyear-2010_win-3_nwin-10_seed-0/model-34

----- Epoch 35 (windowed) -----

###### Windowed train epoch 35 overall metrics
  loss: 0.3681 rmse: 27.648 r2: 0.010 corr: 0.101
***** Epoch 35 Val (windowed) *****
  loss: 0.1536 rmse: 27.617 r2: 0.012 corr: 0.112
********************
***** Epoch 35 Test (windowed) *****
  loss: 0.1851 rmse: 17.313 r2: 0.028 corr: 0.169
********************
  Epoch 35 done in 9.0s
  Saved best model → model/FIM_restoration_0412_stations_monthly/2010/gat-rnn-v2-windowed_bs-128_lr-0.001_maxepoch-50_testyear-2010_win-3_nwin-10_seed-0/model-35

----- Epoch 36 (windowed) -----

###### Windowed train epoch 36 overall metrics
  loss: 0.3658 rmse: 27.630 r2: 0.011 corr: 0.109
***** Epoch 36 Val (windowed) *****
  loss: 0.1526 rmse: 27.609 r2: 0.013 corr: 0.114
********************
***** Epoch 36 Test (windowed) *****
  loss: 0.1838 rmse: 17.300 r2: 0.029 corr: 0.173
********************
  Epoch 36 done in 8.7s
  Saved best model → model/FIM_restoration_0412_stations_monthly/2010/gat-rnn-v2-windowed_bs-128_lr-0.001_maxepoch-50_testyear-2010_win-3_nwin-10_seed-0/model-36

----- Epoch 37 (windowed) -----

###### Windowed train epoch 37 overall metrics
  loss: 0.3624 rmse: 27.625 r2: 0.012 corr: 0.108
***** Epoch 37 Val (windowed) *****
  loss: 0.1499 rmse: 27.611 r2: 0.013 corr: 0.115
********************
***** Epoch 37 Test (windowed) *****
  loss: 0.1898 rmse: 17.295 r2: 0.030 corr: 0.177
********************
  Epoch 37 done in 8.6s

----- Epoch 38 (windowed) -----

###### Windowed train epoch 38 overall metrics
  loss: 0.3570 rmse: 27.635 r2: 0.011 corr: 0.105
***** Epoch 38 Val (windowed) *****
  loss: 0.1492 rmse: 27.621 r2: 0.012 corr: 0.114
********************
***** Epoch 38 Test (windowed) *****
  loss: 0.1983 rmse: 17.323 r2: 0.026 corr: 0.169
********************
  Epoch 38 done in 8.8s

----- Epoch 39 (windowed) -----

###### Windowed train epoch 39 overall metrics
  loss: 0.3547 rmse: 27.625 r2: 0.012 corr: 0.110
***** Epoch 39 Val (windowed) *****
  loss: 0.1474 rmse: 27.610 r2: 0.013 corr: 0.117
********************
***** Epoch 39 Test (windowed) *****
  loss: 0.1833 rmse: 17.307 r2: 0.028 corr: 0.174
********************
  Epoch 39 done in 8.8s

----- Epoch 40 (windowed) -----

###### Windowed train epoch 40 overall metrics
  loss: 0.3535 rmse: 27.646 r2: 0.010 corr: 0.101
***** Epoch 40 Val (windowed) *****
  loss: 0.1499 rmse: 27.612 r2: 0.012 corr: 0.115
********************
***** Epoch 40 Test (windowed) *****
  loss: 0.2152 rmse: 17.289 r2: 0.030 corr: 0.181
********************
  Epoch 40 done in 8.6s

----- Epoch 41 (windowed) -----

###### Windowed train epoch 41 overall metrics
  loss: 0.3517 rmse: 27.615 r2: 0.012 corr: 0.113
***** Epoch 41 Val (windowed) *****
  loss: 0.1452 rmse: 27.614 r2: 0.012 corr: 0.121
********************
***** Epoch 41 Test (windowed) *****
  loss: 0.1857 rmse: 17.311 r2: 0.028 corr: 0.182
********************
  Epoch 41 done in 8.9s

----- Epoch 42 (windowed) -----

###### Windowed train epoch 42 overall metrics
  loss: 0.3470 rmse: 27.591 r2: 0.014 corr: 0.123
***** Epoch 42 Val (windowed) *****
  loss: 0.1452 rmse: 27.595 r2: 0.014 corr: 0.118
********************
***** Epoch 42 Test (windowed) *****
  loss: 0.1862 rmse: 17.254 r2: 0.034 corr: 0.192
********************
  Epoch 42 done in 8.9s
  Saved best model → model/FIM_restoration_0412_stations_monthly/2010/gat-rnn-v2-windowed_bs-128_lr-0.001_maxepoch-50_testyear-2010_win-3_nwin-10_seed-0/model-42

----- Epoch 43 (windowed) -----

###### Windowed train epoch 43 overall metrics
  loss: 0.3467 rmse: 27.602 r2: 0.013 corr: 0.118
***** Epoch 43 Val (windowed) *****
  loss: 0.1425 rmse: 27.599 r2: 0.013 corr: 0.120
********************
***** Epoch 43 Test (windowed) *****
  loss: 0.2015 rmse: 17.278 r2: 0.032 corr: 0.186
********************
  Epoch 43 done in 8.7s

----- Epoch 44 (windowed) -----

###### Windowed train epoch 44 overall metrics
  loss: 0.3418 rmse: 27.593 r2: 0.014 corr: 0.119
***** Epoch 44 Val (windowed) *****
  loss: 0.1412 rmse: 27.603 r2: 0.013 corr: 0.120
********************
***** Epoch 44 Test (windowed) *****
  loss: 0.1961 rmse: 17.298 r2: 0.029 corr: 0.178
********************
  Epoch 44 done in 8.7s

----- Epoch 45 (windowed) -----

###### Windowed train epoch 45 overall metrics
  loss: 0.3409 rmse: 27.626 r2: 0.011 corr: 0.109
***** Epoch 45 Val (windowed) *****
  loss: 0.1418 rmse: 27.593 r2: 0.014 corr: 0.122
********************
***** Epoch 45 Test (windowed) *****
  loss: 0.1847 rmse: 17.266 r2: 0.033 corr: 0.190
********************
  Epoch 45 done in 8.8s
  Saved best model → model/FIM_restoration_0412_stations_monthly/2010/gat-rnn-v2-windowed_bs-128_lr-0.001_maxepoch-50_testyear-2010_win-3_nwin-10_seed-0/model-45

----- Epoch 46 (windowed) -----

###### Windowed train epoch 46 overall metrics
  loss: 0.3413 rmse: 27.607 r2: 0.013 corr: 0.116
***** Epoch 46 Val (windowed) *****
  loss: 0.1428 rmse: 27.595 r2: 0.014 corr: 0.122
********************
***** Epoch 46 Test (windowed) *****
  loss: 0.2175 rmse: 17.267 r2: 0.033 corr: 0.190
********************
  Epoch 46 done in 9.8s

----- Epoch 47 (windowed) -----

###### Windowed train epoch 47 overall metrics
  loss: 0.3400 rmse: 27.611 r2: 0.013 corr: 0.113
***** Epoch 47 Val (windowed) *****
  loss: 0.1398 rmse: 27.590 r2: 0.014 corr: 0.123
********************
***** Epoch 47 Test (windowed) *****
  loss: 0.2079 rmse: 17.259 r2: 0.034 corr: 0.193
********************
  Epoch 47 done in 9.9s
  Saved best model → model/FIM_restoration_0412_stations_monthly/2010/gat-rnn-v2-windowed_bs-128_lr-0.001_maxepoch-50_testyear-2010_win-3_nwin-10_seed-0/model-47

----- Epoch 48 (windowed) -----

###### Windowed train epoch 48 overall metrics
  loss: 0.3368 rmse: 27.626 r2: 0.011 corr: 0.108
***** Epoch 48 Val (windowed) *****
  loss: 0.1385 rmse: 27.606 r2: 0.013 corr: 0.124
********************
***** Epoch 48 Test (windowed) *****
  loss: 0.1948 rmse: 17.291 r2: 0.030 corr: 0.189
********************
  Epoch 48 done in 8.8s

----- Epoch 49 (windowed) -----

###### Windowed train epoch 49 overall metrics
  loss: 0.3336 rmse: 27.630 r2: 0.011 corr: 0.114
***** Epoch 49 Val (windowed) *****
  loss: 0.1379 rmse: 27.593 r2: 0.014 corr: 0.124
********************
***** Epoch 49 Test (windowed) *****
  loss: 0.1940 rmse: 17.274 r2: 0.032 corr: 0.188
********************
  Epoch 49 done in 8.5s
Fold done — best val RMSE=27.5902 test R²=0.0337 corr=0.1928

================================================================
Rolling-windowed  test_year=2011
  Val  : 2010
  Test : 2011
  win_size=3  n_windows=10
================================================================
Initially data (54319, 166)
After filtering (27035, 166)
get_X_Y
X shape (27035, 130)
Y shape (27035, 34)
Y (output) means tensor([[0.1433, 0.0123, 0.2580, 0.1637, 0.0142, 0.0620, 0.1670, 0.6468, 0.8690,
         0.0225, 0.0438, 0.0141, 0.0728, 0.1453, 1.0233, 0.9476, 0.3614, 0.4128,
         0.9893, 0.3953, 0.1965, 0.2300, 0.4255, 0.1722, 0.4063, 0.4753, 0.2938,
         0.6298, 0.5302, 0.1537, 0.2539, 0.0989, 0.1329, 0.1357]]) stds tensor([[0.4733, 0.1385, 0.6345, 0.5865, 0.1426, 0.3028, 0.5300, 1.4344, 1.5972,
         0.1881, 0.2859, 0.1611, 0.4009, 0.4589, 2.1098, 1.6306, 0.8817, 1.2075,
         1.7242, 0.9377, 0.5496, 0.7061, 1.1105, 0.5819, 1.0044, 1.0518, 0.7346,
         1.3702, 1.0575, 0.4522, 0.8024, 0.3294, 0.4019, 0.3823]])
Y count-scale means tensor([[4.7390e-01, 3.6249e-02, 1.0112e+00, 8.9239e-01, 3.8302e-02, 1.9247e-01,
         6.2641e-01, 1.4104e+01, 2.9596e+01, 6.6515e-02, 1.8295e-01, 4.9089e-02,
         4.9762e-01, 4.4552e-01, 2.6660e+02, 2.0438e+01, 2.9268e+00, 1.6256e+01,
         3.3960e+01, 3.2358e+00, 6.6769e-01, 1.6551e+00, 8.3635e+00, 1.5776e+00,
         3.6536e+00, 4.3682e+00, 1.3987e+00, 2.3759e+01, 6.2606e+00, 4.6910e-01,
         2.8434e+00, 2.0811e-01, 3.1891e-01, 2.8707e-01]]) stds tensor([[3.1711e+00, 6.6853e-01, 6.0830e+00, 6.8677e+00, 6.4214e-01, 2.0271e+00,
         4.0717e+00, 7.0289e+01, 2.1602e+02, 8.7238e-01, 2.6325e+00, 8.1717e-01,
         9.0924e+00, 2.7965e+00, 3.0861e+03, 9.5310e+01, 2.1287e+01, 1.9488e+02,
         2.6721e+02, 1.8929e+01, 3.5348e+00, 1.5795e+01, 7.8964e+01, 5.0309e+01,
         1.7370e+01, 2.3795e+01, 7.5360e+00, 4.4037e+02, 7.4028e+01, 5.5553e+00,
         2.6187e+01, 9.6126e-01, 1.5259e+00, 1.1650e+00]])
Loaded per-window (calendar) month weights from analysis/figures/month_weights_per_window.npz: cube.shape=(25, 12, 34)
/Users/liyingnceas/GitHub/GNN-RNN-main/gnn-lstm-v3/utils/data_utils.py:264: RuntimeWarning: Mean of empty slice
  np.nanmean(county_dict[county], axis=0).astype(np.float32)
Filled 67759 missing (node, year) entries from neighbors or year averages
[2D] Station nodes: 586, adj nnz: 2905
[build_year_XY_windowed] data_start=1998, min_pred_year=2009, test_year=2011, win_size=3, n_windows=10
  built windows for T=2009
[build_year_XY_windowed] built windowed XY for 3 prediction years (2009–2011)
  GAT_RNN_V2: edge_feat_dim=3, n_heads=4, n_hidden=64
  [Bayes] Species rarity weights (mean=1): min=0.72 max=1.61  (rarest=Centropomus undecimalis_SA)
  [CrossDonor] Ecological cross-donor map (9 recipients):
    Centropomus undecimalis_A  <-  ['Cynoscion nebulosus_R', 'Cynoscion nebulosus_A']
    Centropomus undecimalis_SA  <-  ['Cynoscion nebulosus_R', 'Centropomus undecimalis_A']
    Sciaenops ocellatus_R  <-  ['Cynoscion nebulosus_R', 'Cynoscion nebulosus_A']
    Sciaenops ocellatus_SA  <-  ['Cynoscion nebulosus_R', 'Cynoscion nebulosus_A']
    Cynoscion nebulosus_A  <-  ['Cynoscion nebulosus_R', 'Lagodon rhomboides_A']
    Mycteroperca microlepis_SA  <-  ['Lutjanus griseus_SA', 'Lutjanus griseus_R']
    Lutjanus griseus_R  <-  ['Archosargus probatocephalus_A', 'Lutjanus griseus_SA']
    Lutjanus griseus_SA  <-  ['Archosargus probatocephalus_A']
    Archosargus probatocephalus_R  <-  ['Archosargus probatocephalus_A', 'Lagodon rhomboides_A']
  [BayesTransferMapped] 9 recipient → donor mappings:
    recipient   3 <- donors [6, 5]
    recipient   4 <- donors [6, 3]
    recipient  12 <- donors [6, 5]
    recipient  13 <- donors [6, 5]
    recipient   5 <- donors [6, 7]
    recipient  11 <- donors [10, 9]
    recipient   9 <- donors [0, 10]
    recipient  10 <- donors [0]
    recipient   1 <- donors [0, 7]
  [BayesTransferMapped] transfer_prior_std=0.600  warmstart_alpha=0.25

----- Epoch 0 (windowed) -----

###### Windowed train epoch 0 overall metrics
  loss: 0.6056 rmse: 23.225 r2: 0.002 corr: 0.064
***** Epoch 0 Val (windowed) *****
  loss: 0.2614 rmse: 17.524 r2: 0.004 corr: 0.086
********************
***** Epoch 0 Test (windowed) *****
  loss: 0.2616 rmse: 30.248 r2: 0.002 corr: 0.057
********************
  Epoch 0 done in 13.2s
  Saved best model → model/FIM_restoration_0412_stations_monthly/2011/gat-rnn-v2-windowed_bs-128_lr-0.001_maxepoch-50_testyear-2011_win-3_nwin-10_seed-0/model-0

----- Epoch 1 (windowed) -----

###### Windowed train epoch 1 overall metrics
  loss: 0.5615 rmse: 23.205 r2: 0.003 corr: 0.068
***** Epoch 1 Val (windowed) *****
  loss: 0.2523 rmse: 17.499 r2: 0.007 corr: 0.093
********************
***** Epoch 1 Test (windowed) *****
  loss: 0.2520 rmse: 30.232 r2: 0.003 corr: 0.059
********************
  Epoch 1 done in 12.6s
  Saved best model → model/FIM_restoration_0412_stations_monthly/2011/gat-rnn-v2-windowed_bs-128_lr-0.001_maxepoch-50_testyear-2011_win-3_nwin-10_seed-0/model-1

----- Epoch 2 (windowed) -----

###### Windowed train epoch 2 overall metrics
  loss: 0.5393 rmse: 23.196 r2: 0.004 corr: 0.070
***** Epoch 2 Val (windowed) *****
  loss: 0.2405 rmse: 17.482 r2: 0.009 corr: 0.100
********************
***** Epoch 2 Test (windowed) *****
  loss: 0.2436 rmse: 30.222 r2: 0.003 corr: 0.063
********************
  Epoch 2 done in 12.6s
  Saved best model → model/FIM_restoration_0412_stations_monthly/2011/gat-rnn-v2-windowed_bs-128_lr-0.001_maxepoch-50_testyear-2011_win-3_nwin-10_seed-0/model-2

----- Epoch 3 (windowed) -----

###### Windowed train epoch 3 overall metrics
  loss: 0.5215 rmse: 23.187 r2: 0.005 corr: 0.071
***** Epoch 3 Val (windowed) *****
  loss: 0.2325 rmse: 17.471 r2: 0.010 corr: 0.102
********************
***** Epoch 3 Test (windowed) *****
  loss: 0.2357 rmse: 30.214 r2: 0.004 corr: 0.065
********************
  Epoch 3 done in 12.4s
  Saved best model → model/FIM_restoration_0412_stations_monthly/2011/gat-rnn-v2-windowed_bs-128_lr-0.001_maxepoch-50_testyear-2011_win-3_nwin-10_seed-0/model-3

----- Epoch 4 (windowed) -----

###### Windowed train epoch 4 overall metrics
  loss: 0.5085 rmse: 23.179 r2: 0.006 corr: 0.076
***** Epoch 4 Val (windowed) *****
  loss: 0.2264 rmse: 17.456 r2: 0.012 corr: 0.113
********************
***** Epoch 4 Test (windowed) *****
  loss: 0.2287 rmse: 30.204 r2: 0.004 corr: 0.072
********************
  Epoch 4 done in 12.7s
  Saved best model → model/FIM_restoration_0412_stations_monthly/2011/gat-rnn-v2-windowed_bs-128_lr-0.001_maxepoch-50_testyear-2011_win-3_nwin-10_seed-0/model-4

----- Epoch 5 (windowed) -----

###### Windowed train epoch 5 overall metrics
  loss: 0.4951 rmse: 23.169 r2: 0.006 corr: 0.081
***** Epoch 5 Val (windowed) *****
  loss: 0.2214 rmse: 17.437 r2: 0.014 corr: 0.124
********************
***** Epoch 5 Test (windowed) *****
  loss: 0.2230 rmse: 30.194 r2: 0.005 corr: 0.078
********************
  Epoch 5 done in 12.6s
  Saved best model → model/FIM_restoration_0412_stations_monthly/2011/gat-rnn-v2-windowed_bs-128_lr-0.001_maxepoch-50_testyear-2011_win-3_nwin-10_seed-0/model-5

----- Epoch 6 (windowed) -----

###### Windowed train epoch 6 overall metrics
  loss: 0.4850 rmse: 23.151 r2: 0.008 corr: 0.090
***** Epoch 6 Val (windowed) *****
  loss: 0.2147 rmse: 17.410 r2: 0.017 corr: 0.133
********************
***** Epoch 6 Test (windowed) *****
  loss: 0.2198 rmse: 30.179 r2: 0.006 corr: 0.083
********************
  Epoch 6 done in 12.5s
  Saved best model → model/FIM_restoration_0412_stations_monthly/2011/gat-rnn-v2-windowed_bs-128_lr-0.001_maxepoch-50_testyear-2011_win-3_nwin-10_seed-0/model-6

----- Epoch 7 (windowed) -----

###### Windowed train epoch 7 overall metrics
  loss: 0.4750 rmse: 23.156 r2: 0.007 corr: 0.088
***** Epoch 7 Val (windowed) *****
  loss: 0.2105 rmse: 17.409 r2: 0.017 corr: 0.143
********************
***** Epoch 7 Test (windowed) *****
  loss: 0.2182 rmse: 30.188 r2: 0.006 corr: 0.088
********************
  Epoch 7 done in 14.6s
  Saved best model → model/FIM_restoration_0412_stations_monthly/2011/gat-rnn-v2-windowed_bs-128_lr-0.001_maxepoch-50_testyear-2011_win-3_nwin-10_seed-0/model-7

----- Epoch 8 (windowed) -----

###### Windowed train epoch 8 overall metrics
  loss: 0.4661 rmse: 23.133 r2: 0.009 corr: 0.099
***** Epoch 8 Val (windowed) *****
  loss: 0.2074 rmse: 17.411 r2: 0.017 corr: 0.146
********************
***** Epoch 8 Test (windowed) *****
  loss: 0.2213 rmse: 30.196 r2: 0.005 corr: 0.087
********************
  Epoch 8 done in 13.9s

----- Epoch 9 (windowed) -----

###### Windowed train epoch 9 overall metrics
  loss: 0.4584 rmse: 23.138 r2: 0.009 corr: 0.096
***** Epoch 9 Val (windowed) *****
  loss: 0.2028 rmse: 17.396 r2: 0.019 corr: 0.145
********************
***** Epoch 9 Test (windowed) *****
  loss: 0.2215 rmse: 30.188 r2: 0.005 corr: 0.085
********************
  Epoch 9 done in 14.0s
  Saved best model → model/FIM_restoration_0412_stations_monthly/2011/gat-rnn-v2-windowed_bs-128_lr-0.001_maxepoch-50_testyear-2011_win-3_nwin-10_seed-0/model-9

----- Epoch 10 (windowed) -----

###### Windowed train epoch 10 overall metrics
  loss: 0.4495 rmse: 23.123 r2: 0.010 corr: 0.104
***** Epoch 10 Val (windowed) *****
  loss: 0.1971 rmse: 17.378 r2: 0.021 corr: 0.151
********************
***** Epoch 10 Test (windowed) *****
  loss: 0.2196 rmse: 30.180 r2: 0.006 corr: 0.089
********************
  Epoch 10 done in 13.5s
  Saved best model → model/FIM_restoration_0412_stations_monthly/2011/gat-rnn-v2-windowed_bs-128_lr-0.001_maxepoch-50_testyear-2011_win-3_nwin-10_seed-0/model-10

----- Epoch 11 (windowed) -----

###### Windowed train epoch 11 overall metrics
  loss: 0.4395 rmse: 23.121 r2: 0.010 corr: 0.103
***** Epoch 11 Val (windowed) *****
  loss: 0.1944 rmse: 17.342 r2: 0.025 corr: 0.160
********************
***** Epoch 11 Test (windowed) *****
  loss: 0.2106 rmse: 30.149 r2: 0.008 corr: 0.099
********************
  Epoch 11 done in 14.2s
  Saved best model → model/FIM_restoration_0412_stations_monthly/2011/gat-rnn-v2-windowed_bs-128_lr-0.001_maxepoch-50_testyear-2011_win-3_nwin-10_seed-0/model-11

----- Epoch 12 (windowed) -----

###### Windowed train epoch 12 overall metrics
  loss: 0.4311 rmse: 23.100 r2: 0.012 corr: 0.111
***** Epoch 12 Val (windowed) *****
  loss: 0.1860 rmse: 17.328 r2: 0.026 corr: 0.164
********************
***** Epoch 12 Test (windowed) *****
  loss: 0.2315 rmse: 30.142 r2: 0.009 corr: 0.100
********************
  Epoch 12 done in 13.8s
  Saved best model → model/FIM_restoration_0412_stations_monthly/2011/gat-rnn-v2-windowed_bs-128_lr-0.001_maxepoch-50_testyear-2011_win-3_nwin-10_seed-0/model-12

----- Epoch 13 (windowed) -----

###### Windowed train epoch 13 overall metrics
  loss: 0.4204 rmse: 23.091 r2: 0.013 corr: 0.115
***** Epoch 13 Val (windowed) *****
  loss: 0.1812 rmse: 17.314 r2: 0.028 corr: 0.168
********************
***** Epoch 13 Test (windowed) *****
  loss: 0.2606 rmse: 30.142 r2: 0.009 corr: 0.100
********************
  Epoch 13 done in 14.3s
  Saved best model → model/FIM_restoration_0412_stations_monthly/2011/gat-rnn-v2-windowed_bs-128_lr-0.001_maxepoch-50_testyear-2011_win-3_nwin-10_seed-0/model-13

----- Epoch 14 (windowed) -----

###### Windowed train epoch 14 overall metrics
  loss: 0.4110 rmse: 23.086 r2: 0.013 corr: 0.117
***** Epoch 14 Val (windowed) *****
  loss: 0.1803 rmse: 17.303 r2: 0.029 corr: 0.176
********************
***** Epoch 14 Test (windowed) *****
  loss: 0.2270 rmse: 30.116 r2: 0.010 corr: 0.110
********************
  Epoch 14 done in 13.6s
  Saved best model → model/FIM_restoration_0412_stations_monthly/2011/gat-rnn-v2-windowed_bs-128_lr-0.001_maxepoch-50_testyear-2011_win-3_nwin-10_seed-0/model-14

----- Epoch 15 (windowed) -----

###### Windowed train epoch 15 overall metrics
  loss: 0.4029 rmse: 23.064 r2: 0.015 corr: 0.124
***** Epoch 15 Val (windowed) *****
  loss: 0.1737 rmse: 17.287 r2: 0.031 corr: 0.180
********************
***** Epoch 15 Test (windowed) *****
  loss: 0.2775 rmse: 30.133 r2: 0.009 corr: 0.106
********************
  Epoch 15 done in 13.9s
  Saved best model → model/FIM_restoration_0412_stations_monthly/2011/gat-rnn-v2-windowed_bs-128_lr-0.001_maxepoch-50_testyear-2011_win-3_nwin-10_seed-0/model-15

----- Epoch 16 (windowed) -----

###### Windowed train epoch 16 overall metrics
  loss: 0.3952 rmse: 23.053 r2: 0.016 corr: 0.128
***** Epoch 16 Val (windowed) *****
  loss: 0.1739 rmse: 17.296 r2: 0.030 corr: 0.181
********************
***** Epoch 16 Test (windowed) *****
  loss: 0.2401 rmse: 30.109 r2: 0.011 corr: 0.113
********************
  Epoch 16 done in 14.0s

----- Epoch 17 (windowed) -----

###### Windowed train epoch 17 overall metrics
  loss: 0.3876 rmse: 23.062 r2: 0.015 corr: 0.127
***** Epoch 17 Val (windowed) *****
  loss: 0.1704 rmse: 17.262 r2: 0.034 corr: 0.187
********************
***** Epoch 17 Test (windowed) *****
  loss: 0.2387 rmse: 30.089 r2: 0.012 corr: 0.115
********************
  Epoch 17 done in 14.1s
  Saved best model → model/FIM_restoration_0412_stations_monthly/2011/gat-rnn-v2-windowed_bs-128_lr-0.001_maxepoch-50_testyear-2011_win-3_nwin-10_seed-0/model-17

----- Epoch 18 (windowed) -----

###### Windowed train epoch 18 overall metrics
  loss: 0.3794 rmse: 23.043 r2: 0.017 corr: 0.131
***** Epoch 18 Val (windowed) *****
  loss: 0.1633 rmse: 17.242 r2: 0.036 corr: 0.194
********************
***** Epoch 18 Test (windowed) *****
  loss: 0.2764 rmse: 30.095 r2: 0.012 corr: 0.117
********************
  Epoch 18 done in 14.1s
  Saved best model → model/FIM_restoration_0412_stations_monthly/2011/gat-rnn-v2-windowed_bs-128_lr-0.001_maxepoch-50_testyear-2011_win-3_nwin-10_seed-0/model-18

----- Epoch 19 (windowed) -----

###### Windowed train epoch 19 overall metrics
  loss: 0.3751 rmse: 23.018 r2: 0.019 corr: 0.140
***** Epoch 19 Val (windowed) *****
  loss: 0.1597 rmse: 17.206 r2: 0.040 corr: 0.202
********************
***** Epoch 19 Test (windowed) *****
  loss: 0.2694 rmse: 30.076 r2: 0.013 corr: 0.119
********************
  Epoch 19 done in 13.7s
  Saved best model → model/FIM_restoration_0412_stations_monthly/2011/gat-rnn-v2-windowed_bs-128_lr-0.001_maxepoch-50_testyear-2011_win-3_nwin-10_seed-0/model-19

----- Epoch 20 (windowed) -----

###### Windowed train epoch 20 overall metrics
  loss: 0.3675 rmse: 23.012 r2: 0.020 corr: 0.142
***** Epoch 20 Val (windowed) *****
  loss: 0.1569 rmse: 17.221 r2: 0.038 corr: 0.204
********************
***** Epoch 20 Test (windowed) *****
  loss: 0.2975 rmse: 30.095 r2: 0.012 corr: 0.121
********************
  Epoch 20 done in 14.0s

----- Epoch 21 (windowed) -----

###### Windowed train epoch 21 overall metrics
  loss: 0.3631 rmse: 22.995 r2: 0.021 corr: 0.147
***** Epoch 21 Val (windowed) *****
  loss: 0.1627 rmse: 17.243 r2: 0.036 corr: 0.203
********************
***** Epoch 21 Test (windowed) *****
  loss: 0.2558 rmse: 30.065 r2: 0.014 corr: 0.129
********************
  Epoch 21 done in 13.8s

----- Epoch 22 (windowed) -----

###### Windowed train epoch 22 overall metrics
  loss: 0.3662 rmse: 23.013 r2: 0.020 corr: 0.141
***** Epoch 22 Val (windowed) *****
  loss: 0.1593 rmse: 17.285 r2: 0.031 corr: 0.194
********************
***** Epoch 22 Test (windowed) *****
  loss: 0.2318 rmse: 30.084 r2: 0.012 corr: 0.127
********************
  Epoch 22 done in 13.7s

----- Epoch 23 (windowed) -----

###### Windowed train epoch 23 overall metrics
  loss: 0.3594 rmse: 23.011 r2: 0.020 corr: 0.144
***** Epoch 23 Val (windowed) *****
  loss: 0.1614 rmse: 17.221 r2: 0.038 corr: 0.209
********************
***** Epoch 23 Test (windowed) *****
  loss: 0.2244 rmse: 30.023 r2: 0.016 corr: 0.138
********************
  Epoch 23 done in 13.7s

----- Epoch 24 (windowed) -----

###### Windowed train epoch 24 overall metrics
  loss: 0.3551 rmse: 23.007 r2: 0.020 corr: 0.143
***** Epoch 24 Val (windowed) *****
  loss: 0.1606 rmse: 17.240 r2: 0.036 corr: 0.213
********************
***** Epoch 24 Test (windowed) *****
  loss: 0.2295 rmse: 30.053 r2: 0.014 corr: 0.136
********************
  Epoch 24 done in 13.5s

----- Epoch 25 (windowed) -----

###### Windowed train epoch 25 overall metrics
  loss: 0.3534 rmse: 23.004 r2: 0.020 corr: 0.148
***** Epoch 25 Val (windowed) *****
  loss: 0.1499 rmse: 17.176 r2: 0.043 corr: 0.225
********************
***** Epoch 25 Test (windowed) *****
  loss: 0.2370 rmse: 30.023 r2: 0.016 corr: 0.141
********************
  Epoch 25 done in 13.6s
  Saved best model → model/FIM_restoration_0412_stations_monthly/2011/gat-rnn-v2-windowed_bs-128_lr-0.001_maxepoch-50_testyear-2011_win-3_nwin-10_seed-0/model-25

----- Epoch 26 (windowed) -----

###### Windowed train epoch 26 overall metrics
  loss: 0.3463 rmse: 22.989 r2: 0.022 corr: 0.151
***** Epoch 26 Val (windowed) *****
  loss: 0.1485 rmse: 17.165 r2: 0.045 corr: 0.218
********************
***** Epoch 26 Test (windowed) *****
  loss: 0.2384 rmse: 30.005 r2: 0.018 corr: 0.139
********************
  Epoch 26 done in 14.2s
  Saved best model → model/FIM_restoration_0412_stations_monthly/2011/gat-rnn-v2-windowed_bs-128_lr-0.001_maxepoch-50_testyear-2011_win-3_nwin-10_seed-0/model-26

----- Epoch 27 (windowed) -----

###### Windowed train epoch 27 overall metrics
  loss: 0.3425 rmse: 22.948 r2: 0.025 corr: 0.162
***** Epoch 27 Val (windowed) *****
  loss: 0.1432 rmse: 17.150 r2: 0.046 corr: 0.226
********************
***** Epoch 27 Test (windowed) *****
  loss: 0.2596 rmse: 30.025 r2: 0.016 corr: 0.139
********************
  Epoch 27 done in 12.6s
  Saved best model → model/FIM_restoration_0412_stations_monthly/2011/gat-rnn-v2-windowed_bs-128_lr-0.001_maxepoch-50_testyear-2011_win-3_nwin-10_seed-0/model-27

----- Epoch 28 (windowed) -----

###### Windowed train epoch 28 overall metrics
  loss: 0.3380 rmse: 22.980 r2: 0.023 corr: 0.150
***** Epoch 28 Val (windowed) *****
  loss: 0.1435 rmse: 17.201 r2: 0.041 corr: 0.226
********************
***** Epoch 28 Test (windowed) *****
  loss: 0.2758 rmse: 30.060 r2: 0.014 corr: 0.140
********************
  Epoch 28 done in 12.6s

----- Epoch 29 (windowed) -----

###### Windowed train epoch 29 overall metrics
  loss: 0.3357 rmse: 22.993 r2: 0.021 corr: 0.154
***** Epoch 29 Val (windowed) *****
  loss: 0.1408 rmse: 17.141 r2: 0.047 corr: 0.230
********************
***** Epoch 29 Test (windowed) *****
  loss: 0.2794 rmse: 30.021 r2: 0.016 corr: 0.143
********************
  Epoch 29 done in 12.4s
  Saved best model → model/FIM_restoration_0412_stations_monthly/2011/gat-rnn-v2-windowed_bs-128_lr-0.001_maxepoch-50_testyear-2011_win-3_nwin-10_seed-0/model-29

----- Epoch 30 (windowed) -----

###### Windowed train epoch 30 overall metrics
  loss: 0.3358 rmse: 22.982 r2: 0.022 corr: 0.150
***** Epoch 30 Val (windowed) *****
  loss: 0.1411 rmse: 17.160 r2: 0.045 corr: 0.228
********************
***** Epoch 30 Test (windowed) *****
  loss: 0.2736 rmse: 30.029 r2: 0.016 corr: 0.143
********************
  Epoch 30 done in 12.3s

----- Epoch 31 (windowed) -----

###### Windowed train epoch 31 overall metrics
  loss: 0.3317 rmse: 22.961 r2: 0.024 corr: 0.157
***** Epoch 31 Val (windowed) *****
  loss: 0.1394 rmse: 17.146 r2: 0.047 corr: 0.230
********************
***** Epoch 31 Test (windowed) *****
  loss: 0.2704 rmse: 29.999 r2: 0.018 corr: 0.149
********************
  Epoch 31 done in 12.9s

----- Epoch 32 (windowed) -----

###### Windowed train epoch 32 overall metrics
  loss: 0.3288 rmse: 22.954 r2: 0.025 corr: 0.160
***** Epoch 32 Val (windowed) *****
  loss: 0.1375 rmse: 17.131 r2: 0.048 corr: 0.232
********************
***** Epoch 32 Test (windowed) *****
  loss: 0.2683 rmse: 30.003 r2: 0.018 corr: 0.146
********************
  Epoch 32 done in 12.4s
  Saved best model → model/FIM_restoration_0412_stations_monthly/2011/gat-rnn-v2-windowed_bs-128_lr-0.001_maxepoch-50_testyear-2011_win-3_nwin-10_seed-0/model-32

----- Epoch 33 (windowed) -----

###### Windowed train epoch 33 overall metrics
  loss: 0.3286 rmse: 22.955 r2: 0.025 corr: 0.161
***** Epoch 33 Val (windowed) *****
  loss: 0.1436 rmse: 17.115 r2: 0.050 corr: 0.232
********************
***** Epoch 33 Test (windowed) *****
  loss: 0.2454 rmse: 29.957 r2: 0.021 corr: 0.153
********************
  Epoch 33 done in 12.5s
  Saved best model → model/FIM_restoration_0412_stations_monthly/2011/gat-rnn-v2-windowed_bs-128_lr-0.001_maxepoch-50_testyear-2011_win-3_nwin-10_seed-0/model-33

----- Epoch 34 (windowed) -----

###### Windowed train epoch 34 overall metrics
  loss: 0.3256 rmse: 22.966 r2: 0.024 corr: 0.155
***** Epoch 34 Val (windowed) *****
  loss: 0.1360 rmse: 17.094 r2: 0.052 corr: 0.239
********************
***** Epoch 34 Test (windowed) *****
  loss: 0.2597 rmse: 29.962 r2: 0.020 corr: 0.156
********************
  Epoch 34 done in 506.2s
  Saved best model → model/FIM_restoration_0412_stations_monthly/2011/gat-rnn-v2-windowed_bs-128_lr-0.001_maxepoch-50_testyear-2011_win-3_nwin-10_seed-0/model-34

----- Epoch 35 (windowed) -----

###### Windowed train epoch 35 overall metrics
  loss: 0.3218 rmse: 22.949 r2: 0.025 corr: 0.163
***** Epoch 35 Val (windowed) *****
  loss: 0.1339 rmse: 17.109 r2: 0.051 corr: 0.241
********************
***** Epoch 35 Test (windowed) *****
  loss: 0.2653 rmse: 29.971 r2: 0.020 corr: 0.156
********************
  Epoch 35 done in 13.2s

----- Epoch 36 (windowed) -----

###### Windowed train epoch 36 overall metrics
  loss: 0.3186 rmse: 22.959 r2: 0.024 corr: 0.156
***** Epoch 36 Val (windowed) *****
  loss: 0.1355 rmse: 17.096 r2: 0.052 corr: 0.240
********************
***** Epoch 36 Test (windowed) *****
  loss: 0.2766 rmse: 29.978 r2: 0.019 corr: 0.153
********************
  Epoch 36 done in 12.3s

----- Epoch 37 (windowed) -----

###### Windowed train epoch 37 overall metrics
  loss: 0.3175 rmse: 22.965 r2: 0.024 corr: 0.156
***** Epoch 37 Val (windowed) *****
  loss: 0.1357 rmse: 17.095 r2: 0.052 corr: 0.239
********************
***** Epoch 37 Test (windowed) *****
  loss: 0.2549 rmse: 29.955 r2: 0.021 corr: 0.158
********************
  Epoch 37 done in 565.8s

----- Epoch 38 (windowed) -----

###### Windowed train epoch 38 overall metrics
  loss: 0.3143 rmse: 22.928 r2: 0.027 corr: 0.166
***** Epoch 38 Val (windowed) *****
  loss: 0.1320 rmse: 17.072 r2: 0.055 corr: 0.242
********************
***** Epoch 38 Test (windowed) *****
  loss: 0.2634 rmse: 29.938 r2: 0.022 corr: 0.160
********************
  Epoch 38 done in 12.5s
  Saved best model → model/FIM_restoration_0412_stations_monthly/2011/gat-rnn-v2-windowed_bs-128_lr-0.001_maxepoch-50_testyear-2011_win-3_nwin-10_seed-0/model-38

----- Epoch 39 (windowed) -----

###### Windowed train epoch 39 overall metrics
  loss: 0.3135 rmse: 23.009 r2: 0.020 corr: 0.142
***** Epoch 39 Val (windowed) *****
  loss: 0.1331 rmse: 17.250 r2: 0.035 corr: 0.201
********************
***** Epoch 39 Test (windowed) *****
  loss: 0.2533 rmse: 30.064 r2: 0.014 corr: 0.132
********************
  Epoch 39 done in 12.8s

----- Epoch 40 (windowed) -----

###### Windowed train epoch 40 overall metrics
  loss: 0.3109 rmse: 22.995 r2: 0.021 corr: 0.152
***** Epoch 40 Val (windowed) *****
  loss: 0.1298 rmse: 17.183 r2: 0.043 corr: 0.227
********************
***** Epoch 40 Test (windowed) *****
  loss: 0.2693 rmse: 30.023 r2: 0.016 corr: 0.148
********************
  Epoch 40 done in 15.0s

----- Epoch 41 (windowed) -----

###### Windowed train epoch 41 overall metrics
  loss: 0.3086 rmse: 22.982 r2: 0.022 corr: 0.150
***** Epoch 41 Val (windowed) *****
  loss: 0.1325 rmse: 17.086 r2: 0.053 corr: 0.242
********************
***** Epoch 41 Test (windowed) *****
  loss: 0.2806 rmse: 29.958 r2: 0.021 corr: 0.157
********************
  Epoch 41 done in 13.9s

----- Epoch 42 (windowed) -----

###### Windowed train epoch 42 overall metrics
  loss: 0.3090 rmse: 22.952 r2: 0.025 corr: 0.160
***** Epoch 42 Val (windowed) *****
  loss: 0.1281 rmse: 17.120 r2: 0.049 corr: 0.240
********************
***** Epoch 42 Test (windowed) *****
  loss: 0.2694 rmse: 29.978 r2: 0.019 corr: 0.158
********************
  Epoch 42 done in 13.8s

----- Epoch 43 (windowed) -----

###### Windowed train epoch 43 overall metrics
  loss: 0.3079 rmse: 22.948 r2: 0.025 corr: 0.163
***** Epoch 43 Val (windowed) *****
  loss: 0.1275 rmse: 17.055 r2: 0.057 corr: 0.244
********************
***** Epoch 43 Test (windowed) *****
  loss: 0.2616 rmse: 29.921 r2: 0.023 corr: 0.161
********************
  Epoch 43 done in 14.2s
  Saved best model → model/FIM_restoration_0412_stations_monthly/2011/gat-rnn-v2-windowed_bs-128_lr-0.001_maxepoch-50_testyear-2011_win-3_nwin-10_seed-0/model-43

----- Epoch 44 (windowed) -----

###### Windowed train epoch 44 overall metrics
  loss: 0.3052 rmse: 22.922 r2: 0.027 corr: 0.167
***** Epoch 44 Val (windowed) *****
  loss: 0.1277 rmse: 17.074 r2: 0.055 corr: 0.241
********************
***** Epoch 44 Test (windowed) *****
  loss: 0.2556 rmse: 29.929 r2: 0.023 corr: 0.161
********************
  Epoch 44 done in 14.0s

----- Epoch 45 (windowed) -----

###### Windowed train epoch 45 overall metrics
  loss: 0.3046 rmse: 22.935 r2: 0.026 corr: 0.164
***** Epoch 45 Val (windowed) *****
  loss: 0.1263 rmse: 17.063 r2: 0.056 corr: 0.245
********************
***** Epoch 45 Test (windowed) *****
  loss: 0.2622 rmse: 29.936 r2: 0.022 corr: 0.162
********************
  Epoch 45 done in 14.2s

----- Epoch 46 (windowed) -----

###### Windowed train epoch 46 overall metrics
  loss: 0.3002 rmse: 23.004 r2: 0.020 corr: 0.145
***** Epoch 46 Val (windowed) *****
  loss: 0.1253 rmse: 17.228 r2: 0.038 corr: 0.209
********************
***** Epoch 46 Test (windowed) *****
  loss: 0.2643 rmse: 30.048 r2: 0.015 corr: 0.138
********************
  Epoch 46 done in 14.2s

----- Epoch 47 (windowed) -----

###### Windowed train epoch 47 overall metrics
  loss: 0.3000 rmse: 23.015 r2: 0.019 corr: 0.143
***** Epoch 47 Val (windowed) *****
  loss: 0.1248 rmse: 17.210 r2: 0.040 corr: 0.219
********************
***** Epoch 47 Test (windowed) *****
  loss: 0.2537 rmse: 30.032 r2: 0.016 corr: 0.144
********************
  Epoch 47 done in 14.8s

----- Epoch 48 (windowed) -----

###### Windowed train epoch 48 overall metrics
  loss: 0.2987 rmse: 22.969 r2: 0.023 corr: 0.154
***** Epoch 48 Val (windowed) *****
  loss: 0.1245 rmse: 17.083 r2: 0.054 corr: 0.245
********************
***** Epoch 48 Test (windowed) *****
  loss: 0.2679 rmse: 29.941 r2: 0.022 corr: 0.164
********************
  Epoch 48 done in 15.2s

----- Epoch 49 (windowed) -----

###### Windowed train epoch 49 overall metrics
  loss: 0.2971 rmse: 22.941 r2: 0.026 corr: 0.165
***** Epoch 49 Val (windowed) *****
  loss: 0.1232 rmse: 17.061 r2: 0.056 corr: 0.246
********************
***** Epoch 49 Test (windowed) *****
  loss: 0.2625 rmse: 29.927 r2: 0.023 corr: 0.163
********************
  Epoch 49 done in 15.4s
Fold done — best val RMSE=17.0552 test R²=0.0230 corr=0.1612

================================================================
Rolling-windowed  test_year=2012
  Val  : 2011
  Test : 2012
  win_size=3  n_windows=10
================================================================
Initially data (54319, 166)
After filtering (29145, 166)
get_X_Y
X shape (29145, 130)
Y shape (29145, 34)
Y (output) means tensor([[0.1445, 0.0115, 0.2581, 0.1554, 0.0146, 0.0630, 0.1656, 0.6513, 0.9109,
         0.0222, 0.0425, 0.0138, 0.0732, 0.1426, 1.0221, 0.9389, 0.3591, 0.4062,
         0.9683, 0.3839, 0.1927, 0.2282, 0.4301, 0.1739, 0.3965, 0.4640, 0.2930,
         0.6824, 0.5318, 0.1531, 0.2611, 0.1042, 0.1307, 0.1353]]) stds tensor([[0.4769, 0.1333, 0.6350, 0.5701, 0.1436, 0.3081, 0.5275, 1.4423, 1.6438,
         0.1874, 0.2796, 0.1589, 0.4013, 0.4536, 2.1066, 1.6225, 0.8760, 1.1947,
         1.7005, 0.9215, 0.5428, 0.7018, 1.1126, 0.5865, 0.9880, 1.0381, 0.7331,
         1.4359, 1.0674, 0.4507, 0.8114, 0.3417, 0.3983, 0.3825]])
Y count-scale means tensor([[4.8454e-01, 3.3565e-02, 1.0224e+00, 8.3679e-01, 3.8457e-02, 2.1859e-01,
         6.1996e-01, 1.4483e+01, 3.3470e+01, 6.7931e-02, 1.7352e-01, 4.7600e-02,
         4.9084e-01, 4.3297e-01, 2.5806e+02, 1.9894e+01, 2.8693e+00, 1.5708e+01,
         3.2220e+01, 3.0828e+00, 6.4615e-01, 1.6100e+00, 8.2169e+00, 1.6957e+00,
         3.5133e+00, 4.2315e+00, 1.3956e+00, 2.7441e+01, 6.5651e+00, 4.6156e-01,
         2.8870e+00, 2.2372e-01, 3.1267e-01, 2.8648e-01]]) stds tensor([[3.2868e+00, 6.4101e-01, 6.3128e+00, 6.6073e+00, 6.2581e-01, 4.3657e+00,
         4.0478e+00, 7.4698e+01, 2.3456e+02, 1.0171e+00, 2.5300e+00, 7.9834e-01,
         8.7832e+00, 2.7134e+00, 2.9814e+03, 9.2363e+01, 2.0773e+01, 1.8833e+02,
         2.5677e+02, 1.8323e+01, 3.4238e+00, 1.5266e+01, 7.6599e+01, 5.3954e+01,
         1.7193e+01, 2.4070e+01, 7.7127e+00, 4.4328e+02, 7.3728e+01, 5.3479e+00,
         2.6034e+01, 1.0183e+00, 1.5006e+00, 1.1541e+00]])
Loaded per-window (calendar) month weights from analysis/figures/month_weights_per_window.npz: cube.shape=(25, 12, 34)
/Users/liyingnceas/GitHub/GNN-RNN-main/gnn-lstm-v3/utils/data_utils.py:264: RuntimeWarning: Mean of empty slice
  np.nanmean(county_dict[county], axis=0).astype(np.float32)
Filled 73125 missing (node, year) entries from neighbors or year averages
[2D] Station nodes: 587, adj nnz: 2910
[build_year_XY_windowed] data_start=1998, min_pred_year=2009, test_year=2012, win_size=3, n_windows=10
  built windows for T=2009
[build_year_XY_windowed] built windowed XY for 4 prediction years (2009–2012)
  GAT_RNN_V2: edge_feat_dim=3, n_heads=4, n_hidden=64
  [Bayes] Species rarity weights (mean=1): min=0.72 max=1.64  (rarest=Centropomus undecimalis_SA)
  [CrossDonor] Ecological cross-donor map (9 recipients):
    Centropomus undecimalis_A  <-  ['Cynoscion nebulosus_R', 'Cynoscion nebulosus_A']
    Centropomus undecimalis_SA  <-  ['Cynoscion nebulosus_R', 'Centropomus undecimalis_A']
    Sciaenops ocellatus_R  <-  ['Cynoscion nebulosus_R', 'Cynoscion nebulosus_A']
    Sciaenops ocellatus_SA  <-  ['Cynoscion nebulosus_R', 'Cynoscion nebulosus_A']
    Cynoscion nebulosus_A  <-  ['Cynoscion nebulosus_R', 'Lagodon rhomboides_A']
    Mycteroperca microlepis_SA  <-  ['Lutjanus griseus_SA', 'Lutjanus griseus_R']
    Lutjanus griseus_R  <-  ['Archosargus probatocephalus_A', 'Lutjanus griseus_SA']
    Lutjanus griseus_SA  <-  ['Archosargus probatocephalus_A']
    Archosargus probatocephalus_R  <-  ['Archosargus probatocephalus_A', 'Lagodon rhomboides_A']
  [BayesTransferMapped] 9 recipient → donor mappings:
    recipient   3 <- donors [6, 5]
    recipient   4 <- donors [6, 3]
    recipient  12 <- donors [6, 5]
    recipient  13 <- donors [6, 5]
    recipient   5 <- donors [6, 7]
    recipient  11 <- donors [10, 9]
    recipient   9 <- donors [0, 10]
    recipient  10 <- donors [0]
    recipient   1 <- donors [0, 7]
  [BayesTransferMapped] transfer_prior_std=0.600  warmstart_alpha=0.25

----- Epoch 0 (windowed) -----

###### Windowed train epoch 0 overall metrics
  loss: 0.5914 rmse: 25.767 r2: 0.000 corr: 0.042
***** Epoch 0 Val (windowed) *****
  loss: 0.2556 rmse: 30.221 r2: 0.001 corr: 0.044
********************
***** Epoch 0 Test (windowed) *****
  loss: 0.2544 rmse: 12.596 r2: 0.007 corr: 0.090
********************
  Epoch 0 done in 20.8s
  Saved best model → model/FIM_restoration_0412_stations_monthly/2012/gat-rnn-v2-windowed_bs-128_lr-0.001_maxepoch-50_testyear-2012_win-3_nwin-10_seed-0/model-0

----- Epoch 1 (windowed) -----

###### Windowed train epoch 1 overall metrics
  loss: 0.5396 rmse: 25.737 r2: 0.003 corr: 0.056
***** Epoch 1 Val (windowed) *****
  loss: 0.2391 rmse: 30.190 r2: 0.003 corr: 0.062
********************
***** Epoch 1 Test (windowed) *****
  loss: 0.2404 rmse: 12.555 r2: 0.013 corr: 0.117
********************
  Epoch 1 done in 20.5s
  Saved best model → model/FIM_restoration_0412_stations_monthly/2012/gat-rnn-v2-windowed_bs-128_lr-0.001_maxepoch-50_testyear-2012_win-3_nwin-10_seed-0/model-1

----- Epoch 2 (windowed) -----

###### Windowed train epoch 2 overall metrics
  loss: 0.5127 rmse: 25.722 r2: 0.004 corr: 0.064
***** Epoch 2 Val (windowed) *****
  loss: 0.2282 rmse: 30.178 r2: 0.004 corr: 0.066
********************
***** Epoch 2 Test (windowed) *****
  loss: 0.2293 rmse: 12.550 r2: 0.014 corr: 0.122
********************
  Epoch 2 done in 29.6s
  Saved best model → model/FIM_restoration_0412_stations_monthly/2012/gat-rnn-v2-windowed_bs-128_lr-0.001_maxepoch-50_testyear-2012_win-3_nwin-10_seed-0/model-2

----- Epoch 3 (windowed) -----

###### Windowed train epoch 3 overall metrics
  loss: 0.4930 rmse: 25.713 r2: 0.005 corr: 0.069
***** Epoch 3 Val (windowed) *****
  loss: 0.2196 rmse: 30.175 r2: 0.004 corr: 0.072
********************
***** Epoch 3 Test (windowed) *****
  loss: 0.2211 rmse: 12.527 r2: 0.017 corr: 0.136
********************
  Epoch 3 done in 37.2s
  Saved best model → model/FIM_restoration_0412_stations_monthly/2012/gat-rnn-v2-windowed_bs-128_lr-0.001_maxepoch-50_testyear-2012_win-3_nwin-10_seed-0/model-3

----- Epoch 4 (windowed) -----

###### Windowed train epoch 4 overall metrics
  loss: 0.4792 rmse: 25.697 r2: 0.006 corr: 0.078
***** Epoch 4 Val (windowed) *****
  loss: 0.2123 rmse: 30.154 r2: 0.006 corr: 0.079
********************
***** Epoch 4 Test (windowed) *****
  loss: 0.2150 rmse: 12.503 r2: 0.021 corr: 0.147
********************
  Epoch 4 done in 44.5s
  Saved best model → model/FIM_restoration_0412_stations_monthly/2012/gat-rnn-v2-windowed_bs-128_lr-0.001_maxepoch-50_testyear-2012_win-3_nwin-10_seed-0/model-4

----- Epoch 5 (windowed) -----

###### Windowed train epoch 5 overall metrics
  loss: 0.4659 rmse: 25.682 r2: 0.007 corr: 0.085
***** Epoch 5 Val (windowed) *****
  loss: 0.2066 rmse: 30.159 r2: 0.005 corr: 0.078
********************
***** Epoch 5 Test (windowed) *****
  loss: 0.2137 rmse: 12.493 r2: 0.023 corr: 0.155
********************
  Epoch 5 done in 44.2s

----- Epoch 6 (windowed) -----

###### Windowed train epoch 6 overall metrics
  loss: 0.4557 rmse: 25.666 r2: 0.008 corr: 0.093
***** Epoch 6 Val (windowed) *****
  loss: 0.2018 rmse: 30.149 r2: 0.006 corr: 0.086
********************
***** Epoch 6 Test (windowed) *****
  loss: 0.2095 rmse: 12.486 r2: 0.024 corr: 0.161
********************
  Epoch 6 done in 36.0s
  Saved best model → model/FIM_restoration_0412_stations_monthly/2012/gat-rnn-v2-windowed_bs-128_lr-0.001_maxepoch-50_testyear-2012_win-3_nwin-10_seed-0/model-6

----- Epoch 7 (windowed) -----

###### Windowed train epoch 7 overall metrics
  loss: 0.4430 rmse: 25.667 r2: 0.008 corr: 0.091
***** Epoch 7 Val (windowed) *****
  loss: 0.2000 rmse: 30.151 r2: 0.006 corr: 0.085
********************
***** Epoch 7 Test (windowed) *****
  loss: 0.2159 rmse: 12.490 r2: 0.023 corr: 0.160
********************
  Epoch 7 done in 33.2s

----- Epoch 8 (windowed) -----

###### Windowed train epoch 8 overall metrics
  loss: 0.4313 rmse: 25.662 r2: 0.009 corr: 0.094
***** Epoch 8 Val (windowed) *****
  loss: 0.1879 rmse: 30.121 r2: 0.008 corr: 0.100
********************
***** Epoch 8 Test (windowed) *****
  loss: 0.2008 rmse: 12.429 r2: 0.033 corr: 0.191
********************
  Epoch 8 done in 30.9s
  Saved best model → model/FIM_restoration_0412_stations_monthly/2012/gat-rnn-v2-windowed_bs-128_lr-0.001_maxepoch-50_testyear-2012_win-3_nwin-10_seed-0/model-8

----- Epoch 9 (windowed) -----

###### Windowed train epoch 9 overall metrics
  loss: 0.4153 rmse: 25.627 r2: 0.011 corr: 0.107
***** Epoch 9 Val (windowed) *****
  loss: 0.1804 rmse: 30.098 r2: 0.009 corr: 0.105
********************
***** Epoch 9 Test (windowed) *****
  loss: 0.1889 rmse: 12.400 r2: 0.037 corr: 0.198
********************
  Epoch 9 done in 30.2s
  Saved best model → model/FIM_restoration_0412_stations_monthly/2012/gat-rnn-v2-windowed_bs-128_lr-0.001_maxepoch-50_testyear-2012_win-3_nwin-10_seed-0/model-9

----- Epoch 10 (windowed) -----

###### Windowed train epoch 10 overall metrics
  loss: 0.4014 rmse: 25.591 r2: 0.014 corr: 0.120
***** Epoch 10 Val (windowed) *****
  loss: 0.1757 rmse: 30.067 r2: 0.011 corr: 0.114
********************
***** Epoch 10 Test (windowed) *****
  loss: 0.1876 rmse: 12.358 r2: 0.044 corr: 0.212
********************
  Epoch 10 done in 23.0s
  Saved best model → model/FIM_restoration_0412_stations_monthly/2012/gat-rnn-v2-windowed_bs-128_lr-0.001_maxepoch-50_testyear-2012_win-3_nwin-10_seed-0/model-10

----- Epoch 11 (windowed) -----

###### Windowed train epoch 11 overall metrics
  loss: 0.3923 rmse: 25.588 r2: 0.014 corr: 0.122
***** Epoch 11 Val (windowed) *****
  loss: 0.1888 rmse: 30.061 r2: 0.012 corr: 0.124
********************
***** Epoch 11 Test (windowed) *****
  loss: 0.2182 rmse: 12.349 r2: 0.045 corr: 0.226
********************
  Epoch 11 done in 16.9s
  Saved best model → model/FIM_restoration_0412_stations_monthly/2012/gat-rnn-v2-windowed_bs-128_lr-0.001_maxepoch-50_testyear-2012_win-3_nwin-10_seed-0/model-11

----- Epoch 12 (windowed) -----

###### Windowed train epoch 12 overall metrics
  loss: 0.3856 rmse: 25.578 r2: 0.015 corr: 0.125
***** Epoch 12 Val (windowed) *****
  loss: 0.1782 rmse: 30.038 r2: 0.013 corr: 0.127
********************
***** Epoch 12 Test (windowed) *****
  loss: 0.2036 rmse: 12.317 r2: 0.050 corr: 0.233
********************
  Epoch 12 done in 17.2s
  Saved best model → model/FIM_restoration_0412_stations_monthly/2012/gat-rnn-v2-windowed_bs-128_lr-0.001_maxepoch-50_testyear-2012_win-3_nwin-10_seed-0/model-12

----- Epoch 13 (windowed) -----

###### Windowed train epoch 13 overall metrics
  loss: 0.3792 rmse: 25.562 r2: 0.016 corr: 0.131
***** Epoch 13 Val (windowed) *****
  loss: 0.1638 rmse: 30.037 r2: 0.013 corr: 0.130
********************
***** Epoch 13 Test (windowed) *****
  loss: 0.1801 rmse: 12.299 r2: 0.053 corr: 0.241
********************
  Epoch 13 done in 17.5s
  Saved best model → model/FIM_restoration_0412_stations_monthly/2012/gat-rnn-v2-windowed_bs-128_lr-0.001_maxepoch-50_testyear-2012_win-3_nwin-10_seed-0/model-13

----- Epoch 14 (windowed) -----

###### Windowed train epoch 14 overall metrics
  loss: 0.3673 rmse: 25.559 r2: 0.017 corr: 0.135
***** Epoch 14 Val (windowed) *****
  loss: 0.1589 rmse: 30.035 r2: 0.014 corr: 0.132
********************
***** Epoch 14 Test (windowed) *****
  loss: 0.1770 rmse: 12.291 r2: 0.054 corr: 0.245
********************
  Epoch 14 done in 64.3s
  Saved best model → model/FIM_restoration_0412_stations_monthly/2012/gat-rnn-v2-windowed_bs-128_lr-0.001_maxepoch-50_testyear-2012_win-3_nwin-10_seed-0/model-14

----- Epoch 15 (windowed) -----

###### Windowed train epoch 15 overall metrics
  loss: 0.3644 rmse: 25.547 r2: 0.017 corr: 0.134
***** Epoch 15 Val (windowed) *****
  loss: 0.1587 rmse: 30.026 r2: 0.014 corr: 0.137
********************
***** Epoch 15 Test (windowed) *****
  loss: 0.1770 rmse: 12.282 r2: 0.055 corr: 0.251
********************
  Epoch 15 done in 16.5s
  Saved best model → model/FIM_restoration_0412_stations_monthly/2012/gat-rnn-v2-windowed_bs-128_lr-0.001_maxepoch-50_testyear-2012_win-3_nwin-10_seed-0/model-15

----- Epoch 16 (windowed) -----

###### Windowed train epoch 16 overall metrics
  loss: 0.3562 rmse: 25.515 r2: 0.020 corr: 0.146
***** Epoch 16 Val (windowed) *****
  loss: 0.1566 rmse: 30.018 r2: 0.015 corr: 0.138
********************
***** Epoch 16 Test (windowed) *****
  loss: 0.1770 rmse: 12.271 r2: 0.057 corr: 0.254
********************
  Epoch 16 done in 16.2s
  Saved best model → model/FIM_restoration_0412_stations_monthly/2012/gat-rnn-v2-windowed_bs-128_lr-0.001_maxepoch-50_testyear-2012_win-3_nwin-10_seed-0/model-16

----- Epoch 17 (windowed) -----

###### Windowed train epoch 17 overall metrics
  loss: 0.3507 rmse: 25.467 r2: 0.024 corr: 0.167
***** Epoch 17 Val (windowed) *****
  loss: 0.1521 rmse: 29.986 r2: 0.017 corr: 0.145
********************
***** Epoch 17 Test (windowed) *****
  loss: 0.1717 rmse: 12.241 r2: 0.062 corr: 0.258
********************
  Epoch 17 done in 16.4s
  Saved best model → model/FIM_restoration_0412_stations_monthly/2012/gat-rnn-v2-windowed_bs-128_lr-0.001_maxepoch-50_testyear-2012_win-3_nwin-10_seed-0/model-17

----- Epoch 18 (windowed) -----

###### Windowed train epoch 18 overall metrics
  loss: 0.3463 rmse: 25.524 r2: 0.019 corr: 0.140
***** Epoch 18 Val (windowed) *****
  loss: 0.1520 rmse: 30.004 r2: 0.016 corr: 0.144
********************
***** Epoch 18 Test (windowed) *****
  loss: 0.1757 rmse: 12.257 r2: 0.059 corr: 0.260
********************
  Epoch 18 done in 16.9s

----- Epoch 19 (windowed) -----

###### Windowed train epoch 19 overall metrics
  loss: 0.3434 rmse: 25.505 r2: 0.021 corr: 0.149
***** Epoch 19 Val (windowed) *****
  loss: 0.1464 rmse: 29.946 r2: 0.019 corr: 0.155
********************
***** Epoch 19 Test (windowed) *****
  loss: 0.1694 rmse: 12.194 r2: 0.069 corr: 0.271
********************
  Epoch 19 done in 224.7s
  Saved best model → model/FIM_restoration_0412_stations_monthly/2012/gat-rnn-v2-windowed_bs-128_lr-0.001_maxepoch-50_testyear-2012_win-3_nwin-10_seed-0/model-19

----- Epoch 20 (windowed) -----

###### Windowed train epoch 20 overall metrics
  loss: 0.3374 rmse: 25.474 r2: 0.023 corr: 0.156
***** Epoch 20 Val (windowed) *****
  loss: 0.1453 rmse: 29.965 r2: 0.018 corr: 0.155
********************
***** Epoch 20 Test (windowed) *****
  loss: 0.1704 rmse: 12.204 r2: 0.067 corr: 0.273
********************
  Epoch 20 done in 16.5s

----- Epoch 21 (windowed) -----

###### Windowed train epoch 21 overall metrics
  loss: 0.3338 rmse: 25.478 r2: 0.023 corr: 0.159
***** Epoch 21 Val (windowed) *****
  loss: 0.1697 rmse: 29.917 r2: 0.021 corr: 0.163
********************
***** Epoch 21 Test (windowed) *****
  loss: 0.1950 rmse: 12.148 r2: 0.076 corr: 0.283
********************
  Epoch 21 done in 16.7s
  Saved best model → model/FIM_restoration_0412_stations_monthly/2012/gat-rnn-v2-windowed_bs-128_lr-0.001_maxepoch-50_testyear-2012_win-3_nwin-10_seed-0/model-21

----- Epoch 22 (windowed) -----

###### Windowed train epoch 22 overall metrics
  loss: 0.3367 rmse: 25.474 r2: 0.023 corr: 0.155
***** Epoch 22 Val (windowed) *****
  loss: 0.1444 rmse: 29.902 r2: 0.022 corr: 0.166
********************
***** Epoch 22 Test (windowed) *****
  loss: 0.1676 rmse: 12.149 r2: 0.076 corr: 0.280
********************
  Epoch 22 done in 16.5s
  Saved best model → model/FIM_restoration_0412_stations_monthly/2012/gat-rnn-v2-windowed_bs-128_lr-0.001_maxepoch-50_testyear-2012_win-3_nwin-10_seed-0/model-22

----- Epoch 23 (windowed) -----

###### Windowed train epoch 23 overall metrics
  loss: 0.3317 rmse: 25.445 r2: 0.025 corr: 0.163
***** Epoch 23 Val (windowed) *****
  loss: 0.1413 rmse: 29.936 r2: 0.020 corr: 0.160
********************
***** Epoch 23 Test (windowed) *****
  loss: 0.1678 rmse: 12.171 r2: 0.072 corr: 0.279
********************
  Epoch 23 done in 16.4s

----- Epoch 24 (windowed) -----

###### Windowed train epoch 24 overall metrics
  loss: 0.3245 rmse: 25.463 r2: 0.024 corr: 0.159
***** Epoch 24 Val (windowed) *****
  loss: 0.1397 rmse: 29.899 r2: 0.023 corr: 0.165
********************
***** Epoch 24 Test (windowed) *****
  loss: 0.1667 rmse: 12.158 r2: 0.074 corr: 0.276
********************
  Epoch 24 done in 16.3s
  Saved best model → model/FIM_restoration_0412_stations_monthly/2012/gat-rnn-v2-windowed_bs-128_lr-0.001_maxepoch-50_testyear-2012_win-3_nwin-10_seed-0/model-24

----- Epoch 25 (windowed) -----

###### Windowed train epoch 25 overall metrics
  loss: 0.3225 rmse: 25.455 r2: 0.024 corr: 0.162
***** Epoch 25 Val (windowed) *****
  loss: 0.1384 rmse: 29.878 r2: 0.024 corr: 0.167
********************
***** Epoch 25 Test (windowed) *****
  loss: 0.1669 rmse: 12.138 r2: 0.077 corr: 0.280
********************
  Epoch 25 done in 16.3s
  Saved best model → model/FIM_restoration_0412_stations_monthly/2012/gat-rnn-v2-windowed_bs-128_lr-0.001_maxepoch-50_testyear-2012_win-3_nwin-10_seed-0/model-25

----- Epoch 26 (windowed) -----

###### Windowed train epoch 26 overall metrics
  loss: 0.3243 rmse: 25.436 r2: 0.026 corr: 0.165
***** Epoch 26 Val (windowed) *****
  loss: 0.1403 rmse: 29.921 r2: 0.021 corr: 0.163
********************
***** Epoch 26 Test (windowed) *****
  loss: 0.1744 rmse: 12.162 r2: 0.074 corr: 0.280
********************
  Epoch 26 done in 16.4s

----- Epoch 27 (windowed) -----

###### Windowed train epoch 27 overall metrics
  loss: 0.3213 rmse: 25.451 r2: 0.025 corr: 0.159
***** Epoch 27 Val (windowed) *****
  loss: 0.1410 rmse: 29.934 r2: 0.020 corr: 0.166
********************
***** Epoch 27 Test (windowed) *****
  loss: 0.1662 rmse: 12.155 r2: 0.075 corr: 0.288
********************
  Epoch 27 done in 16.4s

----- Epoch 28 (windowed) -----

###### Windowed train epoch 28 overall metrics
  loss: 0.3170 rmse: 25.448 r2: 0.025 corr: 0.162
***** Epoch 28 Val (windowed) *****
  loss: 0.1359 rmse: 29.871 r2: 0.024 corr: 0.176
********************
***** Epoch 28 Test (windowed) *****
  loss: 0.1650 rmse: 12.118 r2: 0.080 corr: 0.289
********************
  Epoch 28 done in 38.0s
  Saved best model → model/FIM_restoration_0412_stations_monthly/2012/gat-rnn-v2-windowed_bs-128_lr-0.001_maxepoch-50_testyear-2012_win-3_nwin-10_seed-0/model-28

----- Epoch 29 (windowed) -----

###### Windowed train epoch 29 overall metrics
  loss: 0.3128 rmse: 25.426 r2: 0.027 corr: 0.167
***** Epoch 29 Val (windowed) *****
  loss: 0.1341 rmse: 29.817 r2: 0.028 corr: 0.176
********************
***** Epoch 29 Test (windowed) *****
  loss: 0.1630 rmse: 12.116 r2: 0.081 corr: 0.285
********************
  Epoch 29 done in 16.2s
  Saved best model → model/FIM_restoration_0412_stations_monthly/2012/gat-rnn-v2-windowed_bs-128_lr-0.001_maxepoch-50_testyear-2012_win-3_nwin-10_seed-0/model-29

----- Epoch 30 (windowed) -----

###### Windowed train epoch 30 overall metrics
  loss: 0.3117 rmse: 25.462 r2: 0.024 corr: 0.159
***** Epoch 30 Val (windowed) *****
  loss: 0.1383 rmse: 29.868 r2: 0.025 corr: 0.176
********************
***** Epoch 30 Test (windowed) *****
  loss: 0.1661 rmse: 12.118 r2: 0.080 corr: 0.288
********************
  Epoch 30 done in 16.3s

----- Epoch 31 (windowed) -----

###### Windowed train epoch 31 overall metrics
  loss: 0.3123 rmse: 25.418 r2: 0.027 corr: 0.170
***** Epoch 31 Val (windowed) *****
  loss: 0.1354 rmse: 29.823 r2: 0.027 corr: 0.177
********************
***** Epoch 31 Test (windowed) *****
  loss: 0.1657 rmse: 12.105 r2: 0.082 corr: 0.287
********************
  Epoch 31 done in 16.3s

----- Epoch 32 (windowed) -----

###### Windowed train epoch 32 overall metrics
  loss: 0.3099 rmse: 25.461 r2: 0.024 corr: 0.157
***** Epoch 32 Val (windowed) *****
  loss: 0.1316 rmse: 29.861 r2: 0.025 corr: 0.176
********************
***** Epoch 32 Test (windowed) *****
  loss: 0.1611 rmse: 12.101 r2: 0.083 corr: 0.292
********************
  Epoch 32 done in 16.4s

----- Epoch 33 (windowed) -----

###### Windowed train epoch 33 overall metrics
  loss: 0.3073 rmse: 25.441 r2: 0.026 corr: 0.160
***** Epoch 33 Val (windowed) *****
  loss: 0.1306 rmse: 29.887 r2: 0.023 corr: 0.176
********************
***** Epoch 33 Test (windowed) *****
  loss: 0.1601 rmse: 12.137 r2: 0.078 corr: 0.287
********************
  Epoch 33 done in 17.2s

----- Epoch 34 (windowed) -----

###### Windowed train epoch 34 overall metrics
  loss: 0.3033 rmse: 25.482 r2: 0.022 corr: 0.156
***** Epoch 34 Val (windowed) *****
  loss: 0.1300 rmse: 29.842 r2: 0.026 corr: 0.176
********************
***** Epoch 34 Test (windowed) *****
  loss: 0.1652 rmse: 12.123 r2: 0.080 corr: 0.283
********************
  Epoch 34 done in 34.3s

----- Epoch 35 (windowed) -----

###### Windowed train epoch 35 overall metrics
  loss: 0.3000 rmse: 25.437 r2: 0.026 corr: 0.162
***** Epoch 35 Val (windowed) *****
  loss: 0.1332 rmse: 29.879 r2: 0.024 corr: 0.173
********************
***** Epoch 35 Test (windowed) *****
  loss: 0.1790 rmse: 12.129 r2: 0.079 corr: 0.286
********************
  Epoch 35 done in 28.7s

----- Epoch 36 (windowed) -----

###### Windowed train epoch 36 overall metrics
  loss: 0.2994 rmse: 25.416 r2: 0.027 corr: 0.168
***** Epoch 36 Val (windowed) *****
  loss: 0.1284 rmse: 29.822 r2: 0.028 corr: 0.185
********************
***** Epoch 36 Test (windowed) *****
  loss: 0.1614 rmse: 12.087 r2: 0.085 corr: 0.294
********************
  Epoch 36 done in 16.5s

----- Epoch 37 (windowed) -----

###### Windowed train epoch 37 overall metrics
  loss: 0.2956 rmse: 25.382 r2: 0.030 corr: 0.179
***** Epoch 37 Val (windowed) *****
  loss: 0.1271 rmse: 29.823 r2: 0.027 corr: 0.182
********************
***** Epoch 37 Test (windowed) *****
  loss: 0.1616 rmse: 12.096 r2: 0.084 corr: 0.290
********************
  Epoch 37 done in 196.3s

----- Epoch 38 (windowed) -----

###### Windowed train epoch 38 overall metrics
  loss: 0.2992 rmse: 25.440 r2: 0.026 corr: 0.163
***** Epoch 38 Val (windowed) *****
  loss: 0.1276 rmse: 29.836 r2: 0.027 corr: 0.180
********************
***** Epoch 38 Test (windowed) *****
  loss: 0.1602 rmse: 12.105 r2: 0.082 corr: 0.289
********************
  Epoch 38 done in 16.4s

----- Epoch 39 (windowed) -----

###### Windowed train epoch 39 overall metrics
  loss: 0.2971 rmse: 25.445 r2: 0.025 corr: 0.162
***** Epoch 39 Val (windowed) *****
  loss: 0.1259 rmse: 29.791 r2: 0.030 corr: 0.184
********************
***** Epoch 39 Test (windowed) *****
  loss: 0.1604 rmse: 12.084 r2: 0.086 corr: 0.293
********************
  Epoch 39 done in 16.2s
  Saved best model → model/FIM_restoration_0412_stations_monthly/2012/gat-rnn-v2-windowed_bs-128_lr-0.001_maxepoch-50_testyear-2012_win-3_nwin-10_seed-0/model-39

----- Epoch 40 (windowed) -----

###### Windowed train epoch 40 overall metrics
  loss: 0.2927 rmse: 25.449 r2: 0.025 corr: 0.158
***** Epoch 40 Val (windowed) *****
  loss: 0.1290 rmse: 29.901 r2: 0.022 corr: 0.184
********************
***** Epoch 40 Test (windowed) *****
  loss: 0.1602 rmse: 12.139 r2: 0.077 corr: 0.298
********************
  Epoch 40 done in 251.2s

----- Epoch 41 (windowed) -----

###### Windowed train epoch 41 overall metrics
  loss: 0.2920 rmse: 25.473 r2: 0.023 corr: 0.162
***** Epoch 41 Val (windowed) *****
  loss: 0.1279 rmse: 29.804 r2: 0.029 corr: 0.185
********************
***** Epoch 41 Test (windowed) *****
  loss: 0.1617 rmse: 12.084 r2: 0.086 corr: 0.294
********************
  Epoch 41 done in 16.4s

----- Epoch 42 (windowed) -----

###### Windowed train epoch 42 overall metrics
  loss: 0.2904 rmse: 25.422 r2: 0.027 corr: 0.166
***** Epoch 42 Val (windowed) *****
  loss: 0.1413 rmse: 29.856 r2: 0.025 corr: 0.182
********************
***** Epoch 42 Test (windowed) *****
  loss: 0.1726 rmse: 12.099 r2: 0.083 corr: 0.295
********************
  Epoch 42 done in 16.2s

----- Epoch 43 (windowed) -----

###### Windowed train epoch 43 overall metrics
  loss: 0.2936 rmse: 25.443 r2: 0.025 corr: 0.161
***** Epoch 43 Val (windowed) *****
  loss: 0.1281 rmse: 29.772 r2: 0.031 corr: 0.187
********************
***** Epoch 43 Test (windowed) *****
  loss: 0.1633 rmse: 12.119 r2: 0.080 corr: 0.285
********************
  Epoch 43 done in 916.4s
  Saved best model → model/FIM_restoration_0412_stations_monthly/2012/gat-rnn-v2-windowed_bs-128_lr-0.001_maxepoch-50_testyear-2012_win-3_nwin-10_seed-0/model-43

----- Epoch 44 (windowed) -----

###### Windowed train epoch 44 overall metrics
  loss: 0.2887 rmse: 25.405 r2: 0.028 corr: 0.173
***** Epoch 44 Val (windowed) *****
  loss: 0.1233 rmse: 29.779 r2: 0.030 corr: 0.182
********************
***** Epoch 44 Test (windowed) *****
  loss: 0.1585 rmse: 12.128 r2: 0.079 corr: 0.285
********************
  Epoch 44 done in 16.8s

----- Epoch 45 (windowed) -----

###### Windowed train epoch 45 overall metrics
  loss: 0.2857 rmse: 25.430 r2: 0.026 corr: 0.165
***** Epoch 45 Val (windowed) *****
  loss: 0.1239 rmse: 29.836 r2: 0.027 corr: 0.186
********************
***** Epoch 45 Test (windowed) *****
  loss: 0.1605 rmse: 12.093 r2: 0.084 corr: 0.296
********************
  Epoch 45 done in 17.2s

----- Epoch 46 (windowed) -----

###### Windowed train epoch 46 overall metrics
  loss: 0.2848 rmse: 25.403 r2: 0.028 corr: 0.172
***** Epoch 46 Val (windowed) *****
  loss: 0.1238 rmse: 29.752 r2: 0.032 corr: 0.190
********************
***** Epoch 46 Test (windowed) *****
  loss: 0.1636 rmse: 12.097 r2: 0.084 corr: 0.290
********************
  Epoch 46 done in 16.2s
  Saved best model → model/FIM_restoration_0412_stations_monthly/2012/gat-rnn-v2-windowed_bs-128_lr-0.001_maxepoch-50_testyear-2012_win-3_nwin-10_seed-0/model-46

----- Epoch 47 (windowed) -----

###### Windowed train epoch 47 overall metrics
  loss: 0.2812 rmse: 25.437 r2: 0.026 corr: 0.163
***** Epoch 47 Val (windowed) *****
  loss: 0.1263 rmse: 29.800 r2: 0.029 corr: 0.187
********************
***** Epoch 47 Test (windowed) *****
  loss: 0.1575 rmse: 12.071 r2: 0.088 corr: 0.298
********************
  Epoch 47 done in 16.1s

----- Epoch 48 (windowed) -----

###### Windowed train epoch 48 overall metrics
  loss: 0.2801 rmse: 25.418 r2: 0.027 corr: 0.167
***** Epoch 48 Val (windowed) *****
  loss: 0.1262 rmse: 29.764 r2: 0.031 corr: 0.191
********************
***** Epoch 48 Test (windowed) *****
  loss: 0.1574 rmse: 12.095 r2: 0.084 corr: 0.290
********************
  Epoch 48 done in 16.2s

----- Epoch 49 (windowed) -----

###### Windowed train epoch 49 overall metrics
  loss: 0.2831 rmse: 25.403 r2: 0.028 corr: 0.170
***** Epoch 49 Val (windowed) *****
  loss: 0.1238 rmse: 29.791 r2: 0.030 corr: 0.189
********************
***** Epoch 49 Test (windowed) *****
  loss: 0.1599 rmse: 12.091 r2: 0.085 corr: 0.291
********************
  Epoch 49 done in 16.2s
Fold done — best val RMSE=29.7517 test R²=0.0837 corr=0.2903

================================================================
Rolling-windowed  test_year=2013
  Val  : 2012
  Test : 2013
  win_size=3  n_windows=10
================================================================
Initially data (54319, 166)
After filtering (31272, 166)
get_X_Y
X shape (31272, 130)
Y shape (31272, 34)
Y (output) means tensor([[0.1417, 0.0112, 0.2628, 0.1501, 0.0152, 0.0632, 0.1666, 0.6606, 0.9215,
         0.0213, 0.0409, 0.0127, 0.0738, 0.1403, 1.0341, 0.9393, 0.3591, 0.4006,
         0.9528, 0.3792, 0.1915, 0.2270, 0.4408, 0.1813, 0.3923, 0.4544, 0.2896,
         0.7163, 0.5321, 0.1525, 0.2699, 0.1063, 0.1298, 0.1329]]) stds tensor([[0.4722, 0.1316, 0.6428, 0.5588, 0.1458, 0.3083, 0.5297, 1.4511, 1.6531,
         0.1835, 0.2743, 0.1529, 0.4004, 0.4492, 2.1110, 1.6199, 0.8737, 1.1838,
         1.6841, 0.9117, 0.5399, 0.6981, 1.1256, 0.6029, 0.9758, 1.0226, 0.7271,
         1.4816, 1.0698, 0.4482, 0.8235, 0.3442, 0.3966, 0.3776]])
Y count-scale means tensor([[4.7768e-01, 3.2624e-02, 1.0507e+00, 7.9737e-01, 3.9578e-02, 2.1787e-01,
         6.2541e-01, 1.4611e+01, 3.3870e+01, 6.5101e-02, 1.6856e-01, 4.4017e-02,
         4.7901e-01, 4.2290e-01, 2.5241e+02, 1.9589e+01, 2.8240e+00, 1.5088e+01,
         3.1115e+01, 2.9728e+00, 6.3606e-01, 1.5746e+00, 8.3458e+00, 1.8196e+00,
         3.3780e+00, 4.0329e+00, 1.3603e+00, 3.9235e+01, 6.8644e+00, 4.5204e-01,
         2.9534e+00, 2.2741e-01, 3.0934e-01, 2.7908e-01]]) stds tensor([[3.4002e+00, 6.2538e-01, 6.3290e+00, 6.3890e+00, 6.2082e-01, 4.2347e+00,
         4.0371e+00, 7.3905e+01, 2.3217e+02, 9.9105e-01, 2.5418e+00, 7.6718e-01,
         8.4774e+00, 2.6510e+00, 2.8916e+03, 9.0018e+01, 2.0524e+01, 1.8192e+02,
         2.5011e+02, 1.7728e+01, 3.3486e+00, 1.4802e+01, 7.5585e+01, 5.4200e+01,
         1.6659e+01, 2.3203e+01, 7.4829e+00, 1.0125e+03, 8.4400e+01, 5.1513e+00,
         2.5773e+01, 1.0229e+00, 1.4753e+00, 1.1241e+00]])
Loaded per-window (calendar) month weights from analysis/figures/month_weights_per_window.npz: cube.shape=(25, 12, 34)
/Users/liyingnceas/GitHub/GNN-RNN-main/gnn-lstm-v3/utils/data_utils.py:264: RuntimeWarning: Mean of empty slice
  np.nanmean(county_dict[county], axis=0).astype(np.float32)
Filled 78616 missing (node, year) entries from neighbors or year averages
[2D] Station nodes: 587, adj nnz: 2910
[build_year_XY_windowed] data_start=1998, min_pred_year=2009, test_year=2013, win_size=3, n_windows=10
  built windows for T=2009
[build_year_XY_windowed] built windowed XY for 5 prediction years (2009–2013)
  GAT_RNN_V2: edge_feat_dim=3, n_heads=4, n_hidden=64
  [Bayes] Species rarity weights (mean=1): min=0.71 max=1.67  (rarest=Centropomus undecimalis_SA)
  [CrossDonor] Ecological cross-donor map (9 recipients):
    Centropomus undecimalis_A  <-  ['Cynoscion nebulosus_R', 'Cynoscion nebulosus_A']
    Centropomus undecimalis_SA  <-  ['Cynoscion nebulosus_R', 'Centropomus undecimalis_A']
    Sciaenops ocellatus_R  <-  ['Cynoscion nebulosus_R', 'Cynoscion nebulosus_A']
    Sciaenops ocellatus_SA  <-  ['Cynoscion nebulosus_R', 'Cynoscion nebulosus_A']
    Cynoscion nebulosus_A  <-  ['Cynoscion nebulosus_R', 'Lagodon rhomboides_A']
    Mycteroperca microlepis_SA  <-  ['Lutjanus griseus_SA', 'Lutjanus griseus_R']
    Lutjanus griseus_R  <-  ['Archosargus probatocephalus_A', 'Lutjanus griseus_SA']
    Lutjanus griseus_SA  <-  ['Archosargus probatocephalus_A']
    Archosargus probatocephalus_R  <-  ['Archosargus probatocephalus_A', 'Lagodon rhomboides_A']
  [BayesTransferMapped] 9 recipient → donor mappings:
    recipient   3 <- donors [6, 5]
    recipient   4 <- donors [6, 3]
    recipient  12 <- donors [6, 5]
    recipient  13 <- donors [6, 5]
    recipient   5 <- donors [6, 7]
    recipient  11 <- donors [10, 9]
    recipient   9 <- donors [0, 10]
    recipient  10 <- donors [0]
    recipient   1 <- donors [0, 7]
  [BayesTransferMapped] transfer_prior_std=0.600  warmstart_alpha=0.25

----- Epoch 0 (windowed) -----

###### Windowed train epoch 0 overall metrics
  loss: 0.5800 rmse: 23.182 r2: 0.002 corr: 0.059
***** Epoch 0 Val (windowed) *****
  loss: 0.2477 rmse: 12.576 r2: 0.011 corr: 0.112
********************
***** Epoch 0 Test (windowed) *****
  loss: 0.2475 rmse: 9.531 r2: 0.017 corr: 0.134
********************
  Epoch 0 done in 20.0s
  Saved best model → model/FIM_restoration_0412_stations_monthly/2013/gat-rnn-v2-windowed_bs-128_lr-0.001_maxepoch-50_testyear-2013_win-3_nwin-10_seed-0/model-0

----- Epoch 1 (windowed) -----

###### Windowed train epoch 1 overall metrics
  loss: 0.5264 rmse: 23.155 r2: 0.004 corr: 0.066
***** Epoch 1 Val (windowed) *****
  loss: 0.2328 rmse: 12.557 r2: 0.014 corr: 0.122
********************
***** Epoch 1 Test (windowed) *****
  loss: 0.2289 rmse: 9.520 r2: 0.019 corr: 0.141
********************
  Epoch 1 done in 1046.8s
  Saved best model → model/FIM_restoration_0412_stations_monthly/2013/gat-rnn-v2-windowed_bs-128_lr-0.001_maxepoch-50_testyear-2013_win-3_nwin-10_seed-0/model-1

----- Epoch 2 (windowed) -----

###### Windowed train epoch 2 overall metrics
  loss: 0.4983 rmse: 23.130 r2: 0.006 corr: 0.081
***** Epoch 2 Val (windowed) *****
  loss: 0.2208 rmse: 12.511 r2: 0.021 corr: 0.149
********************
***** Epoch 2 Test (windowed) *****
  loss: 0.2175 rmse: 9.469 r2: 0.030 corr: 0.173
********************
  Epoch 2 done in 19.8s
  Saved best model → model/FIM_restoration_0412_stations_monthly/2013/gat-rnn-v2-windowed_bs-128_lr-0.001_maxepoch-50_testyear-2013_win-3_nwin-10_seed-0/model-2

----- Epoch 3 (windowed) -----

###### Windowed train epoch 3 overall metrics
  loss: 0.4798 rmse: 23.113 r2: 0.008 corr: 0.089
***** Epoch 3 Val (windowed) *****
  loss: 0.2155 rmse: 12.488 r2: 0.025 corr: 0.168
********************
***** Epoch 3 Test (windowed) *****
  loss: 0.2151 rmse: 9.441 r2: 0.035 corr: 0.193
********************
  Epoch 3 done in 20.1s
  Saved best model → model/FIM_restoration_0412_stations_monthly/2013/gat-rnn-v2-windowed_bs-128_lr-0.001_maxepoch-50_testyear-2013_win-3_nwin-10_seed-0/model-3

----- Epoch 4 (windowed) -----

###### Windowed train epoch 4 overall metrics
  loss: 0.4648 rmse: 23.093 r2: 0.009 corr: 0.100
***** Epoch 4 Val (windowed) *****
  loss: 0.2044 rmse: 12.461 r2: 0.029 corr: 0.176
********************
***** Epoch 4 Test (windowed) *****
  loss: 0.2037 rmse: 9.421 r2: 0.040 corr: 0.200
********************
  Epoch 4 done in 20.0s
  Saved best model → model/FIM_restoration_0412_stations_monthly/2013/gat-rnn-v2-windowed_bs-128_lr-0.001_maxepoch-50_testyear-2013_win-3_nwin-10_seed-0/model-4

----- Epoch 5 (windowed) -----

###### Windowed train epoch 5 overall metrics
  loss: 0.4509 rmse: 23.074 r2: 0.011 corr: 0.107
***** Epoch 5 Val (windowed) *****
  loss: 0.1976 rmse: 12.447 r2: 0.031 corr: 0.179
********************
***** Epoch 5 Test (windowed) *****
  loss: 0.1985 rmse: 9.436 r2: 0.036 corr: 0.195
********************
  Epoch 5 done in 946.7s
  Saved best model → model/FIM_restoration_0412_stations_monthly/2013/gat-rnn-v2-windowed_bs-128_lr-0.001_maxepoch-50_testyear-2013_win-3_nwin-10_seed-0/model-5

----- Epoch 6 (windowed) -----

###### Windowed train epoch 6 overall metrics
  loss: 0.4365 rmse: 23.062 r2: 0.012 corr: 0.111
***** Epoch 6 Val (windowed) *****
  loss: 0.2039 rmse: 12.449 r2: 0.031 corr: 0.184
********************
***** Epoch 6 Test (windowed) *****
  loss: 0.2076 rmse: 9.412 r2: 0.041 corr: 0.206
********************
  Epoch 6 done in 21.0s

----- Epoch 7 (windowed) -----

###### Windowed train epoch 7 overall metrics
  loss: 0.4249 rmse: 23.041 r2: 0.014 corr: 0.120
***** Epoch 7 Val (windowed) *****
  loss: 0.1841 rmse: 12.382 r2: 0.041 corr: 0.207
********************
***** Epoch 7 Test (windowed) *****
  loss: 0.1900 rmse: 9.336 r2: 0.057 corr: 0.239
********************
  Epoch 7 done in 19.9s
  Saved best model → model/FIM_restoration_0412_stations_monthly/2013/gat-rnn-v2-windowed_bs-128_lr-0.001_maxepoch-50_testyear-2013_win-3_nwin-10_seed-0/model-7

----- Epoch 8 (windowed) -----

###### Windowed train epoch 8 overall metrics
  loss: 0.4071 rmse: 23.020 r2: 0.016 corr: 0.126
***** Epoch 8 Val (windowed) *****
  loss: 0.1771 rmse: 12.363 r2: 0.044 corr: 0.218
********************
***** Epoch 8 Test (windowed) *****
  loss: 0.1842 rmse: 9.313 r2: 0.061 corr: 0.250
********************
  Epoch 8 done in 20.0s
  Saved best model → model/FIM_restoration_0412_stations_monthly/2013/gat-rnn-v2-windowed_bs-128_lr-0.001_maxepoch-50_testyear-2013_win-3_nwin-10_seed-0/model-8

----- Epoch 9 (windowed) -----

###### Windowed train epoch 9 overall metrics
  loss: 0.3977 rmse: 23.031 r2: 0.015 corr: 0.122
***** Epoch 9 Val (windowed) *****
  loss: 0.1711 rmse: 12.374 r2: 0.043 corr: 0.215
********************
***** Epoch 9 Test (windowed) *****
  loss: 0.1793 rmse: 9.308 r2: 0.063 corr: 0.254
********************
  Epoch 9 done in 19.5s

----- Epoch 10 (windowed) -----

###### Windowed train epoch 10 overall metrics
  loss: 0.3812 rmse: 23.025 r2: 0.015 corr: 0.126
***** Epoch 10 Val (windowed) *****
  loss: 0.1660 rmse: 12.312 r2: 0.052 corr: 0.229
********************
***** Epoch 10 Test (windowed) *****
  loss: 0.1741 rmse: 9.286 r2: 0.067 corr: 0.260
********************
  Epoch 10 done in 19.9s
  Saved best model → model/FIM_restoration_0412_stations_monthly/2013/gat-rnn-v2-windowed_bs-128_lr-0.001_maxepoch-50_testyear-2013_win-3_nwin-10_seed-0/model-10

----- Epoch 11 (windowed) -----

###### Windowed train epoch 11 overall metrics
  loss: 0.3708 rmse: 22.994 r2: 0.018 corr: 0.136
***** Epoch 11 Val (windowed) *****
  loss: 0.1628 rmse: 12.299 r2: 0.054 corr: 0.234
********************
***** Epoch 11 Test (windowed) *****
  loss: 0.1724 rmse: 9.265 r2: 0.071 corr: 0.267
********************
  Epoch 11 done in 974.2s
  Saved best model → model/FIM_restoration_0412_stations_monthly/2013/gat-rnn-v2-windowed_bs-128_lr-0.001_maxepoch-50_testyear-2013_win-3_nwin-10_seed-0/model-11

----- Epoch 12 (windowed) -----

###### Windowed train epoch 12 overall metrics
  loss: 0.3663 rmse: 22.967 r2: 0.020 corr: 0.144
***** Epoch 12 Val (windowed) *****
  loss: 0.1607 rmse: 12.297 r2: 0.055 corr: 0.243
********************
***** Epoch 12 Test (windowed) *****
  loss: 0.1732 rmse: 9.259 r2: 0.072 corr: 0.271
********************
  Epoch 12 done in 19.8s
  Saved best model → model/FIM_restoration_0412_stations_monthly/2013/gat-rnn-v2-windowed_bs-128_lr-0.001_maxepoch-50_testyear-2013_win-3_nwin-10_seed-0/model-12

----- Epoch 13 (windowed) -----

###### Windowed train epoch 13 overall metrics
  loss: 0.3571 rmse: 22.959 r2: 0.021 corr: 0.146
***** Epoch 13 Val (windowed) *****
  loss: 0.1560 rmse: 12.280 r2: 0.057 corr: 0.245
********************
***** Epoch 13 Test (windowed) *****
  loss: 0.1688 rmse: 9.226 r2: 0.079 corr: 0.282
********************
  Epoch 13 done in 20.1s
  Saved best model → model/FIM_restoration_0412_stations_monthly/2013/gat-rnn-v2-windowed_bs-128_lr-0.001_maxepoch-50_testyear-2013_win-3_nwin-10_seed-0/model-13

----- Epoch 14 (windowed) -----

###### Windowed train epoch 14 overall metrics
  loss: 0.3512 rmse: 22.972 r2: 0.020 corr: 0.144
***** Epoch 14 Val (windowed) *****
  loss: 0.1828 rmse: 12.262 r2: 0.060 corr: 0.248
********************
***** Epoch 14 Test (windowed) *****
  loss: 0.1893 rmse: 9.250 r2: 0.074 corr: 0.273
********************
  Epoch 14 done in 20.0s
  Saved best model → model/FIM_restoration_0412_stations_monthly/2013/gat-rnn-v2-windowed_bs-128_lr-0.001_maxepoch-50_testyear-2013_win-3_nwin-10_seed-0/model-14

----- Epoch 15 (windowed) -----

###### Windowed train epoch 15 overall metrics
  loss: 0.3581 rmse: 22.974 r2: 0.020 corr: 0.142
***** Epoch 15 Val (windowed) *****
  loss: 0.1562 rmse: 12.268 r2: 0.059 corr: 0.252
********************
***** Epoch 15 Test (windowed) *****
  loss: 0.1724 rmse: 9.233 r2: 0.078 corr: 0.280
********************
  Epoch 15 done in 19.9s

----- Epoch 16 (windowed) -----

###### Windowed train epoch 16 overall metrics
  loss: 0.3441 rmse: 22.911 r2: 0.025 corr: 0.160
***** Epoch 16 Val (windowed) *****
  loss: 0.1525 rmse: 12.230 r2: 0.065 corr: 0.258
********************
***** Epoch 16 Test (windowed) *****
  loss: 0.1639 rmse: 9.217 r2: 0.081 corr: 0.284
********************
  Epoch 16 done in 945.6s
  Saved best model → model/FIM_restoration_0412_stations_monthly/2013/gat-rnn-v2-windowed_bs-128_lr-0.001_maxepoch-50_testyear-2013_win-3_nwin-10_seed-0/model-16

----- Epoch 17 (windowed) -----

###### Windowed train epoch 17 overall metrics
  loss: 0.3371 rmse: 22.907 r2: 0.025 corr: 0.162
***** Epoch 17 Val (windowed) *****
  loss: 0.1639 rmse: 12.258 r2: 0.061 corr: 0.258
********************
***** Epoch 17 Test (windowed) *****
  loss: 0.1754 rmse: 9.191 r2: 0.086 corr: 0.299
********************
  Epoch 17 done in 20.2s

----- Epoch 18 (windowed) -----

###### Windowed train epoch 18 overall metrics
  loss: 0.3400 rmse: 22.941 r2: 0.022 corr: 0.155
***** Epoch 18 Val (windowed) *****
  loss: 0.1583 rmse: 12.208 r2: 0.068 corr: 0.263
********************
***** Epoch 18 Test (windowed) *****
  loss: 0.1667 rmse: 9.218 r2: 0.080 corr: 0.285
********************
  Epoch 18 done in 19.9s
  Saved best model → model/FIM_restoration_0412_stations_monthly/2013/gat-rnn-v2-windowed_bs-128_lr-0.001_maxepoch-50_testyear-2013_win-3_nwin-10_seed-0/model-18

----- Epoch 19 (windowed) -----

###### Windowed train epoch 19 overall metrics
  loss: 0.3348 rmse: 22.917 r2: 0.024 corr: 0.159
***** Epoch 19 Val (windowed) *****
  loss: 0.1471 rmse: 12.188 r2: 0.071 corr: 0.268
********************
***** Epoch 19 Test (windowed) *****
  loss: 0.1630 rmse: 9.158 r2: 0.092 corr: 0.305
********************
  Epoch 19 done in 20.0s
  Saved best model → model/FIM_restoration_0412_stations_monthly/2013/gat-rnn-v2-windowed_bs-128_lr-0.001_maxepoch-50_testyear-2013_win-3_nwin-10_seed-0/model-19

----- Epoch 20 (windowed) -----

###### Windowed train epoch 20 overall metrics
  loss: 0.3285 rmse: 22.922 r2: 0.024 corr: 0.158
***** Epoch 20 Val (windowed) *****
  loss: 0.1573 rmse: 12.218 r2: 0.067 corr: 0.266
********************
***** Epoch 20 Test (windowed) *****
  loss: 0.1838 rmse: 9.209 r2: 0.082 corr: 0.289
********************
  Epoch 20 done in 20.0s

----- Epoch 21 (windowed) -----

###### Windowed train epoch 21 overall metrics
  loss: 0.3290 rmse: 22.912 r2: 0.025 corr: 0.160
***** Epoch 21 Val (windowed) *****
  loss: 0.1479 rmse: 12.193 r2: 0.071 corr: 0.270
********************
***** Epoch 21 Test (windowed) *****
  loss: 0.1689 rmse: 9.171 r2: 0.090 corr: 0.300
********************
  Epoch 21 done in 1024.8s

----- Epoch 22 (windowed) -----

###### Windowed train epoch 22 overall metrics
  loss: 0.3229 rmse: 22.897 r2: 0.026 corr: 0.165
***** Epoch 22 Val (windowed) *****
  loss: 0.1420 rmse: 12.187 r2: 0.071 corr: 0.272
********************
***** Epoch 22 Test (windowed) *****
  loss: 0.1611 rmse: 9.157 r2: 0.093 corr: 0.305
********************
  Epoch 22 done in 20.1s
  Saved best model → model/FIM_restoration_0412_stations_monthly/2013/gat-rnn-v2-windowed_bs-128_lr-0.001_maxepoch-50_testyear-2013_win-3_nwin-10_seed-0/model-22

----- Epoch 23 (windowed) -----

###### Windowed train epoch 23 overall metrics
  loss: 0.3170 rmse: 22.913 r2: 0.025 corr: 0.159
***** Epoch 23 Val (windowed) *****
  loss: 0.1483 rmse: 12.186 r2: 0.072 corr: 0.270
********************
***** Epoch 23 Test (windowed) *****
  loss: 0.1837 rmse: 9.178 r2: 0.088 corr: 0.298
********************
  Epoch 23 done in 19.6s
  Saved best model → model/FIM_restoration_0412_stations_monthly/2013/gat-rnn-v2-windowed_bs-128_lr-0.001_maxepoch-50_testyear-2013_win-3_nwin-10_seed-0/model-23

----- Epoch 24 (windowed) -----

###### Windowed train epoch 24 overall metrics
  loss: 0.3170 rmse: 22.910 r2: 0.025 corr: 0.161
***** Epoch 24 Val (windowed) *****
  loss: 0.1537 rmse: 12.194 r2: 0.070 corr: 0.272
********************
***** Epoch 24 Test (windowed) *****
  loss: 0.1924 rmse: 9.172 r2: 0.090 corr: 0.301
********************
  Epoch 24 done in 19.8s

----- Epoch 25 (windowed) -----

###### Windowed train epoch 25 overall metrics
  loss: 0.3213 rmse: 22.902 r2: 0.026 corr: 0.165
***** Epoch 25 Val (windowed) *****
  loss: 0.1504 rmse: 12.215 r2: 0.067 corr: 0.272
********************
***** Epoch 25 Test (windowed) *****
  loss: 0.1641 rmse: 9.157 r2: 0.093 corr: 0.313
********************
  Epoch 25 done in 20.0s

----- Epoch 26 (windowed) -----

###### Windowed train epoch 26 overall metrics
  loss: 0.3191 rmse: 22.931 r2: 0.023 corr: 0.154
***** Epoch 26 Val (windowed) *****
  loss: 0.1408 rmse: 12.287 r2: 0.056 corr: 0.248
********************
***** Epoch 26 Test (windowed) *****
  loss: 0.1633 rmse: 9.221 r2: 0.080 corr: 0.289
********************
  Epoch 26 done in 922.5s

----- Epoch 27 (windowed) -----

###### Windowed train epoch 27 overall metrics
  loss: 0.3159 rmse: 22.919 r2: 0.024 corr: 0.158
***** Epoch 27 Val (windowed) *****
  loss: 0.1416 rmse: 12.196 r2: 0.070 corr: 0.277
********************
***** Epoch 27 Test (windowed) *****
  loss: 0.1694 rmse: 9.154 r2: 0.093 corr: 0.312
********************
  Epoch 27 done in 20.1s

----- Epoch 28 (windowed) -----

###### Windowed train epoch 28 overall metrics
  loss: 0.3079 rmse: 22.902 r2: 0.026 corr: 0.164
***** Epoch 28 Val (windowed) *****
  loss: 0.1361 rmse: 12.163 r2: 0.075 corr: 0.282
********************
***** Epoch 28 Test (windowed) *****
  loss: 0.1619 rmse: 9.136 r2: 0.097 corr: 0.313
********************
  Epoch 28 done in 1026.8s
  Saved best model → model/FIM_restoration_0412_stations_monthly/2013/gat-rnn-v2-windowed_bs-128_lr-0.001_maxepoch-50_testyear-2013_win-3_nwin-10_seed-0/model-28

----- Epoch 29 (windowed) -----

###### Windowed train epoch 29 overall metrics
  loss: 0.3036 rmse: 22.906 r2: 0.025 corr: 0.161
***** Epoch 29 Val (windowed) *****
  loss: 0.1584 rmse: 12.203 r2: 0.069 corr: 0.273
********************
***** Epoch 29 Test (windowed) *****
  loss: 0.2007 rmse: 9.171 r2: 0.090 corr: 0.303
********************
  Epoch 29 done in 21.4s

----- Epoch 30 (windowed) -----

###### Windowed train epoch 30 overall metrics
  loss: 0.3089 rmse: 22.899 r2: 0.026 corr: 0.162
***** Epoch 30 Val (windowed) *****
  loss: 0.1371 rmse: 12.214 r2: 0.067 corr: 0.271
********************
***** Epoch 30 Test (windowed) *****
  loss: 0.1636 rmse: 9.138 r2: 0.096 corr: 0.316
********************
  Epoch 30 done in 20.3s

----- Epoch 31 (windowed) -----

###### Windowed train epoch 31 overall metrics
  loss: 0.3008 rmse: 22.932 r2: 0.023 corr: 0.158
***** Epoch 31 Val (windowed) *****
  loss: 0.1322 rmse: 12.165 r2: 0.075 corr: 0.275
********************
***** Epoch 31 Test (windowed) *****
  loss: 0.1508 rmse: 9.153 r2: 0.093 corr: 0.306
********************
  Epoch 31 done in 19.9s

----- Epoch 32 (windowed) -----

###### Windowed train epoch 32 overall metrics
  loss: 0.2972 rmse: 22.907 r2: 0.025 corr: 0.161
***** Epoch 32 Val (windowed) *****
  loss: 0.1373 rmse: 12.161 r2: 0.075 corr: 0.275
********************
***** Epoch 32 Test (windowed) *****
  loss: 0.1678 rmse: 9.191 r2: 0.086 corr: 0.299
********************
  Epoch 32 done in 20.0s
  Saved best model → model/FIM_restoration_0412_stations_monthly/2013/gat-rnn-v2-windowed_bs-128_lr-0.001_maxepoch-50_testyear-2013_win-3_nwin-10_seed-0/model-32

----- Epoch 33 (windowed) -----

###### Windowed train epoch 33 overall metrics
  loss: 0.2963 rmse: 22.900 r2: 0.026 corr: 0.163
***** Epoch 33 Val (windowed) *****
  loss: 0.1332 rmse: 12.148 r2: 0.077 corr: 0.279
********************
***** Epoch 33 Test (windowed) *****
  loss: 0.1508 rmse: 9.127 r2: 0.099 corr: 0.315
********************
  Epoch 33 done in 20.3s
  Saved best model → model/FIM_restoration_0412_stations_monthly/2013/gat-rnn-v2-windowed_bs-128_lr-0.001_maxepoch-50_testyear-2013_win-3_nwin-10_seed-0/model-33

----- Epoch 34 (windowed) -----

###### Windowed train epoch 34 overall metrics
  loss: 0.2924 rmse: 22.915 r2: 0.025 corr: 0.158
***** Epoch 34 Val (windowed) *****
  loss: 0.1285 rmse: 12.190 r2: 0.071 corr: 0.275
********************
***** Epoch 34 Test (windowed) *****
  loss: 0.1513 rmse: 9.156 r2: 0.093 corr: 0.307
********************
  Epoch 34 done in 1010.8s

----- Epoch 35 (windowed) -----

###### Windowed train epoch 35 overall metrics
  loss: 0.2894 rmse: 22.912 r2: 0.025 corr: 0.159
***** Epoch 35 Val (windowed) *****
  loss: 0.1279 rmse: 12.213 r2: 0.067 corr: 0.277
********************
***** Epoch 35 Test (windowed) *****
  loss: 0.1526 rmse: 9.160 r2: 0.092 corr: 0.313
********************
  Epoch 35 done in 19.9s

----- Epoch 36 (windowed) -----

###### Windowed train epoch 36 overall metrics
  loss: 0.2870 rmse: 22.911 r2: 0.025 corr: 0.159
***** Epoch 36 Val (windowed) *****
  loss: 0.1263 rmse: 12.163 r2: 0.075 corr: 0.277
********************
***** Epoch 36 Test (windowed) *****
  loss: 0.1469 rmse: 9.151 r2: 0.094 corr: 0.307
********************
  Epoch 36 done in 976.2s

----- Epoch 37 (windowed) -----

###### Windowed train epoch 37 overall metrics
  loss: 0.2845 rmse: 22.919 r2: 0.024 corr: 0.162
***** Epoch 37 Val (windowed) *****
  loss: 0.1233 rmse: 12.158 r2: 0.076 corr: 0.280
********************
***** Epoch 37 Test (windowed) *****
  loss: 0.1491 rmse: 9.139 r2: 0.096 corr: 0.311
********************
  Epoch 37 done in 20.3s

----- Epoch 38 (windowed) -----

###### Windowed train epoch 38 overall metrics
  loss: 0.2814 rmse: 22.914 r2: 0.025 corr: 0.158
***** Epoch 38 Val (windowed) *****
  loss: 0.1231 rmse: 12.205 r2: 0.069 corr: 0.275
********************
***** Epoch 38 Test (windowed) *****
  loss: 0.1560 rmse: 9.126 r2: 0.099 corr: 0.321
********************
  Epoch 38 done in 20.0s

----- Epoch 39 (windowed) -----

###### Windowed train epoch 39 overall metrics
  loss: 0.2780 rmse: 22.900 r2: 0.026 corr: 0.165
***** Epoch 39 Val (windowed) *****
  loss: 0.1222 rmse: 12.160 r2: 0.076 corr: 0.276
********************
***** Epoch 39 Test (windowed) *****
  loss: 0.1491 rmse: 9.158 r2: 0.092 corr: 0.305
********************
  Epoch 39 done in 20.2s

----- Epoch 40 (windowed) -----

###### Windowed train epoch 40 overall metrics
  loss: 0.2750 rmse: 22.903 r2: 0.026 corr: 0.161
***** Epoch 40 Val (windowed) *****
  loss: 0.1227 rmse: 12.161 r2: 0.075 corr: 0.281
********************
***** Epoch 40 Test (windowed) *****
  loss: 0.1544 rmse: 9.130 r2: 0.098 corr: 0.314
********************
  Epoch 40 done in 19.8s

----- Epoch 41 (windowed) -----

###### Windowed train epoch 41 overall metrics
  loss: 0.2757 rmse: 22.937 r2: 0.023 corr: 0.152
***** Epoch 41 Val (windowed) *****
  loss: 0.1292 rmse: 12.246 r2: 0.062 corr: 0.274
********************
***** Epoch 41 Test (windowed) *****
  loss: 0.1641 rmse: 9.173 r2: 0.089 corr: 0.315
********************
  Epoch 41 done in 19.9s

----- Epoch 42 (windowed) -----

###### Windowed train epoch 42 overall metrics
  loss: 0.2755 rmse: 22.924 r2: 0.024 corr: 0.157
***** Epoch 42 Val (windowed) *****
  loss: 0.1195 rmse: 12.174 r2: 0.073 corr: 0.279
********************
***** Epoch 42 Test (windowed) *****
  loss: 0.1461 rmse: 9.146 r2: 0.095 corr: 0.311
********************
  Epoch 42 done in 19.8s

----- Epoch 43 (windowed) -----

###### Windowed train epoch 43 overall metrics
  loss: 0.2706 rmse: 22.915 r2: 0.025 corr: 0.160
***** Epoch 43 Val (windowed) *****
  loss: 0.1193 rmse: 12.175 r2: 0.073 corr: 0.277
********************
***** Epoch 43 Test (windowed) *****
  loss: 0.1478 rmse: 9.167 r2: 0.091 corr: 0.302
********************
  Epoch 43 done in 969.9s

----- Epoch 44 (windowed) -----

###### Windowed train epoch 44 overall metrics
  loss: 0.2686 rmse: 22.892 r2: 0.027 corr: 0.164
***** Epoch 44 Val (windowed) *****
  loss: 0.1291 rmse: 12.182 r2: 0.072 corr: 0.274
********************
***** Epoch 44 Test (windowed) *****
  loss: 0.1717 rmse: 9.183 r2: 0.088 corr: 0.297
********************
  Epoch 44 done in 20.2s

----- Epoch 45 (windowed) -----

###### Windowed train epoch 45 overall metrics
  loss: 0.2888 rmse: 22.908 r2: 0.025 corr: 0.161
***** Epoch 45 Val (windowed) *****
  loss: 0.1484 rmse: 12.235 r2: 0.064 corr: 0.268
********************
***** Epoch 45 Test (windowed) *****
  loss: 0.1620 rmse: 9.181 r2: 0.088 corr: 0.307
********************
  Epoch 45 done in 19.9s

----- Epoch 46 (windowed) -----

###### Windowed train epoch 46 overall metrics
  loss: 0.2810 rmse: 22.905 r2: 0.025 corr: 0.162
***** Epoch 46 Val (windowed) *****
  loss: 0.1247 rmse: 12.205 r2: 0.069 corr: 0.271
********************
***** Epoch 46 Test (windowed) *****
  loss: 0.1473 rmse: 9.143 r2: 0.095 corr: 0.314
********************
  Epoch 46 done in 20.0s

----- Epoch 47 (windowed) -----

###### Windowed train epoch 47 overall metrics
  loss: 0.2707 rmse: 22.914 r2: 0.025 corr: 0.160
***** Epoch 47 Val (windowed) *****
  loss: 0.1188 rmse: 12.169 r2: 0.074 corr: 0.281
********************
***** Epoch 47 Test (windowed) *****
  loss: 0.1448 rmse: 9.153 r2: 0.093 corr: 0.308
********************
  Epoch 47 done in 20.1s

----- Epoch 48 (windowed) -----

###### Windowed train epoch 48 overall metrics
  loss: 0.2656 rmse: 22.904 r2: 0.026 corr: 0.163
***** Epoch 48 Val (windowed) *****
  loss: 0.1172 rmse: 12.181 r2: 0.072 corr: 0.279
********************
***** Epoch 48 Test (windowed) *****
  loss: 0.1485 rmse: 9.138 r2: 0.096 corr: 0.314
********************
  Epoch 48 done in 19.8s

----- Epoch 49 (windowed) -----

###### Windowed train epoch 49 overall metrics
  loss: 0.2594 rmse: 22.873 r2: 0.028 corr: 0.169
***** Epoch 49 Val (windowed) *****
  loss: 0.1170 rmse: 12.165 r2: 0.075 corr: 0.281
********************
***** Epoch 49 Test (windowed) *****
  loss: 0.1406 rmse: 9.113 r2: 0.101 corr: 0.322
********************
  Epoch 49 done in 19.8s
Fold done — best val RMSE=12.1484 test R²=0.0986 corr=0.3149

================================================================
Rolling-windowed  test_year=2014
  Val  : 2013
  Test : 2014
  win_size=3  n_windows=10
================================================================
Initially data (54319, 166)
After filtering (33349, 166)
get_X_Y
X shape (33349, 130)
Y shape (33349, 34)
Y (output) means tensor([[0.1413, 0.0112, 0.2588, 0.1486, 0.0158, 0.0633, 0.1654, 0.6729, 0.9097,
         0.0232, 0.0415, 0.0122, 0.0728, 0.1400, 1.0255, 0.9593, 0.3527, 0.3951,
         0.9349, 0.3719, 0.1884, 0.2257, 0.4464, 0.1854, 0.3983, 0.4554, 0.2890,
         0.6964, 0.5309, 0.1508, 0.2793, 0.1060, 0.1302, 0.1330]]) stds tensor([[0.4695, 0.1307, 0.6365, 0.5543, 0.1488, 0.3080, 0.5266, 1.4624, 1.6381,
         0.1933, 0.2753, 0.1486, 0.3957, 0.4479, 2.0993, 1.6309, 0.8633, 1.1749,
         1.6661, 0.9003, 0.5335, 0.6942, 1.1293, 0.6099, 0.9771, 1.0177, 0.7256,
         1.4547, 1.0646, 0.4459, 0.8349, 0.3422, 0.3961, 0.3773]])
Y count-scale means tensor([[4.6989e-01, 3.2253e-02, 1.0255e+00, 7.8010e-01, 4.1311e-02, 2.1462e-01,
         6.1640e-01, 1.4729e+01, 3.2601e+01, 7.2568e-02, 1.6758e-01, 4.1551e-02,
         4.6042e-01, 4.2096e-01, 2.4440e+02, 1.9778e+01, 2.7245e+00, 1.4645e+01,
         2.9753e+01, 2.8720e+00, 6.1722e-01, 1.5432e+00, 8.6217e+00, 1.8001e+00,
         3.3597e+00, 3.9473e+00, 1.3453e+00, 3.6798e+01, 6.6339e+00, 4.4330e-01,
         2.9949e+00, 2.2494e-01, 3.0835e-01, 2.7871e-01]]) stds tensor([[3.3118e+00, 6.2025e-01, 6.2501e+00, 6.2437e+00, 6.3738e-01, 4.0883e+00,
         3.9653e+00, 7.2936e+01, 2.2494e+02, 1.0581e+00, 2.4707e+00, 7.4082e-01,
         8.1820e+00, 2.6878e+00, 2.8060e+03, 8.8625e+01, 1.9914e+01, 1.7619e+02,
         2.4191e+02, 1.7276e+01, 3.2516e+00, 1.4442e+01, 8.8757e+01, 5.2336e+01,
         1.6457e+01, 2.2632e+01, 7.3086e+00, 9.7556e+02, 8.1498e+01, 4.9792e+00,
         2.5509e+01, 1.0046e+00, 1.4564e+00, 1.1145e+00]])
Loaded per-window (calendar) month weights from analysis/figures/month_weights_per_window.npz: cube.shape=(25, 12, 34)
/Users/liyingnceas/GitHub/GNN-RNN-main/gnn-lstm-v3/utils/data_utils.py:264: RuntimeWarning: Mean of empty slice
  np.nanmean(county_dict[county], axis=0).astype(np.float32)
Filled 83815 missing (node, year) entries from neighbors or year averages
[2D] Station nodes: 587, adj nnz: 2910
[build_year_XY_windowed] data_start=1998, min_pred_year=2009, test_year=2014, win_size=3, n_windows=10
  built windows for T=2009
  built windows for T=2014
[build_year_XY_windowed] built windowed XY for 6 prediction years (2009–2014)
  GAT_RNN_V2: edge_feat_dim=3, n_heads=4, n_hidden=64
  [Bayes] Species rarity weights (mean=1): min=0.70 max=1.68  (rarest=Centropomus undecimalis_SA)
  [CrossDonor] Ecological cross-donor map (9 recipients):
    Centropomus undecimalis_A  <-  ['Cynoscion nebulosus_R', 'Cynoscion nebulosus_A']
    Centropomus undecimalis_SA  <-  ['Cynoscion nebulosus_R', 'Centropomus undecimalis_A']
    Sciaenops ocellatus_R  <-  ['Cynoscion nebulosus_R', 'Cynoscion nebulosus_A']
    Sciaenops ocellatus_SA  <-  ['Cynoscion nebulosus_R', 'Cynoscion nebulosus_A']
    Cynoscion nebulosus_A  <-  ['Cynoscion nebulosus_R', 'Lagodon rhomboides_A']
    Mycteroperca microlepis_SA  <-  ['Lutjanus griseus_SA', 'Lutjanus griseus_R']
    Lutjanus griseus_R  <-  ['Archosargus probatocephalus_A', 'Lutjanus griseus_SA']
    Lutjanus griseus_SA  <-  ['Archosargus probatocephalus_A']
    Archosargus probatocephalus_R  <-  ['Archosargus probatocephalus_A', 'Lagodon rhomboides_A']
  [BayesTransferMapped] 9 recipient → donor mappings:
    recipient   3 <- donors [6, 5]
    recipient   4 <- donors [6, 3]
    recipient  12 <- donors [6, 5]
    recipient  13 <- donors [6, 5]
    recipient   5 <- donors [6, 7]
    recipient  11 <- donors [10, 9]
    recipient   9 <- donors [0, 10]
    recipient  10 <- donors [0]
    recipient   1 <- donors [0, 7]
  [BayesTransferMapped] transfer_prior_std=0.600  warmstart_alpha=0.25

----- Epoch 0 (windowed) -----

###### Windowed train epoch 0 overall metrics
  loss: 0.5669 rmse: 21.169 r2: 0.002 corr: 0.055
***** Epoch 0 Val (windowed) *****
  loss: 0.2369 rmse: 9.526 r2: 0.018 corr: 0.136
********************
***** Epoch 0 Test (windowed) *****
  loss: 0.2379 rmse: 7.964 r2: 0.028 corr: 0.170
********************
  Epoch 0 done in 923.6s
  Saved best model → model/FIM_restoration_0412_stations_monthly/2014/gat-rnn-v2-windowed_bs-128_lr-0.001_maxepoch-50_testyear-2014_win-3_nwin-10_seed-0/model-0

----- Epoch 1 (windowed) -----

###### Windowed train epoch 1 overall metrics
  loss: 0.5099 rmse: 21.131 r2: 0.006 corr: 0.076
***** Epoch 1 Val (windowed) *****
  loss: 0.2197 rmse: 9.538 r2: 0.015 corr: 0.144
********************
***** Epoch 1 Test (windowed) *****
  loss: 0.2213 rmse: 7.976 r2: 0.025 corr: 0.178
********************
  Epoch 1 done in 24.5s

----- Epoch 2 (windowed) -----

###### Windowed train epoch 2 overall metrics
  loss: 0.4797 rmse: 21.108 r2: 0.008 corr: 0.089
***** Epoch 2 Val (windowed) *****
  loss: 0.2072 rmse: 9.492 r2: 0.025 corr: 0.170
********************
***** Epoch 2 Test (windowed) *****
  loss: 0.2093 rmse: 7.912 r2: 0.041 corr: 0.214
********************
  Epoch 2 done in 24.8s
  Saved best model → model/FIM_restoration_0412_stations_monthly/2014/gat-rnn-v2-windowed_bs-128_lr-0.001_maxepoch-50_testyear-2014_win-3_nwin-10_seed-0/model-2

----- Epoch 3 (windowed) -----

###### Windowed train epoch 3 overall metrics
  loss: 0.4601 rmse: 21.085 r2: 0.010 corr: 0.100
***** Epoch 3 Val (windowed) *****
  loss: 0.1985 rmse: 9.444 r2: 0.035 corr: 0.193
********************
***** Epoch 3 Test (windowed) *****
  loss: 0.2035 rmse: 7.850 r2: 0.056 corr: 0.243
********************
  Epoch 3 done in 991.8s
  Saved best model → model/FIM_restoration_0412_stations_monthly/2014/gat-rnn-v2-windowed_bs-128_lr-0.001_maxepoch-50_testyear-2014_win-3_nwin-10_seed-0/model-3

----- Epoch 4 (windowed) -----

###### Windowed train epoch 4 overall metrics
  loss: 0.4411 rmse: 21.072 r2: 0.011 corr: 0.106
***** Epoch 4 Val (windowed) *****
  loss: 0.1945 rmse: 9.393 r2: 0.045 corr: 0.213
********************
***** Epoch 4 Test (windowed) *****
  loss: 0.1938 rmse: 7.781 r2: 0.072 corr: 0.269
********************
  Epoch 4 done in 23.5s
  Saved best model → model/FIM_restoration_0412_stations_monthly/2014/gat-rnn-v2-windowed_bs-128_lr-0.001_maxepoch-50_testyear-2014_win-3_nwin-10_seed-0/model-4

----- Epoch 5 (windowed) -----

###### Windowed train epoch 5 overall metrics
  loss: 0.4224 rmse: 21.060 r2: 0.012 corr: 0.111
***** Epoch 5 Val (windowed) *****
  loss: 0.1870 rmse: 9.405 r2: 0.043 corr: 0.210
********************
***** Epoch 5 Test (windowed) *****
  loss: 0.2153 rmse: 7.798 r2: 0.068 corr: 0.265
********************
  Epoch 5 done in 23.3s

----- Epoch 6 (windowed) -----

###### Windowed train epoch 6 overall metrics
  loss: 0.4063 rmse: 21.043 r2: 0.014 corr: 0.118
***** Epoch 6 Val (windowed) *****
  loss: 0.1782 rmse: 9.339 r2: 0.056 corr: 0.237
********************
***** Epoch 6 Test (windowed) *****
  loss: 0.2146 rmse: 7.713 r2: 0.088 corr: 0.298
********************
  Epoch 6 done in 23.2s
  Saved best model → model/FIM_restoration_0412_stations_monthly/2014/gat-rnn-v2-windowed_bs-128_lr-0.001_maxepoch-50_testyear-2014_win-3_nwin-10_seed-0/model-6

----- Epoch 7 (windowed) -----

###### Windowed train epoch 7 overall metrics
  loss: 0.3902 rmse: 21.006 r2: 0.017 corr: 0.133
***** Epoch 7 Val (windowed) *****
  loss: 0.1663 rmse: 9.284 r2: 0.067 corr: 0.259
********************
***** Epoch 7 Test (windowed) *****
  loss: 0.1970 rmse: 7.632 r2: 0.107 corr: 0.328
********************
  Epoch 7 done in 23.9s
  Saved best model → model/FIM_restoration_0412_stations_monthly/2014/gat-rnn-v2-windowed_bs-128_lr-0.001_maxepoch-50_testyear-2014_win-3_nwin-10_seed-0/model-7

----- Epoch 8 (windowed) -----

###### Windowed train epoch 8 overall metrics
  loss: 0.3795 rmse: 20.987 r2: 0.019 corr: 0.140
***** Epoch 8 Val (windowed) *****
  loss: 0.1611 rmse: 9.260 r2: 0.072 corr: 0.269
********************
***** Epoch 8 Test (windowed) *****
  loss: 0.1919 rmse: 7.615 r2: 0.111 corr: 0.334
********************
  Epoch 8 done in 23.2s
  Saved best model → model/FIM_restoration_0412_stations_monthly/2014/gat-rnn-v2-windowed_bs-128_lr-0.001_maxepoch-50_testyear-2014_win-3_nwin-10_seed-0/model-8

----- Epoch 9 (windowed) -----

###### Windowed train epoch 9 overall metrics
  loss: 0.3657 rmse: 20.980 r2: 0.020 corr: 0.141
***** Epoch 9 Val (windowed) *****
  loss: 0.1712 rmse: 9.294 r2: 0.065 corr: 0.267
********************
***** Epoch 9 Test (windowed) *****
  loss: 0.1783 rmse: 7.642 r2: 0.105 corr: 0.334
********************
  Epoch 9 done in 23.2s

----- Epoch 10 (windowed) -----

###### Windowed train epoch 10 overall metrics
  loss: 0.3641 rmse: 20.976 r2: 0.020 corr: 0.143
***** Epoch 10 Val (windowed) *****
  loss: 0.2296 rmse: 9.305 r2: 0.063 corr: 0.261
********************
***** Epoch 10 Test (windowed) *****
  loss: 0.1691 rmse: 7.607 r2: 0.113 corr: 0.341
********************
  Epoch 10 done in 23.2s

----- Epoch 11 (windowed) -----

###### Windowed train epoch 11 overall metrics
  loss: 0.3625 rmse: 20.959 r2: 0.022 corr: 0.149
***** Epoch 11 Val (windowed) *****
  loss: 0.1537 rmse: 9.228 r2: 0.078 corr: 0.283
********************
***** Epoch 11 Test (windowed) *****
  loss: 0.1854 rmse: 7.585 r2: 0.118 corr: 0.346
********************
  Epoch 11 done in 23.3s
  Saved best model → model/FIM_restoration_0412_stations_monthly/2014/gat-rnn-v2-windowed_bs-128_lr-0.001_maxepoch-50_testyear-2014_win-3_nwin-10_seed-0/model-11

----- Epoch 12 (windowed) -----

###### Windowed train epoch 12 overall metrics
  loss: 0.3475 rmse: 20.957 r2: 0.022 corr: 0.149
***** Epoch 12 Val (windowed) *****
  loss: 0.1490 rmse: 9.225 r2: 0.079 corr: 0.285
********************
***** Epoch 12 Test (windowed) *****
  loss: 0.1980 rmse: 7.612 r2: 0.112 corr: 0.336
********************
  Epoch 12 done in 24.8s
  Saved best model → model/FIM_restoration_0412_stations_monthly/2014/gat-rnn-v2-windowed_bs-128_lr-0.001_maxepoch-50_testyear-2014_win-3_nwin-10_seed-0/model-12

----- Epoch 13 (windowed) -----

###### Windowed train epoch 13 overall metrics
  loss: 0.3404 rmse: 20.926 r2: 0.025 corr: 0.159
***** Epoch 13 Val (windowed) *****
  loss: 0.1552 rmse: 9.213 r2: 0.081 corr: 0.288
********************
***** Epoch 13 Test (windowed) *****
  loss: 0.1865 rmse: 7.579 r2: 0.120 corr: 0.347
********************
  Epoch 13 done in 23.2s
  Saved best model → model/FIM_restoration_0412_stations_monthly/2014/gat-rnn-v2-windowed_bs-128_lr-0.001_maxepoch-50_testyear-2014_win-3_nwin-10_seed-0/model-13

----- Epoch 14 (windowed) -----

###### Windowed train epoch 14 overall metrics
  loss: 0.3362 rmse: 20.947 r2: 0.023 corr: 0.152
***** Epoch 14 Val (windowed) *****
  loss: 0.1461 rmse: 9.195 r2: 0.085 corr: 0.291
********************
***** Epoch 14 Test (windowed) *****
  loss: 0.1993 rmse: 7.568 r2: 0.122 corr: 0.351
********************
  Epoch 14 done in 23.4s
  Saved best model → model/FIM_restoration_0412_stations_monthly/2014/gat-rnn-v2-windowed_bs-128_lr-0.001_maxepoch-50_testyear-2014_win-3_nwin-10_seed-0/model-14

----- Epoch 15 (windowed) -----

###### Windowed train epoch 15 overall metrics
  loss: 0.3311 rmse: 20.944 r2: 0.023 corr: 0.153
***** Epoch 15 Val (windowed) *****
  loss: 0.1603 rmse: 9.236 r2: 0.077 corr: 0.283
********************
***** Epoch 15 Test (windowed) *****
  loss: 0.1766 rmse: 7.598 r2: 0.115 corr: 0.343
********************
  Epoch 15 done in 23.4s

----- Epoch 16 (windowed) -----

###### Windowed train epoch 16 overall metrics
  loss: 0.3329 rmse: 20.919 r2: 0.025 corr: 0.163
***** Epoch 16 Val (windowed) *****
  loss: 0.1736 rmse: 9.230 r2: 0.078 corr: 0.283
********************
***** Epoch 16 Test (windowed) *****
  loss: 0.1722 rmse: 7.562 r2: 0.124 corr: 0.353
********************
  Epoch 16 done in 1049.0s

----- Epoch 17 (windowed) -----

###### Windowed train epoch 17 overall metrics
  loss: 0.3290 rmse: 20.916 r2: 0.026 corr: 0.161
***** Epoch 17 Val (windowed) *****
  loss: 0.1446 rmse: 9.191 r2: 0.086 corr: 0.296
********************
***** Epoch 17 Test (windowed) *****
  loss: 0.1842 rmse: 7.561 r2: 0.124 corr: 0.354
********************
  Epoch 17 done in 23.5s
  Saved best model → model/FIM_restoration_0412_stations_monthly/2014/gat-rnn-v2-windowed_bs-128_lr-0.001_maxepoch-50_testyear-2014_win-3_nwin-10_seed-0/model-17

----- Epoch 18 (windowed) -----

###### Windowed train epoch 18 overall metrics
  loss: 0.3242 rmse: 20.914 r2: 0.026 corr: 0.162
***** Epoch 18 Val (windowed) *****
  loss: 0.1392 rmse: 9.192 r2: 0.086 corr: 0.303
********************
***** Epoch 18 Test (windowed) *****
  loss: 0.1810 rmse: 7.575 r2: 0.121 corr: 0.355
********************
  Epoch 18 done in 23.8s

----- Epoch 19 (windowed) -----

###### Windowed train epoch 19 overall metrics
  loss: 0.3202 rmse: 20.911 r2: 0.026 corr: 0.163
***** Epoch 19 Val (windowed) *****
  loss: 0.1417 rmse: 9.159 r2: 0.092 corr: 0.308
********************
***** Epoch 19 Test (windowed) *****
  loss: 0.1797 rmse: 7.561 r2: 0.124 corr: 0.354
********************
  Epoch 19 done in 23.7s
  Saved best model → model/FIM_restoration_0412_stations_monthly/2014/gat-rnn-v2-windowed_bs-128_lr-0.001_maxepoch-50_testyear-2014_win-3_nwin-10_seed-0/model-19

----- Epoch 20 (windowed) -----

###### Windowed train epoch 20 overall metrics
  loss: 0.3230 rmse: 20.901 r2: 0.027 corr: 0.167
***** Epoch 20 Val (windowed) *****
  loss: 0.1413 rmse: 9.179 r2: 0.088 corr: 0.303
********************
***** Epoch 20 Test (windowed) *****
  loss: 0.1827 rmse: 7.559 r2: 0.125 corr: 0.356
********************
  Epoch 20 done in 141.6s

----- Epoch 21 (windowed) -----

###### Windowed train epoch 21 overall metrics
  loss: 0.3170 rmse: 20.958 r2: 0.022 corr: 0.148
***** Epoch 21 Val (windowed) *****
  loss: 0.1386 rmse: 9.222 r2: 0.080 corr: 0.301
********************
***** Epoch 21 Test (windowed) *****
  loss: 0.1988 rmse: 7.613 r2: 0.112 corr: 0.350
********************
  Epoch 21 done in 23.6s

----- Epoch 22 (windowed) -----

###### Windowed train epoch 22 overall metrics
  loss: 0.3109 rmse: 20.926 r2: 0.025 corr: 0.159
***** Epoch 22 Val (windowed) *****
  loss: 0.1332 rmse: 9.166 r2: 0.091 corr: 0.306
********************
***** Epoch 22 Test (windowed) *****
  loss: 0.1965 rmse: 7.553 r2: 0.126 corr: 0.357
********************
  Epoch 22 done in 23.3s

----- Epoch 23 (windowed) -----

###### Windowed train epoch 23 overall metrics
  loss: 0.3056 rmse: 20.893 r2: 0.028 corr: 0.169
***** Epoch 23 Val (windowed) *****
  loss: 0.1335 rmse: 9.154 r2: 0.093 corr: 0.306
********************
***** Epoch 23 Test (windowed) *****
  loss: 0.1965 rmse: 7.559 r2: 0.124 corr: 0.354
********************
  Epoch 23 done in 23.4s
  Saved best model → model/FIM_restoration_0412_stations_monthly/2014/gat-rnn-v2-windowed_bs-128_lr-0.001_maxepoch-50_testyear-2014_win-3_nwin-10_seed-0/model-23

----- Epoch 24 (windowed) -----

###### Windowed train epoch 24 overall metrics
  loss: 0.3052 rmse: 20.899 r2: 0.027 corr: 0.166
***** Epoch 24 Val (windowed) *****
  loss: 0.1337 rmse: 9.117 r2: 0.100 corr: 0.317
********************
***** Epoch 24 Test (windowed) *****
  loss: 0.2132 rmse: 7.536 r2: 0.130 corr: 0.362
********************
  Epoch 24 done in 23.4s
  Saved best model → model/FIM_restoration_0412_stations_monthly/2014/gat-rnn-v2-windowed_bs-128_lr-0.001_maxepoch-50_testyear-2014_win-3_nwin-10_seed-0/model-24

----- Epoch 25 (windowed) -----

###### Windowed train epoch 25 overall metrics
  loss: 0.3002 rmse: 20.913 r2: 0.026 corr: 0.164
***** Epoch 25 Val (windowed) *****
  loss: 0.1298 rmse: 9.148 r2: 0.094 corr: 0.307
********************
***** Epoch 25 Test (windowed) *****
  loss: 0.2019 rmse: 7.550 r2: 0.127 corr: 0.357
********************
  Epoch 25 done in 23.6s

----- Epoch 26 (windowed) -----

###### Windowed train epoch 26 overall metrics
  loss: 0.2949 rmse: 20.879 r2: 0.029 corr: 0.171
***** Epoch 26 Val (windowed) *****
  loss: 0.1304 rmse: 9.135 r2: 0.097 corr: 0.319
********************
***** Epoch 26 Test (windowed) *****
  loss: 0.2046 rmse: 7.545 r2: 0.128 corr: 0.359
********************
  Epoch 26 done in 23.3s

----- Epoch 27 (windowed) -----

###### Windowed train epoch 27 overall metrics
  loss: 0.2959 rmse: 20.926 r2: 0.025 corr: 0.158
***** Epoch 27 Val (windowed) *****
  loss: 0.1279 rmse: 9.147 r2: 0.094 corr: 0.317
********************
***** Epoch 27 Test (windowed) *****
  loss: 0.2112 rmse: 7.562 r2: 0.124 corr: 0.355
********************
  Epoch 27 done in 23.4s

----- Epoch 28 (windowed) -----

###### Windowed train epoch 28 overall metrics
  loss: 0.2917 rmse: 20.898 r2: 0.027 corr: 0.167
***** Epoch 28 Val (windowed) *****
  loss: 0.1432 rmse: 9.140 r2: 0.096 corr: 0.316
********************
***** Epoch 28 Test (windowed) *****
  loss: 0.1812 rmse: 7.527 r2: 0.132 corr: 0.364
********************
  Epoch 28 done in 23.3s

----- Epoch 29 (windowed) -----

###### Windowed train epoch 29 overall metrics
  loss: 0.2912 rmse: 20.890 r2: 0.028 corr: 0.170
***** Epoch 29 Val (windowed) *****
  loss: 0.1245 rmse: 9.143 r2: 0.095 corr: 0.309
********************
***** Epoch 29 Test (windowed) *****
  loss: 0.2031 rmse: 7.549 r2: 0.127 corr: 0.357
********************
  Epoch 29 done in 23.7s

----- Epoch 30 (windowed) -----

###### Windowed train epoch 30 overall metrics
  loss: 0.2887 rmse: 20.897 r2: 0.027 corr: 0.167
***** Epoch 30 Val (windowed) *****
  loss: 0.1249 rmse: 9.145 r2: 0.095 corr: 0.312
********************
***** Epoch 30 Test (windowed) *****
  loss: 0.1852 rmse: 7.556 r2: 0.125 corr: 0.355
********************
  Epoch 30 done in 23.6s

----- Epoch 31 (windowed) -----

###### Windowed train epoch 31 overall metrics
  loss: 0.2836 rmse: 20.921 r2: 0.025 corr: 0.160
***** Epoch 31 Val (windowed) *****
  loss: 0.1385 rmse: 9.159 r2: 0.092 corr: 0.304
********************
***** Epoch 31 Test (windowed) *****
  loss: 0.1796 rmse: 7.586 r2: 0.118 corr: 0.346
********************
  Epoch 31 done in 1041.6s

----- Epoch 32 (windowed) -----

###### Windowed train epoch 32 overall metrics
  loss: 0.2892 rmse: 20.884 r2: 0.029 corr: 0.170
***** Epoch 32 Val (windowed) *****
  loss: 0.1271 rmse: 9.188 r2: 0.086 corr: 0.299
********************
***** Epoch 32 Test (windowed) *****
  loss: 0.1830 rmse: 7.557 r2: 0.125 corr: 0.359
********************
  Epoch 32 done in 23.3s

----- Epoch 33 (windowed) -----

###### Windowed train epoch 33 overall metrics
  loss: 0.2777 rmse: 20.906 r2: 0.027 corr: 0.164
***** Epoch 33 Val (windowed) *****
  loss: 0.1238 rmse: 9.121 r2: 0.100 corr: 0.321
********************
***** Epoch 33 Test (windowed) *****
  loss: 0.1898 rmse: 7.519 r2: 0.134 corr: 0.368
********************
  Epoch 33 done in 23.5s

----- Epoch 34 (windowed) -----

###### Windowed train epoch 34 overall metrics
  loss: 0.2718 rmse: 20.925 r2: 0.025 corr: 0.160
***** Epoch 34 Val (windowed) *****
  loss: 0.1191 rmse: 9.120 r2: 0.100 corr: 0.317
********************
***** Epoch 34 Test (windowed) *****
  loss: 0.2009 rmse: 7.537 r2: 0.129 corr: 0.361
********************
  Epoch 34 done in 23.8s

----- Epoch 35 (windowed) -----

###### Windowed train epoch 35 overall metrics
  loss: 0.2671 rmse: 20.887 r2: 0.028 corr: 0.169
***** Epoch 35 Val (windowed) *****
  loss: 0.1175 rmse: 9.131 r2: 0.098 corr: 0.324
********************
***** Epoch 35 Test (windowed) *****
  loss: 0.2083 rmse: 7.560 r2: 0.124 corr: 0.358
********************
  Epoch 35 done in 23.3s

----- Epoch 36 (windowed) -----

###### Windowed train epoch 36 overall metrics
  loss: 0.2643 rmse: 20.925 r2: 0.025 corr: 0.158
***** Epoch 36 Val (windowed) *****
  loss: 0.1171 rmse: 9.166 r2: 0.091 corr: 0.322
********************
***** Epoch 36 Test (windowed) *****
  loss: 0.2075 rmse: 7.582 r2: 0.119 corr: 0.356
********************
  Epoch 36 done in 23.2s

----- Epoch 37 (windowed) -----

###### Windowed train epoch 37 overall metrics
  loss: 0.2624 rmse: 20.985 r2: 0.019 corr: 0.144
***** Epoch 37 Val (windowed) *****
  loss: 0.1157 rmse: 9.177 r2: 0.088 corr: 0.312
********************
***** Epoch 37 Test (windowed) *****
  loss: 0.2114 rmse: 7.571 r2: 0.122 corr: 0.360
********************
  Epoch 37 done in 941.6s

----- Epoch 38 (windowed) -----

###### Windowed train epoch 38 overall metrics
  loss: 0.2603 rmse: 20.937 r2: 0.024 corr: 0.155
***** Epoch 38 Val (windowed) *****
  loss: 0.1163 rmse: 9.188 r2: 0.086 corr: 0.305
********************
***** Epoch 38 Test (windowed) *****
  loss: 0.2120 rmse: 7.554 r2: 0.125 corr: 0.370
********************
  Epoch 38 done in 23.1s

----- Epoch 39 (windowed) -----

###### Windowed train epoch 39 overall metrics
  loss: 0.2579 rmse: 20.916 r2: 0.026 corr: 0.161
***** Epoch 39 Val (windowed) *****
  loss: 0.1231 rmse: 9.138 r2: 0.096 corr: 0.323
********************
***** Epoch 39 Test (windowed) *****
  loss: 0.1918 rmse: 7.565 r2: 0.123 corr: 0.357
********************
  Epoch 39 done in 23.4s

----- Epoch 40 (windowed) -----

###### Windowed train epoch 40 overall metrics
  loss: 0.2812 rmse: 20.903 r2: 0.027 corr: 0.166
***** Epoch 40 Val (windowed) *****
  loss: 0.1546 rmse: 9.123 r2: 0.099 corr: 0.316
********************
***** Epoch 40 Test (windowed) *****
  loss: 0.1601 rmse: 7.517 r2: 0.134 corr: 0.366
********************
  Epoch 40 done in 23.4s

----- Epoch 41 (windowed) -----

###### Windowed train epoch 41 overall metrics
  loss: 0.2758 rmse: 20.894 r2: 0.028 corr: 0.170
***** Epoch 41 Val (windowed) *****
  loss: 0.1302 rmse: 9.154 r2: 0.093 corr: 0.309
********************
***** Epoch 41 Test (windowed) *****
  loss: 0.1634 rmse: 7.541 r2: 0.129 corr: 0.361
********************
  Epoch 41 done in 23.5s

----- Epoch 42 (windowed) -----

###### Windowed train epoch 42 overall metrics
  loss: 0.2623 rmse: 20.903 r2: 0.027 corr: 0.167
***** Epoch 42 Val (windowed) *****
  loss: 0.1158 rmse: 9.172 r2: 0.089 corr: 0.302
********************
***** Epoch 42 Test (windowed) *****
  loss: 0.1916 rmse: 7.603 r2: 0.114 corr: 0.340
********************
  Epoch 42 done in 23.6s

----- Epoch 43 (windowed) -----

###### Windowed train epoch 43 overall metrics
  loss: 0.2562 rmse: 20.937 r2: 0.024 corr: 0.155
***** Epoch 43 Val (windowed) *****
  loss: 0.1145 rmse: 9.169 r2: 0.090 corr: 0.319
********************
***** Epoch 43 Test (windowed) *****
  loss: 0.1870 rmse: 7.557 r2: 0.125 corr: 0.367
********************
  Epoch 43 done in 958.5s

----- Epoch 44 (windowed) -----

###### Windowed train epoch 44 overall metrics
  loss: 0.2519 rmse: 20.932 r2: 0.024 corr: 0.156
***** Epoch 44 Val (windowed) *****
  loss: 0.1182 rmse: 9.175 r2: 0.089 corr: 0.321
********************
***** Epoch 44 Test (windowed) *****
  loss: 0.1829 rmse: 7.579 r2: 0.120 corr: 0.362
********************
  Epoch 44 done in 936.7s

----- Epoch 45 (windowed) -----

###### Windowed train epoch 45 overall metrics
  loss: 0.2548 rmse: 20.977 r2: 0.020 corr: 0.148
***** Epoch 45 Val (windowed) *****
  loss: 0.1124 rmse: 9.158 r2: 0.092 corr: 0.317
********************
***** Epoch 45 Test (windowed) *****
  loss: 0.1947 rmse: 7.557 r2: 0.125 corr: 0.364
********************
  Epoch 45 done in 24.4s

----- Epoch 46 (windowed) -----

###### Windowed train epoch 46 overall metrics
  loss: 0.2514 rmse: 20.914 r2: 0.026 corr: 0.161
***** Epoch 46 Val (windowed) *****
  loss: 0.1100 rmse: 9.136 r2: 0.097 corr: 0.318
********************
***** Epoch 46 Test (windowed) *****
  loss: 0.2001 rmse: 7.585 r2: 0.118 corr: 0.346
********************
  Epoch 46 done in 23.1s

----- Epoch 47 (windowed) -----

###### Windowed train epoch 47 overall metrics
  loss: 0.2485 rmse: 20.893 r2: 0.028 corr: 0.168
***** Epoch 47 Val (windowed) *****
  loss: 0.1125 rmse: 9.143 r2: 0.095 corr: 0.318
********************
***** Epoch 47 Test (windowed) *****
  loss: 0.1873 rmse: 7.552 r2: 0.126 corr: 0.361
********************
  Epoch 47 done in 23.5s

----- Epoch 48 (windowed) -----

###### Windowed train epoch 48 overall metrics
  loss: 0.2443 rmse: 20.896 r2: 0.028 corr: 0.167
***** Epoch 48 Val (windowed) *****
  loss: 0.1077 rmse: 9.134 r2: 0.097 corr: 0.330
********************
***** Epoch 48 Test (windowed) *****
  loss: 0.2100 rmse: 7.583 r2: 0.119 corr: 0.353
********************
  Epoch 48 done in 23.2s

----- Epoch 49 (windowed) -----

###### Windowed train epoch 49 overall metrics
  loss: 0.2410 rmse: 20.914 r2: 0.026 corr: 0.166
***** Epoch 49 Val (windowed) *****
  loss: 0.1101 rmse: 9.127 r2: 0.098 corr: 0.314
********************
***** Epoch 49 Test (windowed) *****
  loss: 0.2203 rmse: 7.551 r2: 0.126 corr: 0.356
********************
  Epoch 49 done in 23.5s
Fold done — best val RMSE=9.1175 test R²=0.1298 corr=0.3616

================================================================
Rolling-windowed  test_year=2015
  Val  : 2014
  Test : 2015
  win_size=3  n_windows=10
================================================================
Initially data (54319, 166)
After filtering (35487, 166)
get_X_Y
X shape (35487, 130)
Y shape (35487, 34)
Y (output) means tensor([[0.1446, 0.0115, 0.2573, 0.1496, 0.0167, 0.0630, 0.1633, 0.6705, 0.9133,
         0.0229, 0.0445, 0.0117, 0.0764, 0.1410, 1.0226, 0.9765, 0.3476, 0.3918,
         0.9161, 0.3699, 0.1856, 0.2225, 0.4413, 0.1830, 0.4028, 0.4568, 0.2865,
         0.6753, 0.5261, 0.1492, 0.2806, 0.1060, 0.1301, 0.1328]]) stds tensor([[0.4752, 0.1324, 0.6328, 0.5566, 0.1552, 0.3050, 0.5228, 1.4579, 1.6397,
         0.1922, 0.2882, 0.1460, 0.4122, 0.4493, 2.0963, 1.6418, 0.8550, 1.1702,
         1.6470, 0.8956, 0.5277, 0.6900, 1.1228, 0.6047, 0.9834, 1.0166, 0.7213,
         1.4294, 1.0573, 0.4425, 0.8377, 0.3417, 0.3944, 0.3761]])
Y count-scale means tensor([[4.8216e-01, 3.3097e-02, 1.0077e+00, 7.8546e-01, 4.7551e-02, 2.0872e-01,
         6.0559e-01, 1.4582e+01, 3.2330e+01, 7.1789e-02, 1.8560e-01, 4.0068e-02,
         5.1947e-01, 4.2223e-01, 2.4308e+02, 2.0236e+01, 2.6366e+00, 1.4393e+01,
         2.8591e+01, 2.8189e+00, 6.0083e-01, 1.6085e+00, 8.4691e+00, 1.7329e+00,
         3.4129e+00, 3.9146e+00, 1.3223e+00, 3.4593e+01, 6.4131e+00, 4.3361e-01,
         3.0314e+00, 2.2471e-01, 3.0558e-01, 2.7693e-01]]) stds tensor([[3.3257e+00, 6.2445e-01, 6.1222e+00, 6.1816e+00, 9.6805e-01, 3.9534e+00,
         3.9211e+00, 7.2579e+01, 2.2041e+02, 1.0461e+00, 2.6244e+00, 7.2528e-01,
         9.0659e+00, 2.6515e+00, 2.8611e+03, 8.8809e+01, 1.9329e+01, 1.7185e+02,
         2.3493e+02, 1.6929e+01, 3.1694e+00, 2.3141e+01, 8.6734e+01, 5.0572e+01,
         1.6597e+01, 2.2258e+01, 7.1459e+00, 9.4188e+02, 7.8867e+01, 4.8218e+00,
         2.5615e+01, 1.0072e+00, 1.4308e+00, 1.0981e+00]])
Loaded per-window (calendar) month weights from analysis/figures/month_weights_per_window.npz: cube.shape=(25, 12, 34)
/Users/liyingnceas/GitHub/GNN-RNN-main/gnn-lstm-v3/utils/data_utils.py:264: RuntimeWarning: Mean of empty slice
  np.nanmean(county_dict[county], axis=0).astype(np.float32)
Filled 89145 missing (node, year) entries from neighbors or year averages
[2D] Station nodes: 587, adj nnz: 2910
[build_year_XY_windowed] data_start=1998, min_pred_year=2009, test_year=2015, win_size=3, n_windows=10
  built windows for T=2009
  built windows for T=2014
[build_year_XY_windowed] built windowed XY for 7 prediction years (2009–2015)
  GAT_RNN_V2: edge_feat_dim=3, n_heads=4, n_hidden=64
  [Bayes] Species rarity weights (mean=1): min=0.70 max=1.70  (rarest=Centropomus undecimalis_SA)
  [CrossDonor] Ecological cross-donor map (9 recipients):
    Centropomus undecimalis_A  <-  ['Cynoscion nebulosus_R', 'Cynoscion nebulosus_A']
    Centropomus undecimalis_SA  <-  ['Cynoscion nebulosus_R', 'Centropomus undecimalis_A']
    Sciaenops ocellatus_R  <-  ['Cynoscion nebulosus_R', 'Cynoscion nebulosus_A']
    Sciaenops ocellatus_SA  <-  ['Cynoscion nebulosus_R', 'Cynoscion nebulosus_A']
    Cynoscion nebulosus_A  <-  ['Cynoscion nebulosus_R', 'Lagodon rhomboides_A']
    Mycteroperca microlepis_SA  <-  ['Lutjanus griseus_SA', 'Lutjanus griseus_R']
    Lutjanus griseus_R  <-  ['Archosargus probatocephalus_A', 'Lutjanus griseus_SA']
    Lutjanus griseus_SA  <-  ['Archosargus probatocephalus_A']
    Archosargus probatocephalus_R  <-  ['Archosargus probatocephalus_A', 'Lagodon rhomboides_A']
  [BayesTransferMapped] 9 recipient → donor mappings:
    recipient   3 <- donors [6, 5]
    recipient   4 <- donors [6, 3]
    recipient  12 <- donors [6, 5]
    recipient  13 <- donors [6, 5]
    recipient   5 <- donors [6, 7]
    recipient  11 <- donors [10, 9]
    recipient   9 <- donors [0, 10]
    recipient  10 <- donors [0]
    recipient   1 <- donors [0, 7]
  [BayesTransferMapped] transfer_prior_std=0.600  warmstart_alpha=0.25

----- Epoch 0 (windowed) -----

###### Windowed train epoch 0 overall metrics
  loss: 0.5595 rmse: 19.575 r2: 0.005 corr: 0.076
***** Epoch 0 Val (windowed) *****
  loss: 0.2316 rmse: 7.925 r2: 0.038 corr: 0.196
********************
***** Epoch 0 Test (windowed) *****
  loss: 0.2327 rmse: 15.901 r2: 0.014 corr: 0.122
********************
  Epoch 0 done in 958.3s
  Saved best model → model/FIM_restoration_0412_stations_monthly/2015/gat-rnn-v2-windowed_bs-128_lr-0.001_maxepoch-50_testyear-2015_win-3_nwin-10_seed-0/model-0

----- Epoch 1 (windowed) -----

###### Windowed train epoch 1 overall metrics
  loss: 0.4948 rmse: 19.524 r2: 0.010 corr: 0.101
***** Epoch 1 Val (windowed) *****
  loss: 0.2128 rmse: 7.870 r2: 0.051 corr: 0.227
********************
***** Epoch 1 Test (windowed) *****
  loss: 0.2144 rmse: 15.851 r2: 0.020 corr: 0.143
********************
  Epoch 1 done in 27.0s
  Saved best model → model/FIM_restoration_0412_stations_monthly/2015/gat-rnn-v2-windowed_bs-128_lr-0.001_maxepoch-50_testyear-2015_win-3_nwin-10_seed-0/model-1

----- Epoch 2 (windowed) -----

###### Windowed train epoch 2 overall metrics
  loss: 0.4661 rmse: 19.486 r2: 0.014 corr: 0.118
***** Epoch 2 Val (windowed) *****
  loss: 0.2025 rmse: 7.827 r2: 0.062 corr: 0.251
********************
***** Epoch 2 Test (windowed) *****
  loss: 0.2027 rmse: 15.833 r2: 0.022 corr: 0.156
********************
  Epoch 2 done in 27.0s
  Saved best model → model/FIM_restoration_0412_stations_monthly/2015/gat-rnn-v2-windowed_bs-128_lr-0.001_maxepoch-50_testyear-2015_win-3_nwin-10_seed-0/model-2

----- Epoch 3 (windowed) -----

###### Windowed train epoch 3 overall metrics
  loss: 0.4477 rmse: 19.476 r2: 0.015 corr: 0.123
***** Epoch 3 Val (windowed) *****
  loss: 0.1958 rmse: 7.768 r2: 0.076 corr: 0.275
********************
***** Epoch 3 Test (windowed) *****
  loss: 0.2055 rmse: 15.777 r2: 0.029 corr: 0.173
********************
  Epoch 3 done in 793.1s
  Saved best model → model/FIM_restoration_0412_stations_monthly/2015/gat-rnn-v2-windowed_bs-128_lr-0.001_maxepoch-50_testyear-2015_win-3_nwin-10_seed-0/model-3

----- Epoch 4 (windowed) -----

###### Windowed train epoch 4 overall metrics
  loss: 0.4321 rmse: 19.465 r2: 0.016 corr: 0.127
***** Epoch 4 Val (windowed) *****
  loss: 0.1943 rmse: 7.734 r2: 0.084 corr: 0.290
********************
***** Epoch 4 Test (windowed) *****
  loss: 0.1913 rmse: 15.760 r2: 0.031 corr: 0.181
********************
  Epoch 4 done in 27.1s
  Saved best model → model/FIM_restoration_0412_stations_monthly/2015/gat-rnn-v2-windowed_bs-128_lr-0.001_maxepoch-50_testyear-2015_win-3_nwin-10_seed-0/model-4

----- Epoch 5 (windowed) -----

###### Windowed train epoch 5 overall metrics
  loss: 0.4170 rmse: 19.444 r2: 0.018 corr: 0.135
***** Epoch 5 Val (windowed) *****
  loss: 0.1930 rmse: 7.750 r2: 0.080 corr: 0.291
********************
***** Epoch 5 Test (windowed) *****
  loss: 0.2179 rmse: 15.800 r2: 0.026 corr: 0.177
********************
  Epoch 5 done in 27.0s

----- Epoch 6 (windowed) -----

###### Windowed train epoch 6 overall metrics
  loss: 0.4004 rmse: 19.417 r2: 0.021 corr: 0.146
***** Epoch 6 Val (windowed) *****
  loss: 0.2636 rmse: 7.750 r2: 0.080 corr: 0.286
********************
***** Epoch 6 Test (windowed) *****
  loss: 0.2674 rmse: 15.788 r2: 0.028 corr: 0.176
********************
  Epoch 6 done in 26.9s

----- Epoch 7 (windowed) -----

###### Windowed train epoch 7 overall metrics
  loss: 0.3966 rmse: 19.419 r2: 0.021 corr: 0.145
***** Epoch 7 Val (windowed) *****
  loss: 0.1673 rmse: 7.637 r2: 0.107 corr: 0.330
********************
***** Epoch 7 Test (windowed) *****
  loss: 0.1780 rmse: 15.722 r2: 0.036 corr: 0.197
********************
  Epoch 7 done in 27.1s
  Saved best model → model/FIM_restoration_0412_stations_monthly/2015/gat-rnn-v2-windowed_bs-128_lr-0.001_maxepoch-50_testyear-2015_win-3_nwin-10_seed-0/model-7

----- Epoch 8 (windowed) -----

###### Windowed train epoch 8 overall metrics
  loss: 0.3742 rmse: 19.390 r2: 0.024 corr: 0.154
***** Epoch 8 Val (windowed) *****
  loss: 0.1683 rmse: 7.591 r2: 0.117 corr: 0.343
********************
***** Epoch 8 Test (windowed) *****
  loss: 0.1930 rmse: 15.656 r2: 0.044 corr: 0.212
********************
  Epoch 8 done in 27.1s
  Saved best model → model/FIM_restoration_0412_stations_monthly/2015/gat-rnn-v2-windowed_bs-128_lr-0.001_maxepoch-50_testyear-2015_win-3_nwin-10_seed-0/model-8

----- Epoch 9 (windowed) -----

###### Windowed train epoch 9 overall metrics
  loss: 0.3683 rmse: 19.368 r2: 0.026 corr: 0.162
***** Epoch 9 Val (windowed) *****
  loss: 0.1571 rmse: 7.555 r2: 0.126 corr: 0.359
********************
***** Epoch 9 Test (windowed) *****
  loss: 0.1784 rmse: 15.654 r2: 0.044 corr: 0.219
********************
  Epoch 9 done in 27.0s
  Saved best model → model/FIM_restoration_0412_stations_monthly/2015/gat-rnn-v2-windowed_bs-128_lr-0.001_maxepoch-50_testyear-2015_win-3_nwin-10_seed-0/model-9

----- Epoch 10 (windowed) -----

###### Windowed train epoch 10 overall metrics
  loss: 0.3574 rmse: 19.348 r2: 0.028 corr: 0.169
***** Epoch 10 Val (windowed) *****
  loss: 0.1510 rmse: 7.527 r2: 0.132 corr: 0.365
********************
***** Epoch 10 Test (windowed) *****
  loss: 0.1841 rmse: 15.648 r2: 0.045 corr: 0.221
********************
  Epoch 10 done in 28.0s
  Saved best model → model/FIM_restoration_0412_stations_monthly/2015/gat-rnn-v2-windowed_bs-128_lr-0.001_maxepoch-50_testyear-2015_win-3_nwin-10_seed-0/model-10

----- Epoch 11 (windowed) -----

###### Windowed train epoch 11 overall metrics
  loss: 0.3469 rmse: 19.361 r2: 0.026 corr: 0.164
***** Epoch 11 Val (windowed) *****
  loss: 0.1540 rmse: 7.566 r2: 0.123 corr: 0.365
********************
***** Epoch 11 Test (windowed) *****
  loss: 0.2124 rmse: 15.694 r2: 0.039 corr: 0.220
********************
  Epoch 11 done in 1026.0s

----- Epoch 12 (windowed) -----

###### Windowed train epoch 12 overall metrics
  loss: 0.3485 rmse: 19.328 r2: 0.030 corr: 0.173
***** Epoch 12 Val (windowed) *****
  loss: 0.1488 rmse: 7.586 r2: 0.119 corr: 0.366
********************
***** Epoch 12 Test (windowed) *****
  loss: 0.1642 rmse: 15.688 r2: 0.040 corr: 0.224
********************
  Epoch 12 done in 27.0s

----- Epoch 13 (windowed) -----

###### Windowed train epoch 13 overall metrics
  loss: 0.3400 rmse: 19.352 r2: 0.027 corr: 0.168
***** Epoch 13 Val (windowed) *****
  loss: 0.1544 rmse: 7.546 r2: 0.128 corr: 0.365
********************
***** Epoch 13 Test (windowed) *****
  loss: 0.2195 rmse: 15.701 r2: 0.038 corr: 0.215
********************
  Epoch 13 done in 26.9s

----- Epoch 14 (windowed) -----

###### Windowed train epoch 14 overall metrics
  loss: 0.3360 rmse: 19.342 r2: 0.028 corr: 0.170
***** Epoch 14 Val (windowed) *****
  loss: 0.1516 rmse: 7.561 r2: 0.124 corr: 0.353
********************
***** Epoch 14 Test (windowed) *****
  loss: 0.1621 rmse: 15.619 r2: 0.048 corr: 0.225
********************
  Epoch 14 done in 27.0s

----- Epoch 15 (windowed) -----

###### Windowed train epoch 15 overall metrics
  loss: 0.3347 rmse: 19.338 r2: 0.029 corr: 0.171
***** Epoch 15 Val (windowed) *****
  loss: 0.1753 rmse: 7.556 r2: 0.126 corr: 0.375
********************
***** Epoch 15 Test (windowed) *****
  loss: 0.2385 rmse: 15.700 r2: 0.038 corr: 0.228
********************
  Epoch 15 done in 27.2s

----- Epoch 16 (windowed) -----

###### Windowed train epoch 16 overall metrics
  loss: 0.3300 rmse: 19.327 r2: 0.030 corr: 0.175
***** Epoch 16 Val (windowed) *****
  loss: 0.1417 rmse: 7.525 r2: 0.133 corr: 0.371
********************
***** Epoch 16 Test (windowed) *****
  loss: 0.1729 rmse: 15.659 r2: 0.043 corr: 0.222
********************
  Epoch 16 done in 27.4s
  Saved best model → model/FIM_restoration_0412_stations_monthly/2015/gat-rnn-v2-windowed_bs-128_lr-0.001_maxepoch-50_testyear-2015_win-3_nwin-10_seed-0/model-16

----- Epoch 17 (windowed) -----

###### Windowed train epoch 17 overall metrics
  loss: 0.3206 rmse: 19.341 r2: 0.029 corr: 0.171
***** Epoch 17 Val (windowed) *****
  loss: 0.1399 rmse: 7.516 r2: 0.135 corr: 0.381
********************
***** Epoch 17 Test (windowed) *****
  loss: 0.1922 rmse: 15.662 r2: 0.043 corr: 0.230
********************
  Epoch 17 done in 27.0s
  Saved best model → model/FIM_restoration_0412_stations_monthly/2015/gat-rnn-v2-windowed_bs-128_lr-0.001_maxepoch-50_testyear-2015_win-3_nwin-10_seed-0/model-17

----- Epoch 18 (windowed) -----

###### Windowed train epoch 18 overall metrics
  loss: 0.3151 rmse: 19.332 r2: 0.029 corr: 0.174
***** Epoch 18 Val (windowed) *****
  loss: 0.1412 rmse: 7.493 r2: 0.140 corr: 0.380
********************
***** Epoch 18 Test (windowed) *****
  loss: 0.2001 rmse: 15.632 r2: 0.047 corr: 0.230
********************
  Epoch 18 done in 27.2s
  Saved best model → model/FIM_restoration_0412_stations_monthly/2015/gat-rnn-v2-windowed_bs-128_lr-0.001_maxepoch-50_testyear-2015_win-3_nwin-10_seed-0/model-18

----- Epoch 19 (windowed) -----

###### Windowed train epoch 19 overall metrics
  loss: 0.3120 rmse: 19.321 r2: 0.030 corr: 0.175
***** Epoch 19 Val (windowed) *****
  loss: 0.1381 rmse: 7.503 r2: 0.138 corr: 0.384
********************
***** Epoch 19 Test (windowed) *****
  loss: 0.1563 rmse: 15.638 r2: 0.046 corr: 0.229
********************
  Epoch 19 done in 27.3s

----- Epoch 20 (windowed) -----

###### Windowed train epoch 20 overall metrics
  loss: 0.3073 rmse: 19.333 r2: 0.029 corr: 0.178
***** Epoch 20 Val (windowed) *****
  loss: 0.1365 rmse: 7.503 r2: 0.138 corr: 0.371
********************
***** Epoch 20 Test (windowed) *****
  loss: 0.1978 rmse: 15.608 r2: 0.050 corr: 0.227
********************
  Epoch 20 done in 26.8s

----- Epoch 21 (windowed) -----

###### Windowed train epoch 21 overall metrics
  loss: 0.3059 rmse: 19.314 r2: 0.031 corr: 0.179
***** Epoch 21 Val (windowed) *****
  loss: 0.1349 rmse: 7.520 r2: 0.134 corr: 0.366
********************
***** Epoch 21 Test (windowed) *****
  loss: 0.1963 rmse: 15.605 r2: 0.050 corr: 0.228
********************
  Epoch 21 done in 27.0s

----- Epoch 22 (windowed) -----

###### Windowed train epoch 22 overall metrics
  loss: 0.2998 rmse: 19.333 r2: 0.029 corr: 0.172
***** Epoch 22 Val (windowed) *****
  loss: 0.1429 rmse: 7.530 r2: 0.131 corr: 0.366
********************
***** Epoch 22 Test (windowed) *****
  loss: 0.2159 rmse: 15.653 r2: 0.044 corr: 0.228
********************
  Epoch 22 done in 26.9s

----- Epoch 23 (windowed) -----

###### Windowed train epoch 23 overall metrics
  loss: 0.3002 rmse: 19.344 r2: 0.028 corr: 0.170
***** Epoch 23 Val (windowed) *****
  loss: 0.1319 rmse: 7.530 r2: 0.131 corr: 0.363
********************
***** Epoch 23 Test (windowed) *****
  loss: 0.1651 rmse: 15.611 r2: 0.049 corr: 0.228
********************
  Epoch 23 done in 919.0s

----- Epoch 24 (windowed) -----

###### Windowed train epoch 24 overall metrics
  loss: 0.3031 rmse: 19.333 r2: 0.029 corr: 0.173
***** Epoch 24 Val (windowed) *****
  loss: 0.1295 rmse: 7.565 r2: 0.123 corr: 0.352
********************
***** Epoch 24 Test (windowed) *****
  loss: 0.1562 rmse: 15.621 r2: 0.048 corr: 0.224
********************
  Epoch 24 done in 28.0s

----- Epoch 25 (windowed) -----

###### Windowed train epoch 25 overall metrics
  loss: 0.2939 rmse: 19.333 r2: 0.029 corr: 0.173
***** Epoch 25 Val (windowed) *****
  loss: 0.1311 rmse: 7.496 r2: 0.139 corr: 0.373
********************
***** Epoch 25 Test (windowed) *****
  loss: 0.2204 rmse: 15.607 r2: 0.050 corr: 0.234
********************
  Epoch 25 done in 27.1s

----- Epoch 26 (windowed) -----

###### Windowed train epoch 26 overall metrics
  loss: 0.2925 rmse: 19.308 r2: 0.032 corr: 0.180
***** Epoch 26 Val (windowed) *****
  loss: 0.1278 rmse: 7.493 r2: 0.140 corr: 0.378
********************
***** Epoch 26 Test (windowed) *****
  loss: 0.1529 rmse: 15.601 r2: 0.050 corr: 0.234
********************
  Epoch 26 done in 26.8s
  Saved best model → model/FIM_restoration_0412_stations_monthly/2015/gat-rnn-v2-windowed_bs-128_lr-0.001_maxepoch-50_testyear-2015_win-3_nwin-10_seed-0/model-26

----- Epoch 27 (windowed) -----

###### Windowed train epoch 27 overall metrics
  loss: 0.2844 rmse: 19.330 r2: 0.030 corr: 0.175
***** Epoch 27 Val (windowed) *****
  loss: 0.1304 rmse: 7.524 r2: 0.133 corr: 0.365
********************
***** Epoch 27 Test (windowed) *****
  loss: 0.1460 rmse: 15.587 r2: 0.052 corr: 0.231
********************
  Epoch 27 done in 26.7s

----- Epoch 28 (windowed) -----

###### Windowed train epoch 28 overall metrics
  loss: 0.2824 rmse: 19.338 r2: 0.029 corr: 0.171
***** Epoch 28 Val (windowed) *****
  loss: 0.1241 rmse: 7.522 r2: 0.133 corr: 0.381
********************
***** Epoch 28 Test (windowed) *****
  loss: 0.1545 rmse: 15.643 r2: 0.045 corr: 0.235
********************
  Epoch 28 done in 968.7s

----- Epoch 29 (windowed) -----

###### Windowed train epoch 29 overall metrics
  loss: 0.2760 rmse: 19.311 r2: 0.032 corr: 0.180
***** Epoch 29 Val (windowed) *****
  loss: 0.1221 rmse: 7.472 r2: 0.145 corr: 0.381
********************
***** Epoch 29 Test (windowed) *****
  loss: 0.1494 rmse: 15.577 r2: 0.053 corr: 0.235
********************
  Epoch 29 done in 27.5s
  Saved best model → model/FIM_restoration_0412_stations_monthly/2015/gat-rnn-v2-windowed_bs-128_lr-0.001_maxepoch-50_testyear-2015_win-3_nwin-10_seed-0/model-29

----- Epoch 30 (windowed) -----

###### Windowed train epoch 30 overall metrics
  loss: 0.2726 rmse: 19.318 r2: 0.031 corr: 0.177
***** Epoch 30 Val (windowed) *****
  loss: 0.1189 rmse: 7.484 r2: 0.142 corr: 0.385
********************
***** Epoch 30 Test (windowed) *****
  loss: 0.1611 rmse: 15.614 r2: 0.049 corr: 0.237
********************
  Epoch 30 done in 27.3s

----- Epoch 31 (windowed) -----

###### Windowed train epoch 31 overall metrics
  loss: 0.2687 rmse: 19.324 r2: 0.030 corr: 0.177
***** Epoch 31 Val (windowed) *****
  loss: 0.1182 rmse: 7.530 r2: 0.132 corr: 0.372
********************
***** Epoch 31 Test (windowed) *****
  loss: 0.1537 rmse: 15.640 r2: 0.046 corr: 0.233
********************
  Epoch 31 done in 27.2s

----- Epoch 32 (windowed) -----

###### Windowed train epoch 32 overall metrics
  loss: 0.2663 rmse: 19.315 r2: 0.031 corr: 0.179
***** Epoch 32 Val (windowed) *****
  loss: 0.1280 rmse: 7.477 r2: 0.144 corr: 0.380
********************
***** Epoch 32 Test (windowed) *****
  loss: 0.2809 rmse: 15.608 r2: 0.050 corr: 0.233
********************
  Epoch 32 done in 26.7s

----- Epoch 33 (windowed) -----

###### Windowed train epoch 33 overall metrics
  loss: 0.2657 rmse: 19.307 r2: 0.032 corr: 0.180
***** Epoch 33 Val (windowed) *****
  loss: 0.2015 rmse: 7.573 r2: 0.121 corr: 0.358
********************
***** Epoch 33 Test (windowed) *****
  loss: 0.3149 rmse: 15.695 r2: 0.039 corr: 0.225
********************
  Epoch 33 done in 27.2s

----- Epoch 34 (windowed) -----

###### Windowed train epoch 34 overall metrics
  loss: 0.2877 rmse: 19.348 r2: 0.028 corr: 0.168
***** Epoch 34 Val (windowed) *****
  loss: 0.1197 rmse: 7.588 r2: 0.118 corr: 0.373
********************
***** Epoch 34 Test (windowed) *****
  loss: 0.1881 rmse: 15.738 r2: 0.034 corr: 0.221
********************
  Epoch 34 done in 834.1s

----- Epoch 35 (windowed) -----

###### Windowed train epoch 35 overall metrics
  loss: 0.2648 rmse: 19.393 r2: 0.023 corr: 0.163
***** Epoch 35 Val (windowed) *****
  loss: 0.1203 rmse: 7.523 r2: 0.133 corr: 0.378
********************
***** Epoch 35 Test (windowed) *****
  loss: 0.2297 rmse: 15.682 r2: 0.041 corr: 0.225
********************
  Epoch 35 done in 28.1s

----- Epoch 36 (windowed) -----

###### Windowed train epoch 36 overall metrics
  loss: 0.2575 rmse: 19.336 r2: 0.029 corr: 0.171
***** Epoch 36 Val (windowed) *****
  loss: 0.1168 rmse: 7.513 r2: 0.135 corr: 0.376
********************
***** Epoch 36 Test (windowed) *****
  loss: 0.2315 rmse: 15.666 r2: 0.043 corr: 0.230
********************
  Epoch 36 done in 29.5s

----- Epoch 37 (windowed) -----

###### Windowed train epoch 37 overall metrics
  loss: 0.2534 rmse: 19.346 r2: 0.028 corr: 0.171
***** Epoch 37 Val (windowed) *****
  loss: 0.1164 rmse: 7.542 r2: 0.129 corr: 0.379
********************
***** Epoch 37 Test (windowed) *****
  loss: 0.2311 rmse: 15.692 r2: 0.039 corr: 0.230
********************
  Epoch 37 done in 29.0s

----- Epoch 38 (windowed) -----

###### Windowed train epoch 38 overall metrics
  loss: 0.2514 rmse: 19.388 r2: 0.024 corr: 0.156
***** Epoch 38 Val (windowed) *****
  loss: 0.1181 rmse: 7.578 r2: 0.120 corr: 0.375
********************
***** Epoch 38 Test (windowed) *****
  loss: 0.2303 rmse: 15.717 r2: 0.036 corr: 0.220
********************
  Epoch 38 done in 28.4s

----- Epoch 39 (windowed) -----

###### Windowed train epoch 39 overall metrics
  loss: 0.2497 rmse: 19.331 r2: 0.029 corr: 0.175
***** Epoch 39 Val (windowed) *****
  loss: 0.1256 rmse: 7.507 r2: 0.137 corr: 0.379
********************
***** Epoch 39 Test (windowed) *****
  loss: 0.2790 rmse: 15.675 r2: 0.042 corr: 0.228
********************
  Epoch 39 done in 28.8s

----- Epoch 40 (windowed) -----

###### Windowed train epoch 40 overall metrics
  loss: 0.2505 rmse: 19.343 r2: 0.028 corr: 0.170
***** Epoch 40 Val (windowed) *****
  loss: 0.1138 rmse: 7.511 r2: 0.136 corr: 0.373
********************
***** Epoch 40 Test (windowed) *****
  loss: 0.1572 rmse: 15.616 r2: 0.049 corr: 0.228
********************
  Epoch 40 done in 28.2s

----- Epoch 41 (windowed) -----

###### Windowed train epoch 41 overall metrics
  loss: 0.2484 rmse: 19.367 r2: 0.026 corr: 0.163
***** Epoch 41 Val (windowed) *****
  loss: 0.1149 rmse: 7.519 r2: 0.134 corr: 0.379
********************
***** Epoch 41 Test (windowed) *****
  loss: 0.2420 rmse: 15.668 r2: 0.042 corr: 0.230
********************
  Epoch 41 done in 29.3s

----- Epoch 42 (windowed) -----

###### Windowed train epoch 42 overall metrics
  loss: 0.2481 rmse: 19.339 r2: 0.029 corr: 0.170
***** Epoch 42 Val (windowed) *****
  loss: 0.1121 rmse: 7.608 r2: 0.113 corr: 0.366
********************
***** Epoch 42 Test (windowed) *****
  loss: 0.2300 rmse: 15.750 r2: 0.032 corr: 0.216
********************
  Epoch 42 done in 27.5s

----- Epoch 43 (windowed) -----

###### Windowed train epoch 43 overall metrics
  loss: 0.2424 rmse: 19.395 r2: 0.023 corr: 0.157
***** Epoch 43 Val (windowed) *****
  loss: 0.1088 rmse: 7.519 r2: 0.134 corr: 0.385
********************
***** Epoch 43 Test (windowed) *****
  loss: 0.2210 rmse: 15.675 r2: 0.041 corr: 0.229
********************
  Epoch 43 done in 29.8s

----- Epoch 44 (windowed) -----

###### Windowed train epoch 44 overall metrics
  loss: 0.2401 rmse: 19.356 r2: 0.027 corr: 0.167
***** Epoch 44 Val (windowed) *****
  loss: 0.1082 rmse: 7.505 r2: 0.137 corr: 0.374
********************
***** Epoch 44 Test (windowed) *****
  loss: 0.1802 rmse: 15.633 r2: 0.047 corr: 0.229
********************
  Epoch 44 done in 28.6s

----- Epoch 45 (windowed) -----

###### Windowed train epoch 45 overall metrics
  loss: 0.2367 rmse: 19.362 r2: 0.026 corr: 0.163
***** Epoch 45 Val (windowed) *****
  loss: 0.1069 rmse: 7.507 r2: 0.137 corr: 0.385
********************
***** Epoch 45 Test (windowed) *****
  loss: 0.1820 rmse: 15.643 r2: 0.045 corr: 0.233
********************
  Epoch 45 done in 27.5s

----- Epoch 46 (windowed) -----

###### Windowed train epoch 46 overall metrics
  loss: 0.2361 rmse: 19.358 r2: 0.027 corr: 0.167
***** Epoch 46 Val (windowed) *****
  loss: 0.1045 rmse: 7.490 r2: 0.141 corr: 0.385
********************
***** Epoch 46 Test (windowed) *****
  loss: 0.1775 rmse: 15.632 r2: 0.047 corr: 0.232
********************
  Epoch 46 done in 27.5s

----- Epoch 47 (windowed) -----

###### Windowed train epoch 47 overall metrics
  loss: 0.2330 rmse: 19.371 r2: 0.026 corr: 0.161
***** Epoch 47 Val (windowed) *****
  loss: 0.1044 rmse: 7.550 r2: 0.127 corr: 0.387
********************
***** Epoch 47 Test (windowed) *****
  loss: 0.1783 rmse: 15.689 r2: 0.040 corr: 0.228
********************
  Epoch 47 done in 27.4s

----- Epoch 48 (windowed) -----

###### Windowed train epoch 48 overall metrics
  loss: 0.2309 rmse: 19.375 r2: 0.025 corr: 0.160
***** Epoch 48 Val (windowed) *****
  loss: 0.1034 rmse: 7.507 r2: 0.137 corr: 0.389
********************
***** Epoch 48 Test (windowed) *****
  loss: 0.1652 rmse: 15.653 r2: 0.044 corr: 0.233
********************
  Epoch 48 done in 27.9s

----- Epoch 49 (windowed) -----

###### Windowed train epoch 49 overall metrics
  loss: 0.2291 rmse: 19.397 r2: 0.023 corr: 0.153
***** Epoch 49 Val (windowed) *****
  loss: 0.1038 rmse: 7.635 r2: 0.107 corr: 0.377
********************
***** Epoch 49 Test (windowed) *****
  loss: 0.2090 rmse: 15.753 r2: 0.032 corr: 0.220
********************
  Epoch 49 done in 28.4s
Fold done — best val RMSE=7.4720 test R²=0.0534 corr=0.2349

================================================================
Rolling-windowed  test_year=2016
  Val  : 2015
  Test : 2016
  win_size=3  n_windows=10
================================================================
Initially data (54319, 166)
After filtering (37796, 166)
get_X_Y
X shape (37796, 130)
Y shape (37796, 34)
Y (output) means tensor([[0.1462, 0.0125, 0.2567, 0.1512, 0.0174, 0.0629, 0.1632, 0.6640, 0.9154,
         0.0232, 0.0453, 0.0111, 0.0795, 0.1419, 1.0214, 0.9919, 0.3477, 0.3881,
         0.8983, 0.3736, 0.1846, 0.2185, 0.4312, 0.1803, 0.4072, 0.4617, 0.2843,
         0.6617, 0.5230, 0.1493, 0.2824, 0.1074, 0.1294, 0.1327]]) stds tensor([[0.4778, 0.1387, 0.6312, 0.5601, 0.1581, 0.3051, 0.5219, 1.4517, 1.6439,
         0.1927, 0.2901, 0.1418, 0.4227, 0.4495, 2.0968, 1.6538, 0.8553, 1.1631,
         1.6297, 0.9007, 0.5240, 0.6833, 1.1089, 0.6009, 0.9870, 1.0222, 0.7183,
         1.4133, 1.0533, 0.4423, 0.8451, 0.3440, 0.3932, 0.3762]])
Y count-scale means tensor([[4.8859e-01, 3.5833e-02, 9.9997e-01, 7.9858e-01, 4.8727e-02, 2.0843e-01,
         6.0113e-01, 1.4472e+01, 3.3015e+01, 7.1756e-02, 1.8603e-01, 3.7722e-02,
         5.4277e-01, 4.2388e-01, 2.3974e+02, 2.0613e+01, 2.6390e+00, 1.4084e+01,
         2.7483e+01, 2.8620e+00, 5.9036e-01, 1.5705e+00, 8.1430e+00, 1.7214e+00,
         3.4179e+00, 3.9326e+00, 1.3055e+00, 3.3383e+01, 6.3005e+00, 4.2967e-01,
         3.1852e+00, 2.2789e-01, 3.0358e-01, 2.7662e-01]]) stds tensor([[3.3335e+00, 6.3231e-01, 6.0218e+00, 6.3010e+00, 9.4810e-01, 3.8696e+00,
         3.8595e+00, 7.2372e+01, 2.4703e+02, 1.0285e+00, 2.5689e+00, 7.0265e-01,
         8.9316e+00, 2.6903e+00, 2.8009e+03, 8.8395e+01, 1.9210e+01, 1.6780e+02,
         2.2804e+02, 1.7053e+01, 3.1004e+00, 2.2580e+01, 8.4174e+01, 4.9503e+01,
         1.6421e+01, 2.1866e+01, 7.0309e+00, 9.1440e+02, 7.6852e+01, 4.6832e+00,
         2.7588e+01, 1.0161e+00, 1.4205e+00, 1.0908e+00]])
Loaded per-window (calendar) month weights from analysis/figures/month_weights_per_window.npz: cube.shape=(25, 12, 34)
/Users/liyingnceas/GitHub/GNN-RNN-main/gnn-lstm-v3/utils/data_utils.py:264: RuntimeWarning: Mean of empty slice
  np.nanmean(county_dict[county], axis=0).astype(np.float32)
Filled 95850 missing (node, year) entries from neighbors or year averages
[2D] Station nodes: 596, adj nnz: 2980
[build_year_XY_windowed] data_start=1998, min_pred_year=2009, test_year=2016, win_size=3, n_windows=10
  built windows for T=2009
  built windows for T=2014
[build_year_XY_windowed] built windowed XY for 8 prediction years (2009–2016)
  GAT_RNN_V2: edge_feat_dim=3, n_heads=4, n_hidden=64
  [Bayes] Species rarity weights (mean=1): min=0.70 max=1.69  (rarest=Archosargus probatocephalus_R)
  [CrossDonor] Ecological cross-donor map (9 recipients):
    Centropomus undecimalis_A  <-  ['Cynoscion nebulosus_R', 'Cynoscion nebulosus_A']
    Centropomus undecimalis_SA  <-  ['Cynoscion nebulosus_R', 'Centropomus undecimalis_A']
    Sciaenops ocellatus_R  <-  ['Cynoscion nebulosus_R', 'Cynoscion nebulosus_A']
    Sciaenops ocellatus_SA  <-  ['Cynoscion nebulosus_R', 'Cynoscion nebulosus_A']
    Cynoscion nebulosus_A  <-  ['Cynoscion nebulosus_R', 'Lagodon rhomboides_A']
    Mycteroperca microlepis_SA  <-  ['Lutjanus griseus_SA', 'Lutjanus griseus_R']
    Lutjanus griseus_R  <-  ['Archosargus probatocephalus_A', 'Lutjanus griseus_SA']
    Lutjanus griseus_SA  <-  ['Archosargus probatocephalus_A']
    Archosargus probatocephalus_R  <-  ['Archosargus probatocephalus_A', 'Lagodon rhomboides_A']
  [BayesTransferMapped] 9 recipient → donor mappings:
    recipient   3 <- donors [6, 5]
    recipient   4 <- donors [6, 3]
    recipient  12 <- donors [6, 5]
    recipient  13 <- donors [6, 5]
    recipient   5 <- donors [6, 7]
    recipient  11 <- donors [10, 9]
    recipient   9 <- donors [0, 10]
    recipient  10 <- donors [0]
    recipient   1 <- donors [0, 7]
  [BayesTransferMapped] transfer_prior_std=0.600  warmstart_alpha=0.25

----- Epoch 0 (windowed) -----

###### Windowed train epoch 0 overall metrics
  loss: 0.5528 rmse: 19.004 r2: 0.004 corr: 0.068
***** Epoch 0 Val (windowed) *****
  loss: 0.2278 rmse: 15.852 r2: 0.010 corr: 0.104
********************
***** Epoch 0 Test (windowed) *****
  loss: 0.2311 rmse: 15.653 r2: 0.011 corr: 0.107
********************
  Epoch 0 done in 33.1s
  Saved best model → model/FIM_restoration_0412_stations_monthly/2016/gat-rnn-v2-windowed_bs-128_lr-0.001_maxepoch-50_testyear-2016_win-3_nwin-10_seed-0/model-0

----- Epoch 1 (windowed) -----

###### Windowed train epoch 1 overall metrics
  loss: 0.4860 rmse: 18.969 r2: 0.007 corr: 0.088
***** Epoch 1 Val (windowed) *****
  loss: 0.2104 rmse: 15.802 r2: 0.017 corr: 0.131
********************
***** Epoch 1 Test (windowed) *****
  loss: 0.2153 rmse: 15.599 r2: 0.018 corr: 0.136
********************
  Epoch 1 done in 34.3s
  Saved best model → model/FIM_restoration_0412_stations_monthly/2016/gat-rnn-v2-windowed_bs-128_lr-0.001_maxepoch-50_testyear-2016_win-3_nwin-10_seed-0/model-1

----- Epoch 2 (windowed) -----

###### Windowed train epoch 2 overall metrics
  loss: 0.4612 rmse: 18.941 r2: 0.010 corr: 0.103
***** Epoch 2 Val (windowed) *****
  loss: 0.2012 rmse: 15.754 r2: 0.023 corr: 0.153
********************
***** Epoch 2 Test (windowed) *****
  loss: 0.2054 rmse: 15.551 r2: 0.024 corr: 0.157
********************
  Epoch 2 done in 31.5s
  Saved best model → model/FIM_restoration_0412_stations_monthly/2016/gat-rnn-v2-windowed_bs-128_lr-0.001_maxepoch-50_testyear-2016_win-3_nwin-10_seed-0/model-2

----- Epoch 3 (windowed) -----

###### Windowed train epoch 3 overall metrics
  loss: 0.4424 rmse: 18.905 r2: 0.014 corr: 0.120
***** Epoch 3 Val (windowed) *****
  loss: 0.1912 rmse: 15.697 r2: 0.030 corr: 0.176
********************
***** Epoch 3 Test (windowed) *****
  loss: 0.2038 rmse: 15.504 r2: 0.030 corr: 0.175
********************
  Epoch 3 done in 32.6s
  Saved best model → model/FIM_restoration_0412_stations_monthly/2016/gat-rnn-v2-windowed_bs-128_lr-0.001_maxepoch-50_testyear-2016_win-3_nwin-10_seed-0/model-3

----- Epoch 4 (windowed) -----
