Device cpu
  [prevalence_target_min=0.1] Promoted 20 community species to targets. Total targets: 34. Demoted 72 rare species to input features.
FIM targets: 34 life-stage species (_A/_R/_SA/_J)
FIM forage (input only): []
FIM community species as input features: 72
FIM n_env_feats: 58
HybridEncoder individual_indices: 0 features
HybridEncoder group_slices: [(0, 72, 'other_species'), (72, 78, 'env'), (78, 86, 'restoration'), (86, 93, 'habitat_structured'), (93, 100, 'habitat_open'), (100, 107, 'shoreline'), (107, 110, 'water_effort'), (110, 124, 'bycatch'), (124, 130, 'na_indicators')]
FIM dataset: 34 species, time_intervals=1
Time intervals 1

================================================================
Rolling-windowed  test_year=2010
  Val  : 2009
  Test : 2010
  win_size=3  n_windows=10
================================================================
Initially data (54319, 166)
After filtering (24937, 166)
get_X_Y
X shape (24937, 130)
Y shape (24937, 34)
Y (output) means tensor([[0.1447, 0.0127, 0.2670, 0.1674, 0.0142, 0.0624, 0.1688, 0.6403, 0.8419,
         0.0218, 0.0433, 0.0141, 0.0743, 0.1473, 1.0253, 0.9296, 0.3659, 0.4133,
         0.9961, 0.4017, 0.1961, 0.2287, 0.4237, 0.1708, 0.4009, 0.4735, 0.2990,
         0.6411, 0.5361, 0.1538, 0.2455, 0.0967, 0.1378, 0.1352]]) stds tensor([[0.4759, 0.1425, 0.6450, 0.5957, 0.1432, 0.3048, 0.5325, 1.4282, 1.5683,
         0.1856, 0.2852, 0.1612, 0.4045, 0.4611, 2.1130, 1.6207, 0.8917, 1.2119,
         1.7277, 0.9473, 0.5522, 0.7063, 1.1073, 0.5803, 1.0032, 1.0510, 0.7432,
         1.3859, 1.0639, 0.4535, 0.7875, 0.3237, 0.4091, 0.3811]])
Y count-scale means tensor([[4.7995e-01, 3.8462e-02, 1.0546e+00, 9.2712e-01, 3.8750e-02, 1.9678e-01,
         6.3365e-01, 1.4055e+01, 2.7378e+01, 6.5048e-02, 1.8567e-01, 4.8798e-02,
         5.0606e-01, 4.4933e-01, 2.7225e+02, 2.0047e+01, 3.0278e+00, 1.6869e+01,
         3.3809e+01, 3.3352e+00, 6.7707e-01, 1.6736e+00, 8.3841e+00, 1.6151e+00,
         3.6877e+00, 4.3880e+00, 1.4438e+00, 2.4749e+01, 6.4391e+00, 4.7606e-01,
         2.7440e+00, 1.9995e-01, 3.3154e-01, 2.8462e-01]]) stds tensor([[3.2201e+00, 6.9984e-01, 6.2948e+00, 7.0654e+00, 6.5841e-01, 2.0970e+00,
         4.1402e+00, 7.0738e+01, 1.8693e+02, 8.7345e-01, 2.7362e+00, 8.0355e-01,
         9.2696e+00, 2.7550e+00, 3.1861e+03, 9.3559e+01, 2.1775e+01, 2.0322e+02,
         2.6768e+02, 1.9449e+01, 3.6295e+00, 1.6226e+01, 8.1280e+01, 5.2445e+01,
         1.7698e+01, 2.4202e+01, 7.7699e+00, 4.5895e+02, 7.6858e+01, 5.7896e+00,
         2.6420e+01, 9.0255e-01, 1.5608e+00, 1.1253e+00]])
Loaded per-window (calendar) month weights from analysis/figures/month_weights_per_window.npz: cube.shape=(25, 12, 34)
/Users/liyingnceas/GitHub/GNN-RNN-main/gnn-lstm-v3/utils/data_utils.py:264: RuntimeWarning: Mean of empty slice
  np.nanmean(county_dict[county], axis=0).astype(np.float32)
Filled 62371 missing (node, year) entries from neighbors or year averages
[2D] Station nodes: 586, adj nnz: 2905
[build_year_XY_windowed] data_start=1998, min_pred_year=2009, test_year=2010, win_size=3, n_windows=10
  built windows for T=2009
[build_year_XY_windowed] built windowed XY for 2 prediction years (2009–2010)
  GAT_RNN_V2: edge_feat_dim=3, n_heads=4, n_hidden=64
  [CrossDonor] Ecological cross-donor map (9 recipients):
    Centropomus undecimalis_A  <-  ['Cynoscion nebulosus_R', 'Cynoscion nebulosus_A']
    Centropomus undecimalis_SA  <-  ['Cynoscion nebulosus_R', 'Centropomus undecimalis_A']
    Sciaenops ocellatus_R  <-  ['Cynoscion nebulosus_R', 'Cynoscion nebulosus_A']
    Sciaenops ocellatus_SA  <-  ['Cynoscion nebulosus_R', 'Cynoscion nebulosus_A']
    Cynoscion nebulosus_A  <-  ['Cynoscion nebulosus_R', 'Lagodon rhomboides_A']
    Mycteroperca microlepis_SA  <-  ['Lutjanus griseus_SA', 'Lutjanus griseus_R']
    Lutjanus griseus_R  <-  ['Archosargus probatocephalus_A', 'Lutjanus griseus_SA']
    Lutjanus griseus_SA  <-  ['Archosargus probatocephalus_A']
    Archosargus probatocephalus_R  <-  ['Archosargus probatocephalus_A', 'Lagodon rhomboides_A']
  [BayesTransferMapped] 9 recipient → donor mappings:
    recipient   3 <- donors [6, 5]
    recipient   4 <- donors [6, 3]
    recipient  12 <- donors [6, 5]
    recipient  13 <- donors [6, 5]
    recipient   5 <- donors [6, 7]
    recipient  11 <- donors [10, 9]
    recipient   9 <- donors [0, 10]
    recipient  10 <- donors [0]
    recipient   1 <- donors [0, 7]
  [BayesTransferMapped] transfer_prior_std=0.600  warmstart_alpha=0.25

----- Epoch 0 (windowed) -----

###### Windowed train epoch 0 overall metrics
  loss: 0.8757 rmse: 27.770 r2: 0.001 corr: 0.072
***** Epoch 0 Val (windowed) *****
  loss: 0.3915 rmse: 27.778 r2: 0.001 corr: 0.069
********************
***** Epoch 0 Test (windowed) *****
  loss: 0.3950 rmse: 17.541 r2: 0.002 corr: 0.109
********************
  Epoch 0 done in 8.8s
  Saved best model → model/FIM_restoration_0412_stations_monthly/2010/gat-rnn-v2-windowed_bs-128_lr-0.001_maxepoch-50_testyear-2010_win-3_nwin-10_seed-0/model-0

----- Epoch 1 (windowed) -----

###### Windowed train epoch 1 overall metrics
  loss: 0.8230 rmse: 27.774 r2: 0.001 corr: 0.057
***** Epoch 1 Val (windowed) *****
  loss: 0.3760 rmse: 27.775 r2: 0.001 corr: 0.053
********************
***** Epoch 1 Test (windowed) *****
  loss: 0.3800 rmse: 17.533 r2: 0.003 corr: 0.089
********************
  Epoch 1 done in 8.7s
  Saved best model → model/FIM_restoration_0412_stations_monthly/2010/gat-rnn-v2-windowed_bs-128_lr-0.001_maxepoch-50_testyear-2010_win-3_nwin-10_seed-0/model-1

----- Epoch 2 (windowed) -----

###### Windowed train epoch 2 overall metrics
  loss: 0.7940 rmse: 27.774 r2: 0.001 corr: 0.051
***** Epoch 2 Val (windowed) *****
  loss: 0.3629 rmse: 27.765 r2: 0.002 corr: 0.077
********************
***** Epoch 2 Test (windowed) *****
  loss: 0.3665 rmse: 17.524 r2: 0.004 corr: 0.114
********************
  Epoch 2 done in 8.7s
  Saved best model → model/FIM_restoration_0412_stations_monthly/2010/gat-rnn-v2-windowed_bs-128_lr-0.001_maxepoch-50_testyear-2010_win-3_nwin-10_seed-0/model-2

----- Epoch 3 (windowed) -----

###### Windowed train epoch 3 overall metrics
  loss: 0.7676 rmse: 27.762 r2: 0.002 corr: 0.075
***** Epoch 3 Val (windowed) *****
  loss: 0.3541 rmse: 27.760 r2: 0.002 corr: 0.084
********************
***** Epoch 3 Test (windowed) *****
  loss: 0.3561 rmse: 17.517 r2: 0.005 corr: 0.123
********************
  Epoch 3 done in 9.1s
  Saved best model → model/FIM_restoration_0412_stations_monthly/2010/gat-rnn-v2-windowed_bs-128_lr-0.001_maxepoch-50_testyear-2010_win-3_nwin-10_seed-0/model-3

----- Epoch 4 (windowed) -----

###### Windowed train epoch 4 overall metrics
  loss: 0.7498 rmse: 27.754 r2: 0.002 corr: 0.081
***** Epoch 4 Val (windowed) *****
  loss: 0.3447 rmse: 27.758 r2: 0.002 corr: 0.081
********************
***** Epoch 4 Test (windowed) *****
  loss: 0.3479 rmse: 17.508 r2: 0.006 corr: 0.129
********************
  Epoch 4 done in 9.3s
  Saved best model → model/FIM_restoration_0412_stations_monthly/2010/gat-rnn-v2-windowed_bs-128_lr-0.001_maxepoch-50_testyear-2010_win-3_nwin-10_seed-0/model-4

----- Epoch 5 (windowed) -----

###### Windowed train epoch 5 overall metrics
  loss: 0.7359 rmse: 27.755 r2: 0.002 corr: 0.081
***** Epoch 5 Val (windowed) *****
  loss: 0.3365 rmse: 27.740 r2: 0.003 corr: 0.091
********************
***** Epoch 5 Test (windowed) *****
  loss: 0.3415 rmse: 17.480 r2: 0.009 corr: 0.146
********************
  Epoch 5 done in 9.0s
  Saved best model → model/FIM_restoration_0412_stations_monthly/2010/gat-rnn-v2-windowed_bs-128_lr-0.001_maxepoch-50_testyear-2010_win-3_nwin-10_seed-0/model-5

----- Epoch 6 (windowed) -----

###### Windowed train epoch 6 overall metrics
  loss: 0.7223 rmse: 27.729 r2: 0.004 corr: 0.088
***** Epoch 6 Val (windowed) *****
  loss: 0.3290 rmse: 27.717 r2: 0.005 corr: 0.113
********************
***** Epoch 6 Test (windowed) *****
  loss: 0.3327 rmse: 17.453 r2: 0.012 corr: 0.170
********************
  Epoch 6 done in 9.0s
  Saved best model → model/FIM_restoration_0412_stations_monthly/2010/gat-rnn-v2-windowed_bs-128_lr-0.001_maxepoch-50_testyear-2010_win-3_nwin-10_seed-0/model-6

----- Epoch 7 (windowed) -----

###### Windowed train epoch 7 overall metrics
  loss: 0.7082 rmse: 27.703 r2: 0.006 corr: 0.112
***** Epoch 7 Val (windowed) *****
  loss: 0.3236 rmse: 27.713 r2: 0.005 corr: 0.117
********************
***** Epoch 7 Test (windowed) *****
  loss: 0.3302 rmse: 17.450 r2: 0.012 corr: 0.174
********************
  Epoch 7 done in 8.9s
  Saved best model → model/FIM_restoration_0412_stations_monthly/2010/gat-rnn-v2-windowed_bs-128_lr-0.001_maxepoch-50_testyear-2010_win-3_nwin-10_seed-0/model-7

----- Epoch 8 (windowed) -----

###### Windowed train epoch 8 overall metrics
  loss: 0.6962 rmse: 27.702 r2: 0.006 corr: 0.121
***** Epoch 8 Val (windowed) *****
  loss: 0.3168 rmse: 27.680 r2: 0.008 corr: 0.131
********************
***** Epoch 8 Test (windowed) *****
  loss: 0.3254 rmse: 17.411 r2: 0.017 corr: 0.186
********************
  Epoch 8 done in 8.8s
  Saved best model → model/FIM_restoration_0412_stations_monthly/2010/gat-rnn-v2-windowed_bs-128_lr-0.001_maxepoch-50_testyear-2010_win-3_nwin-10_seed-0/model-8

----- Epoch 9 (windowed) -----

###### Windowed train epoch 9 overall metrics
  loss: 0.6864 rmse: 27.653 r2: 0.010 corr: 0.143
***** Epoch 9 Val (windowed) *****
  loss: 0.3112 rmse: 27.649 r2: 0.010 corr: 0.148
********************
***** Epoch 9 Test (windowed) *****
  loss: 0.3199 rmse: 17.371 r2: 0.021 corr: 0.206
********************
  Epoch 9 done in 9.3s
  Saved best model → model/FIM_restoration_0412_stations_monthly/2010/gat-rnn-v2-windowed_bs-128_lr-0.001_maxepoch-50_testyear-2010_win-3_nwin-10_seed-0/model-9

----- Epoch 10 (windowed) -----

###### Windowed train epoch 10 overall metrics
  loss: 0.6783 rmse: 27.659 r2: 0.009 corr: 0.136
***** Epoch 10 Val (windowed) *****
  loss: 0.3088 rmse: 27.646 r2: 0.010 corr: 0.153
********************
***** Epoch 10 Test (windowed) *****
  loss: 0.3148 rmse: 17.361 r2: 0.022 corr: 0.218
********************
  Epoch 10 done in 9.3s
  Saved best model → model/FIM_restoration_0412_stations_monthly/2010/gat-rnn-v2-windowed_bs-128_lr-0.001_maxepoch-50_testyear-2010_win-3_nwin-10_seed-0/model-10

----- Epoch 11 (windowed) -----

###### Windowed train epoch 11 overall metrics
  loss: 0.6675 rmse: 27.638 r2: 0.011 corr: 0.156
***** Epoch 11 Val (windowed) *****
  loss: 0.3027 rmse: 27.645 r2: 0.010 corr: 0.150
********************
***** Epoch 11 Test (windowed) *****
  loss: 0.3117 rmse: 17.356 r2: 0.023 corr: 0.214
********************
  Epoch 11 done in 9.5s
  Saved best model → model/FIM_restoration_0412_stations_monthly/2010/gat-rnn-v2-windowed_bs-128_lr-0.001_maxepoch-50_testyear-2010_win-3_nwin-10_seed-0/model-11

----- Epoch 12 (windowed) -----

###### Windowed train epoch 12 overall metrics
  loss: 0.6620 rmse: 27.651 r2: 0.010 corr: 0.141
***** Epoch 12 Val (windowed) *****
  loss: 0.2989 rmse: 27.602 r2: 0.013 corr: 0.174
********************
***** Epoch 12 Test (windowed) *****
  loss: 0.3092 rmse: 17.315 r2: 0.027 corr: 0.231
********************
  Epoch 12 done in 8.8s
  Saved best model → model/FIM_restoration_0412_stations_monthly/2010/gat-rnn-v2-windowed_bs-128_lr-0.001_maxepoch-50_testyear-2010_win-3_nwin-10_seed-0/model-12

----- Epoch 13 (windowed) -----

###### Windowed train epoch 13 overall metrics
  loss: 0.6522 rmse: 27.629 r2: 0.011 corr: 0.159
***** Epoch 13 Val (windowed) *****
  loss: 0.2959 rmse: 27.595 r2: 0.014 corr: 0.183
********************
***** Epoch 13 Test (windowed) *****
  loss: 0.3051 rmse: 17.303 r2: 0.029 corr: 0.246
********************
  Epoch 13 done in 8.6s
  Saved best model → model/FIM_restoration_0412_stations_monthly/2010/gat-rnn-v2-windowed_bs-128_lr-0.001_maxepoch-50_testyear-2010_win-3_nwin-10_seed-0/model-13

----- Epoch 14 (windowed) -----

###### Windowed train epoch 14 overall metrics
  loss: 0.6464 rmse: 27.565 r2: 0.016 corr: 0.191
***** Epoch 14 Val (windowed) *****
  loss: 0.2915 rmse: 27.532 r2: 0.018 corr: 0.194
********************
***** Epoch 14 Test (windowed) *****
  loss: 0.3027 rmse: 17.233 r2: 0.037 corr: 0.253
********************
  Epoch 14 done in 8.6s
  Saved best model → model/FIM_restoration_0412_stations_monthly/2010/gat-rnn-v2-windowed_bs-128_lr-0.001_maxepoch-50_testyear-2010_win-3_nwin-10_seed-0/model-14

----- Epoch 15 (windowed) -----

###### Windowed train epoch 15 overall metrics
  loss: 0.6392 rmse: 27.559 r2: 0.016 corr: 0.176
***** Epoch 15 Val (windowed) *****
  loss: 0.2878 rmse: 27.552 r2: 0.017 corr: 0.207
********************
***** Epoch 15 Test (windowed) *****
  loss: 0.2983 rmse: 17.259 r2: 0.034 corr: 0.268
********************
  Epoch 15 done in 9.1s

----- Epoch 16 (windowed) -----

###### Windowed train epoch 16 overall metrics
  loss: 0.6331 rmse: 27.532 r2: 0.018 corr: 0.202
***** Epoch 16 Val (windowed) *****
  loss: 0.2847 rmse: 27.499 r2: 0.021 corr: 0.230
********************
***** Epoch 16 Test (windowed) *****
  loss: 0.2944 rmse: 17.204 r2: 0.040 corr: 0.289
********************
  Epoch 16 done in 8.9s
  Saved best model → model/FIM_restoration_0412_stations_monthly/2010/gat-rnn-v2-windowed_bs-128_lr-0.001_maxepoch-50_testyear-2010_win-3_nwin-10_seed-0/model-16

----- Epoch 17 (windowed) -----

###### Windowed train epoch 17 overall metrics
  loss: 0.6257 rmse: 27.483 r2: 0.022 corr: 0.214
***** Epoch 17 Val (windowed) *****
  loss: 0.2804 rmse: 27.494 r2: 0.021 corr: 0.219
********************
***** Epoch 17 Test (windowed) *****
  loss: 0.2912 rmse: 17.189 r2: 0.041 corr: 0.282
********************
  Epoch 17 done in 8.5s
  Saved best model → model/FIM_restoration_0412_stations_monthly/2010/gat-rnn-v2-windowed_bs-128_lr-0.001_maxepoch-50_testyear-2010_win-3_nwin-10_seed-0/model-17

----- Epoch 18 (windowed) -----

###### Windowed train epoch 18 overall metrics
  loss: 0.6193 rmse: 27.463 r2: 0.023 corr: 0.228
***** Epoch 18 Val (windowed) *****
  loss: 0.2774 rmse: 27.502 r2: 0.020 corr: 0.199
********************
***** Epoch 18 Test (windowed) *****
  loss: 0.2895 rmse: 17.184 r2: 0.042 corr: 0.268
********************
  Epoch 18 done in 8.3s

----- Epoch 19 (windowed) -----

###### Windowed train epoch 19 overall metrics
  loss: 0.6130 rmse: 27.505 r2: 0.020 corr: 0.191
***** Epoch 19 Val (windowed) *****
  loss: 0.2725 rmse: 27.473 r2: 0.022 corr: 0.219
********************
***** Epoch 19 Test (windowed) *****
  loss: 0.2861 rmse: 17.148 r2: 0.046 corr: 0.292
********************
  Epoch 19 done in 8.3s
  Saved best model → model/FIM_restoration_0412_stations_monthly/2010/gat-rnn-v2-windowed_bs-128_lr-0.001_maxepoch-50_testyear-2010_win-3_nwin-10_seed-0/model-19

----- Epoch 20 (windowed) -----

###### Windowed train epoch 20 overall metrics
  loss: 0.6042 rmse: 27.488 r2: 0.021 corr: 0.189
***** Epoch 20 Val (windowed) *****
  loss: 0.2701 rmse: 27.512 r2: 0.020 corr: 0.217
********************
***** Epoch 20 Test (windowed) *****
  loss: 0.2842 rmse: 17.194 r2: 0.041 corr: 0.293
********************
  Epoch 20 done in 8.6s

----- Epoch 21 (windowed) -----

###### Windowed train epoch 21 overall metrics
  loss: 0.5987 rmse: 27.508 r2: 0.020 corr: 0.204
***** Epoch 21 Val (windowed) *****
  loss: 0.2668 rmse: 27.414 r2: 0.027 corr: 0.245
********************
***** Epoch 21 Test (windowed) *****
  loss: 0.2791 rmse: 17.086 r2: 0.053 corr: 0.313
********************
  Epoch 21 done in 8.4s
  Saved best model → model/FIM_restoration_0412_stations_monthly/2010/gat-rnn-v2-windowed_bs-128_lr-0.001_maxepoch-50_testyear-2010_win-3_nwin-10_seed-0/model-21

----- Epoch 22 (windowed) -----

###### Windowed train epoch 22 overall metrics
  loss: 0.5915 rmse: 27.328 r2: 0.033 corr: 0.255
***** Epoch 22 Val (windowed) *****
  loss: 0.2616 rmse: 27.452 r2: 0.024 corr: 0.236
********************
***** Epoch 22 Test (windowed) *****
  loss: 0.2757 rmse: 17.114 r2: 0.050 corr: 0.313
********************
  Epoch 22 done in 8.9s

----- Epoch 23 (windowed) -----

###### Windowed train epoch 23 overall metrics
  loss: 0.5844 rmse: 27.455 r2: 0.024 corr: 0.215
***** Epoch 23 Val (windowed) *****
  loss: 0.2568 rmse: 27.429 r2: 0.025 corr: 0.224
********************
***** Epoch 23 Test (windowed) *****
  loss: 0.2722 rmse: 17.072 r2: 0.054 corr: 0.304
********************
  Epoch 23 done in 9.3s

----- Epoch 24 (windowed) -----

###### Windowed train epoch 24 overall metrics
  loss: 0.5757 rmse: 27.436 r2: 0.025 corr: 0.229
***** Epoch 24 Val (windowed) *****
  loss: 0.2534 rmse: 27.381 r2: 0.029 corr: 0.258
********************
***** Epoch 24 Test (windowed) *****
  loss: 0.2711 rmse: 17.030 r2: 0.059 corr: 0.334
********************
  Epoch 24 done in 9.1s
  Saved best model → model/FIM_restoration_0412_stations_monthly/2010/gat-rnn-v2-windowed_bs-128_lr-0.001_maxepoch-50_testyear-2010_win-3_nwin-10_seed-0/model-24

----- Epoch 25 (windowed) -----

###### Windowed train epoch 25 overall metrics
  loss: 0.5684 rmse: 27.353 r2: 0.031 corr: 0.228
***** Epoch 25 Val (windowed) *****
  loss: 0.2498 rmse: 27.401 r2: 0.028 corr: 0.255
********************
***** Epoch 25 Test (windowed) *****
  loss: 0.2705 rmse: 17.056 r2: 0.056 corr: 0.329
********************
  Epoch 25 done in 9.3s

----- Epoch 26 (windowed) -----

###### Windowed train epoch 26 overall metrics
  loss: 0.5624 rmse: 27.358 r2: 0.031 corr: 0.238
***** Epoch 26 Val (windowed) *****
  loss: 0.2449 rmse: 27.452 r2: 0.024 corr: 0.234
********************
***** Epoch 26 Test (windowed) *****
  loss: 0.2631 rmse: 17.088 r2: 0.053 corr: 0.323
********************
  Epoch 26 done in 9.3s

----- Epoch 27 (windowed) -----

###### Windowed train epoch 27 overall metrics
  loss: 0.5576 rmse: 27.471 r2: 0.023 corr: 0.218
***** Epoch 27 Val (windowed) *****
  loss: 0.2507 rmse: 27.274 r2: 0.037 corr: 0.259
********************
***** Epoch 27 Test (windowed) *****
  loss: 0.2653 rmse: 16.899 r2: 0.074 corr: 0.337
********************
  Epoch 27 done in 8.4s
  Saved best model → model/FIM_restoration_0412_stations_monthly/2010/gat-rnn-v2-windowed_bs-128_lr-0.001_maxepoch-50_testyear-2010_win-3_nwin-10_seed-0/model-27

----- Epoch 28 (windowed) -----

###### Windowed train epoch 28 overall metrics
  loss: 0.5547 rmse: 27.321 r2: 0.033 corr: 0.242
***** Epoch 28 Val (windowed) *****
  loss: 0.2447 rmse: 27.321 r2: 0.033 corr: 0.257
********************
***** Epoch 28 Test (windowed) *****
  loss: 0.2614 rmse: 16.940 r2: 0.069 corr: 0.339
********************
  Epoch 28 done in 8.4s

----- Epoch 29 (windowed) -----

###### Windowed train epoch 29 overall metrics
  loss: 0.5488 rmse: 27.332 r2: 0.032 corr: 0.247
***** Epoch 29 Val (windowed) *****
  loss: 0.2366 rmse: 27.370 r2: 0.030 corr: 0.247
********************
***** Epoch 29 Test (windowed) *****
  loss: 0.2562 rmse: 16.990 r2: 0.064 corr: 0.332
********************
  Epoch 29 done in 8.8s

----- Epoch 30 (windowed) -----

###### Windowed train epoch 30 overall metrics
  loss: 0.5386 rmse: 27.385 r2: 0.029 corr: 0.248
***** Epoch 30 Val (windowed) *****
  loss: 0.2326 rmse: 27.331 r2: 0.032 corr: 0.255
********************
***** Epoch 30 Test (windowed) *****
  loss: 0.2553 rmse: 16.951 r2: 0.068 corr: 0.340
********************
  Epoch 30 done in 8.5s

----- Epoch 31 (windowed) -----

###### Windowed train epoch 31 overall metrics
  loss: 0.5329 rmse: 27.281 r2: 0.036 corr: 0.247
***** Epoch 31 Val (windowed) *****
  loss: 0.2288 rmse: 27.371 r2: 0.030 corr: 0.254
********************
***** Epoch 31 Test (windowed) *****
  loss: 0.2548 rmse: 16.995 r2: 0.063 corr: 0.338
********************
  Epoch 31 done in 8.5s

----- Epoch 32 (windowed) -----

###### Windowed train epoch 32 overall metrics
  loss: 0.5264 rmse: 27.294 r2: 0.035 corr: 0.257
***** Epoch 32 Val (windowed) *****
  loss: 0.2270 rmse: 27.287 r2: 0.036 corr: 0.266
********************
***** Epoch 32 Test (windowed) *****
  loss: 0.2507 rmse: 16.899 r2: 0.074 corr: 0.350
********************
  Epoch 32 done in 8.6s

----- Epoch 33 (windowed) -----

###### Windowed train epoch 33 overall metrics
  loss: 0.5219 rmse: 27.223 r2: 0.040 corr: 0.266
***** Epoch 33 Val (windowed) *****
  loss: 0.2238 rmse: 27.351 r2: 0.031 corr: 0.259
********************
***** Epoch 33 Test (windowed) *****
  loss: 0.2469 rmse: 16.978 r2: 0.065 corr: 0.342
********************
  Epoch 33 done in 8.4s

----- Epoch 34 (windowed) -----

###### Windowed train epoch 34 overall metrics
  loss: 0.5170 rmse: 27.333 r2: 0.032 corr: 0.239
***** Epoch 34 Val (windowed) *****
  loss: 0.2234 rmse: 27.349 r2: 0.031 corr: 0.257
********************
***** Epoch 34 Test (windowed) *****
  loss: 0.2566 rmse: 16.993 r2: 0.063 corr: 0.336
********************
  Epoch 34 done in 8.6s

----- Epoch 35 (windowed) -----

###### Windowed train epoch 35 overall metrics
  loss: 0.5102 rmse: 27.365 r2: 0.030 corr: 0.241
***** Epoch 35 Val (windowed) *****
  loss: 0.2190 rmse: 27.234 r2: 0.039 corr: 0.280
********************
***** Epoch 35 Test (windowed) *****
  loss: 0.2584 rmse: 16.864 r2: 0.077 corr: 0.358
********************
  Epoch 35 done in 8.6s
  Saved best model → model/FIM_restoration_0412_stations_monthly/2010/gat-rnn-v2-windowed_bs-128_lr-0.001_maxepoch-50_testyear-2010_win-3_nwin-10_seed-0/model-35

----- Epoch 36 (windowed) -----

###### Windowed train epoch 36 overall metrics
  loss: 0.5077 rmse: 27.188 r2: 0.043 corr: 0.273
***** Epoch 36 Val (windowed) *****
  loss: 0.2168 rmse: 27.297 r2: 0.035 corr: 0.259
********************
***** Epoch 36 Test (windowed) *****
  loss: 0.2440 rmse: 16.910 r2: 0.072 corr: 0.342
********************
  Epoch 36 done in 8.4s

----- Epoch 37 (windowed) -----

###### Windowed train epoch 37 overall metrics
  loss: 0.5029 rmse: 27.362 r2: 0.030 corr: 0.235
***** Epoch 37 Val (windowed) *****
  loss: 0.2128 rmse: 27.303 r2: 0.034 corr: 0.262
********************
***** Epoch 37 Test (windowed) *****
  loss: 0.2476 rmse: 16.931 r2: 0.070 corr: 0.341
********************
  Epoch 37 done in 8.5s

----- Epoch 38 (windowed) -----

###### Windowed train epoch 38 overall metrics
  loss: 0.4976 rmse: 27.376 r2: 0.029 corr: 0.217
***** Epoch 38 Val (windowed) *****
  loss: 0.2107 rmse: 27.266 r2: 0.037 corr: 0.269
********************
***** Epoch 38 Test (windowed) *****
  loss: 0.2477 rmse: 16.890 r2: 0.074 corr: 0.349
********************
  Epoch 38 done in 8.5s

----- Epoch 39 (windowed) -----

###### Windowed train epoch 39 overall metrics
  loss: 0.4954 rmse: 27.212 r2: 0.041 corr: 0.279
***** Epoch 39 Val (windowed) *****
  loss: 0.2093 rmse: 27.232 r2: 0.039 corr: 0.274
********************
***** Epoch 39 Test (windowed) *****
  loss: 0.2425 rmse: 16.836 r2: 0.080 corr: 0.356
********************
  Epoch 39 done in 8.4s
  Saved best model → model/FIM_restoration_0412_stations_monthly/2010/gat-rnn-v2-windowed_bs-128_lr-0.001_maxepoch-50_testyear-2010_win-3_nwin-10_seed-0/model-39

----- Epoch 40 (windowed) -----

###### Windowed train epoch 40 overall metrics
  loss: 0.4892 rmse: 27.180 r2: 0.043 corr: 0.285
***** Epoch 40 Val (windowed) *****
  loss: 0.2082 rmse: 27.233 r2: 0.039 corr: 0.290
********************
***** Epoch 40 Test (windowed) *****
  loss: 0.2538 rmse: 16.905 r2: 0.073 corr: 0.357
********************
  Epoch 40 done in 8.9s

----- Epoch 41 (windowed) -----

###### Windowed train epoch 41 overall metrics
  loss: 0.4883 rmse: 27.126 r2: 0.047 corr: 0.296
***** Epoch 41 Val (windowed) *****
  loss: 0.2068 rmse: 27.233 r2: 0.039 corr: 0.283
********************
***** Epoch 41 Test (windowed) *****
  loss: 0.2481 rmse: 16.869 r2: 0.077 corr: 0.362
********************
  Epoch 41 done in 8.4s

----- Epoch 42 (windowed) -----

###### Windowed train epoch 42 overall metrics
  loss: 0.4848 rmse: 27.305 r2: 0.034 corr: 0.252
***** Epoch 42 Val (windowed) *****
  loss: 0.2066 rmse: 27.223 r2: 0.040 corr: 0.284
********************
***** Epoch 42 Test (windowed) *****
  loss: 0.2375 rmse: 16.842 r2: 0.080 corr: 0.360
********************
  Epoch 42 done in 8.4s
  Saved best model → model/FIM_restoration_0412_stations_monthly/2010/gat-rnn-v2-windowed_bs-128_lr-0.001_maxepoch-50_testyear-2010_win-3_nwin-10_seed-0/model-42

----- Epoch 43 (windowed) -----

###### Windowed train epoch 43 overall metrics
  loss: 0.4830 rmse: 27.311 r2: 0.034 corr: 0.236
***** Epoch 43 Val (windowed) *****
  loss: 0.2099 rmse: 27.258 r2: 0.038 corr: 0.279
********************
***** Epoch 43 Test (windowed) *****
  loss: 0.2701 rmse: 16.912 r2: 0.072 corr: 0.351
********************
  Epoch 43 done in 8.7s

----- Epoch 44 (windowed) -----

###### Windowed train epoch 44 overall metrics
  loss: 0.4846 rmse: 27.202 r2: 0.042 corr: 0.292
***** Epoch 44 Val (windowed) *****
  loss: 0.2077 rmse: 27.198 r2: 0.042 corr: 0.277
********************
***** Epoch 44 Test (windowed) *****
  loss: 0.2354 rmse: 16.780 r2: 0.087 corr: 0.360
********************
  Epoch 44 done in 8.6s
  Saved best model → model/FIM_restoration_0412_stations_monthly/2010/gat-rnn-v2-windowed_bs-128_lr-0.001_maxepoch-50_testyear-2010_win-3_nwin-10_seed-0/model-44

----- Epoch 45 (windowed) -----

###### Windowed train epoch 45 overall metrics
  loss: 0.4803 rmse: 27.184 r2: 0.043 corr: 0.293
***** Epoch 45 Val (windowed) *****
  loss: 0.2014 rmse: 27.204 r2: 0.041 corr: 0.282
********************
***** Epoch 45 Test (windowed) *****
  loss: 0.2339 rmse: 16.800 r2: 0.084 corr: 0.359
********************
  Epoch 45 done in 8.9s

----- Epoch 46 (windowed) -----

###### Windowed train epoch 46 overall metrics
  loss: 0.4736 rmse: 27.300 r2: 0.035 corr: 0.246
***** Epoch 46 Val (windowed) *****
  loss: 0.1994 rmse: 27.157 r2: 0.045 corr: 0.308
********************
***** Epoch 46 Test (windowed) *****
  loss: 0.2364 rmse: 16.776 r2: 0.087 corr: 0.380
********************
  Epoch 46 done in 8.7s
  Saved best model → model/FIM_restoration_0412_stations_monthly/2010/gat-rnn-v2-windowed_bs-128_lr-0.001_maxepoch-50_testyear-2010_win-3_nwin-10_seed-0/model-46

----- Epoch 47 (windowed) -----

###### Windowed train epoch 47 overall metrics
  loss: 0.4696 rmse: 27.115 r2: 0.048 corr: 0.291
***** Epoch 47 Val (windowed) *****
  loss: 0.1961 rmse: 27.138 r2: 0.046 corr: 0.301
********************
***** Epoch 47 Test (windowed) *****
  loss: 0.2495 rmse: 16.761 r2: 0.089 corr: 0.374
********************
  Epoch 47 done in 8.5s
  Saved best model → model/FIM_restoration_0412_stations_monthly/2010/gat-rnn-v2-windowed_bs-128_lr-0.001_maxepoch-50_testyear-2010_win-3_nwin-10_seed-0/model-47

----- Epoch 48 (windowed) -----

###### Windowed train epoch 48 overall metrics
  loss: 0.4662 rmse: 27.117 r2: 0.048 corr: 0.295
***** Epoch 48 Val (windowed) *****
  loss: 0.1956 rmse: 27.219 r2: 0.040 corr: 0.285
********************
***** Epoch 48 Test (windowed) *****
  loss: 0.2481 rmse: 16.842 r2: 0.080 corr: 0.359
********************
  Epoch 48 done in 8.5s

----- Epoch 49 (windowed) -----

###### Windowed train epoch 49 overall metrics
  loss: 0.4647 rmse: 27.163 r2: 0.044 corr: 0.289
***** Epoch 49 Val (windowed) *****
  loss: 0.1938 rmse: 27.227 r2: 0.040 corr: 0.289
********************
***** Epoch 49 Test (windowed) *****
  loss: 0.2449 rmse: 16.849 r2: 0.079 corr: 0.361
********************
  Epoch 49 done in 8.7s
Fold done — best val RMSE=27.1383 test R²=0.0886 corr=0.3744

================================================================
Rolling-windowed  test_year=2011
  Val  : 2010
  Test : 2011
  win_size=3  n_windows=10
================================================================
Initially data (54319, 166)
After filtering (27035, 166)
get_X_Y
X shape (27035, 130)
Y shape (27035, 34)
Y (output) means tensor([[0.1433, 0.0123, 0.2580, 0.1637, 0.0142, 0.0620, 0.1670, 0.6468, 0.8690,
         0.0225, 0.0438, 0.0141, 0.0728, 0.1453, 1.0233, 0.9476, 0.3614, 0.4128,
         0.9893, 0.3953, 0.1965, 0.2300, 0.4255, 0.1722, 0.4063, 0.4753, 0.2938,
         0.6298, 0.5302, 0.1537, 0.2539, 0.0989, 0.1329, 0.1357]]) stds tensor([[0.4733, 0.1385, 0.6345, 0.5865, 0.1426, 0.3028, 0.5300, 1.4344, 1.5972,
         0.1881, 0.2859, 0.1611, 0.4009, 0.4589, 2.1098, 1.6306, 0.8817, 1.2075,
         1.7242, 0.9377, 0.5496, 0.7061, 1.1105, 0.5819, 1.0044, 1.0518, 0.7346,
         1.3702, 1.0575, 0.4522, 0.8024, 0.3294, 0.4019, 0.3823]])
Y count-scale means tensor([[4.7390e-01, 3.6249e-02, 1.0112e+00, 8.9239e-01, 3.8302e-02, 1.9247e-01,
         6.2641e-01, 1.4104e+01, 2.9596e+01, 6.6515e-02, 1.8295e-01, 4.9089e-02,
         4.9762e-01, 4.4552e-01, 2.6660e+02, 2.0438e+01, 2.9268e+00, 1.6256e+01,
         3.3960e+01, 3.2358e+00, 6.6769e-01, 1.6551e+00, 8.3635e+00, 1.5776e+00,
         3.6536e+00, 4.3682e+00, 1.3987e+00, 2.3759e+01, 6.2606e+00, 4.6910e-01,
         2.8434e+00, 2.0811e-01, 3.1891e-01, 2.8707e-01]]) stds tensor([[3.1711e+00, 6.6853e-01, 6.0830e+00, 6.8677e+00, 6.4214e-01, 2.0271e+00,
         4.0717e+00, 7.0289e+01, 2.1602e+02, 8.7238e-01, 2.6325e+00, 8.1717e-01,
         9.0924e+00, 2.7965e+00, 3.0861e+03, 9.5310e+01, 2.1287e+01, 1.9488e+02,
         2.6721e+02, 1.8929e+01, 3.5348e+00, 1.5795e+01, 7.8964e+01, 5.0309e+01,
         1.7370e+01, 2.3795e+01, 7.5360e+00, 4.4037e+02, 7.4028e+01, 5.5553e+00,
         2.6187e+01, 9.6126e-01, 1.5259e+00, 1.1650e+00]])
Loaded per-window (calendar) month weights from analysis/figures/month_weights_per_window.npz: cube.shape=(25, 12, 34)
/Users/liyingnceas/GitHub/GNN-RNN-main/gnn-lstm-v3/utils/data_utils.py:264: RuntimeWarning: Mean of empty slice
  np.nanmean(county_dict[county], axis=0).astype(np.float32)
Filled 67759 missing (node, year) entries from neighbors or year averages
[2D] Station nodes: 586, adj nnz: 2905
[build_year_XY_windowed] data_start=1998, min_pred_year=2009, test_year=2011, win_size=3, n_windows=10
  built windows for T=2009
[build_year_XY_windowed] built windowed XY for 3 prediction years (2009–2011)
  GAT_RNN_V2: edge_feat_dim=3, n_heads=4, n_hidden=64
  [Bayes] Species rarity weights (mean=1): min=0.72 max=1.61  (rarest=Centropomus undecimalis_SA)
  [CrossDonor] Ecological cross-donor map (9 recipients):
    Centropomus undecimalis_A  <-  ['Cynoscion nebulosus_R', 'Cynoscion nebulosus_A']
    Centropomus undecimalis_SA  <-  ['Cynoscion nebulosus_R', 'Centropomus undecimalis_A']
    Sciaenops ocellatus_R  <-  ['Cynoscion nebulosus_R', 'Cynoscion nebulosus_A']
    Sciaenops ocellatus_SA  <-  ['Cynoscion nebulosus_R', 'Cynoscion nebulosus_A']
    Cynoscion nebulosus_A  <-  ['Cynoscion nebulosus_R', 'Lagodon rhomboides_A']
    Mycteroperca microlepis_SA  <-  ['Lutjanus griseus_SA', 'Lutjanus griseus_R']
    Lutjanus griseus_R  <-  ['Archosargus probatocephalus_A', 'Lutjanus griseus_SA']
    Lutjanus griseus_SA  <-  ['Archosargus probatocephalus_A']
    Archosargus probatocephalus_R  <-  ['Archosargus probatocephalus_A', 'Lagodon rhomboides_A']
  [BayesTransferMapped] 9 recipient → donor mappings:
    recipient   3 <- donors [6, 5]
    recipient   4 <- donors [6, 3]
    recipient  12 <- donors [6, 5]
    recipient  13 <- donors [6, 5]
    recipient   5 <- donors [6, 7]
    recipient  11 <- donors [10, 9]
    recipient   9 <- donors [0, 10]
    recipient  10 <- donors [0]
    recipient   1 <- donors [0, 7]
  [BayesTransferMapped] transfer_prior_std=0.600  warmstart_alpha=0.25

----- Epoch 0 (windowed) -----

###### Windowed train epoch 0 overall metrics
  loss: 0.8614 rmse: 23.231 r2: 0.001 corr: 0.074
***** Epoch 0 Val (windowed) *****
  loss: 0.3805 rmse: 17.529 r2: 0.004 corr: 0.104
********************
***** Epoch 0 Test (windowed) *****
  loss: 0.3784 rmse: 30.254 r2: 0.001 corr: 0.067
********************
  Epoch 0 done in 12.7s
  Saved best model → model/FIM_restoration_0412_stations_monthly/2011/gat-rnn-v2-windowed_bs-128_lr-0.001_maxepoch-50_testyear-2011_win-3_nwin-10_seed-0/model-0

----- Epoch 1 (windowed) -----

###### Windowed train epoch 1 overall metrics
  loss: 0.7883 rmse: 23.206 r2: 0.003 corr: 0.094
***** Epoch 1 Val (windowed) *****
  loss: 0.3581 rmse: 17.507 r2: 0.006 corr: 0.144
********************
***** Epoch 1 Test (windowed) *****
  loss: 0.3566 rmse: 30.238 r2: 0.002 corr: 0.097
********************
  Epoch 1 done in 12.5s
  Saved best model → model/FIM_restoration_0412_stations_monthly/2011/gat-rnn-v2-windowed_bs-128_lr-0.001_maxepoch-50_testyear-2011_win-3_nwin-10_seed-0/model-1

----- Epoch 2 (windowed) -----

###### Windowed train epoch 2 overall metrics
  loss: 0.7494 rmse: 23.193 r2: 0.004 corr: 0.110
***** Epoch 2 Val (windowed) *****
  loss: 0.3426 rmse: 17.443 r2: 0.013 corr: 0.186
********************
***** Epoch 2 Test (windowed) *****
  loss: 0.3420 rmse: 30.192 r2: 0.005 corr: 0.128
********************
  Epoch 2 done in 12.5s
  Saved best model → model/FIM_restoration_0412_stations_monthly/2011/gat-rnn-v2-windowed_bs-128_lr-0.001_maxepoch-50_testyear-2011_win-3_nwin-10_seed-0/model-2

----- Epoch 3 (windowed) -----

###### Windowed train epoch 3 overall metrics
  loss: 0.7216 rmse: 23.125 r2: 0.010 corr: 0.155
***** Epoch 3 Val (windowed) *****
  loss: 0.3274 rmse: 17.362 r2: 0.022 corr: 0.223
********************
***** Epoch 3 Test (windowed) *****
  loss: 0.3281 rmse: 30.133 r2: 0.009 corr: 0.155
********************
  Epoch 3 done in 12.7s
  Saved best model → model/FIM_restoration_0412_stations_monthly/2011/gat-rnn-v2-windowed_bs-128_lr-0.001_maxepoch-50_testyear-2011_win-3_nwin-10_seed-0/model-3

----- Epoch 4 (windowed) -----

###### Windowed train epoch 4 overall metrics
  loss: 0.6967 rmse: 23.055 r2: 0.016 corr: 0.194
***** Epoch 4 Val (windowed) *****
  loss: 0.3190 rmse: 17.323 r2: 0.027 corr: 0.234
********************
***** Epoch 4 Test (windowed) *****
  loss: 0.3201 rmse: 30.110 r2: 0.011 corr: 0.162
********************
  Epoch 4 done in 12.4s
  Saved best model → model/FIM_restoration_0412_stations_monthly/2011/gat-rnn-v2-windowed_bs-128_lr-0.001_maxepoch-50_testyear-2011_win-3_nwin-10_seed-0/model-4

----- Epoch 5 (windowed) -----

###### Windowed train epoch 5 overall metrics
  loss: 0.6793 rmse: 23.029 r2: 0.018 corr: 0.188
***** Epoch 5 Val (windowed) *****
  loss: 0.3101 rmse: 17.296 r2: 0.030 corr: 0.260
********************
***** Epoch 5 Test (windowed) *****
  loss: 0.3121 rmse: 30.090 r2: 0.012 corr: 0.183
********************
  Epoch 5 done in 12.5s
  Saved best model → model/FIM_restoration_0412_stations_monthly/2011/gat-rnn-v2-windowed_bs-128_lr-0.001_maxepoch-50_testyear-2011_win-3_nwin-10_seed-0/model-5

----- Epoch 6 (windowed) -----

###### Windowed train epoch 6 overall metrics
  loss: 0.6656 rmse: 22.970 r2: 0.023 corr: 0.234
***** Epoch 6 Val (windowed) *****
  loss: 0.3021 rmse: 17.204 r2: 0.040 corr: 0.276
********************
***** Epoch 6 Test (windowed) *****
  loss: 0.3043 rmse: 30.025 r2: 0.016 corr: 0.197
********************
  Epoch 6 done in 12.7s
  Saved best model → model/FIM_restoration_0412_stations_monthly/2011/gat-rnn-v2-windowed_bs-128_lr-0.001_maxepoch-50_testyear-2011_win-3_nwin-10_seed-0/model-6

----- Epoch 7 (windowed) -----

###### Windowed train epoch 7 overall metrics
  loss: 0.6519 rmse: 22.943 r2: 0.026 corr: 0.224
***** Epoch 7 Val (windowed) *****
  loss: 0.2952 rmse: 17.153 r2: 0.046 corr: 0.298
********************
***** Epoch 7 Test (windowed) *****
  loss: 0.2986 rmse: 29.980 r2: 0.019 corr: 0.216
********************
  Epoch 7 done in 12.6s
  Saved best model → model/FIM_restoration_0412_stations_monthly/2011/gat-rnn-v2-windowed_bs-128_lr-0.001_maxepoch-50_testyear-2011_win-3_nwin-10_seed-0/model-7

----- Epoch 8 (windowed) -----

###### Windowed train epoch 8 overall metrics
  loss: 0.6384 rmse: 22.848 r2: 0.034 corr: 0.260
***** Epoch 8 Val (windowed) *****
  loss: 0.2921 rmse: 17.232 r2: 0.037 corr: 0.295
********************
***** Epoch 8 Test (windowed) *****
  loss: 0.2952 rmse: 30.034 r2: 0.016 corr: 0.214
********************
  Epoch 8 done in 13.1s

----- Epoch 9 (windowed) -----

###### Windowed train epoch 9 overall metrics
  loss: 0.6269 rmse: 22.837 r2: 0.035 corr: 0.258
***** Epoch 9 Val (windowed) *****
  loss: 0.2851 rmse: 17.198 r2: 0.041 corr: 0.316
********************
***** Epoch 9 Test (windowed) *****
  loss: 0.2922 rmse: 30.003 r2: 0.018 corr: 0.231
********************
  Epoch 9 done in 12.9s

----- Epoch 10 (windowed) -----

###### Windowed train epoch 10 overall metrics
  loss: 0.6158 rmse: 22.901 r2: 0.029 corr: 0.232
***** Epoch 10 Val (windowed) *****
  loss: 0.2771 rmse: 17.143 r2: 0.047 corr: 0.327
********************
***** Epoch 10 Test (windowed) *****
  loss: 0.2907 rmse: 29.949 r2: 0.021 corr: 0.239
********************
  Epoch 10 done in 12.5s
  Saved best model → model/FIM_restoration_0412_stations_monthly/2011/gat-rnn-v2-windowed_bs-128_lr-0.001_maxepoch-50_testyear-2011_win-3_nwin-10_seed-0/model-10

----- Epoch 11 (windowed) -----

###### Windowed train epoch 11 overall metrics
  loss: 0.6024 rmse: 22.809 r2: 0.037 corr: 0.274
***** Epoch 11 Val (windowed) *****
  loss: 0.2734 rmse: 17.099 r2: 0.052 corr: 0.324
********************
***** Epoch 11 Test (windowed) *****
  loss: 0.2852 rmse: 29.896 r2: 0.025 corr: 0.239
********************
  Epoch 11 done in 12.4s
  Saved best model → model/FIM_restoration_0412_stations_monthly/2011/gat-rnn-v2-windowed_bs-128_lr-0.001_maxepoch-50_testyear-2011_win-3_nwin-10_seed-0/model-11

----- Epoch 12 (windowed) -----

###### Windowed train epoch 12 overall metrics
  loss: 0.5908 rmse: 22.856 r2: 0.033 corr: 0.257
***** Epoch 12 Val (windowed) *****
  loss: 0.2660 rmse: 17.014 r2: 0.061 corr: 0.331
********************
***** Epoch 12 Test (windowed) *****
  loss: 0.2906 rmse: 29.842 r2: 0.028 corr: 0.242
********************
  Epoch 12 done in 12.6s
  Saved best model → model/FIM_restoration_0412_stations_monthly/2011/gat-rnn-v2-windowed_bs-128_lr-0.001_maxepoch-50_testyear-2011_win-3_nwin-10_seed-0/model-12

----- Epoch 13 (windowed) -----

###### Windowed train epoch 13 overall metrics
  loss: 0.5777 rmse: 22.713 r2: 0.045 corr: 0.293
***** Epoch 13 Val (windowed) *****
  loss: 0.2575 rmse: 17.086 r2: 0.053 corr: 0.333
********************
***** Epoch 13 Test (windowed) *****
  loss: 0.3045 rmse: 29.909 r2: 0.024 corr: 0.243
********************
  Epoch 13 done in 12.4s

----- Epoch 14 (windowed) -----

###### Windowed train epoch 14 overall metrics
  loss: 0.5651 rmse: 22.757 r2: 0.041 corr: 0.269
***** Epoch 14 Val (windowed) *****
  loss: 0.2513 rmse: 16.896 r2: 0.074 corr: 0.359
********************
***** Epoch 14 Test (windowed) *****
  loss: 0.3559 rmse: 29.860 r2: 0.027 corr: 0.268
********************
  Epoch 14 done in 12.3s
  Saved best model → model/FIM_restoration_0412_stations_monthly/2011/gat-rnn-v2-windowed_bs-128_lr-0.001_maxepoch-50_testyear-2011_win-3_nwin-10_seed-0/model-14

----- Epoch 15 (windowed) -----

###### Windowed train epoch 15 overall metrics
  loss: 0.5572 rmse: 22.741 r2: 0.043 corr: 0.254
***** Epoch 15 Val (windowed) *****
  loss: 0.2443 rmse: 16.863 r2: 0.078 corr: 0.353
********************
***** Epoch 15 Test (windowed) *****
  loss: 0.3314 rmse: 29.804 r2: 0.031 corr: 0.267
********************
  Epoch 15 done in 13.1s
  Saved best model → model/FIM_restoration_0412_stations_monthly/2011/gat-rnn-v2-windowed_bs-128_lr-0.001_maxepoch-50_testyear-2011_win-3_nwin-10_seed-0/model-15

----- Epoch 16 (windowed) -----

###### Windowed train epoch 16 overall metrics
  loss: 0.5457 rmse: 22.693 r2: 0.047 corr: 0.311
***** Epoch 16 Val (windowed) *****
  loss: 0.2383 rmse: 16.869 r2: 0.077 corr: 0.355
********************
***** Epoch 16 Test (windowed) *****
  loss: 0.3228 rmse: 29.798 r2: 0.031 corr: 0.261
********************
  Epoch 16 done in 12.7s

----- Epoch 17 (windowed) -----

###### Windowed train epoch 17 overall metrics
  loss: 0.5324 rmse: 22.754 r2: 0.042 corr: 0.246
***** Epoch 17 Val (windowed) *****
  loss: 0.2352 rmse: 16.990 r2: 0.064 corr: 0.331
********************
***** Epoch 17 Test (windowed) *****
  loss: 0.3369 rmse: 29.931 r2: 0.022 corr: 0.237
********************
  Epoch 17 done in 12.4s

----- Epoch 18 (windowed) -----

###### Windowed train epoch 18 overall metrics
  loss: 0.5218 rmse: 22.761 r2: 0.041 corr: 0.255
***** Epoch 18 Val (windowed) *****
  loss: 0.2285 rmse: 16.875 r2: 0.077 corr: 0.355
********************
***** Epoch 18 Test (windowed) *****
  loss: 0.3525 rmse: 29.854 r2: 0.027 corr: 0.257
********************
  Epoch 18 done in 12.7s

----- Epoch 19 (windowed) -----

###### Windowed train epoch 19 overall metrics
  loss: 0.5155 rmse: 22.686 r2: 0.047 corr: 0.268
***** Epoch 19 Val (windowed) *****
  loss: 0.2254 rmse: 16.892 r2: 0.075 corr: 0.338
********************
***** Epoch 19 Test (windowed) *****
  loss: 0.3442 rmse: 29.840 r2: 0.028 corr: 0.244
********************
  Epoch 19 done in 12.7s

----- Epoch 20 (windowed) -----

###### Windowed train epoch 20 overall metrics
  loss: 0.5076 rmse: 22.784 r2: 0.039 corr: 0.242
***** Epoch 20 Val (windowed) *****
  loss: 0.2231 rmse: 16.788 r2: 0.086 corr: 0.366
********************
***** Epoch 20 Test (windowed) *****
  loss: 0.3633 rmse: 29.777 r2: 0.032 corr: 0.271
********************
  Epoch 20 done in 929.0s
  Saved best model → model/FIM_restoration_0412_stations_monthly/2011/gat-rnn-v2-windowed_bs-128_lr-0.001_maxepoch-50_testyear-2011_win-3_nwin-10_seed-0/model-20

----- Epoch 21 (windowed) -----

###### Windowed train epoch 21 overall metrics
  loss: 0.5023 rmse: 22.701 r2: 0.046 corr: 0.266
***** Epoch 21 Val (windowed) *****
  loss: 0.2182 rmse: 16.816 r2: 0.083 corr: 0.341
********************
***** Epoch 21 Test (windowed) *****
  loss: 0.3556 rmse: 29.753 r2: 0.034 corr: 0.247
********************
  Epoch 21 done in 12.4s

----- Epoch 22 (windowed) -----

###### Windowed train epoch 22 overall metrics
  loss: 0.4964 rmse: 22.696 r2: 0.046 corr: 0.262
***** Epoch 22 Val (windowed) *****
  loss: 0.2183 rmse: 16.852 r2: 0.079 corr: 0.346
********************
***** Epoch 22 Test (windowed) *****
  loss: 0.3462 rmse: 29.744 r2: 0.035 corr: 0.248
********************
  Epoch 22 done in 12.4s

----- Epoch 23 (windowed) -----

###### Windowed train epoch 23 overall metrics
  loss: 0.4936 rmse: 22.723 r2: 0.044 corr: 0.268
***** Epoch 23 Val (windowed) *****
  loss: 0.2207 rmse: 16.875 r2: 0.077 corr: 0.338
********************
***** Epoch 23 Test (windowed) *****
  loss: 0.3726 rmse: 29.812 r2: 0.030 corr: 0.250
********************
  Epoch 23 done in 12.5s

----- Epoch 24 (windowed) -----

###### Windowed train epoch 24 overall metrics
  loss: 0.4913 rmse: 22.681 r2: 0.048 corr: 0.264
***** Epoch 24 Val (windowed) *****
  loss: 0.2120 rmse: 16.904 r2: 0.073 corr: 0.338
********************
***** Epoch 24 Test (windowed) *****
  loss: 0.3366 rmse: 29.818 r2: 0.030 corr: 0.249
********************
  Epoch 24 done in 12.6s

----- Epoch 25 (windowed) -----

###### Windowed train epoch 25 overall metrics
  loss: 0.4807 rmse: 22.670 r2: 0.049 corr: 0.256
***** Epoch 25 Val (windowed) *****
  loss: 0.2090 rmse: 16.829 r2: 0.082 corr: 0.379
********************
***** Epoch 25 Test (windowed) *****
  loss: 0.3367 rmse: 29.738 r2: 0.035 corr: 0.287
********************
  Epoch 25 done in 12.3s

----- Epoch 26 (windowed) -----

###### Windowed train epoch 26 overall metrics
  loss: 0.4746 rmse: 22.632 r2: 0.052 corr: 0.286
***** Epoch 26 Val (windowed) *****
  loss: 0.2070 rmse: 16.782 r2: 0.087 corr: 0.365
********************
***** Epoch 26 Test (windowed) *****
  loss: 0.3569 rmse: 29.721 r2: 0.036 corr: 0.276
********************
  Epoch 26 done in 12.7s
  Saved best model → model/FIM_restoration_0412_stations_monthly/2011/gat-rnn-v2-windowed_bs-128_lr-0.001_maxepoch-50_testyear-2011_win-3_nwin-10_seed-0/model-26

----- Epoch 27 (windowed) -----

###### Windowed train epoch 27 overall metrics
  loss: 0.4693 rmse: 22.522 r2: 0.061 corr: 0.316
***** Epoch 27 Val (windowed) *****
  loss: 0.2056 rmse: 16.842 r2: 0.080 corr: 0.364
********************
***** Epoch 27 Test (windowed) *****
  loss: 0.3380 rmse: 29.700 r2: 0.037 corr: 0.274
********************
  Epoch 27 done in 12.4s

----- Epoch 28 (windowed) -----

###### Windowed train epoch 28 overall metrics
  loss: 0.4660 rmse: 22.570 r2: 0.057 corr: 0.290
***** Epoch 28 Val (windowed) *****
  loss: 0.2235 rmse: 16.729 r2: 0.092 corr: 0.378
********************
***** Epoch 28 Test (windowed) *****
  loss: 0.3840 rmse: 29.699 r2: 0.037 corr: 0.286
********************
  Epoch 28 done in 12.4s
  Saved best model → model/FIM_restoration_0412_stations_monthly/2011/gat-rnn-v2-windowed_bs-128_lr-0.001_maxepoch-50_testyear-2011_win-3_nwin-10_seed-0/model-28

----- Epoch 29 (windowed) -----

###### Windowed train epoch 29 overall metrics
  loss: 0.4677 rmse: 22.641 r2: 0.051 corr: 0.274
***** Epoch 29 Val (windowed) *****
  loss: 0.2017 rmse: 16.727 r2: 0.093 corr: 0.370
********************
***** Epoch 29 Test (windowed) *****
  loss: 0.3357 rmse: 29.592 r2: 0.044 corr: 0.285
********************
  Epoch 29 done in 12.5s
  Saved best model → model/FIM_restoration_0412_stations_monthly/2011/gat-rnn-v2-windowed_bs-128_lr-0.001_maxepoch-50_testyear-2011_win-3_nwin-10_seed-0/model-29

----- Epoch 30 (windowed) -----

###### Windowed train epoch 30 overall metrics
  loss: 0.4688 rmse: 22.578 r2: 0.056 corr: 0.293
***** Epoch 30 Val (windowed) *****
  loss: 0.2098 rmse: 16.817 r2: 0.083 corr: 0.366
********************
***** Epoch 30 Test (windowed) *****
  loss: 0.2845 rmse: 29.634 r2: 0.042 corr: 0.274
********************
  Epoch 30 done in 12.5s

----- Epoch 31 (windowed) -----

###### Windowed train epoch 31 overall metrics
  loss: 0.4615 rmse: 22.600 r2: 0.055 corr: 0.273
***** Epoch 31 Val (windowed) *****
  loss: 0.2020 rmse: 16.778 r2: 0.087 corr: 0.378
********************
***** Epoch 31 Test (windowed) *****
  loss: 0.3087 rmse: 29.616 r2: 0.043 corr: 0.291
********************
  Epoch 31 done in 12.3s

----- Epoch 32 (windowed) -----

###### Windowed train epoch 32 overall metrics
  loss: 0.4574 rmse: 22.484 r2: 0.064 corr: 0.325
***** Epoch 32 Val (windowed) *****
  loss: 0.1953 rmse: 16.667 r2: 0.099 corr: 0.378
********************
***** Epoch 32 Test (windowed) *****
  loss: 0.3245 rmse: 29.556 r2: 0.047 corr: 0.288
********************
  Epoch 32 done in 333.0s
  Saved best model → model/FIM_restoration_0412_stations_monthly/2011/gat-rnn-v2-windowed_bs-128_lr-0.001_maxepoch-50_testyear-2011_win-3_nwin-10_seed-0/model-32

----- Epoch 33 (windowed) -----

###### Windowed train epoch 33 overall metrics
  loss: 0.4538 rmse: 22.588 r2: 0.056 corr: 0.291
***** Epoch 33 Val (windowed) *****
  loss: 0.2000 rmse: 16.711 r2: 0.094 corr: 0.388
********************
***** Epoch 33 Test (windowed) *****
  loss: 0.3359 rmse: 29.603 r2: 0.044 corr: 0.305
********************
  Epoch 33 done in 12.9s

----- Epoch 34 (windowed) -----

###### Windowed train epoch 34 overall metrics
  loss: 0.4499 rmse: 22.402 r2: 0.071 corr: 0.317
***** Epoch 34 Val (windowed) *****
  loss: 0.2025 rmse: 16.698 r2: 0.096 corr: 0.398
********************
***** Epoch 34 Test (windowed) *****
  loss: 0.3441 rmse: 29.623 r2: 0.042 corr: 0.302
********************
  Epoch 34 done in 13.1s

----- Epoch 35 (windowed) -----

###### Windowed train epoch 35 overall metrics
  loss: 0.4479 rmse: 22.556 r2: 0.058 corr: 0.299
***** Epoch 35 Val (windowed) *****
  loss: 0.1938 rmse: 16.675 r2: 0.098 corr: 0.380
********************
***** Epoch 35 Test (windowed) *****
  loss: 0.3352 rmse: 29.534 r2: 0.048 corr: 0.294
********************
  Epoch 35 done in 12.8s

----- Epoch 36 (windowed) -----

###### Windowed train epoch 36 overall metrics
  loss: 0.4476 rmse: 22.650 r2: 0.050 corr: 0.275
***** Epoch 36 Val (windowed) *****
  loss: 0.1953 rmse: 16.598 r2: 0.107 corr: 0.394
********************
***** Epoch 36 Test (windowed) *****
  loss: 0.3325 rmse: 29.469 r2: 0.052 corr: 0.304
********************
  Epoch 36 done in 13.1s
  Saved best model → model/FIM_restoration_0412_stations_monthly/2011/gat-rnn-v2-windowed_bs-128_lr-0.001_maxepoch-50_testyear-2011_win-3_nwin-10_seed-0/model-36

----- Epoch 37 (windowed) -----

###### Windowed train epoch 37 overall metrics
  loss: 0.4410 rmse: 22.480 r2: 0.065 corr: 0.312
***** Epoch 37 Val (windowed) *****
  loss: 0.1927 rmse: 16.686 r2: 0.097 corr: 0.392
********************
***** Epoch 37 Test (windowed) *****
  loss: 0.3358 rmse: 29.584 r2: 0.045 corr: 0.303
********************
  Epoch 37 done in 13.2s

----- Epoch 38 (windowed) -----

###### Windowed train epoch 38 overall metrics
  loss: 0.4365 rmse: 22.315 r2: 0.078 corr: 0.352
***** Epoch 38 Val (windowed) *****
  loss: 0.1872 rmse: 16.580 r2: 0.109 corr: 0.384
********************
***** Epoch 38 Test (windowed) *****
  loss: 0.3388 rmse: 29.440 r2: 0.054 corr: 0.294
********************
  Epoch 38 done in 13.9s
  Saved best model → model/FIM_restoration_0412_stations_monthly/2011/gat-rnn-v2-windowed_bs-128_lr-0.001_maxepoch-50_testyear-2011_win-3_nwin-10_seed-0/model-38

----- Epoch 39 (windowed) -----

###### Windowed train epoch 39 overall metrics
  loss: 0.4361 rmse: 22.476 r2: 0.065 corr: 0.307
***** Epoch 39 Val (windowed) *****
  loss: 0.1867 rmse: 16.570 r2: 0.110 corr: 0.398
********************
***** Epoch 39 Test (windowed) *****
  loss: 0.3260 rmse: 29.436 r2: 0.054 corr: 0.307
********************
  Epoch 39 done in 13.6s
  Saved best model → model/FIM_restoration_0412_stations_monthly/2011/gat-rnn-v2-windowed_bs-128_lr-0.001_maxepoch-50_testyear-2011_win-3_nwin-10_seed-0/model-39

----- Epoch 40 (windowed) -----

###### Windowed train epoch 40 overall metrics
  loss: 0.4321 rmse: 22.377 r2: 0.073 corr: 0.340
***** Epoch 40 Val (windowed) *****
  loss: 0.1900 rmse: 16.683 r2: 0.097 corr: 0.406
********************
***** Epoch 40 Test (windowed) *****
  loss: 0.3020 rmse: 29.482 r2: 0.051 corr: 0.316
********************
  Epoch 40 done in 12.8s

----- Epoch 41 (windowed) -----

###### Windowed train epoch 41 overall metrics
  loss: 0.4317 rmse: 22.463 r2: 0.066 corr: 0.312
***** Epoch 41 Val (windowed) *****
  loss: 0.1872 rmse: 16.532 r2: 0.114 corr: 0.418
********************
***** Epoch 41 Test (windowed) *****
  loss: 0.3135 rmse: 29.303 r2: 0.063 corr: 0.324
********************
  Epoch 41 done in 12.6s
  Saved best model → model/FIM_restoration_0412_stations_monthly/2011/gat-rnn-v2-windowed_bs-128_lr-0.001_maxepoch-50_testyear-2011_win-3_nwin-10_seed-0/model-41

----- Epoch 42 (windowed) -----

###### Windowed train epoch 42 overall metrics
  loss: 0.4315 rmse: 22.343 r2: 0.076 corr: 0.345
***** Epoch 42 Val (windowed) *****
  loss: 0.1855 rmse: 16.471 r2: 0.120 corr: 0.418
********************
***** Epoch 42 Test (windowed) *****
  loss: 0.2952 rmse: 29.296 r2: 0.063 corr: 0.314
********************
  Epoch 42 done in 12.7s
  Saved best model → model/FIM_restoration_0412_stations_monthly/2011/gat-rnn-v2-windowed_bs-128_lr-0.001_maxepoch-50_testyear-2011_win-3_nwin-10_seed-0/model-42

----- Epoch 43 (windowed) -----

###### Windowed train epoch 43 overall metrics
  loss: 0.4287 rmse: 22.270 r2: 0.082 corr: 0.353
***** Epoch 43 Val (windowed) *****
  loss: 0.1852 rmse: 16.621 r2: 0.104 corr: 0.400
********************
***** Epoch 43 Test (windowed) *****
  loss: 0.2895 rmse: 29.386 r2: 0.058 corr: 0.305
********************
  Epoch 43 done in 12.8s

----- Epoch 44 (windowed) -----

###### Windowed train epoch 44 overall metrics
  loss: 0.4303 rmse: 22.472 r2: 0.065 corr: 0.300
***** Epoch 44 Val (windowed) *****
  loss: 0.1832 rmse: 16.526 r2: 0.114 corr: 0.440
********************
***** Epoch 44 Test (windowed) *****
  loss: 0.2761 rmse: 29.368 r2: 0.059 corr: 0.329
********************
  Epoch 44 done in 12.5s

----- Epoch 45 (windowed) -----

###### Windowed train epoch 45 overall metrics
  loss: 0.4315 rmse: 22.421 r2: 0.069 corr: 0.331
***** Epoch 45 Val (windowed) *****
  loss: 0.1815 rmse: 16.229 r2: 0.146 corr: 0.458
********************
***** Epoch 45 Test (windowed) *****
  loss: 0.2709 rmse: 29.087 r2: 0.077 corr: 0.352
********************
  Epoch 45 done in 12.9s
  Saved best model → model/FIM_restoration_0412_stations_monthly/2011/gat-rnn-v2-windowed_bs-128_lr-0.001_maxepoch-50_testyear-2011_win-3_nwin-10_seed-0/model-45

----- Epoch 46 (windowed) -----

###### Windowed train epoch 46 overall metrics
  loss: 0.4290 rmse: 22.128 r2: 0.094 corr: 0.391
***** Epoch 46 Val (windowed) *****
  loss: 0.1827 rmse: 16.431 r2: 0.125 corr: 0.431
********************
***** Epoch 46 Test (windowed) *****
  loss: 0.2674 rmse: 29.247 r2: 0.067 corr: 0.323
********************
  Epoch 46 done in 12.6s

----- Epoch 47 (windowed) -----

###### Windowed train epoch 47 overall metrics
  loss: 0.4237 rmse: 22.428 r2: 0.069 corr: 0.309
***** Epoch 47 Val (windowed) *****
  loss: 0.2094 rmse: 16.644 r2: 0.102 corr: 0.423
********************
***** Epoch 47 Test (windowed) *****
  loss: 0.2463 rmse: 29.329 r2: 0.061 corr: 0.326
********************
  Epoch 47 done in 13.0s

----- Epoch 48 (windowed) -----

###### Windowed train epoch 48 overall metrics
  loss: 0.4303 rmse: 22.497 r2: 0.063 corr: 0.306
***** Epoch 48 Val (windowed) *****
  loss: 0.1801 rmse: 16.436 r2: 0.124 corr: 0.440
********************
***** Epoch 48 Test (windowed) *****
  loss: 0.2534 rmse: 29.310 r2: 0.063 corr: 0.337
********************
  Epoch 48 done in 12.6s

----- Epoch 49 (windowed) -----

###### Windowed train epoch 49 overall metrics
  loss: 0.4412 rmse: 22.420 r2: 0.070 corr: 0.327
***** Epoch 49 Val (windowed) *****
  loss: 0.1848 rmse: 16.322 r2: 0.136 corr: 0.437
********************
***** Epoch 49 Test (windowed) *****
  loss: 0.2477 rmse: 29.254 r2: 0.066 corr: 0.326
********************
  Epoch 49 done in 12.4s
Fold done — best val RMSE=16.2287 test R²=0.0767 corr=0.3519

================================================================
Rolling-windowed  test_year=2012
  Val  : 2011
  Test : 2012
  win_size=3  n_windows=10
================================================================
Initially data (54319, 166)
After filtering (29145, 166)
get_X_Y
X shape (29145, 130)
Y shape (29145, 34)
Y (output) means tensor([[0.1445, 0.0115, 0.2581, 0.1554, 0.0146, 0.0630, 0.1656, 0.6513, 0.9109,
         0.0222, 0.0425, 0.0138, 0.0732, 0.1426, 1.0221, 0.9389, 0.3591, 0.4062,
         0.9683, 0.3839, 0.1927, 0.2282, 0.4301, 0.1739, 0.3965, 0.4640, 0.2930,
         0.6824, 0.5318, 0.1531, 0.2611, 0.1042, 0.1307, 0.1353]]) stds tensor([[0.4769, 0.1333, 0.6350, 0.5701, 0.1436, 0.3081, 0.5275, 1.4423, 1.6438,
         0.1874, 0.2796, 0.1589, 0.4013, 0.4536, 2.1066, 1.6225, 0.8760, 1.1947,
         1.7005, 0.9215, 0.5428, 0.7018, 1.1126, 0.5865, 0.9880, 1.0381, 0.7331,
         1.4359, 1.0674, 0.4507, 0.8114, 0.3417, 0.3983, 0.3825]])
Y count-scale means tensor([[4.8454e-01, 3.3565e-02, 1.0224e+00, 8.3679e-01, 3.8457e-02, 2.1859e-01,
         6.1996e-01, 1.4483e+01, 3.3470e+01, 6.7931e-02, 1.7352e-01, 4.7600e-02,
         4.9084e-01, 4.3297e-01, 2.5806e+02, 1.9894e+01, 2.8693e+00, 1.5708e+01,
         3.2220e+01, 3.0828e+00, 6.4615e-01, 1.6100e+00, 8.2169e+00, 1.6957e+00,
         3.5133e+00, 4.2315e+00, 1.3956e+00, 2.7441e+01, 6.5651e+00, 4.6156e-01,
         2.8870e+00, 2.2372e-01, 3.1267e-01, 2.8648e-01]]) stds tensor([[3.2868e+00, 6.4101e-01, 6.3128e+00, 6.6073e+00, 6.2581e-01, 4.3657e+00,
         4.0478e+00, 7.4698e+01, 2.3456e+02, 1.0171e+00, 2.5300e+00, 7.9834e-01,
         8.7832e+00, 2.7134e+00, 2.9814e+03, 9.2363e+01, 2.0773e+01, 1.8833e+02,
         2.5677e+02, 1.8323e+01, 3.4238e+00, 1.5266e+01, 7.6599e+01, 5.3954e+01,
         1.7193e+01, 2.4070e+01, 7.7127e+00, 4.4328e+02, 7.3728e+01, 5.3479e+00,
         2.6034e+01, 1.0183e+00, 1.5006e+00, 1.1541e+00]])
Loaded per-window (calendar) month weights from analysis/figures/month_weights_per_window.npz: cube.shape=(25, 12, 34)
/Users/liyingnceas/GitHub/GNN-RNN-main/gnn-lstm-v3/utils/data_utils.py:264: RuntimeWarning: Mean of empty slice
  np.nanmean(county_dict[county], axis=0).astype(np.float32)
Filled 73125 missing (node, year) entries from neighbors or year averages
[2D] Station nodes: 587, adj nnz: 2910
[build_year_XY_windowed] data_start=1998, min_pred_year=2009, test_year=2012, win_size=3, n_windows=10
  built windows for T=2009
[build_year_XY_windowed] built windowed XY for 4 prediction years (2009–2012)
  GAT_RNN_V2: edge_feat_dim=3, n_heads=4, n_hidden=64
  [Bayes] Species rarity weights (mean=1): min=0.72 max=1.64  (rarest=Centropomus undecimalis_SA)
  [CrossDonor] Ecological cross-donor map (9 recipients):
    Centropomus undecimalis_A  <-  ['Cynoscion nebulosus_R', 'Cynoscion nebulosus_A']
    Centropomus undecimalis_SA  <-  ['Cynoscion nebulosus_R', 'Centropomus undecimalis_A']
    Sciaenops ocellatus_R  <-  ['Cynoscion nebulosus_R', 'Cynoscion nebulosus_A']
    Sciaenops ocellatus_SA  <-  ['Cynoscion nebulosus_R', 'Cynoscion nebulosus_A']
    Cynoscion nebulosus_A  <-  ['Cynoscion nebulosus_R', 'Lagodon rhomboides_A']
    Mycteroperca microlepis_SA  <-  ['Lutjanus griseus_SA', 'Lutjanus griseus_R']
    Lutjanus griseus_R  <-  ['Archosargus probatocephalus_A', 'Lutjanus griseus_SA']
    Lutjanus griseus_SA  <-  ['Archosargus probatocephalus_A']
    Archosargus probatocephalus_R  <-  ['Archosargus probatocephalus_A', 'Lagodon rhomboides_A']
  [BayesTransferMapped] 9 recipient → donor mappings:
    recipient   3 <- donors [6, 5]
    recipient   4 <- donors [6, 3]
    recipient  12 <- donors [6, 5]
    recipient  13 <- donors [6, 5]
    recipient   5 <- donors [6, 7]
    recipient  11 <- donors [10, 9]
    recipient   9 <- donors [0, 10]
    recipient  10 <- donors [0]
    recipient   1 <- donors [0, 7]
  [BayesTransferMapped] transfer_prior_std=0.600  warmstart_alpha=0.25

----- Epoch 0 (windowed) -----

###### Windowed train epoch 0 overall metrics
  loss: 0.8222 rmse: 25.757 r2: 0.001 corr: 0.070
***** Epoch 0 Val (windowed) *****
  loss: 0.3648 rmse: 30.214 r2: 0.002 corr: 0.074
********************
***** Epoch 0 Test (windowed) *****
  loss: 0.3618 rmse: 12.582 r2: 0.009 corr: 0.142
********************
  Epoch 0 done in 16.5s
  Saved best model → model/FIM_restoration_0412_stations_monthly/2012/gat-rnn-v2-windowed_bs-128_lr-0.001_maxepoch-50_testyear-2012_win-3_nwin-10_seed-0/model-0

----- Epoch 1 (windowed) -----

###### Windowed train epoch 1 overall metrics
  loss: 0.7595 rmse: 25.739 r2: 0.003 corr: 0.085
***** Epoch 1 Val (windowed) *****
  loss: 0.3384 rmse: 30.198 r2: 0.003 corr: 0.097
********************
***** Epoch 1 Test (windowed) *****
  loss: 0.3395 rmse: 12.552 r2: 0.013 corr: 0.184
********************
  Epoch 1 done in 16.3s
  Saved best model → model/FIM_restoration_0412_stations_monthly/2012/gat-rnn-v2-windowed_bs-128_lr-0.001_maxepoch-50_testyear-2012_win-3_nwin-10_seed-0/model-1

----- Epoch 2 (windowed) -----

###### Windowed train epoch 2 overall metrics
  loss: 0.7135 rmse: 25.680 r2: 0.007 corr: 0.135
***** Epoch 2 Val (windowed) *****
  loss: 0.3188 rmse: 30.121 r2: 0.008 corr: 0.147
********************
***** Epoch 2 Test (windowed) *****
  loss: 0.3207 rmse: 12.432 r2: 0.032 corr: 0.261
********************
  Epoch 2 done in 16.3s
  Saved best model → model/FIM_restoration_0412_stations_monthly/2012/gat-rnn-v2-windowed_bs-128_lr-0.001_maxepoch-50_testyear-2012_win-3_nwin-10_seed-0/model-2

----- Epoch 3 (windowed) -----

###### Windowed train epoch 3 overall metrics
  loss: 0.6817 rmse: 25.628 r2: 0.011 corr: 0.159
***** Epoch 3 Val (windowed) *****
  loss: 0.3082 rmse: 30.052 r2: 0.013 corr: 0.185
********************
***** Epoch 3 Test (windowed) *****
  loss: 0.3116 rmse: 12.349 r2: 0.045 corr: 0.304
********************
  Epoch 3 done in 16.1s
  Saved best model → model/FIM_restoration_0412_stations_monthly/2012/gat-rnn-v2-windowed_bs-128_lr-0.001_maxepoch-50_testyear-2012_win-3_nwin-10_seed-0/model-3

----- Epoch 4 (windowed) -----

###### Windowed train epoch 4 overall metrics
  loss: 0.6589 rmse: 25.532 r2: 0.019 corr: 0.201
***** Epoch 4 Val (windowed) *****
  loss: 0.2954 rmse: 29.956 r2: 0.019 corr: 0.216
********************
***** Epoch 4 Test (windowed) *****
  loss: 0.2995 rmse: 12.213 r2: 0.066 corr: 0.342
********************
  Epoch 4 done in 16.1s
  Saved best model → model/FIM_restoration_0412_stations_monthly/2012/gat-rnn-v2-windowed_bs-128_lr-0.001_maxepoch-50_testyear-2012_win-3_nwin-10_seed-0/model-4

----- Epoch 5 (windowed) -----

###### Windowed train epoch 5 overall metrics
  loss: 0.6384 rmse: 25.500 r2: 0.021 corr: 0.214
***** Epoch 5 Val (windowed) *****
  loss: 0.2879 rmse: 29.959 r2: 0.019 corr: 0.224
********************
***** Epoch 5 Test (windowed) *****
  loss: 0.2928 rmse: 12.209 r2: 0.067 corr: 0.358
********************
  Epoch 5 done in 17.0s

----- Epoch 6 (windowed) -----

###### Windowed train epoch 6 overall metrics
  loss: 0.6212 rmse: 25.404 r2: 0.028 corr: 0.242
***** Epoch 6 Val (windowed) *****
  loss: 0.2761 rmse: 29.847 r2: 0.026 corr: 0.262
********************
***** Epoch 6 Test (windowed) *****
  loss: 0.2828 rmse: 12.062 r2: 0.089 corr: 0.398
********************
  Epoch 6 done in 17.2s
  Saved best model → model/FIM_restoration_0412_stations_monthly/2012/gat-rnn-v2-windowed_bs-128_lr-0.001_maxepoch-50_testyear-2012_win-3_nwin-10_seed-0/model-6

----- Epoch 7 (windowed) -----

###### Windowed train epoch 7 overall metrics
  loss: 0.6023 rmse: 25.326 r2: 0.034 corr: 0.264
***** Epoch 7 Val (windowed) *****
  loss: 0.2685 rmse: 29.841 r2: 0.026 corr: 0.264
********************
***** Epoch 7 Test (windowed) *****
  loss: 0.2755 rmse: 12.051 r2: 0.091 corr: 0.400
********************
  Epoch 7 done in 17.4s
  Saved best model → model/FIM_restoration_0412_stations_monthly/2012/gat-rnn-v2-windowed_bs-128_lr-0.001_maxepoch-50_testyear-2012_win-3_nwin-10_seed-0/model-7

----- Epoch 8 (windowed) -----

###### Windowed train epoch 8 overall metrics
  loss: 0.5862 rmse: 25.289 r2: 0.037 corr: 0.262
***** Epoch 8 Val (windowed) *****
  loss: 0.2603 rmse: 29.755 r2: 0.032 corr: 0.282
********************
***** Epoch 8 Test (windowed) *****
  loss: 0.2700 rmse: 11.973 r2: 0.102 corr: 0.409
********************
  Epoch 8 done in 17.2s
  Saved best model → model/FIM_restoration_0412_stations_monthly/2012/gat-rnn-v2-windowed_bs-128_lr-0.001_maxepoch-50_testyear-2012_win-3_nwin-10_seed-0/model-8

----- Epoch 9 (windowed) -----

###### Windowed train epoch 9 overall metrics
  loss: 0.5701 rmse: 25.311 r2: 0.035 corr: 0.250
***** Epoch 9 Val (windowed) *****
  loss: 0.2523 rmse: 29.758 r2: 0.032 corr: 0.295
********************
***** Epoch 9 Test (windowed) *****
  loss: 0.2613 rmse: 11.956 r2: 0.105 corr: 0.426
********************
  Epoch 9 done in 17.2s

----- Epoch 10 (windowed) -----

###### Windowed train epoch 10 overall metrics
  loss: 0.5521 rmse: 25.291 r2: 0.037 corr: 0.266
***** Epoch 10 Val (windowed) *****
  loss: 0.2413 rmse: 29.591 r2: 0.043 corr: 0.289
********************
***** Epoch 10 Test (windowed) *****
  loss: 0.2570 rmse: 11.770 r2: 0.133 corr: 0.412
********************
  Epoch 10 done in 16.9s
  Saved best model → model/FIM_restoration_0412_stations_monthly/2012/gat-rnn-v2-windowed_bs-128_lr-0.001_maxepoch-50_testyear-2012_win-3_nwin-10_seed-0/model-10

----- Epoch 11 (windowed) -----

###### Windowed train epoch 11 overall metrics
  loss: 0.5363 rmse: 25.207 r2: 0.043 corr: 0.276
***** Epoch 11 Val (windowed) *****
  loss: 0.2360 rmse: 29.647 r2: 0.039 corr: 0.298
********************
***** Epoch 11 Test (windowed) *****
  loss: 0.2543 rmse: 11.829 r2: 0.124 corr: 0.423
********************
  Epoch 11 done in 17.4s

----- Epoch 12 (windowed) -----

###### Windowed train epoch 12 overall metrics
  loss: 0.5240 rmse: 25.216 r2: 0.043 corr: 0.276
***** Epoch 12 Val (windowed) *****
  loss: 0.2339 rmse: 29.689 r2: 0.036 corr: 0.284
********************
***** Epoch 12 Test (windowed) *****
  loss: 0.2563 rmse: 11.900 r2: 0.113 corr: 0.417
********************
  Epoch 12 done in 17.4s

----- Epoch 13 (windowed) -----

###### Windowed train epoch 13 overall metrics
  loss: 0.5148 rmse: 25.130 r2: 0.049 corr: 0.298
***** Epoch 13 Val (windowed) *****
  loss: 0.2335 rmse: 29.632 r2: 0.040 corr: 0.280
********************
***** Epoch 13 Test (windowed) *****
  loss: 0.2499 rmse: 11.839 r2: 0.122 corr: 0.394
********************
  Epoch 13 done in 17.3s

----- Epoch 14 (windowed) -----

###### Windowed train epoch 14 overall metrics
  loss: 0.5092 rmse: 25.198 r2: 0.044 corr: 0.258
***** Epoch 14 Val (windowed) *****
  loss: 0.2377 rmse: 29.474 r2: 0.050 corr: 0.278
********************
***** Epoch 14 Test (windowed) *****
  loss: 0.2640 rmse: 11.700 r2: 0.143 corr: 0.390
********************
  Epoch 14 done in 17.3s
  Saved best model → model/FIM_restoration_0412_stations_monthly/2012/gat-rnn-v2-windowed_bs-128_lr-0.001_maxepoch-50_testyear-2012_win-3_nwin-10_seed-0/model-14

----- Epoch 15 (windowed) -----

###### Windowed train epoch 15 overall metrics
  loss: 0.4994 rmse: 25.165 r2: 0.047 corr: 0.295
***** Epoch 15 Val (windowed) *****
  loss: 0.2188 rmse: 29.322 r2: 0.060 corr: 0.308
********************
***** Epoch 15 Test (windowed) *****
  loss: 0.2419 rmse: 11.593 r2: 0.158 corr: 0.410
********************
  Epoch 15 done in 17.1s
  Saved best model → model/FIM_restoration_0412_stations_monthly/2012/gat-rnn-v2-windowed_bs-128_lr-0.001_maxepoch-50_testyear-2012_win-3_nwin-10_seed-0/model-15

----- Epoch 16 (windowed) -----

###### Windowed train epoch 16 overall metrics
  loss: 0.4904 rmse: 25.085 r2: 0.053 corr: 0.290
***** Epoch 16 Val (windowed) *****
  loss: 0.2302 rmse: 29.471 r2: 0.050 corr: 0.322
********************
***** Epoch 16 Test (windowed) *****
  loss: 0.2513 rmse: 11.665 r2: 0.148 corr: 0.430
********************
  Epoch 16 done in 16.8s

----- Epoch 17 (windowed) -----

###### Windowed train epoch 17 overall metrics
  loss: 0.4832 rmse: 25.040 r2: 0.056 corr: 0.303
***** Epoch 17 Val (windowed) *****
  loss: 0.2133 rmse: 29.379 r2: 0.056 corr: 0.314
********************
***** Epoch 17 Test (windowed) *****
  loss: 0.2401 rmse: 11.588 r2: 0.159 corr: 0.418
********************
  Epoch 17 done in 17.0s

----- Epoch 18 (windowed) -----

###### Windowed train epoch 18 overall metrics
  loss: 0.4793 rmse: 25.088 r2: 0.052 corr: 0.283
***** Epoch 18 Val (windowed) *****
  loss: 0.2108 rmse: 29.477 r2: 0.050 corr: 0.326
********************
***** Epoch 18 Test (windowed) *****
  loss: 0.2351 rmse: 11.669 r2: 0.147 corr: 0.432
********************
  Epoch 18 done in 17.6s

----- Epoch 19 (windowed) -----

###### Windowed train epoch 19 overall metrics
  loss: 0.4758 rmse: 25.077 r2: 0.053 corr: 0.290
***** Epoch 19 Val (windowed) *****
  loss: 0.2061 rmse: 29.383 r2: 0.056 corr: 0.309
********************
***** Epoch 19 Test (windowed) *****
  loss: 0.2329 rmse: 11.617 r2: 0.155 corr: 0.407
********************
  Epoch 19 done in 17.1s

----- Epoch 20 (windowed) -----

###### Windowed train epoch 20 overall metrics
  loss: 0.4669 rmse: 25.075 r2: 0.053 corr: 0.298
***** Epoch 20 Val (windowed) *****
  loss: 0.2173 rmse: 29.398 r2: 0.055 corr: 0.326
********************
***** Epoch 20 Test (windowed) *****
  loss: 0.2437 rmse: 11.600 r2: 0.158 corr: 0.433
********************
  Epoch 20 done in 40.3s

----- Epoch 21 (windowed) -----

###### Windowed train epoch 21 overall metrics
  loss: 0.4648 rmse: 25.026 r2: 0.057 corr: 0.299
***** Epoch 21 Val (windowed) *****
  loss: 0.2158 rmse: 29.319 r2: 0.060 corr: 0.322
********************
***** Epoch 21 Test (windowed) *****
  loss: 0.2509 rmse: 11.569 r2: 0.162 corr: 0.428
********************
  Epoch 21 done in 18.0s
  Saved best model → model/FIM_restoration_0412_stations_monthly/2012/gat-rnn-v2-windowed_bs-128_lr-0.001_maxepoch-50_testyear-2012_win-3_nwin-10_seed-0/model-21

----- Epoch 22 (windowed) -----

###### Windowed train epoch 22 overall metrics
  loss: 0.4674 rmse: 24.865 r2: 0.069 corr: 0.333
***** Epoch 22 Val (windowed) *****
  loss: 0.2039 rmse: 29.327 r2: 0.060 corr: 0.297
********************
***** Epoch 22 Test (windowed) *****
  loss: 0.2317 rmse: 11.633 r2: 0.153 corr: 0.394
********************
  Epoch 22 done in 550.7s

----- Epoch 23 (windowed) -----

###### Windowed train epoch 23 overall metrics
  loss: 0.4656 rmse: 24.853 r2: 0.070 corr: 0.328
***** Epoch 23 Val (windowed) *****
  loss: 0.2015 rmse: 29.307 r2: 0.061 corr: 0.318
********************
***** Epoch 23 Test (windowed) *****
  loss: 0.2307 rmse: 11.582 r2: 0.160 corr: 0.408
********************
  Epoch 23 done in 16.8s
  Saved best model → model/FIM_restoration_0412_stations_monthly/2012/gat-rnn-v2-windowed_bs-128_lr-0.001_maxepoch-50_testyear-2012_win-3_nwin-10_seed-0/model-23

----- Epoch 24 (windowed) -----

###### Windowed train epoch 24 overall metrics
  loss: 0.4512 rmse: 24.902 r2: 0.066 corr: 0.317
***** Epoch 24 Val (windowed) *****
  loss: 0.1974 rmse: 29.293 r2: 0.062 corr: 0.322
********************
***** Epoch 24 Test (windowed) *****
  loss: 0.2301 rmse: 11.576 r2: 0.161 corr: 0.410
********************
  Epoch 24 done in 16.1s
  Saved best model → model/FIM_restoration_0412_stations_monthly/2012/gat-rnn-v2-windowed_bs-128_lr-0.001_maxepoch-50_testyear-2012_win-3_nwin-10_seed-0/model-24

----- Epoch 25 (windowed) -----

###### Windowed train epoch 25 overall metrics
  loss: 0.4463 rmse: 24.986 r2: 0.060 corr: 0.296
***** Epoch 25 Val (windowed) *****
  loss: 0.1945 rmse: 29.092 r2: 0.075 corr: 0.332
********************
***** Epoch 25 Test (windowed) *****
  loss: 0.2241 rmse: 11.481 r2: 0.175 corr: 0.419
********************
  Epoch 25 done in 17.0s
  Saved best model → model/FIM_restoration_0412_stations_monthly/2012/gat-rnn-v2-windowed_bs-128_lr-0.001_maxepoch-50_testyear-2012_win-3_nwin-10_seed-0/model-25

----- Epoch 26 (windowed) -----

###### Windowed train epoch 26 overall metrics
  loss: 0.4409 rmse: 24.895 r2: 0.067 corr: 0.326
***** Epoch 26 Val (windowed) *****
  loss: 0.1947 rmse: 29.356 r2: 0.058 corr: 0.309
********************
***** Epoch 26 Test (windowed) *****
  loss: 0.2281 rmse: 11.632 r2: 0.153 corr: 0.404
********************
  Epoch 26 done in 16.2s

----- Epoch 27 (windowed) -----

###### Windowed train epoch 27 overall metrics
  loss: 0.4365 rmse: 24.920 r2: 0.065 corr: 0.296
***** Epoch 27 Val (windowed) *****
  loss: 0.1964 rmse: 29.303 r2: 0.061 corr: 0.330
********************
***** Epoch 27 Test (windowed) *****
  loss: 0.2322 rmse: 11.566 r2: 0.162 corr: 0.422
********************
  Epoch 27 done in 16.4s

----- Epoch 28 (windowed) -----

###### Windowed train epoch 28 overall metrics
  loss: 0.4430 rmse: 24.813 r2: 0.073 corr: 0.337
***** Epoch 28 Val (windowed) *****
  loss: 0.1896 rmse: 28.999 r2: 0.080 corr: 0.380
********************
***** Epoch 28 Test (windowed) *****
  loss: 0.2223 rmse: 11.333 r2: 0.196 corr: 0.451
********************
  Epoch 28 done in 16.3s
  Saved best model → model/FIM_restoration_0412_stations_monthly/2012/gat-rnn-v2-windowed_bs-128_lr-0.001_maxepoch-50_testyear-2012_win-3_nwin-10_seed-0/model-28

----- Epoch 29 (windowed) -----

###### Windowed train epoch 29 overall metrics
  loss: 0.4348 rmse: 24.857 r2: 0.070 corr: 0.331
***** Epoch 29 Val (windowed) *****
  loss: 0.1876 rmse: 29.064 r2: 0.076 corr: 0.331
********************
***** Epoch 29 Test (windowed) *****
  loss: 0.2264 rmse: 11.511 r2: 0.170 corr: 0.413
********************
  Epoch 29 done in 16.0s

----- Epoch 30 (windowed) -----

###### Windowed train epoch 30 overall metrics
  loss: 0.4285 rmse: 24.853 r2: 0.070 corr: 0.309
***** Epoch 30 Val (windowed) *****
  loss: 0.1930 rmse: 28.954 r2: 0.083 corr: 0.379
********************
***** Epoch 30 Test (windowed) *****
  loss: 0.2420 rmse: 11.334 r2: 0.196 corr: 0.459
********************
  Epoch 30 done in 16.1s
  Saved best model → model/FIM_restoration_0412_stations_monthly/2012/gat-rnn-v2-windowed_bs-128_lr-0.001_maxepoch-50_testyear-2012_win-3_nwin-10_seed-0/model-30

----- Epoch 31 (windowed) -----

###### Windowed train epoch 31 overall metrics
  loss: 0.4260 rmse: 24.730 r2: 0.079 corr: 0.351
***** Epoch 31 Val (windowed) *****
  loss: 0.1955 rmse: 29.193 r2: 0.068 corr: 0.309
********************
***** Epoch 31 Test (windowed) *****
  loss: 0.2466 rmse: 11.603 r2: 0.157 corr: 0.399
********************
  Epoch 31 done in 16.1s

----- Epoch 32 (windowed) -----

###### Windowed train epoch 32 overall metrics
  loss: 0.4254 rmse: 24.751 r2: 0.078 corr: 0.333
***** Epoch 32 Val (windowed) *****
  loss: 0.1864 rmse: 29.086 r2: 0.075 corr: 0.318
********************
***** Epoch 32 Test (windowed) *****
  loss: 0.2297 rmse: 11.545 r2: 0.165 corr: 0.407
********************
  Epoch 32 done in 16.1s

----- Epoch 33 (windowed) -----

###### Windowed train epoch 33 overall metrics
  loss: 0.4195 rmse: 24.760 r2: 0.077 corr: 0.325
***** Epoch 33 Val (windowed) *****
  loss: 0.1825 rmse: 29.066 r2: 0.076 corr: 0.355
********************
***** Epoch 33 Test (windowed) *****
  loss: 0.2234 rmse: 11.450 r2: 0.179 corr: 0.427
********************
  Epoch 33 done in 16.1s

----- Epoch 34 (windowed) -----

###### Windowed train epoch 34 overall metrics
  loss: 0.4189 rmse: 24.700 r2: 0.081 corr: 0.351
***** Epoch 34 Val (windowed) *****
  loss: 0.1798 rmse: 29.086 r2: 0.075 corr: 0.358
********************
***** Epoch 34 Test (windowed) *****
  loss: 0.2177 rmse: 11.423 r2: 0.183 corr: 0.434
********************
  Epoch 34 done in 16.5s

----- Epoch 35 (windowed) -----

###### Windowed train epoch 35 overall metrics
  loss: 0.4127 rmse: 24.782 r2: 0.075 corr: 0.312
***** Epoch 35 Val (windowed) *****
  loss: 0.1784 rmse: 29.165 r2: 0.070 corr: 0.350
********************
***** Epoch 35 Test (windowed) *****
  loss: 0.2144 rmse: 11.485 r2: 0.174 corr: 0.425
********************
  Epoch 35 done in 16.3s

----- Epoch 36 (windowed) -----

###### Windowed train epoch 36 overall metrics
  loss: 0.4086 rmse: 24.772 r2: 0.076 corr: 0.342
***** Epoch 36 Val (windowed) *****
  loss: 0.1756 rmse: 28.875 r2: 0.088 corr: 0.384
********************
***** Epoch 36 Test (windowed) *****
  loss: 0.2171 rmse: 11.317 r2: 0.198 corr: 0.449
********************
  Epoch 36 done in 16.1s
  Saved best model → model/FIM_restoration_0412_stations_monthly/2012/gat-rnn-v2-windowed_bs-128_lr-0.001_maxepoch-50_testyear-2012_win-3_nwin-10_seed-0/model-36

----- Epoch 37 (windowed) -----

###### Windowed train epoch 37 overall metrics
  loss: 0.4067 rmse: 24.474 r2: 0.098 corr: 0.374
***** Epoch 37 Val (windowed) *****
  loss: 0.1781 rmse: 28.743 r2: 0.097 corr: 0.407
********************
***** Epoch 37 Test (windowed) *****
  loss: 0.2155 rmse: 11.277 r2: 0.204 corr: 0.453
********************
  Epoch 37 done in 16.8s
  Saved best model → model/FIM_restoration_0412_stations_monthly/2012/gat-rnn-v2-windowed_bs-128_lr-0.001_maxepoch-50_testyear-2012_win-3_nwin-10_seed-0/model-37

----- Epoch 38 (windowed) -----

###### Windowed train epoch 38 overall metrics
  loss: 0.4068 rmse: 24.714 r2: 0.080 corr: 0.350
***** Epoch 38 Val (windowed) *****
  loss: 0.1762 rmse: 28.786 r2: 0.094 corr: 0.369
********************
***** Epoch 38 Test (windowed) *****
  loss: 0.2130 rmse: 11.361 r2: 0.192 corr: 0.438
********************
  Epoch 38 done in 16.3s

----- Epoch 39 (windowed) -----

###### Windowed train epoch 39 overall metrics
  loss: 0.4014 rmse: 24.346 r2: 0.108 corr: 0.406
***** Epoch 39 Val (windowed) *****
  loss: 0.1810 rmse: 28.980 r2: 0.082 corr: 0.375
********************
***** Epoch 39 Test (windowed) *****
  loss: 0.2155 rmse: 11.411 r2: 0.185 corr: 0.434
********************
  Epoch 39 done in 16.8s

----- Epoch 40 (windowed) -----

###### Windowed train epoch 40 overall metrics
  loss: 0.4011 rmse: 24.622 r2: 0.087 corr: 0.345
***** Epoch 40 Val (windowed) *****
  loss: 0.1733 rmse: 28.766 r2: 0.095 corr: 0.430
********************
***** Epoch 40 Test (windowed) *****
  loss: 0.2163 rmse: 11.179 r2: 0.218 corr: 0.487
********************
  Epoch 40 done in 16.3s

----- Epoch 41 (windowed) -----

###### Windowed train epoch 41 overall metrics
  loss: 0.4023 rmse: 24.547 r2: 0.093 corr: 0.377
***** Epoch 41 Val (windowed) *****
  loss: 0.1787 rmse: 28.678 r2: 0.101 corr: 0.393
********************
***** Epoch 41 Test (windowed) *****
  loss: 0.2158 rmse: 11.279 r2: 0.203 corr: 0.451
********************
  Epoch 41 done in 16.2s
  Saved best model → model/FIM_restoration_0412_stations_monthly/2012/gat-rnn-v2-windowed_bs-128_lr-0.001_maxepoch-50_testyear-2012_win-3_nwin-10_seed-0/model-41

----- Epoch 42 (windowed) -----

###### Windowed train epoch 42 overall metrics
  loss: 0.3994 rmse: 24.551 r2: 0.093 corr: 0.370
***** Epoch 42 Val (windowed) *****
  loss: 0.1883 rmse: 28.752 r2: 0.096 corr: 0.395
********************
***** Epoch 42 Test (windowed) *****
  loss: 0.2210 rmse: 11.328 r2: 0.197 corr: 0.445
********************
  Epoch 42 done in 16.6s

----- Epoch 43 (windowed) -----

###### Windowed train epoch 43 overall metrics
  loss: 0.4007 rmse: 24.570 r2: 0.091 corr: 0.357
***** Epoch 43 Val (windowed) *****
  loss: 0.1779 rmse: 28.723 r2: 0.098 corr: 0.415
********************
***** Epoch 43 Test (windowed) *****
  loss: 0.2119 rmse: 11.237 r2: 0.209 corr: 0.465
********************
  Epoch 43 done in 16.4s

----- Epoch 44 (windowed) -----

###### Windowed train epoch 44 overall metrics
  loss: 0.3954 rmse: 24.584 r2: 0.090 corr: 0.360
***** Epoch 44 Val (windowed) *****
  loss: 0.1687 rmse: 28.773 r2: 0.095 corr: 0.370
********************
***** Epoch 44 Test (windowed) *****
  loss: 0.2087 rmse: 11.357 r2: 0.192 corr: 0.439
********************
  Epoch 44 done in 16.2s

----- Epoch 45 (windowed) -----

###### Windowed train epoch 45 overall metrics
  loss: 0.3884 rmse: 24.247 r2: 0.115 corr: 0.418
***** Epoch 45 Val (windowed) *****
  loss: 0.1688 rmse: 28.663 r2: 0.102 corr: 0.385
********************
***** Epoch 45 Test (windowed) *****
  loss: 0.2129 rmse: 11.300 r2: 0.200 corr: 0.448
********************
  Epoch 45 done in 16.4s
  Saved best model → model/FIM_restoration_0412_stations_monthly/2012/gat-rnn-v2-windowed_bs-128_lr-0.001_maxepoch-50_testyear-2012_win-3_nwin-10_seed-0/model-45

----- Epoch 46 (windowed) -----

###### Windowed train epoch 46 overall metrics
  loss: 0.3864 rmse: 24.345 r2: 0.108 corr: 0.396
***** Epoch 46 Val (windowed) *****
  loss: 0.1657 rmse: 28.844 r2: 0.090 corr: 0.389
********************
***** Epoch 46 Test (windowed) *****
  loss: 0.2156 rmse: 11.289 r2: 0.202 corr: 0.456
********************
  Epoch 46 done in 16.3s

----- Epoch 47 (windowed) -----

###### Windowed train epoch 47 overall metrics
  loss: 0.3818 rmse: 24.347 r2: 0.108 corr: 0.396
***** Epoch 47 Val (windowed) *****
  loss: 0.1645 rmse: 28.659 r2: 0.102 corr: 0.414
********************
***** Epoch 47 Test (windowed) *****
  loss: 0.2085 rmse: 11.078 r2: 0.232 corr: 0.493
********************
  Epoch 47 done in 16.1s
  Saved best model → model/FIM_restoration_0412_stations_monthly/2012/gat-rnn-v2-windowed_bs-128_lr-0.001_maxepoch-50_testyear-2012_win-3_nwin-10_seed-0/model-47

----- Epoch 48 (windowed) -----

###### Windowed train epoch 48 overall metrics
  loss: 0.3781 rmse: 24.346 r2: 0.108 corr: 0.393
***** Epoch 48 Val (windowed) *****
  loss: 0.1666 rmse: 28.796 r2: 0.093 corr: 0.413
********************
***** Epoch 48 Test (windowed) *****
  loss: 0.2293 rmse: 11.231 r2: 0.210 corr: 0.476
********************
  Epoch 48 done in 16.2s

----- Epoch 49 (windowed) -----

###### Windowed train epoch 49 overall metrics
  loss: 0.3751 rmse: 24.470 r2: 0.099 corr: 0.372
***** Epoch 49 Val (windowed) *****
  loss: 0.1619 rmse: 28.719 r2: 0.098 corr: 0.414
********************
***** Epoch 49 Test (windowed) *****
  loss: 0.2169 rmse: 11.189 r2: 0.216 corr: 0.475
********************
  Epoch 49 done in 16.6s
Fold done — best val RMSE=28.6590 test R²=0.2316 corr=0.4931

================================================================
Rolling-windowed  test_year=2013
  Val  : 2012
  Test : 2013
  win_size=3  n_windows=10
================================================================
Initially data (54319, 166)
After filtering (31272, 166)
get_X_Y
X shape (31272, 130)
Y shape (31272, 34)
Y (output) means tensor([[0.1417, 0.0112, 0.2628, 0.1501, 0.0152, 0.0632, 0.1666, 0.6606, 0.9215,
         0.0213, 0.0409, 0.0127, 0.0738, 0.1403, 1.0341, 0.9393, 0.3591, 0.4006,
         0.9528, 0.3792, 0.1915, 0.2270, 0.4408, 0.1813, 0.3923, 0.4544, 0.2896,
         0.7163, 0.5321, 0.1525, 0.2699, 0.1063, 0.1298, 0.1329]]) stds tensor([[0.4722, 0.1316, 0.6428, 0.5588, 0.1458, 0.3083, 0.5297, 1.4511, 1.6531,
         0.1835, 0.2743, 0.1529, 0.4004, 0.4492, 2.1110, 1.6199, 0.8737, 1.1838,
         1.6841, 0.9117, 0.5399, 0.6981, 1.1256, 0.6029, 0.9758, 1.0226, 0.7271,
         1.4816, 1.0698, 0.4482, 0.8235, 0.3442, 0.3966, 0.3776]])
Y count-scale means tensor([[4.7768e-01, 3.2624e-02, 1.0507e+00, 7.9737e-01, 3.9578e-02, 2.1787e-01,
         6.2541e-01, 1.4611e+01, 3.3870e+01, 6.5101e-02, 1.6856e-01, 4.4017e-02,
         4.7901e-01, 4.2290e-01, 2.5241e+02, 1.9589e+01, 2.8240e+00, 1.5088e+01,
         3.1115e+01, 2.9728e+00, 6.3606e-01, 1.5746e+00, 8.3458e+00, 1.8196e+00,
         3.3780e+00, 4.0329e+00, 1.3603e+00, 3.9235e+01, 6.8644e+00, 4.5204e-01,
         2.9534e+00, 2.2741e-01, 3.0934e-01, 2.7908e-01]]) stds tensor([[3.4002e+00, 6.2538e-01, 6.3290e+00, 6.3890e+00, 6.2082e-01, 4.2347e+00,
         4.0371e+00, 7.3905e+01, 2.3217e+02, 9.9105e-01, 2.5418e+00, 7.6718e-01,
         8.4774e+00, 2.6510e+00, 2.8916e+03, 9.0018e+01, 2.0524e+01, 1.8192e+02,
         2.5011e+02, 1.7728e+01, 3.3486e+00, 1.4802e+01, 7.5585e+01, 5.4200e+01,
         1.6659e+01, 2.3203e+01, 7.4829e+00, 1.0125e+03, 8.4400e+01, 5.1513e+00,
         2.5773e+01, 1.0229e+00, 1.4753e+00, 1.1241e+00]])
Loaded per-window (calendar) month weights from analysis/figures/month_weights_per_window.npz: cube.shape=(25, 12, 34)
/Users/liyingnceas/GitHub/GNN-RNN-main/gnn-lstm-v3/utils/data_utils.py:264: RuntimeWarning: Mean of empty slice
  np.nanmean(county_dict[county], axis=0).astype(np.float32)
Filled 78616 missing (node, year) entries from neighbors or year averages
[2D] Station nodes: 587, adj nnz: 2910
[build_year_XY_windowed] data_start=1998, min_pred_year=2009, test_year=2013, win_size=3, n_windows=10
  built windows for T=2009
[build_year_XY_windowed] built windowed XY for 5 prediction years (2009–2013)
  GAT_RNN_V2: edge_feat_dim=3, n_heads=4, n_hidden=64
  [Bayes] Species rarity weights (mean=1): min=0.71 max=1.67  (rarest=Centropomus undecimalis_SA)
  [CrossDonor] Ecological cross-donor map (9 recipients):
    Centropomus undecimalis_A  <-  ['Cynoscion nebulosus_R', 'Cynoscion nebulosus_A']
    Centropomus undecimalis_SA  <-  ['Cynoscion nebulosus_R', 'Centropomus undecimalis_A']
    Sciaenops ocellatus_R  <-  ['Cynoscion nebulosus_R', 'Cynoscion nebulosus_A']
    Sciaenops ocellatus_SA  <-  ['Cynoscion nebulosus_R', 'Cynoscion nebulosus_A']
    Cynoscion nebulosus_A  <-  ['Cynoscion nebulosus_R', 'Lagodon rhomboides_A']
    Mycteroperca microlepis_SA  <-  ['Lutjanus griseus_SA', 'Lutjanus griseus_R']
    Lutjanus griseus_R  <-  ['Archosargus probatocephalus_A', 'Lutjanus griseus_SA']
    Lutjanus griseus_SA  <-  ['Archosargus probatocephalus_A']
    Archosargus probatocephalus_R  <-  ['Archosargus probatocephalus_A', 'Lagodon rhomboides_A']
  [BayesTransferMapped] 9 recipient → donor mappings:
    recipient   3 <- donors [6, 5]
    recipient   4 <- donors [6, 3]
    recipient  12 <- donors [6, 5]
    recipient  13 <- donors [6, 5]
    recipient   5 <- donors [6, 7]
    recipient  11 <- donors [10, 9]
    recipient   9 <- donors [0, 10]
    recipient  10 <- donors [0]
    recipient   1 <- donors [0, 7]
  [BayesTransferMapped] transfer_prior_std=0.600  warmstart_alpha=0.25

----- Epoch 0 (windowed) -----

###### Windowed train epoch 0 overall metrics
  loss: 0.8166 rmse: 23.185 r2: 0.002 corr: 0.074
***** Epoch 0 Val (windowed) *****
  loss: 0.3534 rmse: 12.593 r2: 0.008 corr: 0.164
********************
***** Epoch 0 Test (windowed) *****
  loss: 0.3522 rmse: 9.551 r2: 0.013 corr: 0.180
********************
  Epoch 0 done in 19.9s
  Saved best model → model/FIM_restoration_0412_stations_monthly/2013/gat-rnn-v2-windowed_bs-128_lr-0.001_maxepoch-50_testyear-2013_win-3_nwin-10_seed-0/model-0

----- Epoch 1 (windowed) -----

###### Windowed train epoch 1 overall metrics
  loss: 0.7375 rmse: 23.150 r2: 0.005 corr: 0.104
***** Epoch 1 Val (windowed) *****
  loss: 0.3271 rmse: 12.506 r2: 0.022 corr: 0.215
********************
***** Epoch 1 Test (windowed) *****
  loss: 0.3262 rmse: 9.457 r2: 0.032 corr: 0.238
********************
  Epoch 1 done in 20.1s
  Saved best model → model/FIM_restoration_0412_stations_monthly/2013/gat-rnn-v2-windowed_bs-128_lr-0.001_maxepoch-50_testyear-2013_win-3_nwin-10_seed-0/model-1

----- Epoch 2 (windowed) -----

###### Windowed train epoch 2 overall metrics
  loss: 0.6916 rmse: 23.074 r2: 0.011 corr: 0.151
***** Epoch 2 Val (windowed) *****
  loss: 0.3096 rmse: 12.403 r2: 0.038 corr: 0.274
********************
***** Epoch 2 Test (windowed) *****
  loss: 0.3065 rmse: 9.335 r2: 0.057 corr: 0.311
********************
  Epoch 2 done in 81.3s
  Saved best model → model/FIM_restoration_0412_stations_monthly/2013/gat-rnn-v2-windowed_bs-128_lr-0.001_maxepoch-50_testyear-2013_win-3_nwin-10_seed-0/model-2

----- Epoch 3 (windowed) -----

###### Windowed train epoch 3 overall metrics
  loss: 0.6585 rmse: 23.008 r2: 0.017 corr: 0.179
***** Epoch 3 Val (windowed) *****
  loss: 0.2985 rmse: 12.284 r2: 0.057 corr: 0.330
********************
***** Epoch 3 Test (windowed) *****
  loss: 0.2987 rmse: 9.216 r2: 0.081 corr: 0.369
********************
  Epoch 3 done in 19.6s
  Saved best model → model/FIM_restoration_0412_stations_monthly/2013/gat-rnn-v2-windowed_bs-128_lr-0.001_maxepoch-50_testyear-2013_win-3_nwin-10_seed-0/model-3

----- Epoch 4 (windowed) -----

###### Windowed train epoch 4 overall metrics
  loss: 0.6355 rmse: 22.921 r2: 0.024 corr: 0.207
***** Epoch 4 Val (windowed) *****
  loss: 0.2849 rmse: 12.185 r2: 0.072 corr: 0.357
********************
***** Epoch 4 Test (windowed) *****
  loss: 0.2849 rmse: 9.115 r2: 0.101 corr: 0.399
********************
  Epoch 4 done in 21.0s
  Saved best model → model/FIM_restoration_0412_stations_monthly/2013/gat-rnn-v2-windowed_bs-128_lr-0.001_maxepoch-50_testyear-2013_win-3_nwin-10_seed-0/model-4

----- Epoch 5 (windowed) -----

###### Windowed train epoch 5 overall metrics
  loss: 0.6144 rmse: 22.873 r2: 0.028 corr: 0.221
***** Epoch 5 Val (windowed) *****
  loss: 0.2783 rmse: 12.159 r2: 0.076 corr: 0.371
********************
***** Epoch 5 Test (windowed) *****
  loss: 0.2788 rmse: 9.096 r2: 0.105 corr: 0.408
********************
  Epoch 5 done in 921.4s
  Saved best model → model/FIM_restoration_0412_stations_monthly/2013/gat-rnn-v2-windowed_bs-128_lr-0.001_maxepoch-50_testyear-2013_win-3_nwin-10_seed-0/model-5

----- Epoch 6 (windowed) -----

###### Windowed train epoch 6 overall metrics
  loss: 0.6000 rmse: 22.746 r2: 0.039 corr: 0.266
***** Epoch 6 Val (windowed) *****
  loss: 0.2711 rmse: 12.097 r2: 0.085 corr: 0.376
********************
***** Epoch 6 Test (windowed) *****
  loss: 0.2803 rmse: 9.028 r2: 0.118 corr: 0.416
********************
  Epoch 6 done in 20.8s
  Saved best model → model/FIM_restoration_0412_stations_monthly/2013/gat-rnn-v2-windowed_bs-128_lr-0.001_maxepoch-50_testyear-2013_win-3_nwin-10_seed-0/model-6

----- Epoch 7 (windowed) -----

###### Windowed train epoch 7 overall metrics
  loss: 0.5844 rmse: 22.751 r2: 0.039 corr: 0.258
***** Epoch 7 Val (windowed) *****
  loss: 0.2595 rmse: 11.998 r2: 0.100 corr: 0.383
********************
***** Epoch 7 Test (windowed) *****
  loss: 0.2636 rmse: 8.937 r2: 0.136 corr: 0.420
********************
  Epoch 7 done in 20.2s
  Saved best model → model/FIM_restoration_0412_stations_monthly/2013/gat-rnn-v2-windowed_bs-128_lr-0.001_maxepoch-50_testyear-2013_win-3_nwin-10_seed-0/model-7

----- Epoch 8 (windowed) -----

###### Windowed train epoch 8 overall metrics
  loss: 0.5680 rmse: 22.690 r2: 0.044 corr: 0.268
***** Epoch 8 Val (windowed) *****
  loss: 0.2591 rmse: 11.956 r2: 0.106 corr: 0.385
********************
***** Epoch 8 Test (windowed) *****
  loss: 0.2758 rmse: 8.924 r2: 0.138 corr: 0.417
********************
  Epoch 8 done in 19.7s
  Saved best model → model/FIM_restoration_0412_stations_monthly/2013/gat-rnn-v2-windowed_bs-128_lr-0.001_maxepoch-50_testyear-2013_win-3_nwin-10_seed-0/model-8

----- Epoch 9 (windowed) -----

###### Windowed train epoch 9 overall metrics
  loss: 0.5550 rmse: 22.666 r2: 0.046 corr: 0.268
***** Epoch 9 Val (windowed) *****
  loss: 0.2470 rmse: 11.914 r2: 0.113 corr: 0.380
********************
***** Epoch 9 Test (windowed) *****
  loss: 0.2575 rmse: 8.886 r2: 0.146 corr: 0.414
********************
  Epoch 9 done in 19.7s
  Saved best model → model/FIM_restoration_0412_stations_monthly/2013/gat-rnn-v2-windowed_bs-128_lr-0.001_maxepoch-50_testyear-2013_win-3_nwin-10_seed-0/model-9

----- Epoch 10 (windowed) -----

###### Windowed train epoch 10 overall metrics
  loss: 0.5377 rmse: 22.691 r2: 0.044 corr: 0.256
***** Epoch 10 Val (windowed) *****
  loss: 0.2364 rmse: 11.903 r2: 0.114 corr: 0.401
********************
***** Epoch 10 Test (windowed) *****
  loss: 0.2449 rmse: 8.854 r2: 0.152 corr: 0.434
********************
  Epoch 10 done in 21.2s
  Saved best model → model/FIM_restoration_0412_stations_monthly/2013/gat-rnn-v2-windowed_bs-128_lr-0.001_maxepoch-50_testyear-2013_win-3_nwin-10_seed-0/model-10

----- Epoch 11 (windowed) -----

###### Windowed train epoch 11 overall metrics
  loss: 0.5212 rmse: 22.622 r2: 0.049 corr: 0.272
***** Epoch 11 Val (windowed) *****
  loss: 0.2325 rmse: 11.962 r2: 0.105 corr: 0.387
********************
***** Epoch 11 Test (windowed) *****
  loss: 0.2411 rmse: 8.934 r2: 0.136 corr: 0.412
********************
  Epoch 11 done in 20.5s

----- Epoch 12 (windowed) -----

###### Windowed train epoch 12 overall metrics
  loss: 0.5191 rmse: 22.633 r2: 0.048 corr: 0.262
***** Epoch 12 Val (windowed) *****
  loss: 0.2558 rmse: 11.869 r2: 0.119 corr: 0.374
********************
***** Epoch 12 Test (windowed) *****
  loss: 0.2601 rmse: 8.884 r2: 0.146 corr: 0.389
********************
  Epoch 12 done in 20.7s
  Saved best model → model/FIM_restoration_0412_stations_monthly/2013/gat-rnn-v2-windowed_bs-128_lr-0.001_maxepoch-50_testyear-2013_win-3_nwin-10_seed-0/model-12

----- Epoch 13 (windowed) -----

###### Windowed train epoch 13 overall metrics
  loss: 0.5121 rmse: 22.582 r2: 0.053 corr: 0.268
***** Epoch 13 Val (windowed) *****
  loss: 0.2245 rmse: 11.691 r2: 0.145 corr: 0.414
********************
***** Epoch 13 Test (windowed) *****
  loss: 0.2383 rmse: 8.695 r2: 0.182 corr: 0.440
********************
  Epoch 13 done in 22.1s
  Saved best model → model/FIM_restoration_0412_stations_monthly/2013/gat-rnn-v2-windowed_bs-128_lr-0.001_maxepoch-50_testyear-2013_win-3_nwin-10_seed-0/model-13

----- Epoch 14 (windowed) -----

###### Windowed train epoch 14 overall metrics
  loss: 0.4947 rmse: 22.524 r2: 0.058 corr: 0.290
***** Epoch 14 Val (windowed) *****
  loss: 0.2224 rmse: 11.743 r2: 0.138 corr: 0.432
********************
***** Epoch 14 Test (windowed) *****
  loss: 0.2411 rmse: 8.718 r2: 0.177 corr: 0.466
********************
  Epoch 14 done in 20.3s

----- Epoch 15 (windowed) -----

###### Windowed train epoch 15 overall metrics
  loss: 0.4852 rmse: 22.571 r2: 0.054 corr: 0.269
***** Epoch 15 Val (windowed) *****
  loss: 0.2116 rmse: 11.723 r2: 0.141 corr: 0.422
********************
***** Epoch 15 Test (windowed) *****
  loss: 0.2337 rmse: 8.716 r2: 0.178 corr: 0.450
********************
  Epoch 15 done in 19.8s

----- Epoch 16 (windowed) -----

###### Windowed train epoch 16 overall metrics
  loss: 0.4721 rmse: 22.472 r2: 0.062 corr: 0.307
***** Epoch 16 Val (windowed) *****
  loss: 0.2056 rmse: 11.704 r2: 0.144 corr: 0.423
********************
***** Epoch 16 Test (windowed) *****
  loss: 0.2274 rmse: 8.703 r2: 0.180 corr: 0.449
********************
  Epoch 16 done in 21.6s

----- Epoch 17 (windowed) -----

###### Windowed train epoch 17 overall metrics
  loss: 0.4674 rmse: 22.499 r2: 0.060 corr: 0.296
***** Epoch 17 Val (windowed) *****
  loss: 0.2190 rmse: 11.727 r2: 0.140 corr: 0.429
********************
***** Epoch 17 Test (windowed) *****
  loss: 0.2345 rmse: 8.752 r2: 0.171 corr: 0.444
********************
  Epoch 17 done in 20.5s

----- Epoch 18 (windowed) -----

###### Windowed train epoch 18 overall metrics
  loss: 0.4654 rmse: 22.434 r2: 0.065 corr: 0.295
***** Epoch 18 Val (windowed) *****
  loss: 0.2083 rmse: 11.753 r2: 0.136 corr: 0.406
********************
***** Epoch 18 Test (windowed) *****
  loss: 0.2353 rmse: 8.773 r2: 0.167 corr: 0.434
********************
  Epoch 18 done in 20.7s

----- Epoch 19 (windowed) -----

###### Windowed train epoch 19 overall metrics
  loss: 0.4590 rmse: 22.560 r2: 0.055 corr: 0.273
***** Epoch 19 Val (windowed) *****
  loss: 0.1991 rmse: 11.609 r2: 0.157 corr: 0.415
********************
***** Epoch 19 Test (windowed) *****
  loss: 0.2253 rmse: 8.664 r2: 0.188 corr: 0.441
********************
  Epoch 19 done in 21.0s
  Saved best model → model/FIM_restoration_0412_stations_monthly/2013/gat-rnn-v2-windowed_bs-128_lr-0.001_maxepoch-50_testyear-2013_win-3_nwin-10_seed-0/model-19

----- Epoch 20 (windowed) -----

###### Windowed train epoch 20 overall metrics
  loss: 0.4491 rmse: 22.438 r2: 0.065 corr: 0.292
***** Epoch 20 Val (windowed) *****
  loss: 0.2106 rmse: 11.662 r2: 0.150 corr: 0.414
********************
***** Epoch 20 Test (windowed) *****
  loss: 0.2267 rmse: 8.719 r2: 0.177 corr: 0.429
********************
  Epoch 20 done in 21.2s

----- Epoch 21 (windowed) -----

###### Windowed train epoch 21 overall metrics
  loss: 0.4494 rmse: 22.460 r2: 0.063 corr: 0.290
***** Epoch 21 Val (windowed) *****
  loss: 0.2004 rmse: 11.700 r2: 0.144 corr: 0.437
********************
***** Epoch 21 Test (windowed) *****
  loss: 0.2217 rmse: 8.710 r2: 0.179 corr: 0.465
********************
  Epoch 21 done in 20.9s

----- Epoch 22 (windowed) -----

###### Windowed train epoch 22 overall metrics
  loss: 0.4490 rmse: 22.420 r2: 0.066 corr: 0.304
***** Epoch 22 Val (windowed) *****
  loss: 0.2011 rmse: 11.471 r2: 0.177 corr: 0.453
********************
***** Epoch 22 Test (windowed) *****
  loss: 0.2287 rmse: 8.505 r2: 0.217 corr: 0.488
********************
  Epoch 22 done in 20.9s
  Saved best model → model/FIM_restoration_0412_stations_monthly/2013/gat-rnn-v2-windowed_bs-128_lr-0.001_maxepoch-50_testyear-2013_win-3_nwin-10_seed-0/model-22

----- Epoch 23 (windowed) -----

###### Windowed train epoch 23 overall metrics
  loss: 0.4412 rmse: 22.414 r2: 0.067 corr: 0.300
***** Epoch 23 Val (windowed) *****
  loss: 0.1942 rmse: 11.560 r2: 0.165 corr: 0.441
********************
***** Epoch 23 Test (windowed) *****
  loss: 0.2195 rmse: 8.614 r2: 0.197 corr: 0.462
********************
  Epoch 23 done in 20.6s

----- Epoch 24 (windowed) -----

###### Windowed train epoch 24 overall metrics
  loss: 0.4309 rmse: 22.373 r2: 0.070 corr: 0.306
***** Epoch 24 Val (windowed) *****
  loss: 0.1892 rmse: 11.475 r2: 0.177 corr: 0.461
********************
***** Epoch 24 Test (windowed) *****
  loss: 0.2158 rmse: 8.493 r2: 0.220 corr: 0.494
********************
  Epoch 24 done in 20.6s

----- Epoch 25 (windowed) -----

###### Windowed train epoch 25 overall metrics
  loss: 0.4304 rmse: 22.390 r2: 0.069 corr: 0.314
***** Epoch 25 Val (windowed) *****
  loss: 0.1872 rmse: 11.357 r2: 0.194 corr: 0.474
********************
***** Epoch 25 Test (windowed) *****
  loss: 0.2160 rmse: 8.464 r2: 0.225 corr: 0.494
********************
  Epoch 25 done in 20.7s
  Saved best model → model/FIM_restoration_0412_stations_monthly/2013/gat-rnn-v2-windowed_bs-128_lr-0.001_maxepoch-50_testyear-2013_win-3_nwin-10_seed-0/model-25

----- Epoch 26 (windowed) -----

###### Windowed train epoch 26 overall metrics
  loss: 0.4238 rmse: 22.274 r2: 0.078 corr: 0.320
***** Epoch 26 Val (windowed) *****
  loss: 0.2501 rmse: 11.715 r2: 0.142 corr: 0.454
********************
***** Epoch 26 Test (windowed) *****
  loss: 0.2712 rmse: 8.792 r2: 0.164 corr: 0.458
********************
  Epoch 26 done in 20.0s

----- Epoch 27 (windowed) -----

###### Windowed train epoch 27 overall metrics
  loss: 0.4241 rmse: 22.262 r2: 0.079 corr: 0.327
***** Epoch 27 Val (windowed) *****
  loss: 0.1984 rmse: 11.427 r2: 0.184 corr: 0.464
********************
***** Epoch 27 Test (windowed) *****
  loss: 0.2260 rmse: 8.530 r2: 0.213 corr: 0.487
********************
  Epoch 27 done in 20.7s

----- Epoch 28 (windowed) -----

###### Windowed train epoch 28 overall metrics
  loss: 0.4236 rmse: 22.245 r2: 0.081 corr: 0.352
***** Epoch 28 Val (windowed) *****
  loss: 0.1843 rmse: 11.346 r2: 0.195 corr: 0.477
********************
***** Epoch 28 Test (windowed) *****
  loss: 0.2154 rmse: 8.447 r2: 0.228 corr: 0.497
********************
  Epoch 28 done in 21.2s
  Saved best model → model/FIM_restoration_0412_stations_monthly/2013/gat-rnn-v2-windowed_bs-128_lr-0.001_maxepoch-50_testyear-2013_win-3_nwin-10_seed-0/model-28

----- Epoch 29 (windowed) -----

###### Windowed train epoch 29 overall metrics
  loss: 0.4171 rmse: 22.179 r2: 0.086 corr: 0.334
***** Epoch 29 Val (windowed) *****
  loss: 0.1880 rmse: 11.323 r2: 0.198 corr: 0.480
********************
***** Epoch 29 Test (windowed) *****
  loss: 0.2186 rmse: 8.444 r2: 0.229 corr: 0.498
********************
  Epoch 29 done in 20.9s
  Saved best model → model/FIM_restoration_0412_stations_monthly/2013/gat-rnn-v2-windowed_bs-128_lr-0.001_maxepoch-50_testyear-2013_win-3_nwin-10_seed-0/model-29

----- Epoch 30 (windowed) -----

###### Windowed train epoch 30 overall metrics
  loss: 0.4112 rmse: 22.161 r2: 0.088 corr: 0.356
***** Epoch 30 Val (windowed) *****
  loss: 0.1808 rmse: 11.431 r2: 0.183 corr: 0.476
********************
***** Epoch 30 Test (windowed) *****
  loss: 0.2101 rmse: 8.587 r2: 0.202 corr: 0.476
********************
  Epoch 30 done in 20.6s

----- Epoch 31 (windowed) -----

###### Windowed train epoch 31 overall metrics
  loss: 0.4102 rmse: 21.961 r2: 0.104 corr: 0.375
***** Epoch 31 Val (windowed) *****
  loss: 0.1792 rmse: 11.068 r2: 0.234 corr: 0.538
********************
***** Epoch 31 Test (windowed) *****
  loss: 0.2088 rmse: 8.290 r2: 0.256 corr: 0.538
********************
  Epoch 31 done in 20.1s
  Saved best model → model/FIM_restoration_0412_stations_monthly/2013/gat-rnn-v2-windowed_bs-128_lr-0.001_maxepoch-50_testyear-2013_win-3_nwin-10_seed-0/model-31

----- Epoch 32 (windowed) -----

###### Windowed train epoch 32 overall metrics
  loss: 0.4034 rmse: 22.078 r2: 0.095 corr: 0.368
***** Epoch 32 Val (windowed) *****
  loss: 0.1778 rmse: 11.015 r2: 0.241 corr: 0.535
********************
***** Epoch 32 Test (windowed) *****
  loss: 0.2098 rmse: 8.299 r2: 0.255 corr: 0.525
********************
  Epoch 32 done in 21.6s
  Saved best model → model/FIM_restoration_0412_stations_monthly/2013/gat-rnn-v2-windowed_bs-128_lr-0.001_maxepoch-50_testyear-2013_win-3_nwin-10_seed-0/model-32

----- Epoch 33 (windowed) -----

###### Windowed train epoch 33 overall metrics
  loss: 0.3998 rmse: 21.918 r2: 0.108 corr: 0.377
***** Epoch 33 Val (windowed) *****
  loss: 0.1818 rmse: 11.120 r2: 0.227 corr: 0.524
********************
***** Epoch 33 Test (windowed) *****
  loss: 0.2120 rmse: 8.339 r2: 0.248 corr: 0.520
********************
  Epoch 33 done in 20.8s

----- Epoch 34 (windowed) -----

###### Windowed train epoch 34 overall metrics
  loss: 0.3991 rmse: 22.020 r2: 0.099 corr: 0.371
***** Epoch 34 Val (windowed) *****
  loss: 0.1740 rmse: 11.072 r2: 0.234 corr: 0.533
********************
***** Epoch 34 Test (windowed) *****
  loss: 0.2081 rmse: 8.307 r2: 0.253 corr: 0.525
********************
  Epoch 34 done in 22.0s

----- Epoch 35 (windowed) -----

###### Windowed train epoch 35 overall metrics
  loss: 0.3935 rmse: 21.885 r2: 0.110 corr: 0.388
***** Epoch 35 Val (windowed) *****
  loss: 0.1829 rmse: 10.935 r2: 0.252 corr: 0.571
********************
***** Epoch 35 Test (windowed) *****
  loss: 0.2178 rmse: 8.227 r2: 0.268 corr: 0.549
********************
  Epoch 35 done in 21.0s
  Saved best model → model/FIM_restoration_0412_stations_monthly/2013/gat-rnn-v2-windowed_bs-128_lr-0.001_maxepoch-50_testyear-2013_win-3_nwin-10_seed-0/model-35

----- Epoch 36 (windowed) -----

###### Windowed train epoch 36 overall metrics
  loss: 0.3911 rmse: 21.729 r2: 0.123 corr: 0.426
***** Epoch 36 Val (windowed) *****
  loss: 0.1714 rmse: 11.152 r2: 0.223 corr: 0.538
********************
***** Epoch 36 Test (windowed) *****
  loss: 0.2068 rmse: 8.382 r2: 0.240 corr: 0.525
********************
  Epoch 36 done in 20.9s

----- Epoch 37 (windowed) -----

###### Windowed train epoch 37 overall metrics
  loss: 0.3903 rmse: 21.708 r2: 0.125 corr: 0.417
***** Epoch 37 Val (windowed) *****
  loss: 0.1713 rmse: 11.046 r2: 0.237 corr: 0.551
********************
***** Epoch 37 Test (windowed) *****
  loss: 0.2069 rmse: 8.348 r2: 0.246 corr: 0.528
********************
  Epoch 37 done in 20.9s

----- Epoch 38 (windowed) -----

###### Windowed train epoch 38 overall metrics
  loss: 0.3948 rmse: 21.965 r2: 0.104 corr: 0.385
***** Epoch 38 Val (windowed) *****
  loss: 0.1732 rmse: 10.889 r2: 0.259 corr: 0.561
********************
***** Epoch 38 Test (windowed) *****
  loss: 0.2091 rmse: 8.212 r2: 0.270 corr: 0.543
********************
  Epoch 38 done in 21.4s
  Saved best model → model/FIM_restoration_0412_stations_monthly/2013/gat-rnn-v2-windowed_bs-128_lr-0.001_maxepoch-50_testyear-2013_win-3_nwin-10_seed-0/model-38

----- Epoch 39 (windowed) -----

###### Windowed train epoch 39 overall metrics
  loss: 0.3923 rmse: 21.818 r2: 0.116 corr: 0.414
***** Epoch 39 Val (windowed) *****
  loss: 0.1755 rmse: 10.633 r2: 0.293 corr: 0.605
********************
***** Epoch 39 Test (windowed) *****
  loss: 0.2093 rmse: 8.030 r2: 0.302 corr: 0.581
********************
  Epoch 39 done in 20.2s
  Saved best model → model/FIM_restoration_0412_stations_monthly/2013/gat-rnn-v2-windowed_bs-128_lr-0.001_maxepoch-50_testyear-2013_win-3_nwin-10_seed-0/model-39

----- Epoch 40 (windowed) -----

###### Windowed train epoch 40 overall metrics
  loss: 0.3863 rmse: 21.735 r2: 0.122 corr: 0.411
***** Epoch 40 Val (windowed) *****
  loss: 0.1680 rmse: 10.661 r2: 0.289 corr: 0.584
********************
***** Epoch 40 Test (windowed) *****
  loss: 0.2033 rmse: 8.041 r2: 0.300 corr: 0.564
********************
  Epoch 40 done in 20.1s

----- Epoch 41 (windowed) -----

###### Windowed train epoch 41 overall metrics
  loss: 0.3825 rmse: 21.439 r2: 0.146 corr: 0.453
***** Epoch 41 Val (windowed) *****
  loss: 0.1662 rmse: 10.938 r2: 0.252 corr: 0.535
********************
***** Epoch 41 Test (windowed) *****
  loss: 0.2046 rmse: 8.307 r2: 0.253 corr: 0.513
********************
  Epoch 41 done in 19.8s

----- Epoch 42 (windowed) -----

###### Windowed train epoch 42 overall metrics
  loss: 0.3759 rmse: 21.847 r2: 0.113 corr: 0.351
***** Epoch 42 Val (windowed) *****
  loss: 0.1687 rmse: 10.856 r2: 0.263 corr: 0.590
********************
***** Epoch 42 Test (windowed) *****
  loss: 0.2061 rmse: 8.200 r2: 0.272 corr: 0.555
********************
  Epoch 42 done in 20.0s

----- Epoch 43 (windowed) -----

###### Windowed train epoch 43 overall metrics
  loss: 0.3736 rmse: 21.307 r2: 0.157 corr: 0.472
***** Epoch 43 Val (windowed) *****
  loss: 0.1645 rmse: 10.854 r2: 0.263 corr: 0.589
********************
***** Epoch 43 Test (windowed) *****
  loss: 0.2021 rmse: 8.167 r2: 0.278 corr: 0.565
********************
  Epoch 43 done in 19.7s

----- Epoch 44 (windowed) -----

###### Windowed train epoch 44 overall metrics
  loss: 0.3707 rmse: 21.630 r2: 0.131 corr: 0.435
***** Epoch 44 Val (windowed) *****
  loss: 0.1629 rmse: 10.373 r2: 0.327 corr: 0.621
********************
***** Epoch 44 Test (windowed) *****
  loss: 0.2012 rmse: 7.853 r2: 0.333 corr: 0.593
********************
  Epoch 44 done in 20.0s
  Saved best model → model/FIM_restoration_0412_stations_monthly/2013/gat-rnn-v2-windowed_bs-128_lr-0.001_maxepoch-50_testyear-2013_win-3_nwin-10_seed-0/model-44

----- Epoch 45 (windowed) -----

###### Windowed train epoch 45 overall metrics
  loss: 0.3707 rmse: 21.231 r2: 0.163 corr: 0.476
***** Epoch 45 Val (windowed) *****
  loss: 0.1659 rmse: 10.783 r2: 0.273 corr: 0.567
********************
***** Epoch 45 Test (windowed) *****
  loss: 0.2058 rmse: 8.228 r2: 0.267 corr: 0.529
********************
  Epoch 45 done in 20.2s

----- Epoch 46 (windowed) -----

###### Windowed train epoch 46 overall metrics
  loss: 0.3664 rmse: 21.576 r2: 0.135 corr: 0.431
***** Epoch 46 Val (windowed) *****
  loss: 0.1643 rmse: 10.602 r2: 0.297 corr: 0.595
********************
***** Epoch 46 Test (windowed) *****
  loss: 0.2060 rmse: 8.055 r2: 0.298 corr: 0.562
********************
  Epoch 46 done in 19.9s

----- Epoch 47 (windowed) -----

###### Windowed train epoch 47 overall metrics
  loss: 0.3632 rmse: 21.386 r2: 0.150 corr: 0.459
***** Epoch 47 Val (windowed) *****
  loss: 0.1688 rmse: 10.801 r2: 0.271 corr: 0.575
********************
***** Epoch 47 Test (windowed) *****
  loss: 0.2145 rmse: 8.197 r2: 0.273 corr: 0.542
********************
  Epoch 47 done in 19.7s

----- Epoch 48 (windowed) -----

###### Windowed train epoch 48 overall metrics
  loss: 0.3650 rmse: 21.647 r2: 0.130 corr: 0.410
***** Epoch 48 Val (windowed) *****
  loss: 0.1598 rmse: 10.946 r2: 0.251 corr: 0.586
********************
***** Epoch 48 Test (windowed) *****
  loss: 0.2004 rmse: 8.228 r2: 0.267 corr: 0.563
********************
  Epoch 48 done in 20.1s

----- Epoch 49 (windowed) -----

###### Windowed train epoch 49 overall metrics
  loss: 0.3606 rmse: 21.417 r2: 0.148 corr: 0.458
***** Epoch 49 Val (windowed) *****
  loss: 0.1573 rmse: 10.695 r2: 0.285 corr: 0.602
********************
***** Epoch 49 Test (windowed) *****
  loss: 0.1999 rmse: 8.087 r2: 0.292 corr: 0.569
********************
  Epoch 49 done in 20.1s
Fold done — best val RMSE=10.3729 test R²=0.3327 corr=0.5930

================================================================
Rolling-windowed  test_year=2014
  Val  : 2013
  Test : 2014
  win_size=3  n_windows=10
================================================================
Initially data (54319, 166)
After filtering (33349, 166)
get_X_Y
X shape (33349, 130)
Y shape (33349, 34)
Y (output) means tensor([[0.1413, 0.0112, 0.2588, 0.1486, 0.0158, 0.0633, 0.1654, 0.6729, 0.9097,
         0.0232, 0.0415, 0.0122, 0.0728, 0.1400, 1.0255, 0.9593, 0.3527, 0.3951,
         0.9349, 0.3719, 0.1884, 0.2257, 0.4464, 0.1854, 0.3983, 0.4554, 0.2890,
         0.6964, 0.5309, 0.1508, 0.2793, 0.1060, 0.1302, 0.1330]]) stds tensor([[0.4695, 0.1307, 0.6365, 0.5543, 0.1488, 0.3080, 0.5266, 1.4624, 1.6381,
         0.1933, 0.2753, 0.1486, 0.3957, 0.4479, 2.0993, 1.6309, 0.8633, 1.1749,
         1.6661, 0.9003, 0.5335, 0.6942, 1.1293, 0.6099, 0.9771, 1.0177, 0.7256,
         1.4547, 1.0646, 0.4459, 0.8349, 0.3422, 0.3961, 0.3773]])
Y count-scale means tensor([[4.6989e-01, 3.2253e-02, 1.0255e+00, 7.8010e-01, 4.1311e-02, 2.1462e-01,
         6.1640e-01, 1.4729e+01, 3.2601e+01, 7.2568e-02, 1.6758e-01, 4.1551e-02,
         4.6042e-01, 4.2096e-01, 2.4440e+02, 1.9778e+01, 2.7245e+00, 1.4645e+01,
         2.9753e+01, 2.8720e+00, 6.1722e-01, 1.5432e+00, 8.6217e+00, 1.8001e+00,
         3.3597e+00, 3.9473e+00, 1.3453e+00, 3.6798e+01, 6.6339e+00, 4.4330e-01,
         2.9949e+00, 2.2494e-01, 3.0835e-01, 2.7871e-01]]) stds tensor([[3.3118e+00, 6.2025e-01, 6.2501e+00, 6.2437e+00, 6.3738e-01, 4.0883e+00,
         3.9653e+00, 7.2936e+01, 2.2494e+02, 1.0581e+00, 2.4707e+00, 7.4082e-01,
         8.1820e+00, 2.6878e+00, 2.8060e+03, 8.8625e+01, 1.9914e+01, 1.7619e+02,
         2.4191e+02, 1.7276e+01, 3.2516e+00, 1.4442e+01, 8.8757e+01, 5.2336e+01,
         1.6457e+01, 2.2632e+01, 7.3086e+00, 9.7556e+02, 8.1498e+01, 4.9792e+00,
         2.5509e+01, 1.0046e+00, 1.4564e+00, 1.1145e+00]])
Loaded per-window (calendar) month weights from analysis/figures/month_weights_per_window.npz: cube.shape=(25, 12, 34)
/Users/liyingnceas/GitHub/GNN-RNN-main/gnn-lstm-v3/utils/data_utils.py:264: RuntimeWarning: Mean of empty slice
  np.nanmean(county_dict[county], axis=0).astype(np.float32)
Filled 83815 missing (node, year) entries from neighbors or year averages
[2D] Station nodes: 587, adj nnz: 2910
[build_year_XY_windowed] data_start=1998, min_pred_year=2009, test_year=2014, win_size=3, n_windows=10
  built windows for T=2009
  built windows for T=2014
[build_year_XY_windowed] built windowed XY for 6 prediction years (2009–2014)
  GAT_RNN_V2: edge_feat_dim=3, n_heads=4, n_hidden=64
  [Bayes] Species rarity weights (mean=1): min=0.70 max=1.68  (rarest=Centropomus undecimalis_SA)
  [CrossDonor] Ecological cross-donor map (9 recipients):
    Centropomus undecimalis_A  <-  ['Cynoscion nebulosus_R', 'Cynoscion nebulosus_A']
    Centropomus undecimalis_SA  <-  ['Cynoscion nebulosus_R', 'Centropomus undecimalis_A']
    Sciaenops ocellatus_R  <-  ['Cynoscion nebulosus_R', 'Cynoscion nebulosus_A']
    Sciaenops ocellatus_SA  <-  ['Cynoscion nebulosus_R', 'Cynoscion nebulosus_A']
    Cynoscion nebulosus_A  <-  ['Cynoscion nebulosus_R', 'Lagodon rhomboides_A']
    Mycteroperca microlepis_SA  <-  ['Lutjanus griseus_SA', 'Lutjanus griseus_R']
    Lutjanus griseus_R  <-  ['Archosargus probatocephalus_A', 'Lutjanus griseus_SA']
    Lutjanus griseus_SA  <-  ['Archosargus probatocephalus_A']
    Archosargus probatocephalus_R  <-  ['Archosargus probatocephalus_A', 'Lagodon rhomboides_A']
  [BayesTransferMapped] 9 recipient → donor mappings:
    recipient   3 <- donors [6, 5]
    recipient   4 <- donors [6, 3]
    recipient  12 <- donors [6, 5]
    recipient  13 <- donors [6, 5]
    recipient   5 <- donors [6, 7]
    recipient  11 <- donors [10, 9]
    recipient   9 <- donors [0, 10]
    recipient  10 <- donors [0]
    recipient   1 <- donors [0, 7]
  [BayesTransferMapped] transfer_prior_std=0.600  warmstart_alpha=0.25

----- Epoch 0 (windowed) -----

###### Windowed train epoch 0 overall metrics
  loss: 0.8008 rmse: 21.164 r2: 0.002 corr: 0.093
***** Epoch 0 Val (windowed) *****
  loss: 0.3374 rmse: 9.525 r2: 0.018 corr: 0.203
********************
***** Epoch 0 Test (windowed) *****
  loss: 0.3456 rmse: 7.976 r2: 0.025 corr: 0.230
********************
  Epoch 0 done in 23.6s
  Saved best model → model/FIM_restoration_0412_stations_monthly/2014/gat-rnn-v2-windowed_bs-128_lr-0.001_maxepoch-50_testyear-2014_win-3_nwin-10_seed-0/model-0

----- Epoch 1 (windowed) -----

###### Windowed train epoch 1 overall metrics
  loss: 0.7070 rmse: 21.100 r2: 0.009 corr: 0.133
***** Epoch 1 Val (windowed) *****
  loss: 0.3093 rmse: 9.370 r2: 0.050 corr: 0.306
********************
***** Epoch 1 Test (windowed) *****
  loss: 0.3184 rmse: 7.823 r2: 0.062 corr: 0.327
********************
  Epoch 1 done in 23.2s
  Saved best model → model/FIM_restoration_0412_stations_monthly/2014/gat-rnn-v2-windowed_bs-128_lr-0.001_maxepoch-50_testyear-2014_win-3_nwin-10_seed-0/model-1

----- Epoch 2 (windowed) -----

###### Windowed train epoch 2 overall metrics
  loss: 0.6644 rmse: 21.015 r2: 0.016 corr: 0.187
***** Epoch 2 Val (windowed) *****
  loss: 0.2935 rmse: 9.251 r2: 0.074 corr: 0.365
********************
***** Epoch 2 Test (windowed) *****
  loss: 0.3038 rmse: 7.682 r2: 0.096 corr: 0.401
********************
  Epoch 2 done in 23.7s
  Saved best model → model/FIM_restoration_0412_stations_monthly/2014/gat-rnn-v2-windowed_bs-128_lr-0.001_maxepoch-50_testyear-2014_win-3_nwin-10_seed-0/model-2

----- Epoch 3 (windowed) -----

###### Windowed train epoch 3 overall metrics
  loss: 0.6347 rmse: 20.914 r2: 0.026 corr: 0.221
***** Epoch 3 Val (windowed) *****
  loss: 0.2787 rmse: 9.129 r2: 0.098 corr: 0.413
********************
***** Epoch 3 Test (windowed) *****
  loss: 0.2900 rmse: 7.560 r2: 0.124 corr: 0.448
********************
  Epoch 3 done in 23.4s
  Saved best model → model/FIM_restoration_0412_stations_monthly/2014/gat-rnn-v2-windowed_bs-128_lr-0.001_maxepoch-50_testyear-2014_win-3_nwin-10_seed-0/model-3

----- Epoch 4 (windowed) -----

###### Windowed train epoch 4 overall metrics
  loss: 0.6085 rmse: 20.820 r2: 0.035 corr: 0.249
***** Epoch 4 Val (windowed) *****
  loss: 0.2701 rmse: 9.072 r2: 0.109 corr: 0.447
********************
***** Epoch 4 Test (windowed) *****
  loss: 0.2856 rmse: 7.515 r2: 0.135 corr: 0.475
********************
  Epoch 4 done in 23.6s
  Saved best model → model/FIM_restoration_0412_stations_monthly/2014/gat-rnn-v2-windowed_bs-128_lr-0.001_maxepoch-50_testyear-2014_win-3_nwin-10_seed-0/model-4

----- Epoch 5 (windowed) -----

###### Windowed train epoch 5 overall metrics
  loss: 0.5875 rmse: 20.693 r2: 0.046 corr: 0.289
***** Epoch 5 Val (windowed) *****
  loss: 0.2596 rmse: 9.004 r2: 0.122 corr: 0.455
********************
***** Epoch 5 Test (windowed) *****
  loss: 0.2845 rmse: 7.449 r2: 0.150 corr: 0.488
********************
  Epoch 5 done in 23.5s
  Saved best model → model/FIM_restoration_0412_stations_monthly/2014/gat-rnn-v2-windowed_bs-128_lr-0.001_maxepoch-50_testyear-2014_win-3_nwin-10_seed-0/model-5

----- Epoch 6 (windowed) -----

###### Windowed train epoch 6 overall metrics
  loss: 0.5661 rmse: 20.662 r2: 0.049 corr: 0.292
***** Epoch 6 Val (windowed) *****
  loss: 0.2513 rmse: 8.868 r2: 0.149 corr: 0.459
********************
***** Epoch 6 Test (windowed) *****
  loss: 0.2739 rmse: 7.325 r2: 0.178 corr: 0.495
********************
  Epoch 6 done in 24.0s
  Saved best model → model/FIM_restoration_0412_stations_monthly/2014/gat-rnn-v2-windowed_bs-128_lr-0.001_maxepoch-50_testyear-2014_win-3_nwin-10_seed-0/model-6

----- Epoch 7 (windowed) -----

###### Windowed train epoch 7 overall metrics
  loss: 0.5438 rmse: 20.640 r2: 0.051 corr: 0.295
***** Epoch 7 Val (windowed) *****
  loss: 0.2385 rmse: 8.785 r2: 0.165 corr: 0.460
********************
***** Epoch 7 Test (windowed) *****
  loss: 0.2732 rmse: 7.252 r2: 0.194 corr: 0.490
********************
  Epoch 7 done in 23.7s
  Saved best model → model/FIM_restoration_0412_stations_monthly/2014/gat-rnn-v2-windowed_bs-128_lr-0.001_maxepoch-50_testyear-2014_win-3_nwin-10_seed-0/model-7

----- Epoch 8 (windowed) -----

###### Windowed train epoch 8 overall metrics
  loss: 0.5239 rmse: 20.542 r2: 0.060 corr: 0.311
***** Epoch 8 Val (windowed) *****
  loss: 0.2273 rmse: 8.805 r2: 0.161 corr: 0.448
********************
***** Epoch 8 Test (windowed) *****
  loss: 0.2915 rmse: 7.252 r2: 0.194 corr: 0.492
********************
  Epoch 8 done in 23.7s

----- Epoch 9 (windowed) -----

###### Windowed train epoch 9 overall metrics
  loss: 0.5078 rmse: 20.478 r2: 0.066 corr: 0.328
***** Epoch 9 Val (windowed) *****
  loss: 0.2213 rmse: 8.739 r2: 0.173 corr: 0.450
********************
***** Epoch 9 Test (windowed) *****
  loss: 0.2799 rmse: 7.211 r2: 0.203 corr: 0.490
********************
  Epoch 9 done in 23.5s
  Saved best model → model/FIM_restoration_0412_stations_monthly/2014/gat-rnn-v2-windowed_bs-128_lr-0.001_maxepoch-50_testyear-2014_win-3_nwin-10_seed-0/model-9

----- Epoch 10 (windowed) -----

###### Windowed train epoch 10 overall metrics
  loss: 0.5001 rmse: 20.476 r2: 0.066 corr: 0.320
***** Epoch 10 Val (windowed) *****
  loss: 0.2473 rmse: 8.832 r2: 0.156 corr: 0.479
********************
***** Epoch 10 Test (windowed) *****
  loss: 0.2472 rmse: 7.258 r2: 0.193 corr: 0.503
********************
  Epoch 10 done in 219.0s

----- Epoch 11 (windowed) -----

###### Windowed train epoch 11 overall metrics
  loss: 0.4968 rmse: 20.510 r2: 0.063 corr: 0.315
***** Epoch 11 Val (windowed) *****
  loss: 0.2132 rmse: 8.699 r2: 0.181 corr: 0.481
********************
***** Epoch 11 Test (windowed) *****
  loss: 0.2621 rmse: 7.189 r2: 0.208 corr: 0.516
********************
  Epoch 11 done in 24.1s
  Saved best model → model/FIM_restoration_0412_stations_monthly/2014/gat-rnn-v2-windowed_bs-128_lr-0.001_maxepoch-50_testyear-2014_win-3_nwin-10_seed-0/model-11

----- Epoch 12 (windowed) -----

###### Windowed train epoch 12 overall metrics
  loss: 0.4764 rmse: 20.406 r2: 0.073 corr: 0.342
***** Epoch 12 Val (windowed) *****
  loss: 0.2161 rmse: 8.702 r2: 0.180 corr: 0.470
********************
***** Epoch 12 Test (windowed) *****
  loss: 0.2540 rmse: 7.187 r2: 0.209 corr: 0.503
********************
  Epoch 12 done in 23.8s

----- Epoch 13 (windowed) -----

###### Windowed train epoch 13 overall metrics
  loss: 0.4658 rmse: 20.443 r2: 0.069 corr: 0.321
***** Epoch 13 Val (windowed) *****
  loss: 0.2075 rmse: 8.598 r2: 0.200 corr: 0.507
********************
***** Epoch 13 Test (windowed) *****
  loss: 0.2549 rmse: 7.069 r2: 0.234 corr: 0.541
********************
  Epoch 13 done in 23.7s
  Saved best model → model/FIM_restoration_0412_stations_monthly/2014/gat-rnn-v2-windowed_bs-128_lr-0.001_maxepoch-50_testyear-2014_win-3_nwin-10_seed-0/model-13

----- Epoch 14 (windowed) -----

###### Windowed train epoch 14 overall metrics
  loss: 0.4707 rmse: 20.373 r2: 0.076 corr: 0.342
***** Epoch 14 Val (windowed) *****
  loss: 0.2098 rmse: 8.551 r2: 0.209 corr: 0.497
********************
***** Epoch 14 Test (windowed) *****
  loss: 0.2613 rmse: 7.056 r2: 0.237 corr: 0.520
********************
  Epoch 14 done in 23.7s
  Saved best model → model/FIM_restoration_0412_stations_monthly/2014/gat-rnn-v2-windowed_bs-128_lr-0.001_maxepoch-50_testyear-2014_win-3_nwin-10_seed-0/model-14

----- Epoch 15 (windowed) -----

###### Windowed train epoch 15 overall metrics
  loss: 0.4637 rmse: 20.410 r2: 0.072 corr: 0.321
***** Epoch 15 Val (windowed) *****
  loss: 0.1993 rmse: 8.636 r2: 0.193 corr: 0.489
********************
***** Epoch 15 Test (windowed) *****
  loss: 0.2616 rmse: 7.126 r2: 0.222 corr: 0.519
********************
  Epoch 15 done in 23.5s

----- Epoch 16 (windowed) -----

###### Windowed train epoch 16 overall metrics
  loss: 0.4489 rmse: 20.344 r2: 0.078 corr: 0.341
***** Epoch 16 Val (windowed) *****
  loss: 0.1960 rmse: 8.630 r2: 0.194 corr: 0.498
********************
***** Epoch 16 Test (windowed) *****
  loss: 0.2706 rmse: 7.143 r2: 0.218 corr: 0.529
********************
  Epoch 16 done in 23.5s

----- Epoch 17 (windowed) -----

###### Windowed train epoch 17 overall metrics
  loss: 0.4406 rmse: 20.263 r2: 0.086 corr: 0.360
***** Epoch 17 Val (windowed) *****
  loss: 0.1920 rmse: 8.623 r2: 0.195 corr: 0.504
********************
***** Epoch 17 Test (windowed) *****
  loss: 0.2702 rmse: 7.129 r2: 0.221 corr: 0.535
********************
  Epoch 17 done in 26.0s

----- Epoch 18 (windowed) -----

###### Windowed train epoch 18 overall metrics
  loss: 0.4355 rmse: 20.272 r2: 0.085 corr: 0.357
***** Epoch 18 Val (windowed) *****
  loss: 0.1942 rmse: 8.499 r2: 0.218 corr: 0.509
********************
***** Epoch 18 Test (windowed) *****
  loss: 0.2751 rmse: 7.042 r2: 0.240 corr: 0.539
********************
  Epoch 18 done in 24.3s
  Saved best model → model/FIM_restoration_0412_stations_monthly/2014/gat-rnn-v2-windowed_bs-128_lr-0.001_maxepoch-50_testyear-2014_win-3_nwin-10_seed-0/model-18

----- Epoch 19 (windowed) -----

###### Windowed train epoch 19 overall metrics
  loss: 0.4327 rmse: 20.230 r2: 0.089 corr: 0.355
***** Epoch 19 Val (windowed) *****
  loss: 0.1890 rmse: 8.494 r2: 0.219 corr: 0.526
********************
***** Epoch 19 Test (windowed) *****
  loss: 0.2603 rmse: 7.105 r2: 0.226 corr: 0.527
********************
  Epoch 19 done in 25.6s
  Saved best model → model/FIM_restoration_0412_stations_monthly/2014/gat-rnn-v2-windowed_bs-128_lr-0.001_maxepoch-50_testyear-2014_win-3_nwin-10_seed-0/model-19

----- Epoch 20 (windowed) -----

###### Windowed train epoch 20 overall metrics
  loss: 0.4267 rmse: 19.932 r2: 0.115 corr: 0.433
***** Epoch 20 Val (windowed) *****
  loss: 0.2014 rmse: 8.384 r2: 0.239 corr: 0.521
********************
***** Epoch 20 Test (windowed) *****
  loss: 0.2370 rmse: 6.955 r2: 0.259 corr: 0.542
********************
  Epoch 20 done in 24.7s
  Saved best model → model/FIM_restoration_0412_stations_monthly/2014/gat-rnn-v2-windowed_bs-128_lr-0.001_maxepoch-50_testyear-2014_win-3_nwin-10_seed-0/model-20

----- Epoch 21 (windowed) -----

###### Windowed train epoch 21 overall metrics
  loss: 0.4238 rmse: 20.026 r2: 0.107 corr: 0.399
***** Epoch 21 Val (windowed) *****
  loss: 0.2679 rmse: 8.431 r2: 0.231 corr: 0.571
********************
***** Epoch 21 Test (windowed) *****
  loss: 0.2138 rmse: 6.998 r2: 0.249 corr: 0.565
********************
  Epoch 21 done in 26.4s

----- Epoch 22 (windowed) -----

###### Windowed train epoch 22 overall metrics
  loss: 0.4349 rmse: 19.647 r2: 0.140 corr: 0.490
***** Epoch 22 Val (windowed) *****
  loss: 0.1894 rmse: 8.121 r2: 0.286 corr: 0.562
********************
***** Epoch 22 Test (windowed) *****
  loss: 0.2375 rmse: 6.828 r2: 0.286 corr: 0.562
********************
  Epoch 22 done in 26.0s
  Saved best model → model/FIM_restoration_0412_stations_monthly/2014/gat-rnn-v2-windowed_bs-128_lr-0.001_maxepoch-50_testyear-2014_win-3_nwin-10_seed-0/model-22

----- Epoch 23 (windowed) -----

###### Windowed train epoch 23 overall metrics
  loss: 0.4254 rmse: 19.980 r2: 0.111 corr: 0.404
***** Epoch 23 Val (windowed) *****
  loss: 0.1899 rmse: 8.430 r2: 0.231 corr: 0.556
********************
***** Epoch 23 Test (windowed) *****
  loss: 0.2499 rmse: 7.077 r2: 0.232 corr: 0.561
********************
  Epoch 23 done in 25.0s

----- Epoch 24 (windowed) -----

###### Windowed train epoch 24 overall metrics
  loss: 0.4185 rmse: 19.962 r2: 0.113 corr: 0.410
***** Epoch 24 Val (windowed) *****
  loss: 0.1817 rmse: 8.267 r2: 0.260 corr: 0.576
********************
***** Epoch 24 Test (windowed) *****
  loss: 0.2509 rmse: 6.941 r2: 0.262 corr: 0.566
********************
  Epoch 24 done in 25.5s

----- Epoch 25 (windowed) -----

###### Windowed train epoch 25 overall metrics
  loss: 0.4083 rmse: 20.030 r2: 0.106 corr: 0.388
***** Epoch 25 Val (windowed) *****
  loss: 0.1813 rmse: 8.196 r2: 0.273 corr: 0.575
********************
***** Epoch 25 Test (windowed) *****
  loss: 0.2531 rmse: 6.908 r2: 0.269 corr: 0.571
********************
  Epoch 25 done in 23.9s

----- Epoch 26 (windowed) -----

###### Windowed train epoch 26 overall metrics
  loss: 0.4025 rmse: 19.341 r2: 0.167 corr: 0.522
***** Epoch 26 Val (windowed) *****
  loss: 0.1769 rmse: 8.222 r2: 0.268 corr: 0.597
********************
***** Epoch 26 Test (windowed) *****
  loss: 0.2463 rmse: 6.926 r2: 0.265 corr: 0.596
********************
  Epoch 26 done in 24.6s

----- Epoch 27 (windowed) -----

###### Windowed train epoch 27 overall metrics
  loss: 0.3966 rmse: 19.654 r2: 0.140 corr: 0.470
***** Epoch 27 Val (windowed) *****
  loss: 0.1776 rmse: 8.166 r2: 0.278 corr: 0.596
********************
***** Epoch 27 Test (windowed) *****
  loss: 0.2460 rmse: 6.910 r2: 0.268 corr: 0.585
********************
  Epoch 27 done in 25.8s

----- Epoch 28 (windowed) -----

###### Windowed train epoch 28 overall metrics
  loss: 0.3954 rmse: 19.859 r2: 0.122 corr: 0.428
***** Epoch 28 Val (windowed) *****
  loss: 0.1732 rmse: 7.996 r2: 0.308 corr: 0.630
********************
***** Epoch 28 Test (windowed) *****
  loss: 0.2564 rmse: 6.781 r2: 0.295 corr: 0.615
********************
  Epoch 28 done in 25.1s
  Saved best model → model/FIM_restoration_0412_stations_monthly/2014/gat-rnn-v2-windowed_bs-128_lr-0.001_maxepoch-50_testyear-2014_win-3_nwin-10_seed-0/model-28

----- Epoch 29 (windowed) -----

###### Windowed train epoch 29 overall metrics
  loss: 0.3878 rmse: 19.316 r2: 0.169 corr: 0.502
***** Epoch 29 Val (windowed) *****
  loss: 0.1702 rmse: 7.975 r2: 0.312 corr: 0.631
********************
***** Epoch 29 Test (windowed) *****
  loss: 0.2540 rmse: 6.757 r2: 0.300 corr: 0.618
********************
  Epoch 29 done in 24.6s
  Saved best model → model/FIM_restoration_0412_stations_monthly/2014/gat-rnn-v2-windowed_bs-128_lr-0.001_maxepoch-50_testyear-2014_win-3_nwin-10_seed-0/model-29

----- Epoch 30 (windowed) -----

###### Windowed train epoch 30 overall metrics
  loss: 0.3837 rmse: 19.531 r2: 0.150 corr: 0.482
***** Epoch 30 Val (windowed) *****
  loss: 0.1696 rmse: 7.817 r2: 0.339 corr: 0.650
********************
***** Epoch 30 Test (windowed) *****
  loss: 0.2415 rmse: 6.732 r2: 0.306 corr: 0.622
********************
  Epoch 30 done in 23.8s
  Saved best model → model/FIM_restoration_0412_stations_monthly/2014/gat-rnn-v2-windowed_bs-128_lr-0.001_maxepoch-50_testyear-2014_win-3_nwin-10_seed-0/model-30

----- Epoch 31 (windowed) -----

###### Windowed train epoch 31 overall metrics
  loss: 0.3777 rmse: 19.342 r2: 0.167 corr: 0.498
***** Epoch 31 Val (windowed) *****
  loss: 0.1689 rmse: 7.876 r2: 0.329 corr: 0.634
********************
***** Epoch 31 Test (windowed) *****
  loss: 0.2425 rmse: 6.666 r2: 0.319 corr: 0.620
********************
  Epoch 31 done in 23.8s

----- Epoch 32 (windowed) -----

###### Windowed train epoch 32 overall metrics
  loss: 0.3945 rmse: 19.185 r2: 0.180 corr: 0.518
***** Epoch 32 Val (windowed) *****
  loss: 0.1856 rmse: 7.635 r2: 0.369 corr: 0.658
********************
***** Epoch 32 Test (windowed) *****
  loss: 0.2395 rmse: 6.722 r2: 0.308 corr: 0.583
********************
  Epoch 32 done in 23.9s
  Saved best model → model/FIM_restoration_0412_stations_monthly/2014/gat-rnn-v2-windowed_bs-128_lr-0.001_maxepoch-50_testyear-2014_win-3_nwin-10_seed-0/model-32

----- Epoch 33 (windowed) -----

###### Windowed train epoch 33 overall metrics
  loss: 0.3877 rmse: 19.287 r2: 0.172 corr: 0.488
***** Epoch 33 Val (windowed) *****
  loss: 0.1692 rmse: 7.801 r2: 0.341 corr: 0.627
********************
***** Epoch 33 Test (windowed) *****
  loss: 0.2541 rmse: 6.661 r2: 0.320 corr: 0.600
********************
  Epoch 33 done in 25.2s

----- Epoch 34 (windowed) -----

###### Windowed train epoch 34 overall metrics
  loss: 0.3755 rmse: 19.439 r2: 0.158 corr: 0.471
***** Epoch 34 Val (windowed) *****
  loss: 0.1707 rmse: 8.068 r2: 0.296 corr: 0.587
********************
***** Epoch 34 Test (windowed) *****
  loss: 0.2438 rmse: 6.798 r2: 0.292 corr: 0.586
********************
  Epoch 34 done in 24.5s

----- Epoch 35 (windowed) -----

###### Windowed train epoch 35 overall metrics
  loss: 0.3687 rmse: 19.165 r2: 0.182 corr: 0.504
***** Epoch 35 Val (windowed) *****
  loss: 0.1632 rmse: 7.579 r2: 0.378 corr: 0.660
********************
***** Epoch 35 Test (windowed) *****
  loss: 0.2365 rmse: 6.512 r2: 0.350 corr: 0.624
********************
  Epoch 35 done in 25.9s
  Saved best model → model/FIM_restoration_0412_stations_monthly/2014/gat-rnn-v2-windowed_bs-128_lr-0.001_maxepoch-50_testyear-2014_win-3_nwin-10_seed-0/model-35

----- Epoch 36 (windowed) -----

###### Windowed train epoch 36 overall metrics
  loss: 0.3635 rmse: 18.859 r2: 0.208 corr: 0.538
***** Epoch 36 Val (windowed) *****
  loss: 0.1702 rmse: 7.686 r2: 0.361 corr: 0.675
********************
***** Epoch 36 Test (windowed) *****
  loss: 0.2282 rmse: 6.620 r2: 0.328 corr: 0.630
********************
  Epoch 36 done in 24.7s

----- Epoch 37 (windowed) -----

###### Windowed train epoch 37 overall metrics
  loss: 0.3612 rmse: 19.681 r2: 0.137 corr: 0.437
***** Epoch 37 Val (windowed) *****
  loss: 0.1629 rmse: 7.823 r2: 0.338 corr: 0.647
********************
***** Epoch 37 Test (windowed) *****
  loss: 0.2247 rmse: 6.723 r2: 0.307 corr: 0.613
********************
  Epoch 37 done in 24.0s

----- Epoch 38 (windowed) -----

###### Windowed train epoch 38 overall metrics
  loss: 0.3650 rmse: 19.514 r2: 0.152 corr: 0.462
***** Epoch 38 Val (windowed) *****
  loss: 0.1602 rmse: 7.742 r2: 0.351 corr: 0.661
********************
***** Epoch 38 Test (windowed) *****
  loss: 0.2221 rmse: 6.666 r2: 0.319 corr: 0.629
********************
  Epoch 38 done in 23.8s

----- Epoch 39 (windowed) -----

###### Windowed train epoch 39 overall metrics
  loss: 0.3587 rmse: 19.265 r2: 0.173 corr: 0.476
***** Epoch 39 Val (windowed) *****
  loss: 0.1571 rmse: 7.433 r2: 0.402 corr: 0.678
********************
***** Epoch 39 Test (windowed) *****
  loss: 0.2344 rmse: 6.443 r2: 0.364 corr: 0.629
********************
  Epoch 39 done in 24.1s
  Saved best model → model/FIM_restoration_0412_stations_monthly/2014/gat-rnn-v2-windowed_bs-128_lr-0.001_maxepoch-50_testyear-2014_win-3_nwin-10_seed-0/model-39

----- Epoch 40 (windowed) -----

###### Windowed train epoch 40 overall metrics
  loss: 0.3697 rmse: 19.075 r2: 0.190 corr: 0.517
***** Epoch 40 Val (windowed) *****
  loss: 0.1643 rmse: 7.747 r2: 0.350 corr: 0.661
********************
***** Epoch 40 Test (windowed) *****
  loss: 0.2288 rmse: 6.708 r2: 0.310 corr: 0.610
********************
  Epoch 40 done in 23.8s

----- Epoch 41 (windowed) -----

###### Windowed train epoch 41 overall metrics
  loss: 0.3594 rmse: 19.130 r2: 0.185 corr: 0.521
***** Epoch 41 Val (windowed) *****
  loss: 0.1774 rmse: 7.807 r2: 0.340 corr: 0.652
********************
***** Epoch 41 Test (windowed) *****
  loss: 0.2142 rmse: 6.762 r2: 0.299 corr: 0.611
********************
  Epoch 41 done in 25.2s

----- Epoch 42 (windowed) -----

###### Windowed train epoch 42 overall metrics
  loss: 0.3522 rmse: 19.065 r2: 0.190 corr: 0.514
***** Epoch 42 Val (windowed) *****
  loss: 0.1574 rmse: 7.823 r2: 0.338 corr: 0.658
********************
***** Epoch 42 Test (windowed) *****
  loss: 0.2400 rmse: 6.798 r2: 0.292 corr: 0.605
********************
  Epoch 42 done in 25.4s

----- Epoch 43 (windowed) -----

###### Windowed train epoch 43 overall metrics
  loss: 0.3448 rmse: 19.245 r2: 0.175 corr: 0.480
***** Epoch 43 Val (windowed) *****
  loss: 0.1539 rmse: 7.896 r2: 0.325 corr: 0.617
********************
***** Epoch 43 Test (windowed) *****
  loss: 0.2454 rmse: 6.793 r2: 0.293 corr: 0.592
********************
  Epoch 43 done in 26.2s

----- Epoch 44 (windowed) -----

###### Windowed train epoch 44 overall metrics
  loss: 0.3407 rmse: 19.221 r2: 0.177 corr: 0.501
***** Epoch 44 Val (windowed) *****
  loss: 0.1517 rmse: 7.689 r2: 0.360 corr: 0.665
********************
***** Epoch 44 Test (windowed) *****
  loss: 0.2381 rmse: 6.668 r2: 0.319 corr: 0.626
********************
  Epoch 44 done in 24.1s

----- Epoch 45 (windowed) -----

###### Windowed train epoch 45 overall metrics
  loss: 0.3381 rmse: 19.341 r2: 0.167 corr: 0.471
***** Epoch 45 Val (windowed) *****
  loss: 0.1517 rmse: 7.486 r2: 0.393 corr: 0.680
********************
***** Epoch 45 Test (windowed) *****
  loss: 0.2362 rmse: 6.602 r2: 0.332 corr: 0.622
********************
  Epoch 45 done in 24.6s

----- Epoch 46 (windowed) -----

###### Windowed train epoch 46 overall metrics
  loss: 0.3363 rmse: 19.388 r2: 0.163 corr: 0.471
***** Epoch 46 Val (windowed) *****
  loss: 0.1516 rmse: 7.809 r2: 0.340 corr: 0.636
********************
***** Epoch 46 Test (windowed) *****
  loss: 0.2322 rmse: 6.756 r2: 0.301 corr: 0.602
********************
  Epoch 46 done in 25.0s

----- Epoch 47 (windowed) -----

###### Windowed train epoch 47 overall metrics
  loss: 0.3343 rmse: 19.485 r2: 0.154 corr: 0.440
***** Epoch 47 Val (windowed) *****
  loss: 0.1491 rmse: 7.911 r2: 0.323 corr: 0.643
********************
***** Epoch 47 Test (windowed) *****
  loss: 0.2372 rmse: 6.798 r2: 0.292 corr: 0.604
********************
  Epoch 47 done in 23.9s

----- Epoch 48 (windowed) -----

###### Windowed train epoch 48 overall metrics
  loss: 0.3320 rmse: 19.487 r2: 0.154 corr: 0.454
***** Epoch 48 Val (windowed) *****
  loss: 0.1518 rmse: 7.587 r2: 0.377 corr: 0.679
********************
***** Epoch 48 Test (windowed) *****
  loss: 0.2247 rmse: 6.607 r2: 0.331 corr: 0.631
********************
  Epoch 48 done in 24.6s

----- Epoch 49 (windowed) -----

###### Windowed train epoch 49 overall metrics
  loss: 0.3408 rmse: 19.426 r2: 0.160 corr: 0.453
***** Epoch 49 Val (windowed) *****
  loss: 0.1519 rmse: 7.538 r2: 0.385 corr: 0.674
********************
***** Epoch 49 Test (windowed) *****
  loss: 0.2369 rmse: 6.548 r2: 0.343 corr: 0.621
********************
  Epoch 49 done in 24.5s
Fold done — best val RMSE=7.4331 test R²=0.3639 corr=0.6293

================================================================
Rolling-windowed  test_year=2015
  Val  : 2014
  Test : 2015
  win_size=3  n_windows=10
================================================================
Initially data (54319, 166)
After filtering (35487, 166)
get_X_Y
X shape (35487, 130)
Y shape (35487, 34)
Y (output) means tensor([[0.1446, 0.0115, 0.2573, 0.1496, 0.0167, 0.0630, 0.1633, 0.6705, 0.9133,
         0.0229, 0.0445, 0.0117, 0.0764, 0.1410, 1.0226, 0.9765, 0.3476, 0.3918,
         0.9161, 0.3699, 0.1856, 0.2225, 0.4413, 0.1830, 0.4028, 0.4568, 0.2865,
         0.6753, 0.5261, 0.1492, 0.2806, 0.1060, 0.1301, 0.1328]]) stds tensor([[0.4752, 0.1324, 0.6328, 0.5566, 0.1552, 0.3050, 0.5228, 1.4579, 1.6397,
         0.1922, 0.2882, 0.1460, 0.4122, 0.4493, 2.0963, 1.6418, 0.8550, 1.1702,
         1.6470, 0.8956, 0.5277, 0.6900, 1.1228, 0.6047, 0.9834, 1.0166, 0.7213,
         1.4294, 1.0573, 0.4425, 0.8377, 0.3417, 0.3944, 0.3761]])
Y count-scale means tensor([[4.8216e-01, 3.3097e-02, 1.0077e+00, 7.8546e-01, 4.7551e-02, 2.0872e-01,
         6.0559e-01, 1.4582e+01, 3.2330e+01, 7.1789e-02, 1.8560e-01, 4.0068e-02,
         5.1947e-01, 4.2223e-01, 2.4308e+02, 2.0236e+01, 2.6366e+00, 1.4393e+01,
         2.8591e+01, 2.8189e+00, 6.0083e-01, 1.6085e+00, 8.4691e+00, 1.7329e+00,
         3.4129e+00, 3.9146e+00, 1.3223e+00, 3.4593e+01, 6.4131e+00, 4.3361e-01,
         3.0314e+00, 2.2471e-01, 3.0558e-01, 2.7693e-01]]) stds tensor([[3.3257e+00, 6.2445e-01, 6.1222e+00, 6.1816e+00, 9.6805e-01, 3.9534e+00,
         3.9211e+00, 7.2579e+01, 2.2041e+02, 1.0461e+00, 2.6244e+00, 7.2528e-01,
         9.0659e+00, 2.6515e+00, 2.8611e+03, 8.8809e+01, 1.9329e+01, 1.7185e+02,
         2.3493e+02, 1.6929e+01, 3.1694e+00, 2.3141e+01, 8.6734e+01, 5.0572e+01,
         1.6597e+01, 2.2258e+01, 7.1459e+00, 9.4188e+02, 7.8867e+01, 4.8218e+00,
         2.5615e+01, 1.0072e+00, 1.4308e+00, 1.0981e+00]])
Loaded per-window (calendar) month weights from analysis/figures/month_weights_per_window.npz: cube.shape=(25, 12, 34)
/Users/liyingnceas/GitHub/GNN-RNN-main/gnn-lstm-v3/utils/data_utils.py:264: RuntimeWarning: Mean of empty slice
  np.nanmean(county_dict[county], axis=0).astype(np.float32)
Filled 89145 missing (node, year) entries from neighbors or year averages
[2D] Station nodes: 587, adj nnz: 2910
[build_year_XY_windowed] data_start=1998, min_pred_year=2009, test_year=2015, win_size=3, n_windows=10
  built windows for T=2009
  built windows for T=2014
[build_year_XY_windowed] built windowed XY for 7 prediction years (2009–2015)
  GAT_RNN_V2: edge_feat_dim=3, n_heads=4, n_hidden=64
  [Bayes] Species rarity weights (mean=1): min=0.70 max=1.70  (rarest=Centropomus undecimalis_SA)
  [CrossDonor] Ecological cross-donor map (9 recipients):
    Centropomus undecimalis_A  <-  ['Cynoscion nebulosus_R', 'Cynoscion nebulosus_A']
    Centropomus undecimalis_SA  <-  ['Cynoscion nebulosus_R', 'Centropomus undecimalis_A']
    Sciaenops ocellatus_R  <-  ['Cynoscion nebulosus_R', 'Cynoscion nebulosus_A']
    Sciaenops ocellatus_SA  <-  ['Cynoscion nebulosus_R', 'Cynoscion nebulosus_A']
    Cynoscion nebulosus_A  <-  ['Cynoscion nebulosus_R', 'Lagodon rhomboides_A']
    Mycteroperca microlepis_SA  <-  ['Lutjanus griseus_SA', 'Lutjanus griseus_R']
    Lutjanus griseus_R  <-  ['Archosargus probatocephalus_A', 'Lutjanus griseus_SA']
    Lutjanus griseus_SA  <-  ['Archosargus probatocephalus_A']
    Archosargus probatocephalus_R  <-  ['Archosargus probatocephalus_A', 'Lagodon rhomboides_A']
  [BayesTransferMapped] 9 recipient → donor mappings:
    recipient   3 <- donors [6, 5]
    recipient   4 <- donors [6, 3]
    recipient  12 <- donors [6, 5]
    recipient  13 <- donors [6, 5]
    recipient   5 <- donors [6, 7]
    recipient  11 <- donors [10, 9]
    recipient   9 <- donors [0, 10]
    recipient  10 <- donors [0]
    recipient   1 <- donors [0, 7]
  [BayesTransferMapped] transfer_prior_std=0.600  warmstart_alpha=0.25

----- Epoch 0 (windowed) -----

###### Windowed train epoch 0 overall metrics
  loss: 0.7915 rmse: 19.595 r2: 0.003 corr: 0.091
***** Epoch 0 Val (windowed) *****
  loss: 0.3385 rmse: 7.964 r2: 0.028 corr: 0.219
********************
***** Epoch 0 Test (windowed) *****
  loss: 0.3429 rmse: 15.936 r2: 0.009 corr: 0.139
********************
  Epoch 0 done in 27.7s
  Saved best model → model/FIM_restoration_0412_stations_monthly/2015/gat-rnn-v2-windowed_bs-128_lr-0.001_maxepoch-50_testyear-2015_win-3_nwin-10_seed-0/model-0

----- Epoch 1 (windowed) -----

###### Windowed train epoch 1 overall metrics
  loss: 0.6953 rmse: 19.534 r2: 0.009 corr: 0.132
***** Epoch 1 Val (windowed) *****
  loss: 0.3080 rmse: 7.792 r2: 0.070 corr: 0.332
********************
***** Epoch 1 Test (windowed) *****
  loss: 0.3103 rmse: 15.800 r2: 0.026 corr: 0.225
********************
  Epoch 1 done in 27.0s
  Saved best model → model/FIM_restoration_0412_stations_monthly/2015/gat-rnn-v2-windowed_bs-128_lr-0.001_maxepoch-50_testyear-2015_win-3_nwin-10_seed-0/model-1

----- Epoch 2 (windowed) -----

###### Windowed train epoch 2 overall metrics
  loss: 0.6499 rmse: 19.417 r2: 0.021 corr: 0.197
***** Epoch 2 Val (windowed) *****
  loss: 0.2923 rmse: 7.558 r2: 0.125 corr: 0.408
********************
***** Epoch 2 Test (windowed) *****
  loss: 0.2952 rmse: 15.611 r2: 0.049 corr: 0.278
********************
  Epoch 2 done in 26.8s
  Saved best model → model/FIM_restoration_0412_stations_monthly/2015/gat-rnn-v2-windowed_bs-128_lr-0.001_maxepoch-50_testyear-2015_win-3_nwin-10_seed-0/model-2

----- Epoch 3 (windowed) -----

###### Windowed train epoch 3 overall metrics
  loss: 0.6212 rmse: 19.273 r2: 0.035 corr: 0.258
***** Epoch 3 Val (windowed) *****
  loss: 0.2804 rmse: 7.470 r2: 0.145 corr: 0.469
********************
***** Epoch 3 Test (windowed) *****
  loss: 0.2830 rmse: 15.542 r2: 0.058 corr: 0.332
********************
  Epoch 3 done in 27.3s
  Saved best model → model/FIM_restoration_0412_stations_monthly/2015/gat-rnn-v2-windowed_bs-128_lr-0.001_maxepoch-50_testyear-2015_win-3_nwin-10_seed-0/model-3

----- Epoch 4 (windowed) -----

###### Windowed train epoch 4 overall metrics
  loss: 0.5972 rmse: 19.209 r2: 0.042 corr: 0.265
***** Epoch 4 Val (windowed) *****
  loss: 0.2681 rmse: 7.346 r2: 0.173 corr: 0.501
********************
***** Epoch 4 Test (windowed) *****
  loss: 0.2719 rmse: 15.399 r2: 0.075 corr: 0.370
********************
  Epoch 4 done in 28.6s
  Saved best model → model/FIM_restoration_0412_stations_monthly/2015/gat-rnn-v2-windowed_bs-128_lr-0.001_maxepoch-50_testyear-2015_win-3_nwin-10_seed-0/model-4

----- Epoch 5 (windowed) -----

###### Windowed train epoch 5 overall metrics
  loss: 0.5719 rmse: 19.123 r2: 0.050 corr: 0.282
***** Epoch 5 Val (windowed) *****
  loss: 0.2557 rmse: 7.326 r2: 0.178 corr: 0.502
********************
***** Epoch 5 Test (windowed) *****
  loss: 0.2645 rmse: 15.378 r2: 0.077 corr: 0.370
********************
  Epoch 5 done in 28.0s
  Saved best model → model/FIM_restoration_0412_stations_monthly/2015/gat-rnn-v2-windowed_bs-128_lr-0.001_maxepoch-50_testyear-2015_win-3_nwin-10_seed-0/model-5

----- Epoch 6 (windowed) -----

###### Windowed train epoch 6 overall metrics
  loss: 0.5484 rmse: 18.995 r2: 0.063 corr: 0.325
***** Epoch 6 Val (windowed) *****
  loss: 0.2556 rmse: 7.178 r2: 0.211 corr: 0.509
********************
***** Epoch 6 Test (windowed) *****
  loss: 0.2570 rmse: 15.227 r2: 0.095 corr: 0.389
********************
  Epoch 6 done in 26.8s
  Saved best model → model/FIM_restoration_0412_stations_monthly/2015/gat-rnn-v2-windowed_bs-128_lr-0.001_maxepoch-50_testyear-2015_win-3_nwin-10_seed-0/model-6

----- Epoch 7 (windowed) -----

###### Windowed train epoch 7 overall metrics
  loss: 0.5317 rmse: 19.038 r2: 0.059 corr: 0.288
***** Epoch 7 Val (windowed) *****
  loss: 0.2350 rmse: 7.191 r2: 0.208 corr: 0.513
********************
***** Epoch 7 Test (windowed) *****
  loss: 0.2469 rmse: 15.268 r2: 0.091 corr: 0.378
********************
  Epoch 7 done in 26.8s

----- Epoch 8 (windowed) -----

###### Windowed train epoch 8 overall metrics
  loss: 0.5220 rmse: 18.916 r2: 0.071 corr: 0.332
***** Epoch 8 Val (windowed) *****
  loss: 0.2466 rmse: 7.101 r2: 0.228 corr: 0.515
********************
***** Epoch 8 Test (windowed) *****
  loss: 0.2757 rmse: 15.167 r2: 0.103 corr: 0.398
********************
  Epoch 8 done in 27.4s
  Saved best model → model/FIM_restoration_0412_stations_monthly/2015/gat-rnn-v2-windowed_bs-128_lr-0.001_maxepoch-50_testyear-2015_win-3_nwin-10_seed-0/model-8

----- Epoch 9 (windowed) -----

###### Windowed train epoch 9 overall metrics
  loss: 0.5031 rmse: 19.011 r2: 0.061 corr: 0.294
***** Epoch 9 Val (windowed) *****
  loss: 0.2214 rmse: 7.137 r2: 0.220 corr: 0.530
********************
***** Epoch 9 Test (windowed) *****
  loss: 0.2354 rmse: 15.199 r2: 0.099 corr: 0.401
********************
  Epoch 9 done in 27.9s

----- Epoch 10 (windowed) -----

###### Windowed train epoch 10 overall metrics
  loss: 0.4876 rmse: 18.917 r2: 0.071 corr: 0.326
***** Epoch 10 Val (windowed) *****
  loss: 0.2161 rmse: 7.156 r2: 0.216 corr: 0.532
********************
***** Epoch 10 Test (windowed) *****
  loss: 0.2342 rmse: 15.227 r2: 0.096 corr: 0.400
********************
  Epoch 10 done in 27.4s

----- Epoch 11 (windowed) -----

###### Windowed train epoch 11 overall metrics
  loss: 0.4769 rmse: 18.861 r2: 0.076 corr: 0.335
***** Epoch 11 Val (windowed) *****
  loss: 0.2120 rmse: 7.093 r2: 0.229 corr: 0.544
********************
***** Epoch 11 Test (windowed) *****
  loss: 0.2449 rmse: 15.169 r2: 0.102 corr: 0.426
********************
  Epoch 11 done in 27.3s
  Saved best model → model/FIM_restoration_0412_stations_monthly/2015/gat-rnn-v2-windowed_bs-128_lr-0.001_maxepoch-50_testyear-2015_win-3_nwin-10_seed-0/model-11

----- Epoch 12 (windowed) -----

###### Windowed train epoch 12 overall metrics
  loss: 0.4747 rmse: 18.765 r2: 0.086 corr: 0.366
***** Epoch 12 Val (windowed) *****
  loss: 0.2063 rmse: 7.064 r2: 0.236 corr: 0.553
********************
***** Epoch 12 Test (windowed) *****
  loss: 0.2258 rmse: 15.100 r2: 0.110 corr: 0.438
********************
  Epoch 12 done in 27.9s
  Saved best model → model/FIM_restoration_0412_stations_monthly/2015/gat-rnn-v2-windowed_bs-128_lr-0.001_maxepoch-50_testyear-2015_win-3_nwin-10_seed-0/model-12

----- Epoch 13 (windowed) -----

###### Windowed train epoch 13 overall metrics
  loss: 0.4628 rmse: 18.853 r2: 0.077 corr: 0.338
***** Epoch 13 Val (windowed) *****
  loss: 0.2188 rmse: 6.959 r2: 0.258 corr: 0.543
********************
***** Epoch 13 Test (windowed) *****
  loss: 0.2427 rmse: 14.972 r2: 0.125 corr: 0.437
********************
  Epoch 13 done in 28.4s
  Saved best model → model/FIM_restoration_0412_stations_monthly/2015/gat-rnn-v2-windowed_bs-128_lr-0.001_maxepoch-50_testyear-2015_win-3_nwin-10_seed-0/model-13

----- Epoch 14 (windowed) -----

###### Windowed train epoch 14 overall metrics
  loss: 0.4520 rmse: 18.738 r2: 0.088 corr: 0.356
***** Epoch 14 Val (windowed) *****
  loss: 0.2016 rmse: 7.135 r2: 0.220 corr: 0.526
********************
***** Epoch 14 Test (windowed) *****
  loss: 0.2237 rmse: 15.207 r2: 0.098 corr: 0.401
********************
  Epoch 14 done in 28.1s

----- Epoch 15 (windowed) -----

###### Windowed train epoch 15 overall metrics
  loss: 0.4463 rmse: 18.789 r2: 0.083 corr: 0.352
***** Epoch 15 Val (windowed) *****
  loss: 0.1956 rmse: 6.976 r2: 0.255 corr: 0.553
********************
***** Epoch 15 Test (windowed) *****
  loss: 0.2168 rmse: 15.051 r2: 0.116 corr: 0.421
********************
  Epoch 15 done in 27.7s

----- Epoch 16 (windowed) -----

###### Windowed train epoch 16 overall metrics
  loss: 0.4400 rmse: 18.672 r2: 0.095 corr: 0.371
***** Epoch 16 Val (windowed) *****
  loss: 0.1985 rmse: 7.003 r2: 0.249 corr: 0.557
********************
***** Epoch 16 Test (windowed) *****
  loss: 0.2200 rmse: 15.028 r2: 0.119 corr: 0.450
********************
  Epoch 16 done in 27.7s

----- Epoch 17 (windowed) -----

###### Windowed train epoch 17 overall metrics
  loss: 0.4381 rmse: 18.625 r2: 0.099 corr: 0.382
***** Epoch 17 Val (windowed) *****
  loss: 0.1915 rmse: 6.844 r2: 0.283 corr: 0.598
********************
***** Epoch 17 Test (windowed) *****
  loss: 0.2329 rmse: 14.888 r2: 0.135 corr: 0.498
********************
  Epoch 17 done in 27.1s
  Saved best model → model/FIM_restoration_0412_stations_monthly/2015/gat-rnn-v2-windowed_bs-128_lr-0.001_maxepoch-50_testyear-2015_win-3_nwin-10_seed-0/model-17

----- Epoch 18 (windowed) -----

###### Windowed train epoch 18 overall metrics
  loss: 0.4276 rmse: 18.548 r2: 0.107 corr: 0.401
***** Epoch 18 Val (windowed) *****
  loss: 0.1875 rmse: 6.845 r2: 0.282 corr: 0.589
********************
***** Epoch 18 Test (windowed) *****
  loss: 0.2185 rmse: 14.902 r2: 0.134 corr: 0.471
********************
  Epoch 18 done in 28.3s

----- Epoch 19 (windowed) -----

###### Windowed train epoch 19 overall metrics
  loss: 0.4232 rmse: 18.486 r2: 0.113 corr: 0.408
***** Epoch 19 Val (windowed) *****
  loss: 0.1882 rmse: 6.709 r2: 0.310 corr: 0.612
********************
***** Epoch 19 Test (windowed) *****
  loss: 0.2173 rmse: 14.682 r2: 0.159 corr: 0.522
********************
  Epoch 19 done in 28.0s
  Saved best model → model/FIM_restoration_0412_stations_monthly/2015/gat-rnn-v2-windowed_bs-128_lr-0.001_maxepoch-50_testyear-2015_win-3_nwin-10_seed-0/model-19

----- Epoch 20 (windowed) -----

###### Windowed train epoch 20 overall metrics
  loss: 0.4222 rmse: 18.508 r2: 0.110 corr: 0.405
***** Epoch 20 Val (windowed) *****
  loss: 0.1965 rmse: 6.791 r2: 0.294 corr: 0.576
********************
***** Epoch 20 Test (windowed) *****
  loss: 0.2412 rmse: 14.844 r2: 0.140 corr: 0.464
********************
  Epoch 20 done in 27.7s

----- Epoch 21 (windowed) -----

###### Windowed train epoch 21 overall metrics
  loss: 0.4221 rmse: 18.456 r2: 0.115 corr: 0.407
***** Epoch 21 Val (windowed) *****
  loss: 0.1833 rmse: 6.662 r2: 0.320 corr: 0.604
********************
***** Epoch 21 Test (windowed) *****
  loss: 0.2084 rmse: 14.687 r2: 0.159 corr: 0.482
********************
  Epoch 21 done in 28.4s
  Saved best model → model/FIM_restoration_0412_stations_monthly/2015/gat-rnn-v2-windowed_bs-128_lr-0.001_maxepoch-50_testyear-2015_win-3_nwin-10_seed-0/model-21

----- Epoch 22 (windowed) -----

###### Windowed train epoch 22 overall metrics
  loss: 0.4154 rmse: 18.314 r2: 0.129 corr: 0.428
***** Epoch 22 Val (windowed) *****
  loss: 0.1829 rmse: 6.696 r2: 0.313 corr: 0.608
********************
***** Epoch 22 Test (windowed) *****
  loss: 0.2414 rmse: 14.795 r2: 0.146 corr: 0.479
********************
  Epoch 22 done in 27.7s

----- Epoch 23 (windowed) -----

###### Windowed train epoch 23 overall metrics
  loss: 0.4065 rmse: 18.216 r2: 0.138 corr: 0.452
***** Epoch 23 Val (windowed) *****
  loss: 0.1809 rmse: 6.663 r2: 0.320 corr: 0.614
********************
***** Epoch 23 Test (windowed) *****
  loss: 0.2406 rmse: 14.758 r2: 0.150 corr: 0.503
********************
  Epoch 23 done in 28.0s

----- Epoch 24 (windowed) -----

###### Windowed train epoch 24 overall metrics
  loss: 0.4071 rmse: 18.296 r2: 0.131 corr: 0.432
***** Epoch 24 Val (windowed) *****
  loss: 0.1817 rmse: 6.776 r2: 0.297 corr: 0.610
********************
***** Epoch 24 Test (windowed) *****
  loss: 0.2375 rmse: 14.898 r2: 0.134 corr: 0.492
********************
  Epoch 24 done in 28.1s

----- Epoch 25 (windowed) -----

###### Windowed train epoch 25 overall metrics
  loss: 0.4200 rmse: 18.207 r2: 0.139 corr: 0.459
***** Epoch 25 Val (windowed) *****
  loss: 0.1796 rmse: 6.654 r2: 0.322 corr: 0.610
********************
***** Epoch 25 Test (windowed) *****
  loss: 0.2100 rmse: 14.786 r2: 0.147 corr: 0.472
********************
  Epoch 25 done in 28.0s
  Saved best model → model/FIM_restoration_0412_stations_monthly/2015/gat-rnn-v2-windowed_bs-128_lr-0.001_maxepoch-50_testyear-2015_win-3_nwin-10_seed-0/model-25

----- Epoch 26 (windowed) -----

###### Windowed train epoch 26 overall metrics
  loss: 0.4038 rmse: 17.874 r2: 0.170 corr: 0.486
***** Epoch 26 Val (windowed) *****
  loss: 0.1816 rmse: 6.592 r2: 0.334 corr: 0.617
********************
***** Epoch 26 Test (windowed) *****
  loss: 0.2014 rmse: 14.650 r2: 0.163 corr: 0.494
********************
  Epoch 26 done in 27.8s
  Saved best model → model/FIM_restoration_0412_stations_monthly/2015/gat-rnn-v2-windowed_bs-128_lr-0.001_maxepoch-50_testyear-2015_win-3_nwin-10_seed-0/model-26

----- Epoch 27 (windowed) -----

###### Windowed train epoch 27 overall metrics
  loss: 0.3963 rmse: 18.171 r2: 0.142 corr: 0.437
***** Epoch 27 Val (windowed) *****
  loss: 0.2004 rmse: 6.654 r2: 0.322 corr: 0.614
********************
***** Epoch 27 Test (windowed) *****
  loss: 0.3004 rmse: 14.819 r2: 0.143 corr: 0.485
********************
  Epoch 27 done in 27.3s

----- Epoch 28 (windowed) -----

###### Windowed train epoch 28 overall metrics
  loss: 0.3953 rmse: 17.845 r2: 0.173 corr: 0.504
***** Epoch 28 Val (windowed) *****
  loss: 0.1766 rmse: 6.626 r2: 0.327 corr: 0.628
********************
***** Epoch 28 Test (windowed) *****
  loss: 0.2012 rmse: 14.669 r2: 0.161 corr: 0.526
********************
  Epoch 28 done in 28.1s

----- Epoch 29 (windowed) -----

###### Windowed train epoch 29 overall metrics
  loss: 0.3865 rmse: 18.202 r2: 0.140 corr: 0.439
***** Epoch 29 Val (windowed) *****
  loss: 0.1763 rmse: 6.485 r2: 0.356 corr: 0.628
********************
***** Epoch 29 Test (windowed) *****
  loss: 0.2173 rmse: 14.510 r2: 0.179 corr: 0.523
********************
  Epoch 29 done in 28.3s
  Saved best model → model/FIM_restoration_0412_stations_monthly/2015/gat-rnn-v2-windowed_bs-128_lr-0.001_maxepoch-50_testyear-2015_win-3_nwin-10_seed-0/model-29

----- Epoch 30 (windowed) -----

###### Windowed train epoch 30 overall metrics
  loss: 0.3856 rmse: 17.849 r2: 0.173 corr: 0.486
***** Epoch 30 Val (windowed) *****
  loss: 0.1723 rmse: 6.527 r2: 0.347 corr: 0.634
********************
***** Epoch 30 Test (windowed) *****
  loss: 0.2034 rmse: 14.547 r2: 0.174 corr: 0.529
********************
  Epoch 30 done in 28.2s

----- Epoch 31 (windowed) -----

###### Windowed train epoch 31 overall metrics
  loss: 0.3826 rmse: 17.707 r2: 0.186 corr: 0.505
***** Epoch 31 Val (windowed) *****
  loss: 0.1734 rmse: 6.622 r2: 0.328 corr: 0.628
********************
***** Epoch 31 Test (windowed) *****
  loss: 0.2397 rmse: 14.710 r2: 0.156 corr: 0.515
********************
  Epoch 31 done in 27.2s

----- Epoch 32 (windowed) -----

###### Windowed train epoch 32 overall metrics
  loss: 0.3800 rmse: 17.516 r2: 0.203 corr: 0.509
***** Epoch 32 Val (windowed) *****
  loss: 0.1729 rmse: 6.590 r2: 0.335 corr: 0.629
********************
***** Epoch 32 Test (windowed) *****
  loss: 0.2551 rmse: 14.691 r2: 0.158 corr: 0.524
********************
  Epoch 32 done in 27.4s

----- Epoch 33 (windowed) -----

###### Windowed train epoch 33 overall metrics
  loss: 0.3762 rmse: 17.799 r2: 0.177 corr: 0.487
***** Epoch 33 Val (windowed) *****
  loss: 0.2067 rmse: 6.408 r2: 0.371 corr: 0.639
********************
***** Epoch 33 Test (windowed) *****
  loss: 0.3266 rmse: 14.542 r2: 0.175 corr: 0.528
********************
  Epoch 33 done in 27.2s
  Saved best model → model/FIM_restoration_0412_stations_monthly/2015/gat-rnn-v2-windowed_bs-128_lr-0.001_maxepoch-50_testyear-2015_win-3_nwin-10_seed-0/model-33

----- Epoch 34 (windowed) -----

###### Windowed train epoch 34 overall metrics
  loss: 0.3725 rmse: 17.224 r2: 0.230 corr: 0.565
***** Epoch 34 Val (windowed) *****
  loss: 0.1648 rmse: 6.381 r2: 0.376 corr: 0.630
********************
***** Epoch 34 Test (windowed) *****
  loss: 0.2249 rmse: 14.332 r2: 0.199 corr: 0.523
********************
  Epoch 34 done in 27.2s
  Saved best model → model/FIM_restoration_0412_stations_monthly/2015/gat-rnn-v2-windowed_bs-128_lr-0.001_maxepoch-50_testyear-2015_win-3_nwin-10_seed-0/model-34

----- Epoch 35 (windowed) -----

###### Windowed train epoch 35 overall metrics
  loss: 0.3705 rmse: 17.832 r2: 0.174 corr: 0.487
***** Epoch 35 Val (windowed) *****
  loss: 0.1659 rmse: 6.422 r2: 0.368 corr: 0.636
********************
***** Epoch 35 Test (windowed) *****
  loss: 0.2001 rmse: 14.353 r2: 0.196 corr: 0.539
********************
  Epoch 35 done in 27.2s

----- Epoch 36 (windowed) -----

###### Windowed train epoch 36 overall metrics
  loss: 0.3668 rmse: 17.778 r2: 0.179 corr: 0.465
***** Epoch 36 Val (windowed) *****
  loss: 0.1772 rmse: 6.338 r2: 0.385 corr: 0.646
********************
***** Epoch 36 Test (windowed) *****
  loss: 0.2587 rmse: 14.414 r2: 0.189 corr: 0.526
********************
  Epoch 36 done in 27.0s
  Saved best model → model/FIM_restoration_0412_stations_monthly/2015/gat-rnn-v2-windowed_bs-128_lr-0.001_maxepoch-50_testyear-2015_win-3_nwin-10_seed-0/model-36

----- Epoch 37 (windowed) -----

###### Windowed train epoch 37 overall metrics
  loss: 0.3700 rmse: 17.718 r2: 0.185 corr: 0.486
***** Epoch 37 Val (windowed) *****
  loss: 0.1631 rmse: 6.482 r2: 0.356 corr: 0.635
********************
***** Epoch 37 Test (windowed) *****
  loss: 0.2095 rmse: 14.504 r2: 0.179 corr: 0.513
********************
  Epoch 37 done in 27.3s

----- Epoch 38 (windowed) -----

###### Windowed train epoch 38 overall metrics
  loss: 0.3621 rmse: 17.563 r2: 0.199 corr: 0.524
***** Epoch 38 Val (windowed) *****
  loss: 0.1642 rmse: 6.465 r2: 0.360 corr: 0.646
********************
***** Epoch 38 Test (windowed) *****
  loss: 0.2147 rmse: 14.516 r2: 0.178 corr: 0.531
********************
  Epoch 38 done in 27.2s

----- Epoch 39 (windowed) -----

###### Windowed train epoch 39 overall metrics
  loss: 0.3594 rmse: 17.667 r2: 0.189 corr: 0.512
***** Epoch 39 Val (windowed) *****
  loss: 0.1644 rmse: 6.472 r2: 0.358 corr: 0.643
********************
***** Epoch 39 Test (windowed) *****
  loss: 0.2456 rmse: 14.527 r2: 0.177 corr: 0.518
********************
  Epoch 39 done in 28.4s

----- Epoch 40 (windowed) -----

###### Windowed train epoch 40 overall metrics
  loss: 0.3547 rmse: 17.479 r2: 0.207 corr: 0.514
***** Epoch 40 Val (windowed) *****
  loss: 0.1606 rmse: 6.343 r2: 0.384 corr: 0.649
********************
***** Epoch 40 Test (windowed) *****
  loss: 0.2335 rmse: 14.307 r2: 0.201 corr: 0.554
********************
  Epoch 40 done in 27.4s

----- Epoch 41 (windowed) -----

###### Windowed train epoch 41 overall metrics
  loss: 0.3527 rmse: 17.933 r2: 0.165 corr: 0.450
***** Epoch 41 Val (windowed) *****
  loss: 0.1578 rmse: 6.391 r2: 0.374 corr: 0.640
********************
***** Epoch 41 Test (windowed) *****
  loss: 0.1942 rmse: 14.363 r2: 0.195 corr: 0.544
********************
  Epoch 41 done in 27.6s

----- Epoch 42 (windowed) -----

###### Windowed train epoch 42 overall metrics
  loss: 0.3503 rmse: 17.460 r2: 0.208 corr: 0.529
***** Epoch 42 Val (windowed) *****
  loss: 0.1549 rmse: 6.361 r2: 0.380 corr: 0.652
********************
***** Epoch 42 Test (windowed) *****
  loss: 0.2211 rmse: 14.240 r2: 0.209 corr: 0.579
********************
  Epoch 42 done in 28.6s

----- Epoch 43 (windowed) -----

###### Windowed train epoch 43 overall metrics
  loss: 0.3462 rmse: 17.477 r2: 0.207 corr: 0.530
***** Epoch 43 Val (windowed) *****
  loss: 0.1538 rmse: 6.426 r2: 0.367 corr: 0.644
********************
***** Epoch 43 Test (windowed) *****
  loss: 0.2046 rmse: 14.437 r2: 0.187 corr: 0.530
********************
  Epoch 43 done in 28.5s

----- Epoch 44 (windowed) -----

###### Windowed train epoch 44 overall metrics
  loss: 0.3477 rmse: 17.752 r2: 0.182 corr: 0.489
***** Epoch 44 Val (windowed) *****
  loss: 0.1619 rmse: 6.344 r2: 0.383 corr: 0.655
********************
***** Epoch 44 Test (windowed) *****
  loss: 0.2783 rmse: 14.420 r2: 0.189 corr: 0.542
********************
  Epoch 44 done in 28.3s

----- Epoch 45 (windowed) -----

###### Windowed train epoch 45 overall metrics
  loss: 0.3454 rmse: 17.621 r2: 0.194 corr: 0.481
***** Epoch 45 Val (windowed) *****
  loss: 0.1539 rmse: 6.505 r2: 0.352 corr: 0.644
********************
***** Epoch 45 Test (windowed) *****
  loss: 0.2234 rmse: 14.624 r2: 0.166 corr: 0.533
********************
  Epoch 45 done in 28.7s

----- Epoch 46 (windowed) -----

###### Windowed train epoch 46 overall metrics
  loss: 0.3445 rmse: 17.432 r2: 0.211 corr: 0.524
***** Epoch 46 Val (windowed) *****
  loss: 0.1563 rmse: 6.531 r2: 0.347 corr: 0.653
********************
***** Epoch 46 Test (windowed) *****
  loss: 0.1961 rmse: 14.659 r2: 0.162 corr: 0.517
********************
  Epoch 46 done in 28.0s

----- Epoch 47 (windowed) -----

###### Windowed train epoch 47 overall metrics
  loss: 0.3387 rmse: 17.555 r2: 0.200 corr: 0.518
***** Epoch 47 Val (windowed) *****
  loss: 0.1512 rmse: 6.434 r2: 0.366 corr: 0.642
********************
***** Epoch 47 Test (windowed) *****
  loss: 0.2108 rmse: 14.470 r2: 0.183 corr: 0.524
********************
  Epoch 47 done in 27.9s

----- Epoch 48 (windowed) -----

###### Windowed train epoch 48 overall metrics
  loss: 0.3352 rmse: 17.780 r2: 0.179 corr: 0.480
***** Epoch 48 Val (windowed) *****
  loss: 0.1502 rmse: 6.328 r2: 0.387 corr: 0.665
********************
***** Epoch 48 Test (windowed) *****
  loss: 0.1891 rmse: 14.255 r2: 0.207 corr: 0.585
********************
  Epoch 48 done in 27.4s
  Saved best model → model/FIM_restoration_0412_stations_monthly/2015/gat-rnn-v2-windowed_bs-128_lr-0.001_maxepoch-50_testyear-2015_win-3_nwin-10_seed-0/model-48

----- Epoch 49 (windowed) -----

###### Windowed train epoch 49 overall metrics
  loss: 0.3337 rmse: 17.619 r2: 0.194 corr: 0.496
***** Epoch 49 Val (windowed) *****
  loss: 0.1488 rmse: 6.192 r2: 0.413 corr: 0.668
********************
***** Epoch 49 Test (windowed) *****
  loss: 0.2089 rmse: 14.174 r2: 0.216 corr: 0.570
********************
  Epoch 49 done in 28.3s
  Saved best model → model/FIM_restoration_0412_stations_monthly/2015/gat-rnn-v2-windowed_bs-128_lr-0.001_maxepoch-50_testyear-2015_win-3_nwin-10_seed-0/model-49
Fold done — best val RMSE=6.1921 test R²=0.2163 corr=0.5699

================================================================
Rolling-windowed  test_year=2016
  Val  : 2015
  Test : 2016
  win_size=3  n_windows=10
================================================================
Initially data (54319, 166)
After filtering (37796, 166)
get_X_Y
X shape (37796, 130)
Y shape (37796, 34)
Y (output) means tensor([[0.1462, 0.0125, 0.2567, 0.1512, 0.0174, 0.0629, 0.1632, 0.6640, 0.9154,
         0.0232, 0.0453, 0.0111, 0.0795, 0.1419, 1.0214, 0.9919, 0.3477, 0.3881,
         0.8983, 0.3736, 0.1846, 0.2185, 0.4312, 0.1803, 0.4072, 0.4617, 0.2843,
         0.6617, 0.5230, 0.1493, 0.2824, 0.1074, 0.1294, 0.1327]]) stds tensor([[0.4778, 0.1387, 0.6312, 0.5601, 0.1581, 0.3051, 0.5219, 1.4517, 1.6439,
         0.1927, 0.2901, 0.1418, 0.4227, 0.4495, 2.0968, 1.6538, 0.8553, 1.1631,
         1.6297, 0.9007, 0.5240, 0.6833, 1.1089, 0.6009, 0.9870, 1.0222, 0.7183,
         1.4133, 1.0533, 0.4423, 0.8451, 0.3440, 0.3932, 0.3762]])
Y count-scale means tensor([[4.8859e-01, 3.5833e-02, 9.9997e-01, 7.9858e-01, 4.8727e-02, 2.0843e-01,
         6.0113e-01, 1.4472e+01, 3.3015e+01, 7.1756e-02, 1.8603e-01, 3.7722e-02,
         5.4277e-01, 4.2388e-01, 2.3974e+02, 2.0613e+01, 2.6390e+00, 1.4084e+01,
         2.7483e+01, 2.8620e+00, 5.9036e-01, 1.5705e+00, 8.1430e+00, 1.7214e+00,
         3.4179e+00, 3.9326e+00, 1.3055e+00, 3.3383e+01, 6.3005e+00, 4.2967e-01,
         3.1852e+00, 2.2789e-01, 3.0358e-01, 2.7662e-01]]) stds tensor([[3.3335e+00, 6.3231e-01, 6.0218e+00, 6.3010e+00, 9.4810e-01, 3.8696e+00,
         3.8595e+00, 7.2372e+01, 2.4703e+02, 1.0285e+00, 2.5689e+00, 7.0265e-01,
         8.9316e+00, 2.6903e+00, 2.8009e+03, 8.8395e+01, 1.9210e+01, 1.6780e+02,
         2.2804e+02, 1.7053e+01, 3.1004e+00, 2.2580e+01, 8.4174e+01, 4.9503e+01,
         1.6421e+01, 2.1866e+01, 7.0309e+00, 9.1440e+02, 7.6852e+01, 4.6832e+00,
         2.7588e+01, 1.0161e+00, 1.4205e+00, 1.0908e+00]])
Loaded per-window (calendar) month weights from analysis/figures/month_weights_per_window.npz: cube.shape=(25, 12, 34)
/Users/liyingnceas/GitHub/GNN-RNN-main/gnn-lstm-v3/utils/data_utils.py:264: RuntimeWarning: Mean of empty slice
  np.nanmean(county_dict[county], axis=0).astype(np.float32)
Filled 95850 missing (node, year) entries from neighbors or year averages
[2D] Station nodes: 596, adj nnz: 2980
[build_year_XY_windowed] data_start=1998, min_pred_year=2009, test_year=2016, win_size=3, n_windows=10
  built windows for T=2009
  built windows for T=2014
[build_year_XY_windowed] built windowed XY for 8 prediction years (2009–2016)
  GAT_RNN_V2: edge_feat_dim=3, n_heads=4, n_hidden=64
  [Bayes] Species rarity weights (mean=1): min=0.70 max=1.69  (rarest=Archosargus probatocephalus_R)
  [CrossDonor] Ecological cross-donor map (9 recipients):
    Centropomus undecimalis_A  <-  ['Cynoscion nebulosus_R', 'Cynoscion nebulosus_A']
    Centropomus undecimalis_SA  <-  ['Cynoscion nebulosus_R', 'Centropomus undecimalis_A']
    Sciaenops ocellatus_R  <-  ['Cynoscion nebulosus_R', 'Cynoscion nebulosus_A']
    Sciaenops ocellatus_SA  <-  ['Cynoscion nebulosus_R', 'Cynoscion nebulosus_A']
    Cynoscion nebulosus_A  <-  ['Cynoscion nebulosus_R', 'Lagodon rhomboides_A']
    Mycteroperca microlepis_SA  <-  ['Lutjanus griseus_SA', 'Lutjanus griseus_R']
    Lutjanus griseus_R  <-  ['Archosargus probatocephalus_A', 'Lutjanus griseus_SA']
    Lutjanus griseus_SA  <-  ['Archosargus probatocephalus_A']
    Archosargus probatocephalus_R  <-  ['Archosargus probatocephalus_A', 'Lagodon rhomboides_A']
  [BayesTransferMapped] 9 recipient → donor mappings:
    recipient   3 <- donors [6, 5]
    recipient   4 <- donors [6, 3]
    recipient  12 <- donors [6, 5]
    recipient  13 <- donors [6, 5]
    recipient   5 <- donors [6, 7]
    recipient  11 <- donors [10, 9]
    recipient   9 <- donors [0, 10]
    recipient  10 <- donors [0]
    recipient   1 <- donors [0, 7]
  [BayesTransferMapped] transfer_prior_std=0.600  warmstart_alpha=0.25

----- Epoch 0 (windowed) -----

###### Windowed train epoch 0 overall metrics
  loss: 0.7762 rmse: 19.001 r2: 0.004 corr: 0.097
***** Epoch 0 Val (windowed) *****
  loss: 0.3373 rmse: 15.854 r2: 0.010 corr: 0.161
********************
***** Epoch 0 Test (windowed) *****
  loss: 0.3399 rmse: 15.657 r2: 0.010 corr: 0.167
********************
  Epoch 0 done in 32.1s
  Saved best model → model/FIM_restoration_0412_stations_monthly/2016/gat-rnn-v2-windowed_bs-128_lr-0.001_maxepoch-50_testyear-2016_win-3_nwin-10_seed-0/model-0

----- Epoch 1 (windowed) -----

###### Windowed train epoch 1 overall metrics
  loss: 0.6803 rmse: 18.933 r2: 0.011 corr: 0.136
***** Epoch 1 Val (windowed) *****
  loss: 0.3023 rmse: 15.767 r2: 0.021 corr: 0.201
********************
***** Epoch 1 Test (windowed) *****
  loss: 0.3048 rmse: 15.561 r2: 0.022 corr: 0.214
********************
  Epoch 1 done in 31.0s
  Saved best model → model/FIM_restoration_0412_stations_monthly/2016/gat-rnn-v2-windowed_bs-128_lr-0.001_maxepoch-50_testyear-2016_win-3_nwin-10_seed-0/model-1

----- Epoch 2 (windowed) -----

###### Windowed train epoch 2 overall metrics
  loss: 0.6400 rmse: 18.859 r2: 0.019 corr: 0.185
***** Epoch 2 Val (windowed) *****
  loss: 0.2874 rmse: 15.645 r2: 0.036 corr: 0.257
********************
***** Epoch 2 Test (windowed) *****
  loss: 0.2917 rmse: 15.429 r2: 0.039 corr: 0.272
********************
  Epoch 2 done in 32.2s
  Saved best model → model/FIM_restoration_0412_stations_monthly/2016/gat-rnn-v2-windowed_bs-128_lr-0.001_maxepoch-50_testyear-2016_win-3_nwin-10_seed-0/model-2

----- Epoch 3 (windowed) -----

###### Windowed train epoch 3 overall metrics
  loss: 0.6088 rmse: 18.746 r2: 0.031 corr: 0.229
***** Epoch 3 Val (windowed) *****
  loss: 0.2706 rmse: 15.475 r2: 0.057 corr: 0.305
********************
***** Epoch 3 Test (windowed) *****
  loss: 0.2810 rmse: 15.247 r2: 0.062 corr: 0.321
********************
  Epoch 3 done in 31.9s
  Saved best model → model/FIM_restoration_0412_stations_monthly/2016/gat-rnn-v2-windowed_bs-128_lr-0.001_maxepoch-50_testyear-2016_win-3_nwin-10_seed-0/model-3

----- Epoch 4 (windowed) -----

###### Windowed train epoch 4 overall metrics
  loss: 0.5806 rmse: 18.650 r2: 0.041 corr: 0.256
***** Epoch 4 Val (windowed) *****
  loss: 0.2832 rmse: 15.417 r2: 0.064 corr: 0.292
********************
***** Epoch 4 Test (windowed) *****
  loss: 0.3018 rmse: 15.179 r2: 0.070 corr: 0.313
********************
  Epoch 4 done in 31.6s
  Saved best model → model/FIM_restoration_0412_stations_monthly/2016/gat-rnn-v2-windowed_bs-128_lr-0.001_maxepoch-50_testyear-2016_win-3_nwin-10_seed-0/model-4

----- Epoch 5 (windowed) -----

###### Windowed train epoch 5 overall metrics
  loss: 0.5635 rmse: 18.578 r2: 0.048 corr: 0.271
***** Epoch 5 Val (windowed) *****
  loss: 0.2683 rmse: 15.392 r2: 0.067 corr: 0.355
********************
***** Epoch 5 Test (windowed) *****
  loss: 0.2640 rmse: 15.107 r2: 0.079 corr: 0.383
********************
  Epoch 5 done in 31.7s
  Saved best model → model/FIM_restoration_0412_stations_monthly/2016/gat-rnn-v2-windowed_bs-128_lr-0.001_maxepoch-50_testyear-2016_win-3_nwin-10_seed-0/model-5

----- Epoch 6 (windowed) -----

###### Windowed train epoch 6 overall metrics
  loss: 0.5418 rmse: 18.514 r2: 0.055 corr: 0.295
***** Epoch 6 Val (windowed) *****
  loss: 0.2573 rmse: 15.318 r2: 0.076 corr: 0.356
********************
***** Epoch 6 Test (windowed) *****
  loss: 0.2602 rmse: 15.004 r2: 0.091 corr: 0.389
********************
  Epoch 6 done in 31.6s
  Saved best model → model/FIM_restoration_0412_stations_monthly/2016/gat-rnn-v2-windowed_bs-128_lr-0.001_maxepoch-50_testyear-2016_win-3_nwin-10_seed-0/model-6

----- Epoch 7 (windowed) -----

###### Windowed train epoch 7 overall metrics
  loss: 0.5202 rmse: 18.488 r2: 0.057 corr: 0.289
***** Epoch 7 Val (windowed) *****
  loss: 0.2399 rmse: 15.238 r2: 0.086 corr: 0.368
********************
***** Epoch 7 Test (windowed) *****
  loss: 0.2486 rmse: 14.894 r2: 0.105 corr: 0.398
********************
  Epoch 7 done in 32.1s
  Saved best model → model/FIM_restoration_0412_stations_monthly/2016/gat-rnn-v2-windowed_bs-128_lr-0.001_maxepoch-50_testyear-2016_win-3_nwin-10_seed-0/model-7

----- Epoch 8 (windowed) -----

###### Windowed train epoch 8 overall metrics
  loss: 0.5024 rmse: 18.457 r2: 0.060 corr: 0.297
***** Epoch 8 Val (windowed) *****
  loss: 0.2299 rmse: 15.181 r2: 0.093 corr: 0.368
********************
***** Epoch 8 Test (windowed) *****
  loss: 0.2415 rmse: 14.830 r2: 0.112 corr: 0.402
********************
  Epoch 8 done in 31.5s
  Saved best model → model/FIM_restoration_0412_stations_monthly/2016/gat-rnn-v2-windowed_bs-128_lr-0.001_maxepoch-50_testyear-2016_win-3_nwin-10_seed-0/model-8

----- Epoch 9 (windowed) -----

###### Windowed train epoch 9 overall metrics
  loss: 0.4896 rmse: 18.393 r2: 0.067 corr: 0.313
***** Epoch 9 Val (windowed) *****
  loss: 0.2325 rmse: 15.240 r2: 0.085 corr: 0.394
********************
***** Epoch 9 Test (windowed) *****
  loss: 0.2423 rmse: 14.902 r2: 0.104 corr: 0.436
********************
  Epoch 9 done in 31.1s

----- Epoch 10 (windowed) -----

###### Windowed train epoch 10 overall metrics
  loss: 0.4755 rmse: 18.386 r2: 0.068 corr: 0.313
***** Epoch 10 Val (windowed) *****
  loss: 0.2279 rmse: 15.064 r2: 0.106 corr: 0.387
********************
***** Epoch 10 Test (windowed) *****
  loss: 0.2683 rmse: 14.727 r2: 0.124 corr: 0.427
********************
  Epoch 10 done in 30.9s
  Saved best model → model/FIM_restoration_0412_stations_monthly/2016/gat-rnn-v2-windowed_bs-128_lr-0.001_maxepoch-50_testyear-2016_win-3_nwin-10_seed-0/model-10

----- Epoch 11 (windowed) -----

###### Windowed train epoch 11 overall metrics
  loss: 0.4686 rmse: 18.323 r2: 0.074 corr: 0.322
***** Epoch 11 Val (windowed) *****
  loss: 0.2120 rmse: 15.119 r2: 0.100 corr: 0.392
********************
***** Epoch 11 Test (windowed) *****
  loss: 0.2470 rmse: 14.789 r2: 0.117 corr: 0.426
********************
  Epoch 11 done in 31.0s

----- Epoch 12 (windowed) -----

###### Windowed train epoch 12 overall metrics
  loss: 0.4593 rmse: 18.267 r2: 0.080 corr: 0.335
***** Epoch 12 Val (windowed) *****
  loss: 0.2589 rmse: 15.275 r2: 0.081 corr: 0.408
********************
***** Epoch 12 Test (windowed) *****
  loss: 0.2340 rmse: 14.883 r2: 0.106 corr: 0.458
********************
  Epoch 12 done in 30.7s

----- Epoch 13 (windowed) -----

###### Windowed train epoch 13 overall metrics
  loss: 0.4666 rmse: 18.354 r2: 0.071 corr: 0.315
***** Epoch 13 Val (windowed) *****
  loss: 0.2085 rmse: 15.047 r2: 0.108 corr: 0.414
********************
***** Epoch 13 Test (windowed) *****
  loss: 0.2337 rmse: 14.716 r2: 0.126 corr: 0.451
********************
  Epoch 13 done in 30.8s
  Saved best model → model/FIM_restoration_0412_stations_monthly/2016/gat-rnn-v2-windowed_bs-128_lr-0.001_maxepoch-50_testyear-2016_win-3_nwin-10_seed-0/model-13

----- Epoch 14 (windowed) -----

###### Windowed train epoch 14 overall metrics
  loss: 0.4451 rmse: 18.213 r2: 0.085 corr: 0.343
***** Epoch 14 Val (windowed) *****
  loss: 0.1972 rmse: 14.924 r2: 0.123 corr: 0.421
********************
***** Epoch 14 Test (windowed) *****
  loss: 0.2401 rmse: 14.578 r2: 0.142 corr: 0.449
********************
  Epoch 14 done in 31.1s
  Saved best model → model/FIM_restoration_0412_stations_monthly/2016/gat-rnn-v2-windowed_bs-128_lr-0.001_maxepoch-50_testyear-2016_win-3_nwin-10_seed-0/model-14

----- Epoch 15 (windowed) -----

###### Windowed train epoch 15 overall metrics
  loss: 0.4363 rmse: 18.191 r2: 0.087 corr: 0.353
***** Epoch 15 Val (windowed) *****
  loss: 0.1947 rmse: 14.973 r2: 0.117 corr: 0.420
********************
***** Epoch 15 Test (windowed) *****
  loss: 0.2323 rmse: 14.639 r2: 0.135 corr: 0.453
********************
  Epoch 15 done in 31.1s

----- Epoch 16 (windowed) -----

###### Windowed train epoch 16 overall metrics
  loss: 0.4303 rmse: 18.197 r2: 0.087 corr: 0.346
***** Epoch 16 Val (windowed) *****
  loss: 0.2000 rmse: 14.934 r2: 0.122 corr: 0.438
********************
***** Epoch 16 Test (windowed) *****
  loss: 0.2193 rmse: 14.561 r2: 0.144 corr: 0.471
********************
  Epoch 16 done in 31.4s

----- Epoch 17 (windowed) -----

###### Windowed train epoch 17 overall metrics
  loss: 0.4226 rmse: 18.076 r2: 0.099 corr: 0.373
***** Epoch 17 Val (windowed) *****
  loss: 0.1896 rmse: 14.677 r2: 0.152 corr: 0.481
********************
***** Epoch 17 Test (windowed) *****
  loss: 0.2248 rmse: 14.291 r2: 0.176 corr: 0.513
********************
  Epoch 17 done in 32.5s
  Saved best model → model/FIM_restoration_0412_stations_monthly/2016/gat-rnn-v2-windowed_bs-128_lr-0.001_maxepoch-50_testyear-2016_win-3_nwin-10_seed-0/model-17

----- Epoch 18 (windowed) -----

###### Windowed train epoch 18 overall metrics
  loss: 0.4221 rmse: 18.133 r2: 0.093 corr: 0.364
***** Epoch 18 Val (windowed) *****
  loss: 0.1882 rmse: 14.712 r2: 0.148 corr: 0.466
********************
***** Epoch 18 Test (windowed) *****
  loss: 0.2260 rmse: 14.344 r2: 0.169 corr: 0.499
********************
  Epoch 18 done in 32.7s

----- Epoch 19 (windowed) -----

###### Windowed train epoch 19 overall metrics
  loss: 0.4259 rmse: 18.155 r2: 0.091 corr: 0.349
***** Epoch 19 Val (windowed) *****
  loss: 0.1912 rmse: 14.759 r2: 0.142 corr: 0.461
********************
***** Epoch 19 Test (windowed) *****
  loss: 0.2234 rmse: 14.444 r2: 0.158 corr: 0.485
********************
  Epoch 19 done in 31.3s

----- Epoch 20 (windowed) -----

###### Windowed train epoch 20 overall metrics
  loss: 0.4193 rmse: 18.153 r2: 0.091 corr: 0.351
***** Epoch 20 Val (windowed) *****
  loss: 0.1886 rmse: 14.871 r2: 0.129 corr: 0.462
********************
***** Epoch 20 Test (windowed) *****
  loss: 0.2287 rmse: 14.600 r2: 0.140 corr: 0.475
********************
  Epoch 20 done in 30.9s

----- Epoch 21 (windowed) -----

###### Windowed train epoch 21 overall metrics
  loss: 0.4066 rmse: 18.045 r2: 0.102 corr: 0.371
***** Epoch 21 Val (windowed) *****
  loss: 0.1901 rmse: 14.664 r2: 0.153 corr: 0.506
********************
***** Epoch 21 Test (windowed) *****
  loss: 0.2115 rmse: 14.307 r2: 0.174 corr: 0.532
********************
  Epoch 21 done in 32.1s
  Saved best model → model/FIM_restoration_0412_stations_monthly/2016/gat-rnn-v2-windowed_bs-128_lr-0.001_maxepoch-50_testyear-2016_win-3_nwin-10_seed-0/model-21

----- Epoch 22 (windowed) -----

###### Windowed train epoch 22 overall metrics
  loss: 0.4050 rmse: 17.903 r2: 0.116 corr: 0.400
***** Epoch 22 Val (windowed) *****
  loss: 0.1991 rmse: 14.702 r2: 0.149 corr: 0.496
********************
***** Epoch 22 Test (windowed) *****
  loss: 0.2135 rmse: 14.372 r2: 0.166 corr: 0.515
********************
  Epoch 22 done in 31.9s

----- Epoch 23 (windowed) -----

###### Windowed train epoch 23 overall metrics
  loss: 0.3995 rmse: 18.013 r2: 0.105 corr: 0.377
***** Epoch 23 Val (windowed) *****
  loss: 0.1961 rmse: 14.570 r2: 0.164 corr: 0.520
********************
***** Epoch 23 Test (windowed) *****
  loss: 0.2113 rmse: 14.213 r2: 0.184 corr: 0.536
********************
  Epoch 23 done in 32.3s
  Saved best model → model/FIM_restoration_0412_stations_monthly/2016/gat-rnn-v2-windowed_bs-128_lr-0.001_maxepoch-50_testyear-2016_win-3_nwin-10_seed-0/model-23

----- Epoch 24 (windowed) -----

###### Windowed train epoch 24 overall metrics
  loss: 0.3978 rmse: 18.006 r2: 0.106 corr: 0.376
***** Epoch 24 Val (windowed) *****
  loss: 0.1771 rmse: 14.495 r2: 0.173 corr: 0.529
********************
***** Epoch 24 Test (windowed) *****
  loss: 0.2174 rmse: 14.190 r2: 0.187 corr: 0.546
********************
  Epoch 24 done in 32.0s
  Saved best model → model/FIM_restoration_0412_stations_monthly/2016/gat-rnn-v2-windowed_bs-128_lr-0.001_maxepoch-50_testyear-2016_win-3_nwin-10_seed-0/model-24

----- Epoch 25 (windowed) -----

###### Windowed train epoch 25 overall metrics
  loss: 0.3893 rmse: 17.762 r2: 0.130 corr: 0.436
***** Epoch 25 Val (windowed) *****
  loss: 0.1744 rmse: 14.781 r2: 0.140 corr: 0.499
********************
***** Epoch 25 Test (windowed) *****
  loss: 0.2082 rmse: 14.487 r2: 0.153 corr: 0.499
********************
  Epoch 25 done in 33.0s

----- Epoch 26 (windowed) -----

###### Windowed train epoch 26 overall metrics
  loss: 0.3892 rmse: 17.725 r2: 0.133 corr: 0.431
***** Epoch 26 Val (windowed) *****
  loss: 0.1945 rmse: 14.753 r2: 0.143 corr: 0.486
********************
***** Epoch 26 Test (windowed) *****
  loss: 0.2089 rmse: 14.448 r2: 0.157 corr: 0.491
********************
  Epoch 26 done in 31.7s

----- Epoch 27 (windowed) -----

###### Windowed train epoch 27 overall metrics
  loss: 0.3904 rmse: 17.765 r2: 0.130 corr: 0.430
***** Epoch 27 Val (windowed) *****
  loss: 0.1773 rmse: 14.488 r2: 0.173 corr: 0.507
********************
***** Epoch 27 Test (windowed) *****
  loss: 0.2173 rmse: 14.197 r2: 0.186 corr: 0.511
********************
  Epoch 27 done in 31.9s
  Saved best model → model/FIM_restoration_0412_stations_monthly/2016/gat-rnn-v2-windowed_bs-128_lr-0.001_maxepoch-50_testyear-2016_win-3_nwin-10_seed-0/model-27

----- Epoch 28 (windowed) -----

###### Windowed train epoch 28 overall metrics
  loss: 0.3750 rmse: 17.533 r2: 0.152 corr: 0.465
***** Epoch 28 Val (windowed) *****
  loss: 0.1675 rmse: 14.333 r2: 0.191 corr: 0.547
********************
***** Epoch 28 Test (windowed) *****
  loss: 0.2180 rmse: 14.070 r2: 0.201 corr: 0.551
********************
  Epoch 28 done in 32.1s
  Saved best model → model/FIM_restoration_0412_stations_monthly/2016/gat-rnn-v2-windowed_bs-128_lr-0.001_maxepoch-50_testyear-2016_win-3_nwin-10_seed-0/model-28

----- Epoch 29 (windowed) -----

###### Windowed train epoch 29 overall metrics
  loss: 0.3763 rmse: 17.466 r2: 0.159 corr: 0.472
***** Epoch 29 Val (windowed) *****
  loss: 0.1664 rmse: 14.670 r2: 0.153 corr: 0.500
********************
***** Epoch 29 Test (windowed) *****
  loss: 0.2129 rmse: 14.446 r2: 0.158 corr: 0.484
********************
  Epoch 29 done in 31.9s

----- Epoch 30 (windowed) -----

###### Windowed train epoch 30 overall metrics
  loss: 0.3659 rmse: 17.380 r2: 0.167 corr: 0.473
***** Epoch 30 Val (windowed) *****
  loss: 0.1645 rmse: 14.536 r2: 0.168 corr: 0.539
********************
***** Epoch 30 Test (windowed) *****
  loss: 0.2109 rmse: 14.221 r2: 0.184 corr: 0.543
********************
  Epoch 30 done in 32.2s

----- Epoch 31 (windowed) -----

###### Windowed train epoch 31 overall metrics
  loss: 0.3615 rmse: 17.556 r2: 0.150 corr: 0.466
***** Epoch 31 Val (windowed) *****
  loss: 0.1692 rmse: 14.257 r2: 0.200 corr: 0.581
********************
***** Epoch 31 Test (windowed) *****
  loss: 0.2226 rmse: 14.039 r2: 0.204 corr: 0.563
********************
  Epoch 31 done in 32.0s
  Saved best model → model/FIM_restoration_0412_stations_monthly/2016/gat-rnn-v2-windowed_bs-128_lr-0.001_maxepoch-50_testyear-2016_win-3_nwin-10_seed-0/model-31

----- Epoch 32 (windowed) -----

###### Windowed train epoch 32 overall metrics
  loss: 0.3599 rmse: 17.638 r2: 0.142 corr: 0.432
***** Epoch 32 Val (windowed) *****
  loss: 0.1604 rmse: 14.185 r2: 0.208 corr: 0.569
********************
***** Epoch 32 Test (windowed) *****
  loss: 0.2125 rmse: 14.006 r2: 0.208 corr: 0.537
********************
  Epoch 32 done in 32.1s
  Saved best model → model/FIM_restoration_0412_stations_monthly/2016/gat-rnn-v2-windowed_bs-128_lr-0.001_maxepoch-50_testyear-2016_win-3_nwin-10_seed-0/model-32

----- Epoch 33 (windowed) -----

###### Windowed train epoch 33 overall metrics
  loss: 0.3563 rmse: 17.662 r2: 0.140 corr: 0.426
***** Epoch 33 Val (windowed) *****
  loss: 0.1623 rmse: 14.188 r2: 0.207 corr: 0.577
********************
***** Epoch 33 Test (windowed) *****
  loss: 0.2080 rmse: 14.070 r2: 0.201 corr: 0.537
********************
  Epoch 33 done in 31.7s

----- Epoch 34 (windowed) -----

###### Windowed train epoch 34 overall metrics
  loss: 0.3506 rmse: 17.178 r2: 0.186 corr: 0.511
***** Epoch 34 Val (windowed) *****
  loss: 0.1802 rmse: 14.292 r2: 0.196 corr: 0.586
********************
***** Epoch 34 Test (windowed) *****
  loss: 0.2040 rmse: 13.948 r2: 0.215 corr: 0.589
********************
  Epoch 34 done in 32.3s

----- Epoch 35 (windowed) -----

###### Windowed train epoch 35 overall metrics
  loss: 0.3534 rmse: 17.311 r2: 0.173 corr: 0.489
***** Epoch 35 Val (windowed) *****
  loss: 0.1592 rmse: 14.257 r2: 0.200 corr: 0.567
********************
***** Epoch 35 Test (windowed) *****
  loss: 0.2056 rmse: 14.042 r2: 0.204 corr: 0.539
********************
  Epoch 35 done in 31.7s

----- Epoch 36 (windowed) -----

###### Windowed train epoch 36 overall metrics
  loss: 0.3475 rmse: 17.272 r2: 0.177 corr: 0.478
***** Epoch 36 Val (windowed) *****
  loss: 0.1606 rmse: 14.448 r2: 0.178 corr: 0.561
********************
***** Epoch 36 Test (windowed) *****
  loss: 0.2062 rmse: 14.158 r2: 0.191 corr: 0.554
********************
  Epoch 36 done in 32.1s

----- Epoch 37 (windowed) -----

###### Windowed train epoch 37 overall metrics
  loss: 0.3470 rmse: 16.897 r2: 0.212 corr: 0.537
***** Epoch 37 Val (windowed) *****
  loss: 0.1691 rmse: 14.172 r2: 0.209 corr: 0.575
********************
***** Epoch 37 Test (windowed) *****
  loss: 0.1993 rmse: 13.890 r2: 0.221 corr: 0.548
********************
  Epoch 37 done in 31.6s
  Saved best model → model/FIM_restoration_0412_stations_monthly/2016/gat-rnn-v2-windowed_bs-128_lr-0.001_maxepoch-50_testyear-2016_win-3_nwin-10_seed-0/model-37

----- Epoch 38 (windowed) -----

###### Windowed train epoch 38 overall metrics
  loss: 0.3438 rmse: 17.187 r2: 0.185 corr: 0.504
***** Epoch 38 Val (windowed) *****
  loss: 0.1599 rmse: 14.449 r2: 0.178 corr: 0.534
********************
***** Epoch 38 Test (windowed) *****
  loss: 0.2116 rmse: 14.279 r2: 0.177 corr: 0.501
********************
  Epoch 38 done in 32.1s

----- Epoch 39 (windowed) -----

###### Windowed train epoch 39 overall metrics
  loss: 0.3370 rmse: 17.264 r2: 0.178 corr: 0.488
***** Epoch 39 Val (windowed) *****
  loss: 0.1540 rmse: 14.301 r2: 0.195 corr: 0.578
********************
***** Epoch 39 Test (windowed) *****
  loss: 0.2071 rmse: 14.159 r2: 0.191 corr: 0.528
********************
  Epoch 39 done in 32.1s

----- Epoch 40 (windowed) -----

###### Windowed train epoch 40 overall metrics
  loss: 0.3329 rmse: 17.230 r2: 0.181 corr: 0.497
***** Epoch 40 Val (windowed) *****
  loss: 0.1542 rmse: 14.184 r2: 0.208 corr: 0.595
********************
***** Epoch 40 Test (windowed) *****
  loss: 0.2021 rmse: 14.013 r2: 0.207 corr: 0.560
********************
  Epoch 40 done in 31.7s

----- Epoch 41 (windowed) -----

###### Windowed train epoch 41 overall metrics
  loss: 0.3302 rmse: 17.256 r2: 0.179 corr: 0.489
***** Epoch 41 Val (windowed) *****
  loss: 0.1929 rmse: 14.230 r2: 0.203 corr: 0.594
********************
***** Epoch 41 Test (windowed) *****
  loss: 0.2026 rmse: 13.879 r2: 0.222 corr: 0.580
********************
  Epoch 41 done in 32.3s

----- Epoch 42 (windowed) -----

###### Windowed train epoch 42 overall metrics
  loss: 0.3343 rmse: 17.484 r2: 0.157 corr: 0.453
***** Epoch 42 Val (windowed) *****
  loss: 0.1540 rmse: 13.985 r2: 0.230 corr: 0.610
********************
***** Epoch 42 Test (windowed) *****
  loss: 0.2040 rmse: 13.742 r2: 0.238 corr: 0.577
********************
  Epoch 42 done in 31.5s
  Saved best model → model/FIM_restoration_0412_stations_monthly/2016/gat-rnn-v2-windowed_bs-128_lr-0.001_maxepoch-50_testyear-2016_win-3_nwin-10_seed-0/model-42

----- Epoch 43 (windowed) -----

###### Windowed train epoch 43 overall metrics
  loss: 0.3277 rmse: 17.015 r2: 0.202 corr: 0.511
***** Epoch 43 Val (windowed) *****
  loss: 0.1563 rmse: 14.326 r2: 0.192 corr: 0.569
********************
***** Epoch 43 Test (windowed) *****
  loss: 0.1993 rmse: 14.052 r2: 0.203 corr: 0.536
********************
  Epoch 43 done in 32.3s

----- Epoch 44 (windowed) -----

###### Windowed train epoch 44 overall metrics
  loss: 0.3264 rmse: 16.994 r2: 0.203 corr: 0.520
***** Epoch 44 Val (windowed) *****
  loss: 0.2589 rmse: 14.297 r2: 0.195 corr: 0.588
********************
***** Epoch 44 Test (windowed) *****
  loss: 0.2119 rmse: 13.684 r2: 0.244 corr: 0.588
********************
  Epoch 44 done in 32.4s

----- Epoch 45 (windowed) -----

###### Windowed train epoch 45 overall metrics
  loss: 0.3438 rmse: 17.235 r2: 0.181 corr: 0.498
***** Epoch 45 Val (windowed) *****
  loss: 0.1756 rmse: 14.241 r2: 0.201 corr: 0.558
********************
***** Epoch 45 Test (windowed) *****
  loss: 0.2285 rmse: 13.967 r2: 0.212 corr: 0.548
********************
  Epoch 45 done in 32.9s

----- Epoch 46 (windowed) -----

###### Windowed train epoch 46 overall metrics
  loss: 0.3269 rmse: 16.981 r2: 0.205 corr: 0.527
***** Epoch 46 Val (windowed) *****
  loss: 0.1640 rmse: 14.548 r2: 0.167 corr: 0.550
********************
***** Epoch 46 Test (windowed) *****
  loss: 0.1996 rmse: 14.320 r2: 0.172 corr: 0.512
********************
  Epoch 46 done in 32.9s

----- Epoch 47 (windowed) -----

###### Windowed train epoch 47 overall metrics
  loss: 0.3359 rmse: 17.003 r2: 0.203 corr: 0.502
***** Epoch 47 Val (windowed) *****
  loss: 0.1551 rmse: 14.067 r2: 0.221 corr: 0.602
********************
***** Epoch 47 Test (windowed) *****
  loss: 0.1984 rmse: 13.801 r2: 0.231 corr: 0.564
********************
  Epoch 47 done in 33.1s

----- Epoch 48 (windowed) -----

###### Windowed train epoch 48 overall metrics
  loss: 0.3255 rmse: 16.982 r2: 0.205 corr: 0.525
***** Epoch 48 Val (windowed) *****
  loss: 0.1576 rmse: 14.306 r2: 0.194 corr: 0.524
********************
***** Epoch 48 Test (windowed) *****
  loss: 0.1980 rmse: 13.936 r2: 0.216 corr: 0.509
********************
  Epoch 48 done in 32.6s

----- Epoch 49 (windowed) -----

###### Windowed train epoch 49 overall metrics
  loss: 0.3171 rmse: 16.919 r2: 0.210 corr: 0.539
***** Epoch 49 Val (windowed) *****
  loss: 0.1465 rmse: 14.166 r2: 0.210 corr: 0.564
********************
***** Epoch 49 Test (windowed) *****
  loss: 0.2023 rmse: 13.920 r2: 0.218 corr: 0.519
********************
  Epoch 49 done in 33.4s
Fold done — best val RMSE=13.9847 test R²=0.2377 corr=0.5765

================================================================
Rolling-windowed  test_year=2017
  Val  : 2016
  Test : 2017
  win_size=3  n_windows=10
================================================================
Initially data (54319, 166)
After filtering (40126, 166)
get_X_Y
X shape (40126, 130)
Y shape (40126, 34)
Y (output) means tensor([[0.1478, 0.0119, 0.2544, 0.1549, 0.0175, 0.0615, 0.1639, 0.6646, 0.9137,
         0.0228, 0.0478, 0.0106, 0.0803, 0.1417, 1.0162, 1.0041, 0.3496, 0.3893,
         0.8950, 0.3853, 0.1865, 0.2166, 0.4288, 0.1773, 0.4097, 0.4656, 0.2826,
         0.6457, 0.5169, 0.1488, 0.2837, 0.1087, 0.1293, 0.1308]]) stds tensor([[0.4810, 0.1349, 0.6272, 0.5677, 0.1579, 0.3003, 0.5241, 1.4549, 1.6422,
         0.1910, 0.3016, 0.1381, 0.4258, 0.4486, 2.0955, 1.6625, 0.8585, 1.1663,
         1.6269, 0.9178, 0.5259, 0.6815, 1.1027, 0.5943, 0.9893, 1.0227, 0.7157,
         1.3933, 1.0465, 0.4416, 0.8480, 0.3462, 0.3923, 0.3732]])
Y count-scale means tensor([[4.9452e-01, 3.3984e-02, 9.8194e-01, 8.1968e-01, 4.8356e-02, 2.0072e-01,
         6.0586e-01, 1.4598e+01, 3.2756e+01, 7.0195e-02, 2.0176e-01, 3.5760e-02,
         5.4688e-01, 4.2128e-01, 2.4536e+02, 2.0913e+01, 2.6860e+00, 1.4177e+01,
         2.7182e+01, 3.0460e+00, 5.9642e-01, 1.5640e+00, 7.9609e+00, 1.6553e+00,
         3.4306e+00, 3.9116e+00, 1.2936e+00, 3.1637e+01, 6.1414e+00, 4.2804e-01,
         3.1848e+00, 2.3101e-01, 3.0197e-01, 2.7187e-01]]) stds tensor([[3.3045e+00, 6.1336e-01, 5.8942e+00, 6.2990e+00, 9.2654e-01, 3.7543e+00,
         3.8391e+00, 7.2363e+01, 2.4253e+02, 1.0068e+00, 2.6381e+00, 6.8188e-01,
         8.7474e+00, 2.6550e+00, 2.9254e+03, 8.8294e+01, 1.9692e+01, 1.6555e+02,
         2.2308e+02, 1.9043e+01, 3.1153e+00, 2.2115e+01, 8.2098e+01, 4.8013e+01,
         1.6475e+01, 2.1493e+01, 6.9807e+00, 8.8620e+02, 7.4830e+01, 4.6064e+00,
         2.7164e+01, 1.0217e+00, 1.4031e+00, 1.0747e+00]])
Loaded per-window (calendar) month weights from analysis/figures/month_weights_per_window.npz: cube.shape=(25, 12, 34)
/Users/liyingnceas/GitHub/GNN-RNN-main/gnn-lstm-v3/utils/data_utils.py:264: RuntimeWarning: Mean of empty slice
  np.nanmean(county_dict[county], axis=0).astype(np.float32)
Filled 101494 missing (node, year) entries from neighbors or year averages
[2D] Station nodes: 596, adj nnz: 2980
[build_year_XY_windowed] data_start=1998, min_pred_year=2009, test_year=2017, win_size=3, n_windows=10
  built windows for T=2009
  built windows for T=2014
[build_year_XY_windowed] built windowed XY for 9 prediction years (2009–2017)
  GAT_RNN_V2: edge_feat_dim=3, n_heads=4, n_hidden=64
  [Bayes] Species rarity weights (mean=1): min=0.70 max=1.70  (rarest=Archosargus probatocephalus_R)
  [CrossDonor] Ecological cross-donor map (9 recipients):
    Centropomus undecimalis_A  <-  ['Cynoscion nebulosus_R', 'Cynoscion nebulosus_A']
    Centropomus undecimalis_SA  <-  ['Cynoscion nebulosus_R', 'Centropomus undecimalis_A']
    Sciaenops ocellatus_R  <-  ['Cynoscion nebulosus_R', 'Cynoscion nebulosus_A']
    Sciaenops ocellatus_SA  <-  ['Cynoscion nebulosus_R', 'Cynoscion nebulosus_A']
    Cynoscion nebulosus_A  <-  ['Cynoscion nebulosus_R', 'Lagodon rhomboides_A']
    Mycteroperca microlepis_SA  <-  ['Lutjanus griseus_SA', 'Lutjanus griseus_R']
    Lutjanus griseus_R  <-  ['Archosargus probatocephalus_A', 'Lutjanus griseus_SA']
    Lutjanus griseus_SA  <-  ['Archosargus probatocephalus_A']
    Archosargus probatocephalus_R  <-  ['Archosargus probatocephalus_A', 'Lagodon rhomboides_A']
  [BayesTransferMapped] 9 recipient → donor mappings:
    recipient   3 <- donors [6, 5]
    recipient   4 <- donors [6, 3]
    recipient  12 <- donors [6, 5]
    recipient  13 <- donors [6, 5]
    recipient   5 <- donors [6, 7]
    recipient  11 <- donors [10, 9]
    recipient   9 <- donors [0, 10]
    recipient  10 <- donors [0]
    recipient   1 <- donors [0, 7]
  [BayesTransferMapped] transfer_prior_std=0.600  warmstart_alpha=0.25

----- Epoch 0 (windowed) -----

###### Windowed train epoch 0 overall metrics
  loss: 0.7760 rmse: 18.642 r2: 0.004 corr: 0.104
***** Epoch 0 Val (windowed) *****
  loss: 0.3315 rmse: 15.595 r2: 0.021 corr: 0.223
********************
***** Epoch 0 Test (windowed) *****
  loss: 0.3344 rmse: 23.272 r2: 0.010 corr: 0.158
********************
  Epoch 0 done in 36.1s
  Saved best model → model/FIM_restoration_0412_stations_monthly/2017/gat-rnn-v2-windowed_bs-128_lr-0.001_maxepoch-50_testyear-2017_win-3_nwin-10_seed-0/model-0

----- Epoch 1 (windowed) -----

###### Windowed train epoch 1 overall metrics
  loss: 0.6746 rmse: 18.472 r2: 0.022 corr: 0.212
***** Epoch 1 Val (windowed) *****
  loss: 0.3009 rmse: 15.269 r2: 0.061 corr: 0.351
********************
***** Epoch 1 Test (windowed) *****
  loss: 0.3015 rmse: 23.009 r2: 0.032 corr: 0.259
********************
  Epoch 1 done in 36.0s
  Saved best model → model/FIM_restoration_0412_stations_monthly/2017/gat-rnn-v2-windowed_bs-128_lr-0.001_maxepoch-50_testyear-2017_win-3_nwin-10_seed-0/model-1

----- Epoch 2 (windowed) -----

###### Windowed train epoch 2 overall metrics
  loss: 0.6323 rmse: 18.298 r2: 0.041 corr: 0.268
***** Epoch 2 Val (windowed) *****
  loss: 0.2892 rmse: 15.265 r2: 0.062 corr: 0.375
********************
***** Epoch 2 Test (windowed) *****
  loss: 0.2934 rmse: 22.990 r2: 0.034 corr: 0.282
********************
  Epoch 2 done in 35.7s
  Saved best model → model/FIM_restoration_0412_stations_monthly/2017/gat-rnn-v2-windowed_bs-128_lr-0.001_maxepoch-50_testyear-2017_win-3_nwin-10_seed-0/model-2

----- Epoch 3 (windowed) -----

###### Windowed train epoch 3 overall metrics
  loss: 0.6048 rmse: 18.166 r2: 0.054 corr: 0.304
***** Epoch 3 Val (windowed) *****
  loss: 0.2763 rmse: 15.060 r2: 0.087 corr: 0.385
********************
***** Epoch 3 Test (windowed) *****
  loss: 0.2806 rmse: 22.850 r2: 0.045 corr: 0.281
********************
  Epoch 3 done in 36.4s
  Saved best model → model/FIM_restoration_0412_stations_monthly/2017/gat-rnn-v2-windowed_bs-128_lr-0.001_maxepoch-50_testyear-2017_win-3_nwin-10_seed-0/model-3

----- Epoch 4 (windowed) -----

###### Windowed train epoch 4 overall metrics
  loss: 0.5798 rmse: 18.084 r2: 0.063 corr: 0.320
***** Epoch 4 Val (windowed) *****
  loss: 0.2628 rmse: 14.848 r2: 0.112 corr: 0.447
********************
***** Epoch 4 Test (windowed) *****
  loss: 0.2694 rmse: 22.692 r2: 0.059 corr: 0.322
********************
  Epoch 4 done in 36.9s
  Saved best model → model/FIM_restoration_0412_stations_monthly/2017/gat-rnn-v2-windowed_bs-128_lr-0.001_maxepoch-50_testyear-2017_win-3_nwin-10_seed-0/model-4

----- Epoch 5 (windowed) -----

###### Windowed train epoch 5 overall metrics
  loss: 0.5561 rmse: 17.996 r2: 0.072 corr: 0.342
***** Epoch 5 Val (windowed) *****
  loss: 0.2530 rmse: 14.934 r2: 0.102 corr: 0.427
********************
***** Epoch 5 Test (windowed) *****
  loss: 0.2648 rmse: 22.772 r2: 0.052 corr: 0.307
********************
  Epoch 5 done in 36.1s

----- Epoch 6 (windowed) -----

###### Windowed train epoch 6 overall metrics
  loss: 0.5321 rmse: 17.943 r2: 0.077 corr: 0.347
***** Epoch 6 Val (windowed) *****
  loss: 0.2469 rmse: 14.904 r2: 0.105 corr: 0.446
********************
***** Epoch 6 Test (windowed) *****
  loss: 0.2564 rmse: 22.738 r2: 0.055 corr: 0.325
********************
  Epoch 6 done in 35.2s

----- Epoch 7 (windowed) -----

###### Windowed train epoch 7 overall metrics
  loss: 0.5103 rmse: 17.983 r2: 0.073 corr: 0.329
***** Epoch 7 Val (windowed) *****
  loss: 0.2346 rmse: 14.584 r2: 0.144 corr: 0.505
********************
***** Epoch 7 Test (windowed) *****
  loss: 0.2497 rmse: 22.462 r2: 0.078 corr: 0.371
********************
  Epoch 7 done in 34.5s
  Saved best model → model/FIM_restoration_0412_stations_monthly/2017/gat-rnn-v2-windowed_bs-128_lr-0.001_maxepoch-50_testyear-2017_win-3_nwin-10_seed-0/model-7

----- Epoch 8 (windowed) -----

###### Windowed train epoch 8 overall metrics
  loss: 0.4973 rmse: 17.872 r2: 0.085 corr: 0.356
***** Epoch 8 Val (windowed) *****
  loss: 0.2509 rmse: 14.955 r2: 0.099 corr: 0.434
********************
***** Epoch 8 Test (windowed) *****
  loss: 0.2678 rmse: 22.787 r2: 0.051 corr: 0.313
********************
  Epoch 8 done in 34.2s

----- Epoch 9 (windowed) -----

###### Windowed train epoch 9 overall metrics
  loss: 0.4762 rmse: 17.850 r2: 0.087 corr: 0.357
***** Epoch 9 Val (windowed) *****
  loss: 0.2335 rmse: 14.795 r2: 0.119 corr: 0.458
********************
***** Epoch 9 Test (windowed) *****
  loss: 0.2421 rmse: 22.656 r2: 0.062 corr: 0.332
********************
  Epoch 9 done in 34.8s

----- Epoch 10 (windowed) -----

###### Windowed train epoch 10 overall metrics
  loss: 0.4704 rmse: 17.766 r2: 0.096 corr: 0.367
***** Epoch 10 Val (windowed) *****
  loss: 0.2240 rmse: 14.385 r2: 0.167 corr: 0.506
********************
***** Epoch 10 Test (windowed) *****
  loss: 0.2382 rmse: 22.319 r2: 0.089 corr: 0.380
********************
  Epoch 10 done in 35.2s
  Saved best model → model/FIM_restoration_0412_stations_monthly/2017/gat-rnn-v2-windowed_bs-128_lr-0.001_maxepoch-50_testyear-2017_win-3_nwin-10_seed-0/model-10

----- Epoch 11 (windowed) -----

###### Windowed train epoch 11 overall metrics
  loss: 0.4683 rmse: 17.578 r2: 0.115 corr: 0.414
***** Epoch 11 Val (windowed) *****
  loss: 0.2100 rmse: 14.507 r2: 0.152 corr: 0.521
********************
***** Epoch 11 Test (windowed) *****
  loss: 0.2300 rmse: 22.423 r2: 0.081 corr: 0.392
********************
  Epoch 11 done in 35.8s

----- Epoch 12 (windowed) -----

###### Windowed train epoch 12 overall metrics
  loss: 0.4463 rmse: 17.495 r2: 0.123 corr: 0.422
***** Epoch 12 Val (windowed) *****
  loss: 0.2129 rmse: 14.568 r2: 0.145 corr: 0.531
********************
***** Epoch 12 Test (windowed) *****
  loss: 0.2255 rmse: 22.481 r2: 0.076 corr: 0.398
********************
  Epoch 12 done in 34.9s

----- Epoch 13 (windowed) -----

###### Windowed train epoch 13 overall metrics
  loss: 0.4371 rmse: 17.369 r2: 0.136 corr: 0.453
***** Epoch 13 Val (windowed) *****
  loss: 0.2318 rmse: 14.276 r2: 0.179 corr: 0.569
********************
***** Epoch 13 Test (windowed) *****
  loss: 0.2340 rmse: 22.289 r2: 0.092 corr: 0.418
********************
  Epoch 13 done in 35.1s
  Saved best model → model/FIM_restoration_0412_stations_monthly/2017/gat-rnn-v2-windowed_bs-128_lr-0.001_maxepoch-50_testyear-2017_win-3_nwin-10_seed-0/model-13

----- Epoch 14 (windowed) -----

###### Windowed train epoch 14 overall metrics
  loss: 0.4285 rmse: 17.313 r2: 0.141 corr: 0.430
***** Epoch 14 Val (windowed) *****
  loss: 0.1964 rmse: 14.090 r2: 0.201 corr: 0.554
********************
***** Epoch 14 Test (windowed) *****
  loss: 0.2227 rmse: 22.134 r2: 0.104 corr: 0.422
********************
  Epoch 14 done in 36.5s
  Saved best model → model/FIM_restoration_0412_stations_monthly/2017/gat-rnn-v2-windowed_bs-128_lr-0.001_maxepoch-50_testyear-2017_win-3_nwin-10_seed-0/model-14

----- Epoch 15 (windowed) -----

###### Windowed train epoch 15 overall metrics
  loss: 0.4347 rmse: 17.384 r2: 0.134 corr: 0.446
***** Epoch 15 Val (windowed) *****
  loss: 0.2049 rmse: 14.024 r2: 0.208 corr: 0.588
********************
***** Epoch 15 Test (windowed) *****
  loss: 0.2200 rmse: 22.084 r2: 0.108 corr: 0.441
********************
  Epoch 15 done in 36.4s
  Saved best model → model/FIM_restoration_0412_stations_monthly/2017/gat-rnn-v2-windowed_bs-128_lr-0.001_maxepoch-50_testyear-2017_win-3_nwin-10_seed-0/model-15

----- Epoch 16 (windowed) -----

###### Windowed train epoch 16 overall metrics
  loss: 0.4301 rmse: 17.107 r2: 0.161 corr: 0.484
***** Epoch 16 Val (windowed) *****
  loss: 0.1950 rmse: 13.280 r2: 0.290 corr: 0.628
********************
***** Epoch 16 Test (windowed) *****
  loss: 0.2261 rmse: 21.441 r2: 0.160 corr: 0.498
********************
  Epoch 16 done in 36.7s
  Saved best model → model/FIM_restoration_0412_stations_monthly/2017/gat-rnn-v2-windowed_bs-128_lr-0.001_maxepoch-50_testyear-2017_win-3_nwin-10_seed-0/model-16

----- Epoch 17 (windowed) -----

###### Windowed train epoch 17 overall metrics
  loss: 0.4110 rmse: 17.171 r2: 0.155 corr: 0.455
***** Epoch 17 Val (windowed) *****
  loss: 0.1898 rmse: 14.079 r2: 0.202 corr: 0.597
********************
***** Epoch 17 Test (windowed) *****
  loss: 0.2182 rmse: 22.120 r2: 0.105 corr: 0.458
********************
  Epoch 17 done in 35.8s

----- Epoch 18 (windowed) -----

###### Windowed train epoch 18 overall metrics
  loss: 0.4031 rmse: 17.191 r2: 0.153 corr: 0.425
***** Epoch 18 Val (windowed) *****
  loss: 0.1845 rmse: 13.483 r2: 0.268 corr: 0.658
********************
***** Epoch 18 Test (windowed) *****
  loss: 0.2155 rmse: 21.557 r2: 0.150 corr: 0.548
********************
  Epoch 18 done in 36.5s

----- Epoch 19 (windowed) -----

###### Windowed train epoch 19 overall metrics
  loss: 0.4005 rmse: 16.982 r2: 0.174 corr: 0.483
***** Epoch 19 Val (windowed) *****
  loss: 0.1866 rmse: 13.406 r2: 0.276 corr: 0.641
********************
***** Epoch 19 Test (windowed) *****
  loss: 0.2168 rmse: 21.564 r2: 0.150 corr: 0.513
********************
  Epoch 19 done in 35.7s

----- Epoch 20 (windowed) -----

###### Windowed train epoch 20 overall metrics
  loss: 0.3959 rmse: 16.602 r2: 0.210 corr: 0.521
***** Epoch 20 Val (windowed) *****
  loss: 0.1839 rmse: 13.784 r2: 0.235 corr: 0.619
********************
***** Epoch 20 Test (windowed) *****
  loss: 0.2106 rmse: 21.933 r2: 0.121 corr: 0.476
********************
  Epoch 20 done in 35.3s

----- Epoch 21 (windowed) -----

###### Windowed train epoch 21 overall metrics
  loss: 0.3921 rmse: 16.638 r2: 0.207 corr: 0.533
***** Epoch 21 Val (windowed) *****
  loss: 0.2018 rmse: 13.282 r2: 0.290 corr: 0.673
********************
***** Epoch 21 Test (windowed) *****
  loss: 0.2132 rmse: 21.580 r2: 0.149 corr: 0.513
********************
  Epoch 21 done in 36.7s

----- Epoch 22 (windowed) -----

###### Windowed train epoch 22 overall metrics
  loss: 0.3871 rmse: 16.814 r2: 0.190 corr: 0.504
***** Epoch 22 Val (windowed) *****
  loss: 0.1962 rmse: 13.472 r2: 0.269 corr: 0.687
********************
***** Epoch 22 Test (windowed) *****
  loss: 0.2157 rmse: 21.811 r2: 0.130 corr: 0.507
********************
  Epoch 22 done in 36.0s

----- Epoch 23 (windowed) -----

###### Windowed train epoch 23 overall metrics
  loss: 0.3836 rmse: 16.412 r2: 0.228 corr: 0.542
***** Epoch 23 Val (windowed) *****
  loss: 0.1937 rmse: 13.581 r2: 0.257 corr: 0.680
********************
***** Epoch 23 Test (windowed) *****
  loss: 0.2122 rmse: 21.877 r2: 0.125 corr: 0.496
********************
  Epoch 23 done in 35.7s

----- Epoch 24 (windowed) -----

###### Windowed train epoch 24 overall metrics
  loss: 0.3806 rmse: 16.771 r2: 0.194 corr: 0.500
***** Epoch 24 Val (windowed) *****
  loss: 0.1870 rmse: 13.052 r2: 0.314 corr: 0.655
********************
***** Epoch 24 Test (windowed) *****
  loss: 0.2090 rmse: 21.451 r2: 0.159 corr: 0.492
********************
  Epoch 24 done in 35.7s
  Saved best model → model/FIM_restoration_0412_stations_monthly/2017/gat-rnn-v2-windowed_bs-128_lr-0.001_maxepoch-50_testyear-2017_win-3_nwin-10_seed-0/model-24

----- Epoch 25 (windowed) -----

###### Windowed train epoch 25 overall metrics
  loss: 0.3733 rmse: 16.694 r2: 0.201 corr: 0.520
***** Epoch 25 Val (windowed) *****
  loss: 0.1782 rmse: 13.429 r2: 0.274 corr: 0.657
********************
***** Epoch 25 Test (windowed) *****
  loss: 0.2017 rmse: 21.742 r2: 0.136 corr: 0.494
********************
  Epoch 25 done in 35.9s

----- Epoch 26 (windowed) -----

###### Windowed train epoch 26 overall metrics
  loss: 0.3655 rmse: 16.400 r2: 0.229 corr: 0.535
***** Epoch 26 Val (windowed) *****
  loss: 0.1683 rmse: 13.520 r2: 0.264 corr: 0.614
********************
***** Epoch 26 Test (windowed) *****
  loss: 0.2074 rmse: 21.776 r2: 0.133 corr: 0.469
********************
  Epoch 26 done in 36.3s

----- Epoch 27 (windowed) -----

###### Windowed train epoch 27 overall metrics
  loss: 0.3581 rmse: 16.601 r2: 0.210 corr: 0.533
***** Epoch 27 Val (windowed) *****
  loss: 0.1700 rmse: 13.545 r2: 0.261 corr: 0.634
********************
***** Epoch 27 Test (windowed) *****
  loss: 0.2037 rmse: 21.811 r2: 0.130 corr: 0.474
********************
  Epoch 27 done in 36.0s

----- Epoch 28 (windowed) -----

###### Windowed train epoch 28 overall metrics
  loss: 0.3587 rmse: 16.592 r2: 0.211 corr: 0.530
***** Epoch 28 Val (windowed) *****
  loss: 0.1645 rmse: 13.278 r2: 0.290 corr: 0.633
********************
***** Epoch 28 Test (windowed) *****
  loss: 0.2008 rmse: 21.627 r2: 0.145 corr: 0.480
********************
  Epoch 28 done in 35.8s

----- Epoch 29 (windowed) -----

###### Windowed train epoch 29 overall metrics
  loss: 0.3547 rmse: 16.055 r2: 0.261 corr: 0.589
***** Epoch 29 Val (windowed) *****
  loss: 0.1678 rmse: 13.553 r2: 0.260 corr: 0.640
********************
***** Epoch 29 Test (windowed) *****
  loss: 0.1990 rmse: 21.823 r2: 0.129 corr: 0.482
********************
  Epoch 29 done in 35.8s

----- Epoch 30 (windowed) -----

###### Windowed train epoch 30 overall metrics
  loss: 0.3521 rmse: 16.504 r2: 0.219 corr: 0.529
***** Epoch 30 Val (windowed) *****
  loss: 0.1645 rmse: 13.022 r2: 0.317 corr: 0.652
********************
***** Epoch 30 Test (windowed) *****
  loss: 0.1986 rmse: 21.460 r2: 0.158 corr: 0.483
********************
  Epoch 30 done in 36.3s
  Saved best model → model/FIM_restoration_0412_stations_monthly/2017/gat-rnn-v2-windowed_bs-128_lr-0.001_maxepoch-50_testyear-2017_win-3_nwin-10_seed-0/model-30

----- Epoch 31 (windowed) -----

###### Windowed train epoch 31 overall metrics
  loss: 0.3553 rmse: 16.283 r2: 0.240 corr: 0.551
***** Epoch 31 Val (windowed) *****
  loss: 0.1726 rmse: 13.315 r2: 0.286 corr: 0.631
********************
***** Epoch 31 Test (windowed) *****
  loss: 0.1989 rmse: 21.555 r2: 0.151 corr: 0.482
********************
  Epoch 31 done in 35.7s

----- Epoch 32 (windowed) -----

###### Windowed train epoch 32 overall metrics
  loss: 0.3473 rmse: 16.587 r2: 0.212 corr: 0.534
***** Epoch 32 Val (windowed) *****
  loss: 0.1613 rmse: 13.413 r2: 0.275 corr: 0.617
********************
***** Epoch 32 Test (windowed) *****
  loss: 0.1936 rmse: 21.630 r2: 0.145 corr: 0.476
********************
  Epoch 32 done in 35.5s

----- Epoch 33 (windowed) -----

###### Windowed train epoch 33 overall metrics
  loss: 0.3412 rmse: 16.643 r2: 0.206 corr: 0.521
***** Epoch 33 Val (windowed) *****
  loss: 0.1604 rmse: 13.490 r2: 0.267 corr: 0.639
********************
***** Epoch 33 Test (windowed) *****
  loss: 0.1948 rmse: 21.741 r2: 0.136 corr: 0.490
********************
  Epoch 33 done in 36.0s

----- Epoch 34 (windowed) -----

###### Windowed train epoch 34 overall metrics
  loss: 0.3369 rmse: 16.234 r2: 0.245 corr: 0.570
***** Epoch 34 Val (windowed) *****
  loss: 0.1855 rmse: 13.287 r2: 0.289 corr: 0.636
********************
***** Epoch 34 Test (windowed) *****
  loss: 0.1958 rmse: 21.547 r2: 0.151 corr: 0.489
********************
  Epoch 34 done in 35.7s

----- Epoch 35 (windowed) -----

###### Windowed train epoch 35 overall metrics
  loss: 0.3376 rmse: 16.434 r2: 0.226 corr: 0.539
***** Epoch 35 Val (windowed) *****
  loss: 0.1660 rmse: 13.496 r2: 0.267 corr: 0.575
********************
***** Epoch 35 Test (windowed) *****
  loss: 0.2088 rmse: 21.737 r2: 0.136 corr: 0.449
********************
  Epoch 35 done in 35.4s

----- Epoch 36 (windowed) -----

###### Windowed train epoch 36 overall metrics
  loss: 0.3345 rmse: 16.582 r2: 0.212 corr: 0.515
***** Epoch 36 Val (windowed) *****
  loss: 0.1590 rmse: 13.598 r2: 0.255 corr: 0.593
********************
***** Epoch 36 Test (windowed) *****
  loss: 0.1956 rmse: 21.838 r2: 0.128 corr: 0.453
********************
  Epoch 36 done in 35.6s

----- Epoch 37 (windowed) -----

###### Windowed train epoch 37 overall metrics
  loss: 0.3273 rmse: 16.493 r2: 0.221 corr: 0.543
***** Epoch 37 Val (windowed) *****
  loss: 0.1526 rmse: 13.276 r2: 0.290 corr: 0.621
********************
***** Epoch 37 Test (windowed) *****
  loss: 0.1934 rmse: 21.456 r2: 0.158 corr: 0.494
********************
  Epoch 37 done in 35.6s

----- Epoch 38 (windowed) -----

###### Windowed train epoch 38 overall metrics
  loss: 0.3306 rmse: 16.419 r2: 0.228 corr: 0.541
***** Epoch 38 Val (windowed) *****
  loss: 0.1816 rmse: 13.259 r2: 0.292 corr: 0.594
********************
***** Epoch 38 Test (windowed) *****
  loss: 0.2029 rmse: 21.427 r2: 0.161 corr: 0.471
********************
  Epoch 38 done in 35.3s

----- Epoch 39 (windowed) -----

###### Windowed train epoch 39 overall metrics
  loss: 0.3282 rmse: 16.588 r2: 0.212 corr: 0.518
***** Epoch 39 Val (windowed) *****
  loss: 0.1569 rmse: 13.525 r2: 0.263 corr: 0.640
********************
***** Epoch 39 Test (windowed) *****
  loss: 0.1977 rmse: 21.718 r2: 0.138 corr: 0.507
********************
  Epoch 39 done in 35.7s

----- Epoch 40 (windowed) -----

###### Windowed train epoch 40 overall metrics
  loss: 0.3220 rmse: 16.778 r2: 0.193 corr: 0.495
***** Epoch 40 Val (windowed) *****
  loss: 0.1524 rmse: 13.269 r2: 0.291 corr: 0.593
********************
***** Epoch 40 Test (windowed) *****
  loss: 0.1957 rmse: 21.544 r2: 0.151 corr: 0.466
********************
  Epoch 40 done in 35.5s

----- Epoch 41 (windowed) -----

###### Windowed train epoch 41 overall metrics
  loss: 0.3173 rmse: 16.536 r2: 0.216 corr: 0.527
***** Epoch 41 Val (windowed) *****
  loss: 0.1745 rmse: 13.382 r2: 0.279 corr: 0.591
********************
***** Epoch 41 Test (windowed) *****
  loss: 0.1920 rmse: 21.624 r2: 0.145 corr: 0.459
********************
  Epoch 41 done in 35.7s

----- Epoch 42 (windowed) -----

###### Windowed train epoch 42 overall metrics
  loss: 0.3204 rmse: 16.448 r2: 0.225 corr: 0.543
***** Epoch 42 Val (windowed) *****
  loss: 0.1644 rmse: 13.654 r2: 0.249 corr: 0.628
********************
***** Epoch 42 Test (windowed) *****
  loss: 0.1914 rmse: 21.733 r2: 0.136 corr: 0.500
********************
  Epoch 42 done in 35.2s

----- Epoch 43 (windowed) -----

###### Windowed train epoch 43 overall metrics
  loss: 0.3139 rmse: 16.693 r2: 0.202 corr: 0.470
***** Epoch 43 Val (windowed) *****
  loss: 0.1679 rmse: 13.222 r2: 0.296 corr: 0.613
********************
***** Epoch 43 Test (windowed) *****
  loss: 0.1938 rmse: 21.410 r2: 0.162 corr: 0.490
********************
  Epoch 43 done in 35.4s

----- Epoch 44 (windowed) -----

###### Windowed train epoch 44 overall metrics
  loss: 0.3138 rmse: 16.512 r2: 0.219 corr: 0.529
***** Epoch 44 Val (windowed) *****
  loss: 0.1484 rmse: 13.437 r2: 0.273 corr: 0.589
********************
***** Epoch 44 Test (windowed) *****
  loss: 0.1918 rmse: 21.591 r2: 0.148 corr: 0.476
********************
  Epoch 44 done in 36.1s

----- Epoch 45 (windowed) -----

###### Windowed train epoch 45 overall metrics
  loss: 0.3095 rmse: 16.532 r2: 0.217 corr: 0.525
***** Epoch 45 Val (windowed) *****
  loss: 0.1465 rmse: 12.935 r2: 0.326 corr: 0.629
********************
***** Epoch 45 Test (windowed) *****
  loss: 0.1906 rmse: 21.094 r2: 0.186 corr: 0.521
********************
  Epoch 45 done in 36.2s
  Saved best model → model/FIM_restoration_0412_stations_monthly/2017/gat-rnn-v2-windowed_bs-128_lr-0.001_maxepoch-50_testyear-2017_win-3_nwin-10_seed-0/model-45

----- Epoch 46 (windowed) -----

###### Windowed train epoch 46 overall metrics
  loss: 0.3077 rmse: 16.495 r2: 0.220 corr: 0.526
***** Epoch 46 Val (windowed) *****
  loss: 0.1544 rmse: 13.322 r2: 0.285 corr: 0.629
********************
***** Epoch 46 Test (windowed) *****
  loss: 0.1908 rmse: 21.493 r2: 0.155 corr: 0.512
********************
  Epoch 46 done in 36.1s

----- Epoch 47 (windowed) -----

###### Windowed train epoch 47 overall metrics
  loss: 0.3069 rmse: 16.328 r2: 0.236 corr: 0.562
***** Epoch 47 Val (windowed) *****
  loss: 0.1522 rmse: 13.421 r2: 0.275 corr: 0.600
********************
***** Epoch 47 Test (windowed) *****
  loss: 0.1878 rmse: 21.576 r2: 0.149 corr: 0.489
********************
  Epoch 47 done in 35.2s

----- Epoch 48 (windowed) -----

###### Windowed train epoch 48 overall metrics
  loss: 0.3019 rmse: 16.406 r2: 0.229 corr: 0.531
***** Epoch 48 Val (windowed) *****
  loss: 0.1441 rmse: 13.345 r2: 0.283 corr: 0.601
********************
***** Epoch 48 Test (windowed) *****
  loss: 0.1917 rmse: 21.513 r2: 0.154 corr: 0.499
********************
  Epoch 48 done in 36.2s

----- Epoch 49 (windowed) -----

###### Windowed train epoch 49 overall metrics
  loss: 0.3005 rmse: 16.448 r2: 0.225 corr: 0.534
***** Epoch 49 Val (windowed) *****
  loss: 0.1443 rmse: 13.603 r2: 0.255 corr: 0.576
********************
***** Epoch 49 Test (windowed) *****
  loss: 0.1909 rmse: 21.783 r2: 0.132 corr: 0.476
********************
  Epoch 49 done in 34.9s
Fold done — best val RMSE=12.9348 test R²=0.1865 corr=0.5212

================================================================
Rolling-windowed  test_year=2018
  Val  : 2017
  Test : 2018
  win_size=3  n_windows=10
================================================================
Initially data (54319, 166)
After filtering (42427, 166)
get_X_Y
X shape (42427, 130)
Y shape (42427, 34)
Y (output) means tensor([[0.1487, 0.0126, 0.2547, 0.1570, 0.0198, 0.0604, 0.1637, 0.6617, 0.9057,
         0.0241, 0.0488, 0.0103, 0.0819, 0.1409, 1.0156, 1.0387, 0.3513, 0.3930,
         0.8966, 0.3924, 0.1867, 0.2145, 0.4259, 0.1723, 0.4169, 0.4829, 0.2802,
         0.6295, 0.5111, 0.1493, 0.2826, 0.1083, 0.1297, 0.1304]]) stds tensor([[0.4849, 0.1385, 0.6257, 0.5736, 0.1681, 0.2968, 0.5216, 1.4569, 1.6352,
         0.1967, 0.3046, 0.1359, 0.4315, 0.4470, 2.0957, 1.6871, 0.8605, 1.1683,
         1.6235, 0.9249, 0.5246, 0.6793, 1.0985, 0.5845, 0.9948, 1.0418, 0.7123,
         1.3721, 1.0424, 0.4423, 0.8477, 0.3453, 0.3924, 0.3722]])
Y count-scale means tensor([[5.0603e-01, 3.5639e-02, 9.7682e-01, 8.4845e-01, 5.4609e-02, 1.9502e-01,
         5.9726e-01, 1.4926e+01, 3.2162e+01, 7.4003e-02, 2.0978e-01, 3.4580e-02,
         5.6144e-01, 4.1634e-01, 2.4204e+02, 2.2044e+01, 2.6912e+00, 1.4052e+01,
         2.6635e+01, 3.0964e+00, 5.9244e-01, 1.5435e+00, 7.8283e+00, 1.5740e+00,
         3.4667e+00, 4.1196e+00, 1.2791e+00, 2.9956e+01, 6.0548e+00, 4.2878e-01,
         3.1856e+00, 2.2955e-01, 3.0294e-01, 2.7043e-01]]) stds tensor([[3.3727e+00, 6.2036e-01, 5.8815e+00, 6.5365e+00, 9.5087e-01, 3.6480e+00,
         3.7599e+00, 7.4741e+01, 2.3762e+02, 1.0155e+00, 3.0043e+00, 6.6787e-01,
         8.6958e+00, 2.6028e+00, 2.8579e+03, 9.1099e+01, 1.9466e+01, 1.6191e+02,
         2.1725e+02, 1.9025e+01, 3.0741e+00, 2.1528e+01, 8.0334e+01, 4.6530e+01,
         1.6549e+01, 2.2026e+01, 6.9235e+00, 8.5877e+02, 7.3317e+01, 4.5117e+00,
         2.7022e+01, 1.0120e+00, 1.4387e+00, 1.0660e+00]])
Loaded per-window (calendar) month weights from analysis/figures/month_weights_per_window.npz: cube.shape=(25, 12, 34)
/Users/liyingnceas/GitHub/GNN-RNN-main/gnn-lstm-v3/utils/data_utils.py:264: RuntimeWarning: Mean of empty slice
  np.nanmean(county_dict[county], axis=0).astype(np.float32)
Filled 106589 missing (node, year) entries from neighbors or year averages
[2D] Station nodes: 596, adj nnz: 2980
[build_year_XY_windowed] data_start=1998, min_pred_year=2009, test_year=2018, win_size=3, n_windows=10
  built windows for T=2009
  built windows for T=2014
[build_year_XY_windowed] built windowed XY for 10 prediction years (2009–2018)
  GAT_RNN_V2: edge_feat_dim=3, n_heads=4, n_hidden=64
  [Bayes] Species rarity weights (mean=1): min=0.70 max=1.71  (rarest=Mycteroperca microlepis_SA)
  [CrossDonor] Ecological cross-donor map (9 recipients):
    Centropomus undecimalis_A  <-  ['Cynoscion nebulosus_R', 'Cynoscion nebulosus_A']
    Centropomus undecimalis_SA  <-  ['Cynoscion nebulosus_R', 'Centropomus undecimalis_A']
    Sciaenops ocellatus_R  <-  ['Cynoscion nebulosus_R', 'Cynoscion nebulosus_A']
    Sciaenops ocellatus_SA  <-  ['Cynoscion nebulosus_R', 'Cynoscion nebulosus_A']
    Cynoscion nebulosus_A  <-  ['Cynoscion nebulosus_R', 'Lagodon rhomboides_A']
    Mycteroperca microlepis_SA  <-  ['Lutjanus griseus_SA', 'Lutjanus griseus_R']
    Lutjanus griseus_R  <-  ['Archosargus probatocephalus_A', 'Lutjanus griseus_SA']
    Lutjanus griseus_SA  <-  ['Archosargus probatocephalus_A']
    Archosargus probatocephalus_R  <-  ['Archosargus probatocephalus_A', 'Lagodon rhomboides_A']
  [BayesTransferMapped] 9 recipient → donor mappings:
    recipient   3 <- donors [6, 5]
    recipient   4 <- donors [6, 3]
    recipient  12 <- donors [6, 5]
    recipient  13 <- donors [6, 5]
    recipient   5 <- donors [6, 7]
    recipient  11 <- donors [10, 9]
    recipient   9 <- donors [0, 10]
    recipient  10 <- donors [0]
    recipient   1 <- donors [0, 7]
  [BayesTransferMapped] transfer_prior_std=0.600  warmstart_alpha=0.25

----- Epoch 0 (windowed) -----

###### Windowed train epoch 0 overall metrics
  loss: 0.7670 rmse: 19.212 r2: 0.005 corr: 0.106
***** Epoch 0 Val (windowed) *****
  loss: 0.3257 rmse: 23.298 r2: 0.008 corr: 0.122
********************
***** Epoch 0 Test (windowed) *****
  loss: 0.3300 rmse: 23.028 r2: 0.007 corr: 0.116
********************
  Epoch 0 done in 38.5s
  Saved best model → model/FIM_restoration_0412_stations_monthly/2018/gat-rnn-v2-windowed_bs-128_lr-0.001_maxepoch-50_testyear-2018_win-3_nwin-10_seed-0/model-0

----- Epoch 1 (windowed) -----

###### Windowed train epoch 1 overall metrics
  loss: 0.6614 rmse: 19.079 r2: 0.019 corr: 0.184
***** Epoch 1 Val (windowed) *****
  loss: 0.2915 rmse: 23.142 r2: 0.021 corr: 0.212
********************
***** Epoch 1 Test (windowed) *****
  loss: 0.2988 rmse: 22.867 r2: 0.021 corr: 0.211
********************
  Epoch 1 done in 38.4s
  Saved best model → model/FIM_restoration_0412_stations_monthly/2018/gat-rnn-v2-windowed_bs-128_lr-0.001_maxepoch-50_testyear-2018_win-3_nwin-10_seed-0/model-1

----- Epoch 2 (windowed) -----

###### Windowed train epoch 2 overall metrics
  loss: 0.6181 rmse: 18.935 r2: 0.033 corr: 0.243
***** Epoch 2 Val (windowed) *****
  loss: 0.2795 rmse: 22.942 r2: 0.038 corr: 0.267
********************
***** Epoch 2 Test (windowed) *****
  loss: 0.2867 rmse: 22.634 r2: 0.041 corr: 0.281
********************
  Epoch 2 done in 38.8s
  Saved best model → model/FIM_restoration_0412_stations_monthly/2018/gat-rnn-v2-windowed_bs-128_lr-0.001_maxepoch-50_testyear-2018_win-3_nwin-10_seed-0/model-2

----- Epoch 3 (windowed) -----

###### Windowed train epoch 3 overall metrics
  loss: 0.5880 rmse: 18.805 r2: 0.047 corr: 0.275
***** Epoch 3 Val (windowed) *****
  loss: 0.2821 rmse: 23.015 r2: 0.032 corr: 0.249
********************
***** Epoch 3 Test (windowed) *****
  loss: 0.2907 rmse: 22.731 r2: 0.033 corr: 0.257
********************
  Epoch 3 done in 38.7s

----- Epoch 4 (windowed) -----

###### Windowed train epoch 4 overall metrics
  loss: 0.5603 rmse: 18.703 r2: 0.057 corr: 0.294
***** Epoch 4 Val (windowed) *****
  loss: 0.2727 rmse: 22.736 r2: 0.055 corr: 0.308
********************
***** Epoch 4 Test (windowed) *****
  loss: 0.2899 rmse: 22.385 r2: 0.062 corr: 0.344
********************
  Epoch 4 done in 38.5s
  Saved best model → model/FIM_restoration_0412_stations_monthly/2018/gat-rnn-v2-windowed_bs-128_lr-0.001_maxepoch-50_testyear-2018_win-3_nwin-10_seed-0/model-4

----- Epoch 5 (windowed) -----

###### Windowed train epoch 5 overall metrics
  loss: 0.5291 rmse: 18.609 r2: 0.066 corr: 0.313
***** Epoch 5 Val (windowed) *****
  loss: 0.2378 rmse: 22.559 r2: 0.070 corr: 0.324
********************
***** Epoch 5 Test (windowed) *****
  loss: 0.2559 rmse: 22.255 r2: 0.073 corr: 0.332
********************
  Epoch 5 done in 39.0s
  Saved best model → model/FIM_restoration_0412_stations_monthly/2018/gat-rnn-v2-windowed_bs-128_lr-0.001_maxepoch-50_testyear-2018_win-3_nwin-10_seed-0/model-5

----- Epoch 6 (windowed) -----

###### Windowed train epoch 6 overall metrics
  loss: 0.5081 rmse: 18.455 r2: 0.082 corr: 0.350
***** Epoch 6 Val (windowed) *****
  loss: 0.2625 rmse: 22.692 r2: 0.059 corr: 0.322
********************
***** Epoch 6 Test (windowed) *****
  loss: 0.2629 rmse: 22.378 r2: 0.063 corr: 0.336
********************
  Epoch 6 done in 38.5s

----- Epoch 7 (windowed) -----

###### Windowed train epoch 7 overall metrics
  loss: 0.4992 rmse: 18.494 r2: 0.078 corr: 0.333
***** Epoch 7 Val (windowed) *****
  loss: 0.2254 rmse: 22.616 r2: 0.065 corr: 0.328
********************
***** Epoch 7 Test (windowed) *****
  loss: 0.2379 rmse: 22.321 r2: 0.067 corr: 0.332
********************
  Epoch 7 done in 38.4s

----- Epoch 8 (windowed) -----

###### Windowed train epoch 8 overall metrics
  loss: 0.4784 rmse: 18.365 r2: 0.091 corr: 0.360
***** Epoch 8 Val (windowed) *****
  loss: 0.2199 rmse: 22.660 r2: 0.062 corr: 0.313
********************
***** Epoch 8 Test (windowed) *****
  loss: 0.2334 rmse: 22.403 r2: 0.061 corr: 0.307
********************
  Epoch 8 done in 38.8s

----- Epoch 9 (windowed) -----

###### Windowed train epoch 9 overall metrics
  loss: 0.4649 rmse: 18.367 r2: 0.090 corr: 0.361
***** Epoch 9 Val (windowed) *****
  loss: 0.2379 rmse: 22.561 r2: 0.070 corr: 0.316
********************
***** Epoch 9 Test (windowed) *****
  loss: 0.2470 rmse: 22.337 r2: 0.066 corr: 0.293
********************
  Epoch 9 done in 38.8s

----- Epoch 10 (windowed) -----

###### Windowed train epoch 10 overall metrics
  loss: 0.4549 rmse: 18.349 r2: 0.092 corr: 0.362
***** Epoch 10 Val (windowed) *****
  loss: 0.2131 rmse: 22.310 r2: 0.090 corr: 0.359
********************
***** Epoch 10 Test (windowed) *****
  loss: 0.2316 rmse: 22.002 r2: 0.094 corr: 0.365
********************
  Epoch 10 done in 39.0s
  Saved best model → model/FIM_restoration_0412_stations_monthly/2018/gat-rnn-v2-windowed_bs-128_lr-0.001_maxepoch-50_testyear-2018_win-3_nwin-10_seed-0/model-10

----- Epoch 11 (windowed) -----

###### Windowed train epoch 11 overall metrics
  loss: 0.4479 rmse: 18.284 r2: 0.099 corr: 0.369
***** Epoch 11 Val (windowed) *****
  loss: 0.2389 rmse: 22.329 r2: 0.089 corr: 0.397
********************
***** Epoch 11 Test (windowed) *****
  loss: 0.2818 rmse: 21.964 r2: 0.097 corr: 0.436
********************
  Epoch 11 done in 203.5s

----- Epoch 12 (windowed) -----

###### Windowed train epoch 12 overall metrics
  loss: 0.4467 rmse: 18.158 r2: 0.111 corr: 0.403
***** Epoch 12 Val (windowed) *****
  loss: 0.2136 rmse: 22.515 r2: 0.073 corr: 0.319
********************
***** Epoch 12 Test (windowed) *****
  loss: 0.2261 rmse: 22.302 r2: 0.069 corr: 0.295
********************
  Epoch 12 done in 285.0s

----- Epoch 13 (windowed) -----

###### Windowed train epoch 13 overall metrics
  loss: 0.4328 rmse: 18.122 r2: 0.114 corr: 0.401
***** Epoch 13 Val (windowed) *****
  loss: 0.2282 rmse: 22.255 r2: 0.095 corr: 0.405
********************
***** Epoch 13 Test (windowed) *****
  loss: 0.2696 rmse: 21.827 r2: 0.108 corr: 0.476
********************
  Epoch 13 done in 40.0s
  Saved best model → model/FIM_restoration_0412_stations_monthly/2018/gat-rnn-v2-windowed_bs-128_lr-0.001_maxepoch-50_testyear-2018_win-3_nwin-10_seed-0/model-13

----- Epoch 14 (windowed) -----

###### Windowed train epoch 14 overall metrics
  loss: 0.4255 rmse: 18.051 r2: 0.121 corr: 0.409
***** Epoch 14 Val (windowed) *****
  loss: 0.2036 rmse: 22.375 r2: 0.085 corr: 0.429
********************
***** Epoch 14 Test (windowed) *****
  loss: 0.2186 rmse: 22.005 r2: 0.094 corr: 0.464
********************
  Epoch 14 done in 39.8s

----- Epoch 15 (windowed) -----

###### Windowed train epoch 15 overall metrics
  loss: 0.4175 rmse: 17.958 r2: 0.130 corr: 0.432
***** Epoch 15 Val (windowed) *****
  loss: 0.1957 rmse: 21.976 r2: 0.117 corr: 0.421
********************
***** Epoch 15 Test (windowed) *****
  loss: 0.2130 rmse: 21.536 r2: 0.132 corr: 0.467
********************
  Epoch 15 done in 39.8s
  Saved best model → model/FIM_restoration_0412_stations_monthly/2018/gat-rnn-v2-windowed_bs-128_lr-0.001_maxepoch-50_testyear-2018_win-3_nwin-10_seed-0/model-15

----- Epoch 16 (windowed) -----

###### Windowed train epoch 16 overall metrics
  loss: 0.4072 rmse: 17.891 r2: 0.137 corr: 0.435
***** Epoch 16 Val (windowed) *****
  loss: 0.1905 rmse: 22.149 r2: 0.103 corr: 0.405
********************
***** Epoch 16 Test (windowed) *****
  loss: 0.2087 rmse: 21.771 r2: 0.113 corr: 0.426
********************
  Epoch 16 done in 39.7s

----- Epoch 17 (windowed) -----

###### Windowed train epoch 17 overall metrics
  loss: 0.4017 rmse: 17.747 r2: 0.151 corr: 0.440
***** Epoch 17 Val (windowed) *****
  loss: 0.1883 rmse: 22.186 r2: 0.100 corr: 0.405
********************
***** Epoch 17 Test (windowed) *****
  loss: 0.2044 rmse: 21.753 r2: 0.114 corr: 0.426
********************
  Epoch 17 done in 39.6s

----- Epoch 18 (windowed) -----

###### Windowed train epoch 18 overall metrics
  loss: 0.3943 rmse: 17.738 r2: 0.152 corr: 0.462
***** Epoch 18 Val (windowed) *****
  loss: 0.1929 rmse: 22.103 r2: 0.107 corr: 0.431
********************
***** Epoch 18 Test (windowed) *****
  loss: 0.2044 rmse: 21.475 r2: 0.137 corr: 0.502
********************
  Epoch 18 done in 39.1s

----- Epoch 19 (windowed) -----

###### Windowed train epoch 19 overall metrics
  loss: 0.3981 rmse: 17.632 r2: 0.162 corr: 0.474
***** Epoch 19 Val (windowed) *****
  loss: 0.2055 rmse: 22.539 r2: 0.072 corr: 0.343
********************
***** Epoch 19 Test (windowed) *****
  loss: 0.2143 rmse: 22.094 r2: 0.086 corr: 0.386
********************
  Epoch 19 done in 38.9s

----- Epoch 20 (windowed) -----

###### Windowed train epoch 20 overall metrics
  loss: 0.3936 rmse: 17.966 r2: 0.130 corr: 0.415
***** Epoch 20 Val (windowed) *****
  loss: 0.1911 rmse: 22.148 r2: 0.103 corr: 0.423
********************
***** Epoch 20 Test (windowed) *****
  loss: 0.2072 rmse: 21.593 r2: 0.127 corr: 0.480
********************
  Epoch 20 done in 39.2s

----- Epoch 21 (windowed) -----

###### Windowed train epoch 21 overall metrics
  loss: 0.3784 rmse: 17.700 r2: 0.155 corr: 0.452
***** Epoch 21 Val (windowed) *****
  loss: 0.1809 rmse: 22.008 r2: 0.115 corr: 0.417
********************
***** Epoch 21 Test (windowed) *****
  loss: 0.2059 rmse: 21.429 r2: 0.140 corr: 0.472
********************
  Epoch 21 done in 38.7s

----- Epoch 22 (windowed) -----

###### Windowed train epoch 22 overall metrics
  loss: 0.3738 rmse: 17.749 r2: 0.151 corr: 0.453
***** Epoch 22 Val (windowed) *****
  loss: 0.1829 rmse: 21.746 r2: 0.136 corr: 0.436
********************
***** Epoch 22 Test (windowed) *****
  loss: 0.2014 rmse: 21.171 r2: 0.161 corr: 0.473
********************
  Epoch 22 done in 39.4s
  Saved best model → model/FIM_restoration_0412_stations_monthly/2018/gat-rnn-v2-windowed_bs-128_lr-0.001_maxepoch-50_testyear-2018_win-3_nwin-10_seed-0/model-22

----- Epoch 23 (windowed) -----

###### Windowed train epoch 23 overall metrics
  loss: 0.3714 rmse: 17.602 r2: 0.165 corr: 0.451
***** Epoch 23 Val (windowed) *****
  loss: 0.1803 rmse: 22.193 r2: 0.100 corr: 0.408
********************
***** Epoch 23 Test (windowed) *****
  loss: 0.1985 rmse: 21.704 r2: 0.118 corr: 0.443
********************
  Epoch 23 done in 39.4s

----- Epoch 24 (windowed) -----

###### Windowed train epoch 24 overall metrics
  loss: 0.3694 rmse: 17.625 r2: 0.162 corr: 0.461
***** Epoch 24 Val (windowed) *****
  loss: 0.1880 rmse: 21.978 r2: 0.117 corr: 0.422
********************
***** Epoch 24 Test (windowed) *****
  loss: 0.2123 rmse: 21.273 r2: 0.153 corr: 0.521
********************
  Epoch 24 done in 39.2s

----- Epoch 25 (windowed) -----

###### Windowed train epoch 25 overall metrics
  loss: 0.3601 rmse: 17.374 r2: 0.186 corr: 0.509
***** Epoch 25 Val (windowed) *****
  loss: 0.1764 rmse: 21.951 r2: 0.119 corr: 0.441
********************
***** Epoch 25 Test (windowed) *****
  loss: 0.2010 rmse: 21.312 r2: 0.150 corr: 0.512
********************
  Epoch 25 done in 40.4s

----- Epoch 26 (windowed) -----

###### Windowed train epoch 26 overall metrics
  loss: 0.3536 rmse: 17.723 r2: 0.153 corr: 0.449
***** Epoch 26 Val (windowed) *****
  loss: 0.1690 rmse: 21.900 r2: 0.123 corr: 0.444
********************
***** Epoch 26 Test (windowed) *****
  loss: 0.1941 rmse: 21.233 r2: 0.156 corr: 0.510
********************
  Epoch 26 done in 39.9s

----- Epoch 27 (windowed) -----

###### Windowed train epoch 27 overall metrics
  loss: 0.3513 rmse: 17.435 r2: 0.180 corr: 0.485
***** Epoch 27 Val (windowed) *****
  loss: 0.1695 rmse: 21.961 r2: 0.119 corr: 0.430
********************
***** Epoch 27 Test (windowed) *****
  loss: 0.1938 rmse: 21.180 r2: 0.160 corr: 0.529
********************
  Epoch 27 done in 39.2s

----- Epoch 28 (windowed) -----

###### Windowed train epoch 28 overall metrics
  loss: 0.3518 rmse: 17.525 r2: 0.172 corr: 0.475
***** Epoch 28 Val (windowed) *****
  loss: 0.1734 rmse: 22.102 r2: 0.107 corr: 0.401
********************
***** Epoch 28 Test (windowed) *****
  loss: 0.1963 rmse: 21.502 r2: 0.135 corr: 0.464
********************
  Epoch 28 done in 39.7s

----- Epoch 29 (windowed) -----

###### Windowed train epoch 29 overall metrics
  loss: 0.3453 rmse: 17.552 r2: 0.169 corr: 0.469
***** Epoch 29 Val (windowed) *****
  loss: 0.1672 rmse: 21.876 r2: 0.125 corr: 0.439
********************
***** Epoch 29 Test (windowed) *****
  loss: 0.2044 rmse: 21.093 r2: 0.167 corr: 0.531
********************
  Epoch 29 done in 40.1s

----- Epoch 30 (windowed) -----

###### Windowed train epoch 30 overall metrics
  loss: 0.3384 rmse: 17.353 r2: 0.188 corr: 0.508
***** Epoch 30 Val (windowed) *****
  loss: 0.1655 rmse: 21.945 r2: 0.120 corr: 0.430
********************
***** Epoch 30 Test (windowed) *****
  loss: 0.1933 rmse: 21.200 r2: 0.159 corr: 0.512
********************
  Epoch 30 done in 40.3s

----- Epoch 31 (windowed) -----

###### Windowed train epoch 31 overall metrics
  loss: 0.3483 rmse: 17.549 r2: 0.170 corr: 0.469
***** Epoch 31 Val (windowed) *****
  loss: 0.1768 rmse: 22.101 r2: 0.107 corr: 0.409
********************
***** Epoch 31 Test (windowed) *****
  loss: 0.2274 rmse: 21.345 r2: 0.147 corr: 0.526
********************
  Epoch 31 done in 39.9s

----- Epoch 32 (windowed) -----

###### Windowed train epoch 32 overall metrics
  loss: 0.3364 rmse: 17.337 r2: 0.190 corr: 0.503
***** Epoch 32 Val (windowed) *****
  loss: 0.1619 rmse: 21.892 r2: 0.124 corr: 0.431
********************
***** Epoch 32 Test (windowed) *****
  loss: 0.2066 rmse: 21.072 r2: 0.169 corr: 0.530
********************
  Epoch 32 done in 39.4s

----- Epoch 33 (windowed) -----

###### Windowed train epoch 33 overall metrics
  loss: 0.3339 rmse: 17.360 r2: 0.187 corr: 0.490
***** Epoch 33 Val (windowed) *****
  loss: 0.1876 rmse: 21.948 r2: 0.120 corr: 0.445
********************
***** Epoch 33 Test (windowed) *****
  loss: 0.2589 rmse: 21.191 r2: 0.160 corr: 0.532
********************
  Epoch 33 done in 40.5s

----- Epoch 34 (windowed) -----

###### Windowed train epoch 34 overall metrics
  loss: 0.3365 rmse: 17.555 r2: 0.169 corr: 0.464
***** Epoch 34 Val (windowed) *****
  loss: 0.1658 rmse: 21.833 r2: 0.129 corr: 0.426
********************
***** Epoch 34 Test (windowed) *****
  loss: 0.1876 rmse: 21.048 r2: 0.171 corr: 0.507
********************
  Epoch 34 done in 39.9s

----- Epoch 35 (windowed) -----

###### Windowed train epoch 35 overall metrics
  loss: 0.3244 rmse: 17.334 r2: 0.190 corr: 0.477
***** Epoch 35 Val (windowed) *****
  loss: 0.1656 rmse: 22.029 r2: 0.113 corr: 0.424
********************
***** Epoch 35 Test (windowed) *****
  loss: 0.2316 rmse: 21.344 r2: 0.147 corr: 0.516
********************
  Epoch 35 done in 40.5s

----- Epoch 36 (windowed) -----

###### Windowed train epoch 36 overall metrics
  loss: 0.3212 rmse: 17.463 r2: 0.178 corr: 0.475
***** Epoch 36 Val (windowed) *****
  loss: 0.1579 rmse: 21.966 r2: 0.118 corr: 0.421
********************
***** Epoch 36 Test (windowed) *****
  loss: 0.1988 rmse: 21.213 r2: 0.158 corr: 0.503
********************
  Epoch 36 done in 40.3s

----- Epoch 37 (windowed) -----

###### Windowed train epoch 37 overall metrics
  loss: 0.3446 rmse: 17.396 r2: 0.184 corr: 0.485
***** Epoch 37 Val (windowed) *****
  loss: 0.1644 rmse: 21.777 r2: 0.133 corr: 0.439
********************
***** Epoch 37 Test (windowed) *****
  loss: 0.1942 rmse: 20.898 r2: 0.183 corr: 0.568
********************
  Epoch 37 done in 40.0s

----- Epoch 38 (windowed) -----

###### Windowed train epoch 38 overall metrics
  loss: 0.3278 rmse: 17.445 r2: 0.179 corr: 0.479
***** Epoch 38 Val (windowed) *****
  loss: 0.1584 rmse: 21.747 r2: 0.136 corr: 0.434
********************
***** Epoch 38 Test (windowed) *****
  loss: 0.2052 rmse: 20.967 r2: 0.177 corr: 0.521
********************
  Epoch 38 done in 40.6s

----- Epoch 39 (windowed) -----

###### Windowed train epoch 39 overall metrics
  loss: 0.3168 rmse: 17.378 r2: 0.186 corr: 0.484
***** Epoch 39 Val (windowed) *****
  loss: 0.1745 rmse: 21.737 r2: 0.136 corr: 0.430
********************
***** Epoch 39 Test (windowed) *****
  loss: 0.2754 rmse: 20.892 r2: 0.183 corr: 0.538
********************
  Epoch 39 done in 40.0s
  Saved best model → model/FIM_restoration_0412_stations_monthly/2018/gat-rnn-v2-windowed_bs-128_lr-0.001_maxepoch-50_testyear-2018_win-3_nwin-10_seed-0/model-39

----- Epoch 40 (windowed) -----

###### Windowed train epoch 40 overall metrics
  loss: 0.3198 rmse: 17.187 r2: 0.204 corr: 0.511
***** Epoch 40 Val (windowed) *****
  loss: 0.1855 rmse: 21.704 r2: 0.139 corr: 0.435
********************
***** Epoch 40 Test (windowed) *****
  loss: 0.2008 rmse: 20.773 r2: 0.192 corr: 0.550
********************
  Epoch 40 done in 41.6s
  Saved best model → model/FIM_restoration_0412_stations_monthly/2018/gat-rnn-v2-windowed_bs-128_lr-0.001_maxepoch-50_testyear-2018_win-3_nwin-10_seed-0/model-40

----- Epoch 41 (windowed) -----

###### Windowed train epoch 41 overall metrics
  loss: 0.3196 rmse: 17.119 r2: 0.210 corr: 0.507
***** Epoch 41 Val (windowed) *****
  loss: 0.1750 rmse: 21.797 r2: 0.132 corr: 0.437
********************
***** Epoch 41 Test (windowed) *****
  loss: 0.2986 rmse: 20.965 r2: 0.177 corr: 0.541
********************
  Epoch 41 done in 40.8s

----- Epoch 42 (windowed) -----

###### Windowed train epoch 42 overall metrics
  loss: 0.3122 rmse: 17.186 r2: 0.204 corr: 0.517
***** Epoch 42 Val (windowed) *****
  loss: 0.1560 rmse: 21.738 r2: 0.136 corr: 0.444
********************
***** Epoch 42 Test (windowed) *****
  loss: 0.2018 rmse: 21.012 r2: 0.174 corr: 0.521
********************
  Epoch 42 done in 39.7s

----- Epoch 43 (windowed) -----

###### Windowed train epoch 43 overall metrics
  loss: 0.3085 rmse: 17.280 r2: 0.195 corr: 0.501
***** Epoch 43 Val (windowed) *****
  loss: 0.1718 rmse: 21.815 r2: 0.130 corr: 0.442
********************
***** Epoch 43 Test (windowed) *****
  loss: 0.2488 rmse: 20.924 r2: 0.181 corr: 0.568
********************
  Epoch 43 done in 39.7s

----- Epoch 44 (windowed) -----

###### Windowed train epoch 44 overall metrics
  loss: 0.3053 rmse: 17.254 r2: 0.197 corr: 0.493
***** Epoch 44 Val (windowed) *****
  loss: 0.1535 rmse: 21.913 r2: 0.122 corr: 0.420
********************
***** Epoch 44 Test (windowed) *****
  loss: 0.1936 rmse: 21.167 r2: 0.161 corr: 0.497
********************
  Epoch 44 done in 39.9s

----- Epoch 45 (windowed) -----

###### Windowed train epoch 45 overall metrics
  loss: 0.3006 rmse: 17.232 r2: 0.199 corr: 0.505
***** Epoch 45 Val (windowed) *****
  loss: 0.1609 rmse: 21.650 r2: 0.143 corr: 0.471
********************
***** Epoch 45 Test (windowed) *****
  loss: 0.2576 rmse: 20.558 r2: 0.209 corr: 0.618
********************
  Epoch 45 done in 39.9s
  Saved best model → model/FIM_restoration_0412_stations_monthly/2018/gat-rnn-v2-windowed_bs-128_lr-0.001_maxepoch-50_testyear-2018_win-3_nwin-10_seed-0/model-45

----- Epoch 46 (windowed) -----

###### Windowed train epoch 46 overall metrics
  loss: 0.3117 rmse: 17.149 r2: 0.207 corr: 0.509
***** Epoch 46 Val (windowed) *****
  loss: 0.1896 rmse: 21.887 r2: 0.124 corr: 0.431
********************
***** Epoch 46 Test (windowed) *****
  loss: 0.1998 rmse: 21.113 r2: 0.166 corr: 0.528
********************
  Epoch 46 done in 40.3s

----- Epoch 47 (windowed) -----

###### Windowed train epoch 47 overall metrics
  loss: 0.3191 rmse: 17.277 r2: 0.195 corr: 0.500
***** Epoch 47 Val (windowed) *****
  loss: 0.1561 rmse: 21.761 r2: 0.134 corr: 0.441
********************
***** Epoch 47 Test (windowed) *****
  loss: 0.1828 rmse: 20.913 r2: 0.181 corr: 0.534
********************
  Epoch 47 done in 38.9s

----- Epoch 48 (windowed) -----

###### Windowed train epoch 48 overall metrics
  loss: 0.2988 rmse: 17.008 r2: 0.220 corr: 0.531
***** Epoch 48 Val (windowed) *****
  loss: 0.1615 rmse: 21.652 r2: 0.143 corr: 0.470
********************
***** Epoch 48 Test (windowed) *****
  loss: 0.2397 rmse: 20.740 r2: 0.195 corr: 0.594
********************
  Epoch 48 done in 39.2s

----- Epoch 49 (windowed) -----

###### Windowed train epoch 49 overall metrics
  loss: 0.2965 rmse: 17.277 r2: 0.195 corr: 0.498
***** Epoch 49 Val (windowed) *****
  loss: 0.1540 rmse: 21.490 r2: 0.156 corr: 0.470
********************
***** Epoch 49 Test (windowed) *****
  loss: 0.2165 rmse: 20.301 r2: 0.229 corr: 0.614
********************
  Epoch 49 done in 40.6s
  Saved best model → model/FIM_restoration_0412_stations_monthly/2018/gat-rnn-v2-windowed_bs-128_lr-0.001_maxepoch-50_testyear-2018_win-3_nwin-10_seed-0/model-49
Fold done — best val RMSE=21.4897 test R²=0.2286 corr=0.6137

================================================================
Rolling-windowed  test_year=2019
  Val  : 2018
  Test : 2019
  win_size=3  n_windows=10
================================================================
Initially data (54319, 166)
After filtering (44769, 166)
get_X_Y
X shape (44769, 130)
Y shape (44769, 34)
Y (output) means tensor([[0.1487, 0.0126, 0.2565, 0.1601, 0.0223, 0.0595, 0.1622, 0.6568, 0.8954,
         0.0239, 0.0511, 0.0102, 0.0841, 0.1385, 1.0186, 1.0679, 0.3501, 0.3970,
         0.9009, 0.3988, 0.1863, 0.2150, 0.4200, 0.1692, 0.4242, 0.5006, 0.2795,
         0.6077, 0.5050, 0.1494, 0.2772, 0.1075, 0.1321, 0.1315]]) stds tensor([[0.4857, 0.1381, 0.6264, 0.5807, 0.1786, 0.2937, 0.5186, 1.4537, 1.6254,
         0.1958, 0.3156, 0.1357, 0.4368, 0.4418, 2.0975, 1.7090, 0.8597, 1.1725,
         1.6233, 0.9322, 0.5226, 0.6806, 1.0903, 0.5773, 1.0047, 1.0604, 0.7113,
         1.3482, 1.0338, 0.4432, 0.8399, 0.3441, 0.3962, 0.3738]])
Y count-scale means tensor([[5.0797e-01, 3.5339e-02, 9.7338e-01, 8.7295e-01, 6.0983e-02, 1.8958e-01,
         5.8790e-01, 1.4899e+01, 3.1298e+01, 7.3070e-02, 2.3778e-01, 3.4716e-02,
         5.6858e-01, 4.0510e-01, 2.3924e+02, 2.3259e+01, 2.6788e+00, 1.4194e+01,
         2.6359e+01, 3.1770e+00, 5.8593e-01, 1.5280e+00, 7.7353e+00, 1.5083e+00,
         3.5676e+00, 4.3447e+00, 1.2704e+00, 2.8370e+01, 5.8598e+00, 4.2885e-01,
         3.1256e+00, 2.2766e-01, 3.0830e-01, 2.7279e-01]]) stds tensor([[3.3576e+00, 6.1114e-01, 5.7694e+00, 6.7201e+00, 9.6033e-01, 3.5449e+00,
         3.6938e+00, 7.4370e+01, 2.3162e+02, 9.9862e-01, 3.7179e+00, 6.8248e-01,
         8.5310e+00, 2.5396e+00, 2.7971e+03, 9.4884e+01, 1.9261e+01, 1.6073e+02,
         2.1245e+02, 1.9317e+01, 3.0229e+00, 2.0954e+01, 8.2804e+01, 4.5170e+01,
         1.6905e+01, 2.3097e+01, 6.8358e+00, 8.3353e+02, 7.1269e+01, 4.4141e+00,
         2.6716e+01, 1.0057e+00, 1.4327e+00, 1.0641e+00]])
Loaded per-window (calendar) month weights from analysis/figures/month_weights_per_window.npz: cube.shape=(25, 12, 34)
/Users/liyingnceas/GitHub/GNN-RNN-main/gnn-lstm-v3/utils/data_utils.py:264: RuntimeWarning: Mean of empty slice
  np.nanmean(county_dict[county], axis=0).astype(np.float32)
Filled 111585 missing (node, year) entries from neighbors or year averages
[2D] Station nodes: 596, adj nnz: 2980
[build_year_XY_windowed] data_start=1998, min_pred_year=2009, test_year=2019, win_size=3, n_windows=10
  built windows for T=2009
  built windows for T=2014
  built windows for T=2019
[build_year_XY_windowed] built windowed XY for 11 prediction years (2009–2019)
  GAT_RNN_V2: edge_feat_dim=3, n_heads=4, n_hidden=64
  [Bayes] Species rarity weights (mean=1): min=0.70 max=1.72  (rarest=Mycteroperca microlepis_SA)
  [CrossDonor] Ecological cross-donor map (9 recipients):
    Centropomus undecimalis_A  <-  ['Cynoscion nebulosus_R', 'Cynoscion nebulosus_A']
    Centropomus undecimalis_SA  <-  ['Cynoscion nebulosus_R', 'Centropomus undecimalis_A']
    Sciaenops ocellatus_R  <-  ['Cynoscion nebulosus_R', 'Cynoscion nebulosus_A']
    Sciaenops ocellatus_SA  <-  ['Cynoscion nebulosus_R', 'Cynoscion nebulosus_A']
    Cynoscion nebulosus_A  <-  ['Cynoscion nebulosus_R', 'Lagodon rhomboides_A']
    Mycteroperca microlepis_SA  <-  ['Lutjanus griseus_SA', 'Lutjanus griseus_R']
    Lutjanus griseus_R  <-  ['Archosargus probatocephalus_A', 'Lutjanus griseus_SA']
    Lutjanus griseus_SA  <-  ['Archosargus probatocephalus_A']
    Archosargus probatocephalus_R  <-  ['Archosargus probatocephalus_A', 'Lagodon rhomboides_A']
  [BayesTransferMapped] 9 recipient → donor mappings:
    recipient   3 <- donors [6, 5]
    recipient   4 <- donors [6, 3]
    recipient  12 <- donors [6, 5]
    recipient  13 <- donors [6, 5]
    recipient   5 <- donors [6, 7]
    recipient  11 <- donors [10, 9]
    recipient   9 <- donors [0, 10]
    recipient  10 <- donors [0]
    recipient   1 <- donors [0, 7]
  [BayesTransferMapped] transfer_prior_std=0.600  warmstart_alpha=0.25

----- Epoch 0 (windowed) -----
  batch 49 | loss 0.6725 rmse 5.321 r2 0.116 corr 0.377

###### Windowed train epoch 0 overall metrics
  loss: 0.7466 rmse: 19.616 r2: 0.006 corr: 0.114
***** Epoch 0 Val (windowed) *****
  loss: 0.3155 rmse: 22.986 r2: 0.012 corr: 0.154
********************
***** Epoch 0 Test (windowed) *****
  loss: 0.3209 rmse: 35.473 r2: 0.006 corr: 0.114
********************
  Epoch 0 done in 44.0s
  Saved best model → model/FIM_restoration_0412_stations_monthly/2019/gat-rnn-v2-windowed_bs-128_lr-0.001_maxepoch-50_testyear-2019_win-3_nwin-10_seed-0/model-0

----- Epoch 1 (windowed) -----
  batch 49 | loss 0.6384 rmse 15.445 r2 0.065 corr 0.381

###### Windowed train epoch 1 overall metrics
  loss: 0.6437 rmse: 19.441 r2: 0.024 corr: 0.200
***** Epoch 1 Val (windowed) *****
  loss: 0.2936 rmse: 22.824 r2: 0.026 corr: 0.236
********************
***** Epoch 1 Test (windowed) *****
  loss: 0.3033 rmse: 35.329 r2: 0.014 corr: 0.193
********************
  Epoch 1 done in 43.1s
  Saved best model → model/FIM_restoration_0412_stations_monthly/2019/gat-rnn-v2-windowed_bs-128_lr-0.001_maxepoch-50_testyear-2019_win-3_nwin-10_seed-0/model-1

----- Epoch 2 (windowed) -----
  batch 49 | loss 0.5926 rmse 13.218 r2 0.066 corr 0.354

###### Windowed train epoch 2 overall metrics
  loss: 0.6021 rmse: 19.277 r2: 0.041 corr: 0.262
***** Epoch 2 Val (windowed) *****
  loss: 0.2755 rmse: 22.665 r2: 0.040 corr: 0.295
********************
***** Epoch 2 Test (windowed) *****
  loss: 0.2858 rmse: 35.187 r2: 0.022 corr: 0.254
********************
  Epoch 2 done in 44.9s
  Saved best model → model/FIM_restoration_0412_stations_monthly/2019/gat-rnn-v2-windowed_bs-128_lr-0.001_maxepoch-50_testyear-2019_win-3_nwin-10_seed-0/model-2

----- Epoch 3 (windowed) -----
  batch 49 | loss 0.5643 rmse 11.308 r2 0.165 corr 0.454

###### Windowed train epoch 3 overall metrics
  loss: 0.5700 rmse: 19.164 r2: 0.052 corr: 0.290
***** Epoch 3 Val (windowed) *****
  loss: 0.2775 rmse: 22.560 r2: 0.049 corr: 0.311
********************
***** Epoch 3 Test (windowed) *****
  loss: 0.3027 rmse: 35.114 r2: 0.026 corr: 0.261
********************
  Epoch 3 done in 45.0s
  Saved best model → model/FIM_restoration_0412_stations_monthly/2019/gat-rnn-v2-windowed_bs-128_lr-0.001_maxepoch-50_testyear-2019_win-3_nwin-10_seed-0/model-3

----- Epoch 4 (windowed) -----
  batch 49 | loss 0.5437 rmse 9.678 r2 0.186 corr 0.486

###### Windowed train epoch 4 overall metrics
  loss: 0.5358 rmse: 19.031 r2: 0.065 corr: 0.314
***** Epoch 4 Val (windowed) *****
  loss: 0.2458 rmse: 22.548 r2: 0.050 corr: 0.292
********************
***** Epoch 4 Test (windowed) *****
  loss: 0.2526 rmse: 35.081 r2: 0.028 corr: 0.242
********************
  Epoch 4 done in 43.6s
  Saved best model → model/FIM_restoration_0412_stations_monthly/2019/gat-rnn-v2-windowed_bs-128_lr-0.001_maxepoch-50_testyear-2019_win-3_nwin-10_seed-0/model-4

----- Epoch 5 (windowed) -----
  batch 49 | loss 0.5212 rmse 62.507 r2 0.013 corr 0.187

###### Windowed train epoch 5 overall metrics
  loss: 0.5080 rmse: 18.987 r2: 0.069 corr: 0.327
***** Epoch 5 Val (windowed) *****
  loss: 0.2345 rmse: 22.431 r2: 0.060 corr: 0.328
********************
***** Epoch 5 Test (windowed) *****
  loss: 0.2467 rmse: 34.961 r2: 0.035 corr: 0.279
********************
  Epoch 5 done in 43.6s
  Saved best model → model/FIM_restoration_0412_stations_monthly/2019/gat-rnn-v2-windowed_bs-128_lr-0.001_maxepoch-50_testyear-2019_win-3_nwin-10_seed-0/model-5

----- Epoch 6 (windowed) -----
  batch 49 | loss 0.4936 rmse 11.607 r2 0.113 corr 0.401

###### Windowed train epoch 6 overall metrics
  loss: 0.4930 rmse: 18.919 r2: 0.076 corr: 0.344
***** Epoch 6 Val (windowed) *****
  loss: 0.2296 rmse: 22.467 r2: 0.056 corr: 0.321
********************
***** Epoch 6 Test (windowed) *****
  loss: 0.2486 rmse: 35.002 r2: 0.032 corr: 0.272
********************
  Epoch 6 done in 44.2s

----- Epoch 7 (windowed) -----
  batch 49 | loss 0.4678 rmse 6.741 r2 0.250 corr 0.555

###### Windowed train epoch 7 overall metrics
  loss: 0.4716 rmse: 18.913 r2: 0.076 corr: 0.336
***** Epoch 7 Val (windowed) *****
  loss: 0.2204 rmse: 22.370 r2: 0.065 corr: 0.349
********************
***** Epoch 7 Test (windowed) *****
  loss: 0.2357 rmse: 34.922 r2: 0.037 corr: 0.301
********************
  Epoch 7 done in 44.1s
  Saved best model → model/FIM_restoration_0412_stations_monthly/2019/gat-rnn-v2-windowed_bs-128_lr-0.001_maxepoch-50_testyear-2019_win-3_nwin-10_seed-0/model-7

----- Epoch 8 (windowed) -----
  batch 49 | loss 0.5075 rmse 31.318 r2 0.090 corr 0.476

###### Windowed train epoch 8 overall metrics
  loss: 0.4747 rmse: 18.809 r2: 0.087 corr: 0.365
***** Epoch 8 Val (windowed) *****
  loss: 0.2239 rmse: 22.291 r2: 0.071 corr: 0.372
********************
***** Epoch 8 Test (windowed) *****
  loss: 0.2478 rmse: 34.860 r2: 0.040 corr: 0.327
********************
  Epoch 8 done in 43.2s
  Saved best model → model/FIM_restoration_0412_stations_monthly/2019/gat-rnn-v2-windowed_bs-128_lr-0.001_maxepoch-50_testyear-2019_win-3_nwin-10_seed-0/model-8

----- Epoch 9 (windowed) -----
  batch 49 | loss 0.4886 rmse 28.732 r2 0.049 corr 0.290

###### Windowed train epoch 9 overall metrics
  loss: 0.4541 rmse: 18.707 r2: 0.096 corr: 0.385
***** Epoch 9 Val (windowed) *****
  loss: 0.2123 rmse: 22.262 r2: 0.074 corr: 0.346
********************
***** Epoch 9 Test (windowed) *****
  loss: 0.2277 rmse: 34.819 r2: 0.042 corr: 0.303
********************
  Epoch 9 done in 43.0s
  Saved best model → model/FIM_restoration_0412_stations_monthly/2019/gat-rnn-v2-windowed_bs-128_lr-0.001_maxepoch-50_testyear-2019_win-3_nwin-10_seed-0/model-9

----- Epoch 10 (windowed) -----
  batch 49 | loss 0.4475 rmse 39.205 r2 0.030 corr 0.255

###### Windowed train epoch 10 overall metrics
  loss: 0.4526 rmse: 18.729 r2: 0.094 corr: 0.373
***** Epoch 10 Val (windowed) *****
  loss: 0.2079 rmse: 22.293 r2: 0.071 corr: 0.387
********************
***** Epoch 10 Test (windowed) *****
  loss: 0.2245 rmse: 34.835 r2: 0.041 corr: 0.343
********************
  Epoch 10 done in 45.0s

----- Epoch 11 (windowed) -----
  batch 49 | loss 0.4469 rmse 12.984 r2 0.155 corr 0.460

###### Windowed train epoch 11 overall metrics
  loss: 0.4359 rmse: 18.502 r2: 0.116 corr: 0.426
***** Epoch 11 Val (windowed) *****
  loss: 0.2148 rmse: 22.079 r2: 0.089 corr: 0.403
********************
***** Epoch 11 Test (windowed) *****
  loss: 0.2357 rmse: 34.630 r2: 0.053 corr: 0.364
********************
  Epoch 11 done in 44.4s
  Saved best model → model/FIM_restoration_0412_stations_monthly/2019/gat-rnn-v2-windowed_bs-128_lr-0.001_maxepoch-50_testyear-2019_win-3_nwin-10_seed-0/model-11

----- Epoch 12 (windowed) -----
  batch 49 | loss 0.4157 rmse 5.553 r2 0.279 corr 0.534

###### Windowed train epoch 12 overall metrics
  loss: 0.4271 rmse: 18.612 r2: 0.106 corr: 0.390
***** Epoch 12 Val (windowed) *****
  loss: 0.2068 rmse: 21.933 r2: 0.101 corr: 0.448
********************
***** Epoch 12 Test (windowed) *****
  loss: 0.2413 rmse: 34.488 r2: 0.060 corr: 0.413
********************
  Epoch 12 done in 44.6s
  Saved best model → model/FIM_restoration_0412_stations_monthly/2019/gat-rnn-v2-windowed_bs-128_lr-0.001_maxepoch-50_testyear-2019_win-3_nwin-10_seed-0/model-12

----- Epoch 13 (windowed) -----
  batch 49 | loss 0.4313 rmse 17.389 r2 0.183 corr 0.516

###### Windowed train epoch 13 overall metrics
  loss: 0.4205 rmse: 18.465 r2: 0.120 corr: 0.425
***** Epoch 13 Val (windowed) *****
  loss: 0.2014 rmse: 21.474 r2: 0.138 corr: 0.531
********************
***** Epoch 13 Test (windowed) *****
  loss: 0.2248 rmse: 34.016 r2: 0.086 corr: 0.467
********************
  Epoch 13 done in 43.2s
  Saved best model → model/FIM_restoration_0412_stations_monthly/2019/gat-rnn-v2-windowed_bs-128_lr-0.001_maxepoch-50_testyear-2019_win-3_nwin-10_seed-0/model-13

----- Epoch 14 (windowed) -----
  batch 49 | loss 0.4211 rmse 12.077 r2 0.200 corr 0.492

###### Windowed train epoch 14 overall metrics
  loss: 0.4124 rmse: 18.179 r2: 0.147 corr: 0.459
***** Epoch 14 Val (windowed) *****
  loss: 0.1938 rmse: 21.676 r2: 0.122 corr: 0.458
********************
***** Epoch 14 Test (windowed) *****
  loss: 0.2253 rmse: 34.211 r2: 0.076 corr: 0.417
********************
  Epoch 14 done in 43.1s

----- Epoch 15 (windowed) -----
  batch 49 | loss 0.4014 rmse 60.954 r2 0.093 corr 0.480

###### Windowed train epoch 15 overall metrics
  loss: 0.4086 rmse: 18.178 r2: 0.147 corr: 0.462
***** Epoch 15 Val (windowed) *****
  loss: 0.2020 rmse: 21.619 r2: 0.126 corr: 0.517
********************
***** Epoch 15 Test (windowed) *****
  loss: 0.2604 rmse: 34.153 r2: 0.079 corr: 0.478
********************
  Epoch 15 done in 43.3s

----- Epoch 16 (windowed) -----
  batch 49 | loss 0.4092 rmse 25.424 r2 0.294 corr 0.582

###### Windowed train epoch 16 overall metrics
  loss: 0.3972 rmse: 18.085 r2: 0.156 corr: 0.470
***** Epoch 16 Val (windowed) *****
  loss: 0.1887 rmse: 21.273 r2: 0.154 corr: 0.542
********************
***** Epoch 16 Test (windowed) *****
  loss: 0.2306 rmse: 33.710 r2: 0.102 corr: 0.492
********************
  Epoch 16 done in 43.5s
  Saved best model → model/FIM_restoration_0412_stations_monthly/2019/gat-rnn-v2-windowed_bs-128_lr-0.001_maxepoch-50_testyear-2019_win-3_nwin-10_seed-0/model-16

----- Epoch 17 (windowed) -----
  batch 49 | loss 0.4009 rmse 6.812 r2 0.373 corr 0.655

###### Windowed train epoch 17 overall metrics
  loss: 0.3945 rmse: 18.065 r2: 0.157 corr: 0.477
***** Epoch 17 Val (windowed) *****
  loss: 0.1999 rmse: 21.613 r2: 0.127 corr: 0.471
********************
***** Epoch 17 Test (windowed) *****
  loss: 0.2118 rmse: 34.165 r2: 0.078 corr: 0.423
********************
  Epoch 17 done in 43.9s

----- Epoch 18 (windowed) -----
  batch 49 | loss 0.3844 rmse 4.678 r2 0.465 corr 0.710

###### Windowed train epoch 18 overall metrics
  loss: 0.3845 rmse: 18.011 r2: 0.162 corr: 0.486
***** Epoch 18 Val (windowed) *****
  loss: 0.1846 rmse: 21.568 r2: 0.131 corr: 0.511
********************
***** Epoch 18 Test (windowed) *****
  loss: 0.2080 rmse: 34.111 r2: 0.081 corr: 0.457
********************
  Epoch 18 done in 43.9s

----- Epoch 19 (windowed) -----
  batch 49 | loss 0.3941 rmse 5.713 r2 0.358 corr 0.640

###### Windowed train epoch 19 overall metrics
  loss: 0.3836 rmse: 17.738 r2: 0.188 corr: 0.514
***** Epoch 19 Val (windowed) *****
  loss: 0.1843 rmse: 21.509 r2: 0.135 corr: 0.500
********************
***** Epoch 19 Test (windowed) *****
  loss: 0.2124 rmse: 34.021 r2: 0.086 corr: 0.454
********************
  Epoch 19 done in 44.6s

----- Epoch 20 (windowed) -----
  batch 49 | loss 0.4096 rmse 31.425 r2 0.095 corr 0.494

###### Windowed train epoch 20 overall metrics
  loss: 0.3750 rmse: 17.890 r2: 0.174 corr: 0.495
***** Epoch 20 Val (windowed) *****
  loss: 0.1777 rmse: 21.074 r2: 0.170 corr: 0.573
********************
***** Epoch 20 Test (windowed) *****
  loss: 0.2226 rmse: 33.635 r2: 0.106 corr: 0.484
********************
  Epoch 20 done in 45.3s
  Saved best model → model/FIM_restoration_0412_stations_monthly/2019/gat-rnn-v2-windowed_bs-128_lr-0.001_maxepoch-50_testyear-2019_win-3_nwin-10_seed-0/model-20

----- Epoch 21 (windowed) -----
  batch 49 | loss 0.4010 rmse 13.359 r2 0.276 corr 0.617

###### Windowed train epoch 21 overall metrics
  loss: 0.3701 rmse: 17.747 r2: 0.187 corr: 0.496
***** Epoch 21 Val (windowed) *****
  loss: 0.2142 rmse: 21.492 r2: 0.137 corr: 0.545
********************
***** Epoch 21 Test (windowed) *****
  loss: 0.2848 rmse: 34.004 r2: 0.087 corr: 0.466
********************
  Epoch 21 done in 42.4s

----- Epoch 22 (windowed) -----
  batch 49 | loss 0.3620 rmse 9.320 r2 0.395 corr 0.664

###### Windowed train epoch 22 overall metrics
  loss: 0.3682 rmse: 17.687 r2: 0.192 corr: 0.524
***** Epoch 22 Val (windowed) *****
  loss: 0.1790 rmse: 21.023 r2: 0.174 corr: 0.559
********************
***** Epoch 22 Test (windowed) *****
  loss: 0.2222 rmse: 33.685 r2: 0.104 corr: 0.475
********************
  Epoch 22 done in 42.4s
  Saved best model → model/FIM_restoration_0412_stations_monthly/2019/gat-rnn-v2-windowed_bs-128_lr-0.001_maxepoch-50_testyear-2019_win-3_nwin-10_seed-0/model-22

----- Epoch 23 (windowed) -----
  batch 49 | loss 0.4015 rmse 16.791 r2 0.214 corr 0.547

###### Windowed train epoch 23 overall metrics
  loss: 0.3760 rmse: 17.645 r2: 0.196 corr: 0.519
***** Epoch 23 Val (windowed) *****
  loss: 0.1970 rmse: 21.233 r2: 0.157 corr: 0.549
********************
***** Epoch 23 Test (windowed) *****
  loss: 0.2127 rmse: 33.904 r2: 0.092 corr: 0.465
********************
  Epoch 23 done in 45.6s

----- Epoch 24 (windowed) -----
  batch 49 | loss 0.3804 rmse 22.080 r2 0.357 corr 0.710

###### Windowed train epoch 24 overall metrics
  loss: 0.3698 rmse: 17.696 r2: 0.192 corr: 0.535
***** Epoch 24 Val (windowed) *****
  loss: 0.1721 rmse: 20.990 r2: 0.176 corr: 0.559
********************
***** Epoch 24 Test (windowed) *****
  loss: 0.2001 rmse: 33.627 r2: 0.107 corr: 0.484
********************
  Epoch 24 done in 44.3s
  Saved best model → model/FIM_restoration_0412_stations_monthly/2019/gat-rnn-v2-windowed_bs-128_lr-0.001_maxepoch-50_testyear-2019_win-3_nwin-10_seed-0/model-24

----- Epoch 25 (windowed) -----
  batch 49 | loss 0.3715 rmse 47.735 r2 0.041 corr 0.299

###### Windowed train epoch 25 overall metrics
  loss: 0.3526 rmse: 17.598 r2: 0.200 corr: 0.520
***** Epoch 25 Val (windowed) *****
  loss: 0.1693 rmse: 21.039 r2: 0.173 corr: 0.544
********************
***** Epoch 25 Test (windowed) *****
  loss: 0.1954 rmse: 33.703 r2: 0.103 corr: 0.473
********************
  Epoch 25 done in 42.3s

----- Epoch 26 (windowed) -----
  batch 49 | loss 0.3430 rmse 6.678 r2 0.346 corr 0.621

###### Windowed train epoch 26 overall metrics
  loss: 0.3467 rmse: 17.640 r2: 0.197 corr: 0.510
***** Epoch 26 Val (windowed) *****
  loss: 0.1749 rmse: 21.617 r2: 0.127 corr: 0.507
********************
***** Epoch 26 Test (windowed) *****
  loss: 0.1933 rmse: 34.188 r2: 0.077 corr: 0.448
********************
  Epoch 26 done in 42.4s

----- Epoch 27 (windowed) -----
  batch 49 | loss 0.3348 rmse 6.359 r2 0.302 corr 0.593

###### Windowed train epoch 27 overall metrics
  loss: 0.3407 rmse: 17.519 r2: 0.208 corr: 0.528
***** Epoch 27 Val (windowed) *****
  loss: 0.1723 rmse: 20.905 r2: 0.183 corr: 0.571
********************
***** Epoch 27 Test (windowed) *****
  loss: 0.2273 rmse: 33.380 r2: 0.120 corr: 0.495
********************
  Epoch 27 done in 42.8s
  Saved best model → model/FIM_restoration_0412_stations_monthly/2019/gat-rnn-v2-windowed_bs-128_lr-0.001_maxepoch-50_testyear-2019_win-3_nwin-10_seed-0/model-27

----- Epoch 28 (windowed) -----
  batch 49 | loss 0.3663 rmse 7.717 r2 0.273 corr 0.524

###### Windowed train epoch 28 overall metrics
  loss: 0.3402 rmse: 17.348 r2: 0.223 corr: 0.558
***** Epoch 28 Val (windowed) *****
  loss: 0.1662 rmse: 20.652 r2: 0.203 corr: 0.596
********************
***** Epoch 28 Test (windowed) *****
  loss: 0.2006 rmse: 33.256 r2: 0.126 corr: 0.501
********************
  Epoch 28 done in 42.9s
  Saved best model → model/FIM_restoration_0412_stations_monthly/2019/gat-rnn-v2-windowed_bs-128_lr-0.001_maxepoch-50_testyear-2019_win-3_nwin-10_seed-0/model-28

----- Epoch 29 (windowed) -----
  batch 49 | loss 0.3480 rmse 16.674 r2 0.289 corr 0.570

###### Windowed train epoch 29 overall metrics
  loss: 0.3498 rmse: 17.735 r2: 0.188 corr: 0.488
***** Epoch 29 Val (windowed) *****
  loss: 0.1750 rmse: 20.640 r2: 0.204 corr: 0.596
********************
***** Epoch 29 Test (windowed) *****
  loss: 0.2054 rmse: 33.356 r2: 0.121 corr: 0.508
********************
  Epoch 29 done in 43.5s
  Saved best model → model/FIM_restoration_0412_stations_monthly/2019/gat-rnn-v2-windowed_bs-128_lr-0.001_maxepoch-50_testyear-2019_win-3_nwin-10_seed-0/model-29

----- Epoch 30 (windowed) -----
  batch 49 | loss 0.3315 rmse 7.152 r2 0.260 corr 0.542

###### Windowed train epoch 30 overall metrics
  loss: 0.3375 rmse: 16.995 r2: 0.254 corr: 0.574
***** Epoch 30 Val (windowed) *****
  loss: 0.1666 rmse: 21.198 r2: 0.160 corr: 0.560
********************
***** Epoch 30 Test (windowed) *****
  loss: 0.1916 rmse: 33.858 r2: 0.094 corr: 0.482
********************
  Epoch 30 done in 42.9s

----- Epoch 31 (windowed) -----
  batch 49 | loss 0.3607 rmse 5.539 r2 0.399 corr 0.648

###### Windowed train epoch 31 overall metrics
  loss: 0.3315 rmse: 17.465 r2: 0.212 corr: 0.543
***** Epoch 31 Val (windowed) *****
  loss: 0.1659 rmse: 20.672 r2: 0.201 corr: 0.590
********************
***** Epoch 31 Test (windowed) *****
  loss: 0.1927 rmse: 33.380 r2: 0.120 corr: 0.501
********************
  Epoch 31 done in 42.7s

----- Epoch 32 (windowed) -----
  batch 49 | loss 0.3260 rmse 4.779 r2 0.468 corr 0.755

###### Windowed train epoch 32 overall metrics
  loss: 0.3263 rmse: 17.439 r2: 0.215 corr: 0.536
***** Epoch 32 Val (windowed) *****
  loss: 0.1611 rmse: 21.198 r2: 0.160 corr: 0.546
********************
***** Epoch 32 Test (windowed) *****
  loss: 0.2084 rmse: 33.852 r2: 0.095 corr: 0.473
********************
  Epoch 32 done in 43.9s

----- Epoch 33 (windowed) -----
  batch 49 | loss 0.3434 rmse 10.065 r2 0.259 corr 0.577

###### Windowed train epoch 33 overall metrics
  loss: 0.3200 rmse: 17.592 r2: 0.201 corr: 0.449
***** Epoch 33 Val (windowed) *****
  loss: 0.1615 rmse: 21.043 r2: 0.172 corr: 0.559
********************
***** Epoch 33 Test (windowed) *****
  loss: 0.2258 rmse: 33.658 r2: 0.105 corr: 0.478
********************
  Epoch 33 done in 44.1s

----- Epoch 34 (windowed) -----
  batch 49 | loss 0.3264 rmse 7.659 r2 0.399 corr 0.647

###### Windowed train epoch 34 overall metrics
  loss: 0.3211 rmse: 17.208 r2: 0.235 corr: 0.518
***** Epoch 34 Val (windowed) *****
  loss: 0.1574 rmse: 20.769 r2: 0.194 corr: 0.602
********************
***** Epoch 34 Test (windowed) *****
  loss: 0.2081 rmse: 33.403 r2: 0.119 corr: 0.496
********************
  Epoch 34 done in 43.0s

----- Epoch 35 (windowed) -----
  batch 49 | loss 0.3564 rmse 4.286 r2 0.519 corr 0.728

###### Windowed train epoch 35 overall metrics
  loss: 0.3174 rmse: 17.522 r2: 0.207 corr: 0.520
***** Epoch 35 Val (windowed) *****
  loss: 0.1629 rmse: 20.392 r2: 0.223 corr: 0.593
********************
***** Epoch 35 Test (windowed) *****
  loss: 0.1948 rmse: 33.161 r2: 0.131 corr: 0.496
********************
  Epoch 35 done in 45.4s
  Saved best model → model/FIM_restoration_0412_stations_monthly/2019/gat-rnn-v2-windowed_bs-128_lr-0.001_maxepoch-50_testyear-2019_win-3_nwin-10_seed-0/model-35

----- Epoch 36 (windowed) -----
  batch 49 | loss 0.3227 rmse 9.483 r2 0.379 corr 0.687

###### Windowed train epoch 36 overall metrics
  loss: 0.3150 rmse: 17.254 r2: 0.231 corr: 0.540
***** Epoch 36 Val (windowed) *****
  loss: 0.1575 rmse: 20.828 r2: 0.189 corr: 0.564
********************
***** Epoch 36 Test (windowed) *****
  loss: 0.1940 rmse: 33.629 r2: 0.107 corr: 0.472
********************
  Epoch 36 done in 43.8s

----- Epoch 37 (windowed) -----
  batch 49 | loss 0.3178 rmse 6.449 r2 0.416 corr 0.673

###### Windowed train epoch 37 overall metrics
  loss: 0.3094 rmse: 17.150 r2: 0.241 corr: 0.566
***** Epoch 37 Val (windowed) *****
  loss: 0.1962 rmse: 20.557 r2: 0.210 corr: 0.629
********************
***** Epoch 37 Test (windowed) *****
  loss: 0.2807 rmse: 33.270 r2: 0.126 corr: 0.479
********************
  Epoch 37 done in 44.7s

----- Epoch 38 (windowed) -----
  batch 49 | loss 0.3490 rmse 29.227 r2 0.244 corr 0.630

###### Windowed train epoch 38 overall metrics
  loss: 0.3135 rmse: 17.148 r2: 0.241 corr: 0.553
***** Epoch 38 Val (windowed) *****
  loss: 0.1541 rmse: 20.507 r2: 0.214 corr: 0.590
********************
***** Epoch 38 Test (windowed) *****
  loss: 0.2037 rmse: 33.318 r2: 0.123 corr: 0.485
********************
  Epoch 38 done in 44.1s

----- Epoch 39 (windowed) -----
  batch 49 | loss 0.3063 rmse 5.663 r2 0.538 corr 0.774

###### Windowed train epoch 39 overall metrics
  loss: 0.3133 rmse: 17.257 r2: 0.231 corr: 0.542
***** Epoch 39 Val (windowed) *****
  loss: 0.1644 rmse: 20.654 r2: 0.203 corr: 0.632
********************
***** Epoch 39 Test (windowed) *****
  loss: 0.2511 rmse: 33.342 r2: 0.122 corr: 0.503
********************
  Epoch 39 done in 43.8s

----- Epoch 40 (windowed) -----
  batch 49 | loss 0.3032 rmse 22.942 r2 0.200 corr 0.604

###### Windowed train epoch 40 overall metrics
  loss: 0.3061 rmse: 16.850 r2: 0.267 corr: 0.592
***** Epoch 40 Val (windowed) *****
  loss: 0.1498 rmse: 20.603 r2: 0.207 corr: 0.580
********************
***** Epoch 40 Test (windowed) *****
  loss: 0.2060 rmse: 33.346 r2: 0.122 corr: 0.490
********************
  Epoch 40 done in 43.5s

----- Epoch 41 (windowed) -----
  batch 49 | loss 0.3110 rmse 11.627 r2 0.381 corr 0.625

###### Windowed train epoch 41 overall metrics
  loss: 0.3002 rmse: 17.087 r2: 0.246 corr: 0.565
***** Epoch 41 Val (windowed) *****
  loss: 0.1497 rmse: 20.632 r2: 0.204 corr: 0.600
********************
***** Epoch 41 Test (windowed) *****
  loss: 0.2291 rmse: 33.306 r2: 0.124 corr: 0.500
********************
  Epoch 41 done in 42.7s

----- Epoch 42 (windowed) -----
  batch 49 | loss 0.3018 rmse 6.838 r2 0.567 corr 0.772

###### Windowed train epoch 42 overall metrics
  loss: 0.3012 rmse: 17.454 r2: 0.213 corr: 0.526
***** Epoch 42 Val (windowed) *****
  loss: 0.1509 rmse: 20.645 r2: 0.203 corr: 0.569
********************
***** Epoch 42 Test (windowed) *****
  loss: 0.1909 rmse: 33.305 r2: 0.124 corr: 0.496
********************
  Epoch 42 done in 43.3s

----- Epoch 43 (windowed) -----
  batch 49 | loss 0.2910 rmse 8.496 r2 0.351 corr 0.596

###### Windowed train epoch 43 overall metrics
  loss: 0.3005 rmse: 17.146 r2: 0.241 corr: 0.557
***** Epoch 43 Val (windowed) *****
  loss: 0.1515 rmse: 20.720 r2: 0.198 corr: 0.594
********************
***** Epoch 43 Test (windowed) *****
  loss: 0.2165 rmse: 33.373 r2: 0.120 corr: 0.506
********************
  Epoch 43 done in 44.3s

----- Epoch 44 (windowed) -----
  batch 49 | loss 0.2812 rmse 5.858 r2 0.380 corr 0.623

###### Windowed train epoch 44 overall metrics
  loss: 0.2949 rmse: 17.177 r2: 0.238 corr: 0.567
***** Epoch 44 Val (windowed) *****
  loss: 0.1602 rmse: 20.231 r2: 0.235 corr: 0.635
********************
***** Epoch 44 Test (windowed) *****
  loss: 0.2323 rmse: 32.911 r2: 0.144 corr: 0.511
********************
  Epoch 44 done in 44.0s
  Saved best model → model/FIM_restoration_0412_stations_monthly/2019/gat-rnn-v2-windowed_bs-128_lr-0.001_maxepoch-50_testyear-2019_win-3_nwin-10_seed-0/model-44

----- Epoch 45 (windowed) -----
  batch 49 | loss 0.2969 rmse 7.071 r2 0.479 corr 0.692

###### Windowed train epoch 45 overall metrics
  loss: 0.2940 rmse: 17.104 r2: 0.245 corr: 0.559
***** Epoch 45 Val (windowed) *****
  loss: 0.1475 rmse: 20.181 r2: 0.239 corr: 0.620
********************
***** Epoch 45 Test (windowed) *****
  loss: 0.1903 rmse: 33.076 r2: 0.136 corr: 0.498
********************
  Epoch 45 done in 42.6s
  Saved best model → model/FIM_restoration_0412_stations_monthly/2019/gat-rnn-v2-windowed_bs-128_lr-0.001_maxepoch-50_testyear-2019_win-3_nwin-10_seed-0/model-45

----- Epoch 46 (windowed) -----
  batch 49 | loss 0.2835 rmse 8.977 r2 0.352 corr 0.689

###### Windowed train epoch 46 overall metrics
  loss: 0.2886 rmse: 17.036 r2: 0.251 corr: 0.570
***** Epoch 46 Val (windowed) *****
  loss: 0.1490 rmse: 20.160 r2: 0.240 corr: 0.621
********************
***** Epoch 46 Test (windowed) *****
  loss: 0.2105 rmse: 32.851 r2: 0.148 corr: 0.521
********************
  Epoch 46 done in 42.8s
  Saved best model → model/FIM_restoration_0412_stations_monthly/2019/gat-rnn-v2-windowed_bs-128_lr-0.001_maxepoch-50_testyear-2019_win-3_nwin-10_seed-0/model-46

----- Epoch 47 (windowed) -----
  batch 49 | loss 0.3191 rmse 14.040 r2 0.262 corr 0.569

###### Windowed train epoch 47 overall metrics
  loss: 0.2890 rmse: 17.265 r2: 0.230 corr: 0.544
***** Epoch 47 Val (windowed) *****
  loss: 0.1457 rmse: 20.257 r2: 0.233 corr: 0.616
********************
***** Epoch 47 Test (windowed) *****
  loss: 0.1890 rmse: 33.111 r2: 0.134 corr: 0.495
********************
  Epoch 47 done in 43.2s

----- Epoch 48 (windowed) -----
  batch 49 | loss 0.2958 rmse 13.465 r2 0.226 corr 0.598

###### Windowed train epoch 48 overall metrics
  loss: 0.2874 rmse: 16.734 r2: 0.277 corr: 0.585
***** Epoch 48 Val (windowed) *****
  loss: 0.1447 rmse: 20.396 r2: 0.222 corr: 0.600
********************
***** Epoch 48 Test (windowed) *****
  loss: 0.1859 rmse: 33.129 r2: 0.133 corr: 0.510
********************
  Epoch 48 done in 43.3s

----- Epoch 49 (windowed) -----
  batch 49 | loss 0.2865 rmse 26.573 r2 0.352 corr 0.887

###### Windowed train epoch 49 overall metrics
  loss: 0.2918 rmse: 17.357 r2: 0.222 corr: 0.532
***** Epoch 49 Val (windowed) *****
  loss: 0.1499 rmse: 21.032 r2: 0.173 corr: 0.561
********************
***** Epoch 49 Test (windowed) *****
  loss: 0.2157 rmse: 33.752 r2: 0.100 corr: 0.476
********************
  Epoch 49 done in 43.3s
Fold done — best val RMSE=20.1600 test R²=0.1476 corr=0.5207

================================================================
Rolling-windowed  test_year=2020
  Val  : 2019
  Test : 2020
  win_size=3  n_windows=10
================================================================
Initially data (54319, 166)
After filtering (46810, 166)
get_X_Y
X shape (46810, 130)
Y shape (46810, 34)
Y (output) means tensor([[0.1501, 0.0124, 0.2598, 0.1633, 0.0240, 0.0595, 0.1601, 0.6481, 0.8917,
         0.0237, 0.0516, 0.0097, 0.0847, 0.1378, 1.0257, 1.0650, 0.3451, 0.3997,
         0.9021, 0.4057, 0.1847, 0.2167, 0.4152, 0.1667, 0.4221, 0.5072, 0.2772,
         0.5999, 0.5027, 0.1490, 0.2747, 0.1065, 0.1322, 0.1305]]) stds tensor([[0.4897, 0.1366, 0.6288, 0.5874, 0.1864, 0.2944, 0.5151, 1.4456, 1.6213,
         0.1947, 0.3166, 0.1321, 0.4383, 0.4406, 2.1104, 1.7037, 0.8520, 1.1751,
         1.6203, 0.9391, 0.5207, 0.6854, 1.0838, 0.5724, 1.0008, 1.0685, 0.7082,
         1.3364, 1.0320, 0.4426, 0.8371, 0.3429, 0.3963, 0.3723]])
Y count-scale means tensor([[5.2306e-01, 3.4459e-02, 9.7627e-01, 9.0699e-01, 6.7080e-02, 1.9318e-01,
         5.7897e-01, 1.4624e+01, 3.0762e+01, 7.2053e-02, 2.4230e-01, 3.2880e-02,
         5.7195e-01, 4.0116e-01, 2.4809e+02, 2.3033e+01, 2.6086e+00, 1.4056e+01,
         2.6004e+01, 3.2454e+00, 5.8305e-01, 1.5505e+00, 7.5498e+00, 1.4555e+00,
         3.5312e+00, 4.4644e+00, 1.2569e+00, 2.7275e+01, 5.8145e+00, 4.3088e-01,
         3.0806e+00, 2.2596e-01, 3.0782e-01, 2.7023e-01]]) stds tensor([[3.6564e+00, 5.9747e-01, 5.6698e+00, 7.3423e+00, 1.0232e+00, 3.5733e+00,
         3.6405e+00, 7.3182e+01, 2.2645e+02, 9.8378e-01, 3.9375e+00, 6.6388e-01,
         8.4443e+00, 2.4975e+00, 2.8523e+03, 9.4136e+01, 1.8833e+01, 1.5722e+02,
         2.0800e+02, 1.9863e+01, 3.0578e+00, 2.0574e+01, 8.0812e+01, 4.3937e+01,
         1.6920e+01, 2.3929e+01, 6.8072e+00, 8.1078e+02, 6.9924e+01, 4.4925e+00,
         2.6229e+01, 1.0028e+00, 1.4198e+00, 1.0551e+00]])
Loaded per-window (calendar) month weights from analysis/figures/month_weights_per_window.npz: cube.shape=(25, 12, 34)
/Users/liyingnceas/GitHub/GNN-RNN-main/gnn-lstm-v3/utils/data_utils.py:264: RuntimeWarning: Mean of empty slice
  np.nanmean(county_dict[county], axis=0).astype(np.float32)
Filled 116835 missing (node, year) entries from neighbors or year averages
[2D] Station nodes: 596, adj nnz: 2980
[build_year_XY_windowed] data_start=1998, min_pred_year=2009, test_year=2020, win_size=3, n_windows=10
  built windows for T=2009
  built windows for T=2014
  built windows for T=2019
[build_year_XY_windowed] built windowed XY for 12 prediction years (2009–2020)
  GAT_RNN_V2: edge_feat_dim=3, n_heads=4, n_hidden=64
  [Bayes] Species rarity weights (mean=1): min=0.70 max=1.74  (rarest=Mycteroperca microlepis_SA)
  [CrossDonor] Ecological cross-donor map (9 recipients):
    Centropomus undecimalis_A  <-  ['Cynoscion nebulosus_R', 'Cynoscion nebulosus_A']
    Centropomus undecimalis_SA  <-  ['Cynoscion nebulosus_R', 'Centropomus undecimalis_A']
    Sciaenops ocellatus_R  <-  ['Cynoscion nebulosus_R', 'Cynoscion nebulosus_A']
    Sciaenops ocellatus_SA  <-  ['Cynoscion nebulosus_R', 'Cynoscion nebulosus_A']
    Cynoscion nebulosus_A  <-  ['Cynoscion nebulosus_R', 'Lagodon rhomboides_A']
    Mycteroperca microlepis_SA  <-  ['Lutjanus griseus_SA', 'Lutjanus griseus_R']
    Lutjanus griseus_R  <-  ['Archosargus probatocephalus_A', 'Lutjanus griseus_SA']
    Lutjanus griseus_SA  <-  ['Archosargus probatocephalus_A']
    Archosargus probatocephalus_R  <-  ['Archosargus probatocephalus_A', 'Lagodon rhomboides_A']
  [BayesTransferMapped] 9 recipient → donor mappings:
    recipient   3 <- donors [6, 5]
    recipient   4 <- donors [6, 3]
    recipient  12 <- donors [6, 5]
    recipient  13 <- donors [6, 5]
    recipient   5 <- donors [6, 7]
    recipient  11 <- donors [10, 9]
    recipient   9 <- donors [0, 10]
    recipient  10 <- donors [0]
    recipient   1 <- donors [0, 7]
  [BayesTransferMapped] transfer_prior_std=0.600  warmstart_alpha=0.25

----- Epoch 0 (windowed) -----
  batch 49 | loss 0.6815 rmse 61.168 r2 0.002 corr 0.096

###### Windowed train epoch 0 overall metrics
  loss: 0.7413 rmse: 21.548 r2: 0.006 corr: 0.114
***** Epoch 0 Val (windowed) *****
  loss: 0.3125 rmse: 35.466 r2: 0.006 corr: 0.125
********************
***** Epoch 0 Test (windowed) *****
  loss: 0.3110 rmse: 40.674 r2: 0.005 corr: 0.107
********************
  Epoch 0 done in 47.9s
  Saved best model → model/FIM_restoration_0412_stations_monthly/2020/gat-rnn-v2-windowed_bs-128_lr-0.001_maxepoch-50_testyear-2020_win-3_nwin-10_seed-0/model-0

----- Epoch 1 (windowed) -----
  batch 49 | loss 0.6410 rmse 6.011 r2 0.139 corr 0.457

###### Windowed train epoch 1 overall metrics
  loss: 0.6400 rmse: 21.377 r2: 0.022 corr: 0.198
***** Epoch 1 Val (windowed) *****
  loss: 0.2877 rmse: 35.234 r2: 0.019 corr: 0.222
********************
***** Epoch 1 Test (windowed) *****
  loss: 0.2897 rmse: 40.470 r2: 0.015 corr: 0.199
********************
  Epoch 1 done in 48.5s
  Saved best model → model/FIM_restoration_0412_stations_monthly/2020/gat-rnn-v2-windowed_bs-128_lr-0.001_maxepoch-50_testyear-2020_win-3_nwin-10_seed-0/model-1

----- Epoch 2 (windowed) -----
  batch 49 | loss 0.5921 rmse 6.661 r2 0.230 corr 0.550

###### Windowed train epoch 2 overall metrics
  loss: 0.5965 rmse: 21.200 r2: 0.038 corr: 0.247
***** Epoch 2 Val (windowed) *****
  loss: 0.2698 rmse: 35.147 r2: 0.024 corr: 0.231
********************
***** Epoch 2 Test (windowed) *****
  loss: 0.2699 rmse: 40.403 r2: 0.018 corr: 0.204
********************
  Epoch 2 done in 48.5s
  Saved best model → model/FIM_restoration_0412_stations_monthly/2020/gat-rnn-v2-windowed_bs-128_lr-0.001_maxepoch-50_testyear-2020_win-3_nwin-10_seed-0/model-2

----- Epoch 3 (windowed) -----
  batch 49 | loss 0.5776 rmse 15.558 r2 0.086 corr 0.385

###### Windowed train epoch 3 overall metrics
  loss: 0.5630 rmse: 21.042 r2: 0.052 corr: 0.289
***** Epoch 3 Val (windowed) *****
  loss: 0.2621 rmse: 35.126 r2: 0.025 corr: 0.255
********************
***** Epoch 3 Test (windowed) *****
  loss: 0.2534 rmse: 40.357 r2: 0.020 corr: 0.240
********************
  Epoch 3 done in 47.3s
  Saved best model → model/FIM_restoration_0412_stations_monthly/2020/gat-rnn-v2-windowed_bs-128_lr-0.001_maxepoch-50_testyear-2020_win-3_nwin-10_seed-0/model-3

----- Epoch 4 (windowed) -----
  batch 49 | loss 0.5244 rmse 16.997 r2 0.108 corr 0.448

###### Windowed train epoch 4 overall metrics
  loss: 0.5321 rmse: 20.923 r2: 0.063 corr: 0.305
***** Epoch 4 Val (windowed) *****
  loss: 0.2380 rmse: 34.901 r2: 0.038 corr: 0.288
********************
***** Epoch 4 Test (windowed) *****
  loss: 0.2435 rmse: 40.161 r2: 0.030 corr: 0.278
********************
  Epoch 4 done in 49.1s
  Saved best model → model/FIM_restoration_0412_stations_monthly/2020/gat-rnn-v2-windowed_bs-128_lr-0.001_maxepoch-50_testyear-2020_win-3_nwin-10_seed-0/model-4

----- Epoch 5 (windowed) -----
  batch 49 | loss 0.5091 rmse 17.716 r2 0.086 corr 0.390

###### Windowed train epoch 5 overall metrics
  loss: 0.5099 rmse: 20.921 r2: 0.063 corr: 0.309
***** Epoch 5 Val (windowed) *****
  loss: 0.2568 rmse: 35.062 r2: 0.029 corr: 0.266
********************
***** Epoch 5 Test (windowed) *****
  loss: 0.2373 rmse: 40.315 r2: 0.022 corr: 0.245
********************
  Epoch 5 done in 49.7s

----- Epoch 6 (windowed) -----
  batch 49 | loss 0.4889 rmse 6.011 r2 0.216 corr 0.510

###### Windowed train epoch 6 overall metrics
  loss: 0.4957 rmse: 20.944 r2: 0.061 corr: 0.300
***** Epoch 6 Val (windowed) *****
  loss: 0.2344 rmse: 35.014 r2: 0.032 corr: 0.246
********************
***** Epoch 6 Test (windowed) *****
  loss: 0.2369 rmse: 40.283 r2: 0.024 corr: 0.223
********************
  Epoch 6 done in 50.2s

----- Epoch 7 (windowed) -----
  batch 49 | loss 0.4921 rmse 23.032 r2 0.090 corr 0.432

###### Windowed train epoch 7 overall metrics
  loss: 0.4777 rmse: 20.821 r2: 0.072 corr: 0.326
***** Epoch 7 Val (windowed) *****
  loss: 0.2370 rmse: 34.999 r2: 0.032 corr: 0.285
********************
***** Epoch 7 Test (windowed) *****
  loss: 0.2190 rmse: 40.241 r2: 0.026 corr: 0.267
********************
  Epoch 7 done in 47.1s

----- Epoch 8 (windowed) -----
  batch 49 | loss 0.4607 rmse 4.941 r2 0.299 corr 0.608

###### Windowed train epoch 8 overall metrics
  loss: 0.4582 rmse: 20.826 r2: 0.072 corr: 0.324
***** Epoch 8 Val (windowed) *****
  loss: 0.2234 rmse: 35.001 r2: 0.032 corr: 0.287
********************
***** Epoch 8 Test (windowed) *****
  loss: 0.2144 rmse: 40.234 r2: 0.026 corr: 0.273
********************
  Epoch 8 done in 46.3s

----- Epoch 9 (windowed) -----
  batch 49 | loss 0.4427 rmse 7.470 r2 0.252 corr 0.573

###### Windowed train epoch 9 overall metrics
  loss: 0.4436 rmse: 20.750 r2: 0.078 corr: 0.334
***** Epoch 9 Val (windowed) *****
  loss: 0.2097 rmse: 34.843 r2: 0.041 corr: 0.286
********************
***** Epoch 9 Test (windowed) *****
  loss: 0.2077 rmse: 40.098 r2: 0.033 corr: 0.268
********************
  Epoch 9 done in 46.4s
  Saved best model → model/FIM_restoration_0412_stations_monthly/2020/gat-rnn-v2-windowed_bs-128_lr-0.001_maxepoch-50_testyear-2020_win-3_nwin-10_seed-0/model-9

----- Epoch 10 (windowed) -----
  batch 49 | loss 0.4291 rmse 14.558 r2 0.212 corr 0.586

###### Windowed train epoch 10 overall metrics
  loss: 0.4422 rmse: 20.651 r2: 0.087 corr: 0.367
***** Epoch 10 Val (windowed) *****
  loss: 0.2325 rmse: 34.676 r2: 0.050 corr: 0.319
********************
***** Epoch 10 Test (windowed) *****
  loss: 0.2076 rmse: 39.877 r2: 0.043 corr: 0.311
********************
  Epoch 10 done in 48.0s
  Saved best model → model/FIM_restoration_0412_stations_monthly/2020/gat-rnn-v2-windowed_bs-128_lr-0.001_maxepoch-50_testyear-2020_win-3_nwin-10_seed-0/model-10

----- Epoch 11 (windowed) -----
  batch 49 | loss 0.4775 rmse 46.658 r2 0.044 corr 0.335

###### Windowed train epoch 11 overall metrics
  loss: 0.4291 rmse: 20.634 r2: 0.089 corr: 0.359
***** Epoch 11 Val (windowed) *****
  loss: 0.2033 rmse: 34.737 r2: 0.047 corr: 0.351
********************
***** Epoch 11 Test (windowed) *****
  loss: 0.2068 rmse: 39.929 r2: 0.041 corr: 0.341
********************
  Epoch 11 done in 49.1s

----- Epoch 12 (windowed) -----
  batch 49 | loss 0.4249 rmse 19.117 r2 0.090 corr 0.382

###### Windowed train epoch 12 overall metrics
  loss: 0.4194 rmse: 20.558 r2: 0.095 corr: 0.373
***** Epoch 12 Val (windowed) *****
  loss: 0.2026 rmse: 34.337 r2: 0.069 corr: 0.410
********************
***** Epoch 12 Test (windowed) *****
  loss: 0.2157 rmse: 39.534 r2: 0.060 corr: 0.385
********************
  Epoch 12 done in 49.1s
  Saved best model → model/FIM_restoration_0412_stations_monthly/2020/gat-rnn-v2-windowed_bs-128_lr-0.001_maxepoch-50_testyear-2020_win-3_nwin-10_seed-0/model-12

----- Epoch 13 (windowed) -----
  batch 49 | loss 0.4195 rmse 5.043 r2 0.333 corr 0.618

###### Windowed train epoch 13 overall metrics
  loss: 0.4185 rmse: 20.300 r2: 0.118 corr: 0.424
***** Epoch 13 Val (windowed) *****
  loss: 0.1974 rmse: 34.216 r2: 0.075 corr: 0.412
********************
***** Epoch 13 Test (windowed) *****
  loss: 0.2029 rmse: 39.421 r2: 0.065 corr: 0.390
********************
  Epoch 13 done in 46.7s
  Saved best model → model/FIM_restoration_0412_stations_monthly/2020/gat-rnn-v2-windowed_bs-128_lr-0.001_maxepoch-50_testyear-2020_win-3_nwin-10_seed-0/model-13

----- Epoch 14 (windowed) -----
  batch 49 | loss 0.4321 rmse 8.446 r2 0.311 corr 0.596

###### Windowed train epoch 14 overall metrics
  loss: 0.4073 rmse: 20.322 r2: 0.116 corr: 0.422
***** Epoch 14 Val (windowed) *****
  loss: 0.1905 rmse: 34.292 r2: 0.071 corr: 0.442
********************
***** Epoch 14 Test (windowed) *****
  loss: 0.2055 rmse: 39.491 r2: 0.062 corr: 0.416
********************
  Epoch 14 done in 46.8s

----- Epoch 15 (windowed) -----
  batch 49 | loss 0.4146 rmse 32.179 r2 0.193 corr 0.682

###### Windowed train epoch 15 overall metrics
  loss: 0.3985 rmse: 20.024 r2: 0.142 corr: 0.461
***** Epoch 15 Val (windowed) *****
  loss: 0.1987 rmse: 34.132 r2: 0.080 corr: 0.471
********************
***** Epoch 15 Test (windowed) *****
  loss: 0.1981 rmse: 39.217 r2: 0.075 corr: 0.461
********************
  Epoch 15 done in 46.2s
  Saved best model → model/FIM_restoration_0412_stations_monthly/2020/gat-rnn-v2-windowed_bs-128_lr-0.001_maxepoch-50_testyear-2020_win-3_nwin-10_seed-0/model-15

----- Epoch 16 (windowed) -----
  batch 49 | loss 0.4148 rmse 15.731 r2 0.148 corr 0.492

###### Windowed train epoch 16 overall metrics
  loss: 0.3980 rmse: 20.312 r2: 0.117 corr: 0.411
***** Epoch 16 Val (windowed) *****
  loss: 0.1959 rmse: 33.958 r2: 0.089 corr: 0.474
********************
***** Epoch 16 Test (windowed) *****
  loss: 0.1964 rmse: 38.923 r2: 0.089 corr: 0.482
********************
  Epoch 16 done in 47.3s
  Saved best model → model/FIM_restoration_0412_stations_monthly/2020/gat-rnn-v2-windowed_bs-128_lr-0.001_maxepoch-50_testyear-2020_win-3_nwin-10_seed-0/model-16

----- Epoch 17 (windowed) -----
  batch 49 | loss 0.3776 rmse 5.867 r2 0.446 corr 0.703

###### Windowed train epoch 17 overall metrics
  loss: 0.3890 rmse: 19.988 r2: 0.145 corr: 0.461
***** Epoch 17 Val (windowed) *****
  loss: 0.2435 rmse: 34.237 r2: 0.074 corr: 0.457
********************
***** Epoch 17 Test (windowed) *****
  loss: 0.1961 rmse: 39.108 r2: 0.080 corr: 0.482
********************
  Epoch 17 done in 46.7s

----- Epoch 18 (windowed) -----
  batch 49 | loss 0.3910 rmse 6.944 r2 0.353 corr 0.627

###### Windowed train epoch 18 overall metrics
  loss: 0.3875 rmse: 19.982 r2: 0.145 corr: 0.462
***** Epoch 18 Val (windowed) *****
  loss: 0.1928 rmse: 33.678 r2: 0.104 corr: 0.504
********************
***** Epoch 18 Test (windowed) *****
  loss: 0.1877 rmse: 38.513 r2: 0.108 corr: 0.522
********************
  Epoch 18 done in 49.8s
  Saved best model → model/FIM_restoration_0412_stations_monthly/2020/gat-rnn-v2-windowed_bs-128_lr-0.001_maxepoch-50_testyear-2020_win-3_nwin-10_seed-0/model-18

----- Epoch 19 (windowed) -----
  batch 49 | loss 0.3849 rmse 5.533 r2 0.387 corr 0.670

###### Windowed train epoch 19 overall metrics
  loss: 0.3757 rmse: 19.765 r2: 0.164 corr: 0.485
***** Epoch 19 Val (windowed) *****
  loss: 0.1933 rmse: 33.982 r2: 0.088 corr: 0.485
********************
***** Epoch 19 Test (windowed) *****
  loss: 0.2146 rmse: 39.052 r2: 0.083 corr: 0.490
********************
  Epoch 19 done in 47.1s

----- Epoch 20 (windowed) -----
  batch 49 | loss 0.3805 rmse 7.633 r2 0.376 corr 0.690

###### Windowed train epoch 20 overall metrics
  loss: 0.3759 rmse: 19.749 r2: 0.165 corr: 0.501
***** Epoch 20 Val (windowed) *****
  loss: 0.1899 rmse: 33.373 r2: 0.120 corr: 0.503
********************
***** Epoch 20 Test (windowed) *****
  loss: 0.1926 rmse: 38.112 r2: 0.126 corr: 0.529
********************
  Epoch 20 done in 45.9s
  Saved best model → model/FIM_restoration_0412_stations_monthly/2020/gat-rnn-v2-windowed_bs-128_lr-0.001_maxepoch-50_testyear-2020_win-3_nwin-10_seed-0/model-20

----- Epoch 21 (windowed) -----
  batch 49 | loss 0.3661 rmse 43.723 r2 0.298 corr 0.812

###### Windowed train epoch 21 overall metrics
  loss: 0.3749 rmse: 19.578 r2: 0.180 corr: 0.500
***** Epoch 21 Val (windowed) *****
  loss: 0.1866 rmse: 33.029 r2: 0.138 corr: 0.547
********************
***** Epoch 21 Test (windowed) *****
  loss: 0.2159 rmse: 37.902 r2: 0.136 corr: 0.555
********************
  Epoch 21 done in 46.0s
  Saved best model → model/FIM_restoration_0412_stations_monthly/2020/gat-rnn-v2-windowed_bs-128_lr-0.001_maxepoch-50_testyear-2020_win-3_nwin-10_seed-0/model-21

----- Epoch 22 (windowed) -----
  batch 49 | loss 0.3611 rmse 6.268 r2 0.412 corr 0.683

###### Windowed train epoch 22 overall metrics
  loss: 0.3631 rmse: 19.761 r2: 0.164 corr: 0.496
***** Epoch 22 Val (windowed) *****
  loss: 0.1831 rmse: 32.876 r2: 0.146 corr: 0.562
********************
***** Epoch 22 Test (windowed) *****
  loss: 0.1889 rmse: 37.574 r2: 0.151 corr: 0.578
********************
  Epoch 22 done in 46.6s
  Saved best model → model/FIM_restoration_0412_stations_monthly/2020/gat-rnn-v2-windowed_bs-128_lr-0.001_maxepoch-50_testyear-2020_win-3_nwin-10_seed-0/model-22

----- Epoch 23 (windowed) -----
  batch 49 | loss 0.3512 rmse 23.334 r2 0.117 corr 0.414

###### Windowed train epoch 23 overall metrics
  loss: 0.3563 rmse: 19.591 r2: 0.179 corr: 0.503
***** Epoch 23 Val (windowed) *****
  loss: 0.2465 rmse: 33.308 r2: 0.124 corr: 0.531
********************
***** Epoch 23 Test (windowed) *****
  loss: 0.1854 rmse: 37.711 r2: 0.144 corr: 0.587
********************
  Epoch 23 done in 945.9s

----- Epoch 24 (windowed) -----
  batch 49 | loss 0.3812 rmse 6.413 r2 0.359 corr 0.600

###### Windowed train epoch 24 overall metrics
  loss: 0.3726 rmse: 19.555 r2: 0.182 corr: 0.500
***** Epoch 24 Val (windowed) *****
  loss: 0.1986 rmse: 33.165 r2: 0.131 corr: 0.547
********************
***** Epoch 24 Test (windowed) *****
  loss: 0.2065 rmse: 37.941 r2: 0.134 corr: 0.577
********************
  Epoch 24 done in 325.4s

----- Epoch 25 (windowed) -----
  batch 49 | loss 0.3634 rmse 12.242 r2 0.174 corr 0.470

###### Windowed train epoch 25 overall metrics
  loss: 0.3543 rmse: 19.180 r2: 0.213 corr: 0.520
***** Epoch 25 Val (windowed) *****
  loss: 0.1763 rmse: 32.866 r2: 0.147 corr: 0.583
********************
***** Epoch 25 Test (windowed) *****
  loss: 0.1855 rmse: 37.598 r2: 0.150 corr: 0.595
********************
  Epoch 25 done in 45.7s
  Saved best model → model/FIM_restoration_0412_stations_monthly/2020/gat-rnn-v2-windowed_bs-128_lr-0.001_maxepoch-50_testyear-2020_win-3_nwin-10_seed-0/model-25

----- Epoch 26 (windowed) -----
  batch 49 | loss 0.3623 rmse 5.547 r2 0.508 corr 0.723

###### Windowed train epoch 26 overall metrics
  loss: 0.3435 rmse: 19.679 r2: 0.171 corr: 0.487
***** Epoch 26 Val (windowed) *****
  loss: 0.1659 rmse: 33.186 r2: 0.130 corr: 0.554
********************
***** Epoch 26 Test (windowed) *****
  loss: 0.1868 rmse: 38.047 r2: 0.129 corr: 0.578
********************
  Epoch 26 done in 45.3s

----- Epoch 27 (windowed) -----
  batch 49 | loss 0.3370 rmse 5.594 r2 0.448 corr 0.687

###### Windowed train epoch 27 overall metrics
  loss: 0.3373 rmse: 19.420 r2: 0.193 corr: 0.518
***** Epoch 27 Val (windowed) *****
  loss: 0.1705 rmse: 32.552 r2: 0.163 corr: 0.601
********************
***** Epoch 27 Test (windowed) *****
  loss: 0.1821 rmse: 37.202 r2: 0.167 corr: 0.624
********************
  Epoch 27 done in 45.6s
  Saved best model → model/FIM_restoration_0412_stations_monthly/2020/gat-rnn-v2-windowed_bs-128_lr-0.001_maxepoch-50_testyear-2020_win-3_nwin-10_seed-0/model-27

----- Epoch 28 (windowed) -----
  batch 49 | loss 0.3384 rmse 9.427 r2 0.579 corr 0.893

###### Windowed train epoch 28 overall metrics
  loss: 0.3344 rmse: 19.140 r2: 0.216 corr: 0.553
***** Epoch 28 Val (windowed) *****
  loss: 0.1651 rmse: 31.978 r2: 0.192 corr: 0.595
********************
***** Epoch 28 Test (windowed) *****
  loss: 0.1831 rmse: 36.321 r2: 0.206 corr: 0.629
********************
  Epoch 28 done in 286.5s
  Saved best model → model/FIM_restoration_0412_stations_monthly/2020/gat-rnn-v2-windowed_bs-128_lr-0.001_maxepoch-50_testyear-2020_win-3_nwin-10_seed-0/model-28

----- Epoch 29 (windowed) -----
  batch 49 | loss 0.3215 rmse 5.808 r2 0.382 corr 0.648

###### Windowed train epoch 29 overall metrics
  loss: 0.3292 rmse: 19.227 r2: 0.209 corr: 0.527
***** Epoch 29 Val (windowed) *****
  loss: 0.1754 rmse: 32.802 r2: 0.150 corr: 0.577
********************
***** Epoch 29 Test (windowed) *****
  loss: 0.1795 rmse: 37.336 r2: 0.161 corr: 0.614
********************
  Epoch 29 done in 45.6s

----- Epoch 30 (windowed) -----
  batch 49 | loss 0.3419 rmse 5.481 r2 0.453 corr 0.703

###### Windowed train epoch 30 overall metrics
  loss: 0.3275 rmse: 19.273 r2: 0.205 corr: 0.521
***** Epoch 30 Val (windowed) *****
  loss: 0.1642 rmse: 31.925 r2: 0.195 corr: 0.597
********************
***** Epoch 30 Test (windowed) *****
  loss: 0.1807 rmse: 36.237 r2: 0.210 corr: 0.638
********************
  Epoch 30 done in 985.9s
  Saved best model → model/FIM_restoration_0412_stations_monthly/2020/gat-rnn-v2-windowed_bs-128_lr-0.001_maxepoch-50_testyear-2020_win-3_nwin-10_seed-0/model-30

----- Epoch 31 (windowed) -----
  batch 49 | loss 0.3189 rmse 7.100 r2 0.384 corr 0.640

###### Windowed train epoch 31 overall metrics
  loss: 0.3218 rmse: 19.229 r2: 0.209 corr: 0.518
***** Epoch 31 Val (windowed) *****
  loss: 0.1572 rmse: 32.639 r2: 0.159 corr: 0.601
********************
***** Epoch 31 Test (windowed) *****
  loss: 0.1838 rmse: 37.287 r2: 0.164 corr: 0.623
********************
  Epoch 31 done in 45.6s

----- Epoch 32 (windowed) -----
  batch 49 | loss 0.3288 rmse 9.221 r2 0.311 corr 0.609

###### Windowed train epoch 32 overall metrics
  loss: 0.3204 rmse: 19.448 r2: 0.190 corr: 0.517
***** Epoch 32 Val (windowed) *****
  loss: 0.2003 rmse: 32.354 r2: 0.173 corr: 0.592
********************
***** Epoch 32 Test (windowed) *****
  loss: 0.1776 rmse: 36.012 r2: 0.220 corr: 0.658
********************
  Epoch 32 done in 45.9s

----- Epoch 33 (windowed) -----
  batch 49 | loss 0.3621 rmse 12.736 r2 0.233 corr 0.484

###### Windowed train epoch 33 overall metrics
  loss: 0.3197 rmse: 19.181 r2: 0.213 corr: 0.542
***** Epoch 33 Val (windowed) *****
  loss: 0.1677 rmse: 32.773 r2: 0.152 corr: 0.580
********************
***** Epoch 33 Test (windowed) *****
  loss: 0.1820 rmse: 37.058 r2: 0.174 corr: 0.631
********************
  Epoch 33 done in 1075.5s

----- Epoch 34 (windowed) -----
  batch 49 | loss 0.3111 rmse 4.492 r2 0.533 corr 0.732

###### Windowed train epoch 34 overall metrics
  loss: 0.3194 rmse: 19.000 r2: 0.227 corr: 0.560
***** Epoch 34 Val (windowed) *****
  loss: 0.1593 rmse: 32.521 r2: 0.165 corr: 0.610
********************
***** Epoch 34 Test (windowed) *****
  loss: 0.1861 rmse: 37.265 r2: 0.165 corr: 0.620
********************
  Epoch 34 done in 49.3s

----- Epoch 35 (windowed) -----
  batch 49 | loss 0.3153 rmse 8.059 r2 0.299 corr 0.547

###### Windowed train epoch 35 overall metrics
  loss: 0.3121 rmse: 19.228 r2: 0.209 corr: 0.539
***** Epoch 35 Val (windowed) *****
  loss: 0.1610 rmse: 32.069 r2: 0.188 corr: 0.605
********************
***** Epoch 35 Test (windowed) *****
  loss: 0.1752 rmse: 36.052 r2: 0.218 corr: 0.655
********************
  Epoch 35 done in 346.6s

----- Epoch 36 (windowed) -----
  batch 49 | loss 0.3160 rmse 18.575 r2 0.246 corr 0.594

###### Windowed train epoch 36 overall metrics
  loss: 0.3082 rmse: 19.122 r2: 0.217 corr: 0.547
***** Epoch 36 Val (windowed) *****
  loss: 0.1621 rmse: 31.775 r2: 0.203 corr: 0.577
********************
***** Epoch 36 Test (windowed) *****
  loss: 0.1791 rmse: 35.333 r2: 0.249 corr: 0.654
********************
  Epoch 36 done in 46.7s
  Saved best model → model/FIM_restoration_0412_stations_monthly/2020/gat-rnn-v2-windowed_bs-128_lr-0.001_maxepoch-50_testyear-2020_win-3_nwin-10_seed-0/model-36

----- Epoch 37 (windowed) -----
  batch 49 | loss 0.3181 rmse 8.524 r2 0.419 corr 0.670

###### Windowed train epoch 37 overall metrics
  loss: 0.3049 rmse: 19.211 r2: 0.210 corr: 0.533
***** Epoch 37 Val (windowed) *****
  loss: 0.1539 rmse: 32.027 r2: 0.190 corr: 0.622
********************
***** Epoch 37 Test (windowed) *****
  loss: 0.1765 rmse: 36.129 r2: 0.215 corr: 0.661
********************
  Epoch 37 done in 45.6s

----- Epoch 38 (windowed) -----
  batch 49 | loss 0.3147 rmse 7.791 r2 0.406 corr 0.730

###### Windowed train epoch 38 overall metrics
  loss: 0.3066 rmse: 19.198 r2: 0.211 corr: 0.543
***** Epoch 38 Val (windowed) *****
  loss: 0.1689 rmse: 31.901 r2: 0.196 corr: 0.635
********************
***** Epoch 38 Test (windowed) *****
  loss: 0.1854 rmse: 36.230 r2: 0.210 corr: 0.644
********************
  Epoch 38 done in 87.9s

----- Epoch 39 (windowed) -----
  batch 49 | loss 0.2875 rmse 11.048 r2 0.172 corr 0.438

###### Windowed train epoch 39 overall metrics
  loss: 0.3053 rmse: 18.949 r2: 0.231 corr: 0.561
***** Epoch 39 Val (windowed) *****
  loss: 0.1513 rmse: 32.285 r2: 0.177 corr: 0.601
********************
***** Epoch 39 Test (windowed) *****
  loss: 0.1789 rmse: 36.204 r2: 0.211 corr: 0.654
********************
  Epoch 39 done in 45.3s

----- Epoch 40 (windowed) -----
  batch 49 | loss 0.3244 rmse 46.160 r2 0.107 corr 0.580

###### Windowed train epoch 40 overall metrics
  loss: 0.2989 rmse: 19.185 r2: 0.212 corr: 0.538
***** Epoch 40 Val (windowed) *****
  loss: 0.1517 rmse: 32.400 r2: 0.171 corr: 0.605
********************
***** Epoch 40 Test (windowed) *****
  loss: 0.1788 rmse: 36.832 r2: 0.184 corr: 0.630
********************
  Epoch 40 done in 68.4s

----- Epoch 41 (windowed) -----
  batch 49 | loss 0.3120 rmse 11.050 r2 0.212 corr 0.518

###### Windowed train epoch 41 overall metrics
  loss: 0.3007 rmse: 19.071 r2: 0.222 corr: 0.547
***** Epoch 41 Val (windowed) *****
  loss: 0.1517 rmse: 32.051 r2: 0.189 corr: 0.610
********************
***** Epoch 41 Test (windowed) *****
  loss: 0.1828 rmse: 36.493 r2: 0.199 corr: 0.633
********************
  Epoch 41 done in 59.7s

----- Epoch 42 (windowed) -----
  batch 49 | loss 0.2998 rmse 12.223 r2 0.243 corr 0.502

###### Windowed train epoch 42 overall metrics
  loss: 0.2982 rmse: 19.074 r2: 0.221 corr: 0.543
***** Epoch 42 Val (windowed) *****
  loss: 0.1491 rmse: 32.559 r2: 0.163 corr: 0.584
********************
***** Epoch 42 Test (windowed) *****
  loss: 0.1764 rmse: 36.848 r2: 0.183 corr: 0.642
********************
  Epoch 42 done in 503.6s

----- Epoch 43 (windowed) -----
  batch 49 | loss 0.3107 rmse 43.881 r2 0.131 corr 0.535

###### Windowed train epoch 43 overall metrics
  loss: 0.2973 rmse: 19.099 r2: 0.219 corr: 0.551
***** Epoch 43 Val (windowed) *****
  loss: 0.1551 rmse: 32.476 r2: 0.167 corr: 0.622
********************
***** Epoch 43 Test (windowed) *****
  loss: 0.1825 rmse: 37.037 r2: 0.175 corr: 0.631
********************
  Epoch 43 done in 286.8s

----- Epoch 44 (windowed) -----
  batch 49 | loss 0.3019 rmse 32.296 r2 0.099 corr 0.489

###### Windowed train epoch 44 overall metrics
  loss: 0.2941 rmse: 19.071 r2: 0.221 corr: 0.536
***** Epoch 44 Val (windowed) *****
  loss: 0.1487 rmse: 32.019 r2: 0.190 corr: 0.620
********************
***** Epoch 44 Test (windowed) *****
  loss: 0.1812 rmse: 36.285 r2: 0.208 corr: 0.634
********************
  Epoch 44 done in 329.7s

----- Epoch 45 (windowed) -----
  batch 49 | loss 0.3079 rmse 14.409 r2 0.271 corr 0.538

###### Windowed train epoch 45 overall metrics
  loss: 0.2899 rmse: 19.197 r2: 0.211 corr: 0.541
***** Epoch 45 Val (windowed) *****
  loss: 0.1527 rmse: 31.965 r2: 0.193 corr: 0.597
********************
***** Epoch 45 Test (windowed) *****
  loss: 0.1735 rmse: 35.158 r2: 0.256 corr: 0.667
********************
  Epoch 45 done in 48.0s

----- Epoch 46 (windowed) -----
  batch 49 | loss 0.2777 rmse 9.454 r2 0.258 corr 0.663

###### Windowed train epoch 46 overall metrics
  loss: 0.2861 rmse: 18.992 r2: 0.228 corr: 0.561
***** Epoch 46 Val (windowed) *****
  loss: 0.1451 rmse: 32.431 r2: 0.169 corr: 0.594
********************
***** Epoch 46 Test (windowed) *****
  loss: 0.1790 rmse: 36.666 r2: 0.191 corr: 0.639
********************
  Epoch 46 done in 47.8s

----- Epoch 47 (windowed) -----
  batch 49 | loss 0.2962 rmse 11.145 r2 0.296 corr 0.651

###### Windowed train epoch 47 overall metrics
  loss: 0.2829 rmse: 18.801 r2: 0.243 corr: 0.569
***** Epoch 47 Val (windowed) *****
  loss: 0.1470 rmse: 32.239 r2: 0.179 corr: 0.591
********************
***** Epoch 47 Test (windowed) *****
  loss: 0.1745 rmse: 36.093 r2: 0.216 corr: 0.657
********************
  Epoch 47 done in 47.1s

----- Epoch 48 (windowed) -----
  batch 49 | loss 0.3026 rmse 3.569 r2 0.526 corr 0.756

###### Windowed train epoch 48 overall metrics
  loss: 0.2818 rmse: 19.093 r2: 0.220 corr: 0.541
***** Epoch 48 Val (windowed) *****
  loss: 0.1475 rmse: 31.698 r2: 0.206 corr: 0.614
********************
***** Epoch 48 Test (windowed) *****
  loss: 0.1711 rmse: 35.297 r2: 0.250 corr: 0.663
********************
  Epoch 48 done in 48.6s
  Saved best model → model/FIM_restoration_0412_stations_monthly/2020/gat-rnn-v2-windowed_bs-128_lr-0.001_maxepoch-50_testyear-2020_win-3_nwin-10_seed-0/model-48

----- Epoch 49 (windowed) -----
  batch 49 | loss 0.2841 rmse 5.786 r2 0.426 corr 0.698

###### Windowed train epoch 49 overall metrics
  loss: 0.2807 rmse: 18.763 r2: 0.246 corr: 0.564
***** Epoch 49 Val (windowed) *****
  loss: 0.1475 rmse: 31.900 r2: 0.196 corr: 0.608
********************
***** Epoch 49 Test (windowed) *****
  loss: 0.1770 rmse: 35.756 r2: 0.231 corr: 0.654
********************
  Epoch 49 done in 48.7s
Fold done — best val RMSE=31.6983 test R²=0.2505 corr=0.6635

================================================================
Rolling-windowed  test_year=2021
  Val  : 2020
  Test : 2021
  win_size=3  n_windows=10
================================================================
Initially data (54319, 166)
After filtering (49048, 166)
get_X_Y
X shape (49048, 130)
Y shape (49048, 34)
Y (output) means tensor([[0.1497, 0.0118, 0.2595, 0.1671, 0.0250, 0.0592, 0.1589, 0.6373, 0.8764,
         0.0234, 0.0532, 0.0096, 0.0847, 0.1383, 1.0314, 1.0826, 0.3451, 0.4096,
         0.9099, 0.4168, 0.1830, 0.2199, 0.4111, 0.1660, 0.4210, 0.5167, 0.2781,
         0.5890, 0.4978, 0.1511, 0.2725, 0.1046, 0.1343, 0.1315]]) stds tensor([[0.4891, 0.1331, 0.6283, 0.5942, 0.1910, 0.2939, 0.5127, 1.4358, 1.6083,
         0.1928, 0.3231, 0.1307, 0.4378, 0.4408, 2.1209, 1.7159, 0.8527, 1.1915,
         1.6286, 0.9527, 0.5171, 0.6928, 1.0773, 0.5699, 0.9990, 1.0776, 0.7106,
         1.3208, 1.0275, 0.4478, 0.8332, 0.3399, 0.4010, 0.3740]])
Y count-scale means tensor([[5.2166e-01, 3.2746e-02, 9.7291e-01, 9.2595e-01, 7.1188e-02, 1.9509e-01,
         5.7129e-01, 1.4559e+01, 2.9802e+01, 7.0763e-02, 2.5004e-01, 3.2076e-02,
         5.6838e-01, 4.0046e-01, 2.5505e+02, 2.3692e+01, 2.6369e+00, 1.4715e+01,
         2.6446e+01, 3.3877e+00, 5.7305e-01, 1.6025e+00, 7.3736e+00, 1.4133e+00,
         3.5012e+00, 4.5552e+00, 1.2641e+00, 2.6070e+01, 5.7300e+00, 4.4348e-01,
         3.0339e+00, 2.2163e-01, 3.1705e-01, 2.7289e-01]]) stds tensor([[3.6440e+00, 5.8186e-01, 5.6227e+00, 7.3164e+00, 1.0846e+00, 3.6579e+00,
         3.5853e+00, 7.4642e+01, 2.2092e+02, 9.6790e-01, 3.8904e+00, 6.4894e-01,
         8.3071e+00, 2.4623e+00, 2.8646e+03, 9.6088e+01, 1.9561e+01, 1.5910e+02,
         2.0698e+02, 2.0463e+01, 2.9993e+00, 2.0712e+01, 7.8935e+01, 4.2790e+01,
         1.6726e+01, 2.3983e+01, 6.7668e+00, 7.8935e+02, 6.8528e+01, 4.5100e+00,
         2.6045e+01, 9.9133e-01, 1.5011e+00, 1.0584e+00]])
Loaded per-window (calendar) month weights from analysis/figures/month_weights_per_window.npz: cube.shape=(25, 12, 34)
/Users/liyingnceas/GitHub/GNN-RNN-main/gnn-lstm-v3/utils/data_utils.py:264: RuntimeWarning: Mean of empty slice
  np.nanmean(county_dict[county], axis=0).astype(np.float32)
Filled 121976 missing (node, year) entries from neighbors or year averages
[2D] Station nodes: 596, adj nnz: 2980
[build_year_XY_windowed] data_start=1998, min_pred_year=2009, test_year=2021, win_size=3, n_windows=10
  built windows for T=2009
  built windows for T=2014
  built windows for T=2019
[build_year_XY_windowed] built windowed XY for 13 prediction years (2009–2021)
  GAT_RNN_V2: edge_feat_dim=3, n_heads=4, n_hidden=64
  [Bayes] Species rarity weights (mean=1): min=0.70 max=1.75  (rarest=Mycteroperca microlepis_SA)
  [CrossDonor] Ecological cross-donor map (9 recipients):
    Centropomus undecimalis_A  <-  ['Cynoscion nebulosus_R', 'Cynoscion nebulosus_A']
    Centropomus undecimalis_SA  <-  ['Cynoscion nebulosus_R', 'Centropomus undecimalis_A']
    Sciaenops ocellatus_R  <-  ['Cynoscion nebulosus_R', 'Cynoscion nebulosus_A']
    Sciaenops ocellatus_SA  <-  ['Cynoscion nebulosus_R', 'Cynoscion nebulosus_A']
    Cynoscion nebulosus_A  <-  ['Cynoscion nebulosus_R', 'Lagodon rhomboides_A']
    Mycteroperca microlepis_SA  <-  ['Lutjanus griseus_SA', 'Lutjanus griseus_R']
    Lutjanus griseus_R  <-  ['Archosargus probatocephalus_A', 'Lutjanus griseus_SA']
    Lutjanus griseus_SA  <-  ['Archosargus probatocephalus_A']
    Archosargus probatocephalus_R  <-  ['Archosargus probatocephalus_A', 'Lagodon rhomboides_A']
  [BayesTransferMapped] 9 recipient → donor mappings:
    recipient   3 <- donors [6, 5]
    recipient   4 <- donors [6, 3]
    recipient  12 <- donors [6, 5]
    recipient  13 <- donors [6, 5]
    recipient   5 <- donors [6, 7]
    recipient  11 <- donors [10, 9]
    recipient   9 <- donors [0, 10]
    recipient  10 <- donors [0]
    recipient   1 <- donors [0, 7]
  [BayesTransferMapped] transfer_prior_std=0.600  warmstart_alpha=0.25

----- Epoch 0 (windowed) -----
  batch 49 | loss 0.7109 rmse 14.193 r2 0.020 corr 0.203

###### Windowed train epoch 0 overall metrics
  loss: 0.7314 rmse: 23.751 r2: 0.005 corr: 0.099
***** Epoch 0 Val (windowed) *****
  loss: 0.3140 rmse: 40.675 r2: 0.005 corr: 0.120
********************
***** Epoch 0 Test (windowed) *****
  loss: 0.3155 rmse: 19.047 r2: 0.016 corr: 0.200
********************
  Epoch 0 done in 51.8s
  Saved best model → model/FIM_restoration_0412_stations_monthly/2021/gat-rnn-v2-windowed_bs-128_lr-0.001_maxepoch-50_testyear-2021_win-3_nwin-10_seed-0/model-0

----- Epoch 1 (windowed) -----
  batch 49 | loss 0.6509 rmse 13.893 r2 0.050 corr 0.278

###### Windowed train epoch 1 overall metrics
  loss: 0.6376 rmse: 23.565 r2: 0.020 corr: 0.193
***** Epoch 1 Val (windowed) *****
  loss: 0.2870 rmse: 40.399 r2: 0.018 corr: 0.179
********************
***** Epoch 1 Test (windowed) *****
  loss: 0.2886 rmse: 18.648 r2: 0.057 corr: 0.283
********************
  Epoch 1 done in 51.6s
  Saved best model → model/FIM_restoration_0412_stations_monthly/2021/gat-rnn-v2-windowed_bs-128_lr-0.001_maxepoch-50_testyear-2021_win-3_nwin-10_seed-0/model-1

----- Epoch 2 (windowed) -----
  batch 49 | loss 0.5916 rmse 11.975 r2 0.110 corr 0.427

###### Windowed train epoch 2 overall metrics
  loss: 0.5979 rmse: 23.407 r2: 0.033 corr: 0.239
***** Epoch 2 Val (windowed) *****
  loss: 0.2651 rmse: 40.440 r2: 0.016 corr: 0.200
********************
***** Epoch 2 Test (windowed) *****
  loss: 0.2677 rmse: 18.695 r2: 0.052 corr: 0.319
********************
  Epoch 2 done in 51.7s

----- Epoch 3 (windowed) -----
  batch 49 | loss 0.5683 rmse 62.114 r2 0.033 corr 0.404

###### Windowed train epoch 3 overall metrics
  loss: 0.5634 rmse: 23.190 r2: 0.051 corr: 0.291
***** Epoch 3 Val (windowed) *****
  loss: 0.2785 rmse: 40.387 r2: 0.019 corr: 0.270
********************
***** Epoch 3 Test (windowed) *****
  loss: 0.2788 rmse: 18.681 r2: 0.054 corr: 0.380
********************
  Epoch 3 done in 51.6s
  Saved best model → model/FIM_restoration_0412_stations_monthly/2021/gat-rnn-v2-windowed_bs-128_lr-0.001_maxepoch-50_testyear-2021_win-3_nwin-10_seed-0/model-3

----- Epoch 4 (windowed) -----
  batch 49 | loss 0.5478 rmse 23.304 r2 0.023 corr 0.168

###### Windowed train epoch 4 overall metrics
  loss: 0.5374 rmse: 23.140 r2: 0.055 corr: 0.302
***** Epoch 4 Val (windowed) *****
  loss: 0.2408 rmse: 40.081 r2: 0.034 corr: 0.301
********************
***** Epoch 4 Test (windowed) *****
  loss: 0.2434 rmse: 18.267 r2: 0.095 corr: 0.417
********************
  Epoch 4 done in 52.0s
  Saved best model → model/FIM_restoration_0412_stations_monthly/2021/gat-rnn-v2-windowed_bs-128_lr-0.001_maxepoch-50_testyear-2021_win-3_nwin-10_seed-0/model-4

----- Epoch 5 (windowed) -----
  batch 49 | loss 0.5092 rmse 5.564 r2 0.261 corr 0.576

###### Windowed train epoch 5 overall metrics
  loss: 0.5095 rmse: 23.008 r2: 0.066 corr: 0.331
***** Epoch 5 Val (windowed) *****
  loss: 0.2300 rmse: 40.086 r2: 0.033 corr: 0.322
********************
***** Epoch 5 Test (windowed) *****
  loss: 0.2385 rmse: 18.323 r2: 0.090 corr: 0.427
********************
  Epoch 5 done in 52.6s

----- Epoch 6 (windowed) -----
  batch 49 | loss 0.4830 rmse 6.960 r2 0.227 corr 0.534

###### Windowed train epoch 6 overall metrics
  loss: 0.4884 rmse: 23.077 r2: 0.060 corr: 0.316
***** Epoch 6 Val (windowed) *****
  loss: 0.2345 rmse: 39.707 r2: 0.051 corr: 0.399
********************
***** Epoch 6 Test (windowed) *****
  loss: 0.2402 rmse: 17.957 r2: 0.125 corr: 0.490
********************
  Epoch 6 done in 52.8s
  Saved best model → model/FIM_restoration_0412_stations_monthly/2021/gat-rnn-v2-windowed_bs-128_lr-0.001_maxepoch-50_testyear-2021_win-3_nwin-10_seed-0/model-6

----- Epoch 7 (windowed) -----
  batch 49 | loss 0.4458 rmse 31.485 r2 0.024 corr 0.226

###### Windowed train epoch 7 overall metrics
  loss: 0.4642 rmse: 22.911 r2: 0.074 corr: 0.344
***** Epoch 7 Val (windowed) *****
  loss: 0.2042 rmse: 39.772 r2: 0.048 corr: 0.388
********************
***** Epoch 7 Test (windowed) *****
  loss: 0.2133 rmse: 17.980 r2: 0.123 corr: 0.490
********************
  Epoch 7 done in 53.9s

----- Epoch 8 (windowed) -----
  batch 49 | loss 0.4752 rmse 31.277 r2 0.042 corr 0.263

###### Windowed train epoch 8 overall metrics
  loss: 0.4549 rmse: 22.888 r2: 0.076 corr: 0.346
***** Epoch 8 Val (windowed) *****
  loss: 0.2515 rmse: 39.603 r2: 0.056 corr: 0.425
********************
***** Epoch 8 Test (windowed) *****
  loss: 0.2559 rmse: 17.875 r2: 0.133 corr: 0.513
********************
  Epoch 8 done in 53.3s
  Saved best model → model/FIM_restoration_0412_stations_monthly/2021/gat-rnn-v2-windowed_bs-128_lr-0.001_maxepoch-50_testyear-2021_win-3_nwin-10_seed-0/model-8

----- Epoch 9 (windowed) -----
  batch 49 | loss 0.4622 rmse 74.277 r2 0.069 corr 0.516

###### Windowed train epoch 9 overall metrics
  loss: 0.4489 rmse: 22.496 r2: 0.107 corr: 0.418
***** Epoch 9 Val (windowed) *****
  loss: 0.2147 rmse: 39.163 r2: 0.077 corr: 0.484
********************
***** Epoch 9 Test (windowed) *****
  loss: 0.2350 rmse: 17.315 r2: 0.187 corr: 0.602
********************
  Epoch 9 done in 53.4s
  Saved best model → model/FIM_restoration_0412_stations_monthly/2021/gat-rnn-v2-windowed_bs-128_lr-0.001_maxepoch-50_testyear-2021_win-3_nwin-10_seed-0/model-9

----- Epoch 10 (windowed) -----
  batch 49 | loss 0.4419 rmse 12.674 r2 0.146 corr 0.444

###### Windowed train epoch 10 overall metrics
  loss: 0.4379 rmse: 22.437 r2: 0.112 corr: 0.431
***** Epoch 10 Val (windowed) *****
  loss: 0.1987 rmse: 39.160 r2: 0.077 corr: 0.499
********************
***** Epoch 10 Test (windowed) *****
  loss: 0.2071 rmse: 17.377 r2: 0.181 corr: 0.600
********************
  Epoch 10 done in 50.0s
  Saved best model → model/FIM_restoration_0412_stations_monthly/2021/gat-rnn-v2-windowed_bs-128_lr-0.001_maxepoch-50_testyear-2021_win-3_nwin-10_seed-0/model-10

----- Epoch 11 (windowed) -----
  batch 49 | loss 0.4269 rmse 62.310 r2 0.051 corr 0.318

###### Windowed train epoch 11 overall metrics
  loss: 0.4247 rmse: 22.151 r2: 0.134 corr: 0.476
***** Epoch 11 Val (windowed) *****
  loss: 0.1928 rmse: 38.997 r2: 0.085 corr: 0.522
********************
***** Epoch 11 Test (windowed) *****
  loss: 0.2074 rmse: 17.205 r2: 0.197 corr: 0.629
********************
  Epoch 11 done in 51.7s
  Saved best model → model/FIM_restoration_0412_stations_monthly/2021/gat-rnn-v2-windowed_bs-128_lr-0.001_maxepoch-50_testyear-2021_win-3_nwin-10_seed-0/model-11

----- Epoch 12 (windowed) -----
  batch 49 | loss 0.4281 rmse 10.215 r2 0.408 corr 0.686

###### Windowed train epoch 12 overall metrics
  loss: 0.4155 rmse: 22.321 r2: 0.121 corr: 0.433
***** Epoch 12 Val (windowed) *****
  loss: 0.1949 rmse: 37.639 r2: 0.148 corr: 0.583
********************
***** Epoch 12 Test (windowed) *****
  loss: 0.2180 rmse: 15.865 r2: 0.317 corr: 0.691
********************
  Epoch 12 done in 50.9s
  Saved best model → model/FIM_restoration_0412_stations_monthly/2021/gat-rnn-v2-windowed_bs-128_lr-0.001_maxepoch-50_testyear-2021_win-3_nwin-10_seed-0/model-12

----- Epoch 13 (windowed) -----
  batch 49 | loss 0.4480 rmse 15.580 r2 0.287 corr 0.613

###### Windowed train epoch 13 overall metrics
  loss: 0.4194 rmse: 21.970 r2: 0.148 corr: 0.475
***** Epoch 13 Val (windowed) *****
  loss: 0.1845 rmse: 38.203 r2: 0.122 corr: 0.595
********************
***** Epoch 13 Test (windowed) *****
  loss: 0.2010 rmse: 16.398 r2: 0.271 corr: 0.698
********************
  Epoch 13 done in 52.4s

----- Epoch 14 (windowed) -----
  batch 49 | loss 0.3937 rmse 7.468 r2 0.446 corr 0.749

###### Windowed train epoch 14 overall metrics
  loss: 0.4039 rmse: 21.885 r2: 0.155 corr: 0.494
***** Epoch 14 Val (windowed) *****
  loss: 0.1809 rmse: 37.911 r2: 0.135 corr: 0.610
********************
***** Epoch 14 Test (windowed) *****
  loss: 0.2040 rmse: 16.114 r2: 0.296 corr: 0.713
********************
  Epoch 14 done in 51.9s

----- Epoch 15 (windowed) -----
  batch 49 | loss 0.4689 rmse 17.486 r2 0.145 corr 0.524

###### Windowed train epoch 15 overall metrics
  loss: 0.4008 rmse: 22.077 r2: 0.140 corr: 0.447
***** Epoch 15 Val (windowed) *****
  loss: 0.1993 rmse: 37.793 r2: 0.141 corr: 0.630
********************
***** Epoch 15 Test (windowed) *****
  loss: 0.2079 rmse: 16.061 r2: 0.300 corr: 0.724
********************
  Epoch 15 done in 51.5s

----- Epoch 16 (windowed) -----
  batch 49 | loss 0.3974 rmse 95.767 r2 0.105 corr 0.644

###### Windowed train epoch 16 overall metrics
  loss: 0.3926 rmse: 21.997 r2: 0.146 corr: 0.450
***** Epoch 16 Val (windowed) *****
  loss: 0.1777 rmse: 38.164 r2: 0.124 corr: 0.598
********************
***** Epoch 16 Test (windowed) *****
  loss: 0.1930 rmse: 16.351 r2: 0.275 corr: 0.713
********************
  Epoch 16 done in 51.8s

----- Epoch 17 (windowed) -----
  batch 49 | loss 0.3910 rmse 8.751 r2 0.450 corr 0.794

###### Windowed train epoch 17 overall metrics
  loss: 0.3805 rmse: 21.580 r2: 0.178 corr: 0.508
***** Epoch 17 Val (windowed) *****
  loss: 0.2115 rmse: 37.917 r2: 0.135 corr: 0.600
********************
***** Epoch 17 Test (windowed) *****
  loss: 0.2322 rmse: 15.914 r2: 0.313 corr: 0.736
********************
  Epoch 17 done in 52.1s

----- Epoch 18 (windowed) -----
  batch 49 | loss 0.3789 rmse 10.751 r2 0.222 corr 0.539

###### Windowed train epoch 18 overall metrics
  loss: 0.3800 rmse: 21.843 r2: 0.158 corr: 0.488
***** Epoch 18 Val (windowed) *****
  loss: 0.1755 rmse: 37.470 r2: 0.155 corr: 0.615
********************
***** Epoch 18 Test (windowed) *****
  loss: 0.1936 rmse: 15.580 r2: 0.342 corr: 0.732
********************
  Epoch 18 done in 51.2s
  Saved best model → model/FIM_restoration_0412_stations_monthly/2021/gat-rnn-v2-windowed_bs-128_lr-0.001_maxepoch-50_testyear-2021_win-3_nwin-10_seed-0/model-18

----- Epoch 19 (windowed) -----
  batch 49 | loss 0.3655 rmse 7.114 r2 0.383 corr 0.642

###### Windowed train epoch 19 overall metrics
  loss: 0.3709 rmse: 21.826 r2: 0.160 corr: 0.470
***** Epoch 19 Val (windowed) *****
  loss: 0.1849 rmse: 37.586 r2: 0.150 corr: 0.613
********************
***** Epoch 19 Test (windowed) *****
  loss: 0.2023 rmse: 15.696 r2: 0.332 corr: 0.732
********************
  Epoch 19 done in 50.7s

----- Epoch 20 (windowed) -----
  batch 49 | loss 0.3816 rmse 92.389 r2 0.103 corr 0.642

###### Windowed train epoch 20 overall metrics
  loss: 0.3649 rmse: 21.690 r2: 0.170 corr: 0.481
***** Epoch 20 Val (windowed) *****
  loss: 0.1715 rmse: 36.793 r2: 0.186 corr: 0.623
********************
***** Epoch 20 Test (windowed) *****
  loss: 0.1961 rmse: 15.046 r2: 0.386 corr: 0.737
********************
  Epoch 20 done in 51.9s
  Saved best model → model/FIM_restoration_0412_stations_monthly/2021/gat-rnn-v2-windowed_bs-128_lr-0.001_maxepoch-50_testyear-2021_win-3_nwin-10_seed-0/model-20

----- Epoch 21 (windowed) -----
  batch 49 | loss 0.3565 rmse 9.865 r2 0.306 corr 0.596

###### Windowed train epoch 21 overall metrics
  loss: 0.3611 rmse: 21.691 r2: 0.170 corr: 0.479
***** Epoch 21 Val (windowed) *****
  loss: 0.1763 rmse: 36.973 r2: 0.178 corr: 0.614
********************
***** Epoch 21 Test (windowed) *****
  loss: 0.2040 rmse: 15.077 r2: 0.384 corr: 0.739
********************
  Epoch 21 done in 49.2s

----- Epoch 22 (windowed) -----
  batch 49 | loss 0.3592 rmse 10.468 r2 0.452 corr 0.795

###### Windowed train epoch 22 overall metrics
  loss: 0.3578 rmse: 21.578 r2: 0.179 corr: 0.496
***** Epoch 22 Val (windowed) *****
  loss: 0.1937 rmse: 37.452 r2: 0.156 corr: 0.629
********************
***** Epoch 22 Test (windowed) *****
  loss: 0.2266 rmse: 15.535 r2: 0.346 corr: 0.758
********************
  Epoch 22 done in 50.7s

----- Epoch 23 (windowed) -----
  batch 49 | loss 0.3905 rmse 43.449 r2 0.053 corr 0.259

###### Windowed train epoch 23 overall metrics
  loss: 0.3592 rmse: 21.214 r2: 0.206 corr: 0.540
***** Epoch 23 Val (windowed) *****
  loss: 0.1707 rmse: 37.107 r2: 0.172 corr: 0.615
********************
***** Epoch 23 Test (windowed) *****
  loss: 0.1857 rmse: 15.161 r2: 0.377 corr: 0.736
********************
  Epoch 23 done in 52.2s

----- Epoch 24 (windowed) -----
  batch 49 | loss 0.3680 rmse 43.606 r2 0.106 corr 0.594

###### Windowed train epoch 24 overall metrics
  loss: 0.3504 rmse: 21.327 r2: 0.198 corr: 0.523
***** Epoch 24 Val (windowed) *****
  loss: 0.1583 rmse: 37.191 r2: 0.168 corr: 0.617
********************
***** Epoch 24 Test (windowed) *****
  loss: 0.1764 rmse: 15.445 r2: 0.353 corr: 0.730
********************
  Epoch 24 done in 51.3s

----- Epoch 25 (windowed) -----
  batch 49 | loss 0.3410 rmse 6.334 r2 0.439 corr 0.698

###### Windowed train epoch 25 overall metrics
  loss: 0.3387 rmse: 21.659 r2: 0.172 corr: 0.474
***** Epoch 25 Val (windowed) *****
  loss: 0.1556 rmse: 36.425 r2: 0.202 corr: 0.639
********************
***** Epoch 25 Test (windowed) *****
  loss: 0.1739 rmse: 14.876 r2: 0.400 corr: 0.742
********************
  Epoch 25 done in 50.7s
  Saved best model → model/FIM_restoration_0412_stations_monthly/2021/gat-rnn-v2-windowed_bs-128_lr-0.001_maxepoch-50_testyear-2021_win-3_nwin-10_seed-0/model-25

----- Epoch 26 (windowed) -----
  batch 49 | loss 0.3360 rmse 17.521 r2 0.720 corr 0.951

###### Windowed train epoch 26 overall metrics
  loss: 0.3351 rmse: 21.491 r2: 0.185 corr: 0.511
***** Epoch 26 Val (windowed) *****
  loss: 0.1550 rmse: 36.675 r2: 0.191 corr: 0.627
********************
***** Epoch 26 Test (windowed) *****
  loss: 0.1761 rmse: 14.893 r2: 0.398 corr: 0.743
********************
  Epoch 26 done in 51.0s

----- Epoch 27 (windowed) -----
  batch 49 | loss 0.3441 rmse 10.178 r2 0.299 corr 0.598

###### Windowed train epoch 27 overall metrics
  loss: 0.3443 rmse: 21.643 r2: 0.174 corr: 0.505
***** Epoch 27 Val (windowed) *****
  loss: 0.1651 rmse: 37.144 r2: 0.170 corr: 0.631
********************
***** Epoch 27 Test (windowed) *****
  loss: 0.1802 rmse: 15.473 r2: 0.351 corr: 0.746
********************
  Epoch 27 done in 51.7s

----- Epoch 28 (windowed) -----
  batch 49 | loss 0.3489 rmse 48.728 r2 0.110 corr 0.577

###### Windowed train epoch 28 overall metrics
  loss: 0.3335 rmse: 21.534 r2: 0.182 corr: 0.506
***** Epoch 28 Val (windowed) *****
  loss: 0.1611 rmse: 36.262 r2: 0.209 corr: 0.638
********************
***** Epoch 28 Test (windowed) *****
  loss: 0.1813 rmse: 14.493 r2: 0.430 corr: 0.753
********************
  Epoch 28 done in 50.9s
  Saved best model → model/FIM_restoration_0412_stations_monthly/2021/gat-rnn-v2-windowed_bs-128_lr-0.001_maxepoch-50_testyear-2021_win-3_nwin-10_seed-0/model-28

----- Epoch 29 (windowed) -----
  batch 49 | loss 0.3106 rmse 6.451 r2 0.380 corr 0.623

###### Windowed train epoch 29 overall metrics
  loss: 0.3283 rmse: 20.968 r2: 0.224 corr: 0.564
***** Epoch 29 Val (windowed) *****
  loss: 0.1545 rmse: 36.715 r2: 0.189 corr: 0.639
********************
***** Epoch 29 Test (windowed) *****
  loss: 0.1731 rmse: 15.244 r2: 0.370 corr: 0.738
********************
  Epoch 29 done in 53.2s

----- Epoch 30 (windowed) -----
  batch 49 | loss 0.3165 rmse 4.827 r2 0.520 corr 0.725

###### Windowed train epoch 30 overall metrics
  loss: 0.3204 rmse: 21.260 r2: 0.203 corr: 0.533
***** Epoch 30 Val (windowed) *****
  loss: 0.1477 rmse: 36.945 r2: 0.179 corr: 0.635
********************
***** Epoch 30 Test (windowed) *****
  loss: 0.1688 rmse: 15.312 r2: 0.364 corr: 0.743
********************
  Epoch 30 done in 51.5s

----- Epoch 31 (windowed) -----
  batch 49 | loss 0.3067 rmse 5.064 r2 0.364 corr 0.628

###### Windowed train epoch 31 overall metrics
  loss: 0.3211 rmse: 21.041 r2: 0.219 corr: 0.549
***** Epoch 31 Val (windowed) *****
  loss: 0.1648 rmse: 37.099 r2: 0.172 corr: 0.627
********************
***** Epoch 31 Test (windowed) *****
  loss: 0.2007 rmse: 15.324 r2: 0.363 corr: 0.748
********************
  Epoch 31 done in 51.9s

----- Epoch 32 (windowed) -----
  batch 49 | loss 0.3269 rmse 8.365 r2 0.496 corr 0.717

###### Windowed train epoch 32 overall metrics
  loss: 0.3170 rmse: 21.128 r2: 0.212 corr: 0.527
***** Epoch 32 Val (windowed) *****
  loss: 0.1525 rmse: 37.375 r2: 0.160 corr: 0.602
********************
***** Epoch 32 Test (windowed) *****
  loss: 0.1810 rmse: 15.411 r2: 0.356 corr: 0.737
********************
  Epoch 32 done in 52.1s

----- Epoch 33 (windowed) -----
  batch 49 | loss 0.3133 rmse 15.218 r2 0.410 corr 0.800

###### Windowed train epoch 33 overall metrics
  loss: 0.3123 rmse: 21.132 r2: 0.212 corr: 0.547
***** Epoch 33 Val (windowed) *****
  loss: 0.1564 rmse: 36.447 r2: 0.201 corr: 0.635
********************
***** Epoch 33 Test (windowed) *****
  loss: 0.1888 rmse: 14.936 r2: 0.395 corr: 0.753
********************
  Epoch 33 done in 51.2s

----- Epoch 34 (windowed) -----
  batch 49 | loss 0.3114 rmse 8.840 r2 0.638 corr 0.897

###### Windowed train epoch 34 overall metrics
  loss: 0.3140 rmse: 21.307 r2: 0.199 corr: 0.539
***** Epoch 34 Val (windowed) *****
  loss: 0.1498 rmse: 36.469 r2: 0.200 corr: 0.626
********************
***** Epoch 34 Test (windowed) *****
  loss: 0.1683 rmse: 14.764 r2: 0.409 corr: 0.747
********************
  Epoch 34 done in 50.9s

----- Epoch 35 (windowed) -----
  batch 49 | loss 0.3181 rmse 15.136 r2 0.552 corr 0.755

###### Windowed train epoch 35 overall metrics
  loss: 0.3072 rmse: 21.170 r2: 0.209 corr: 0.525
***** Epoch 35 Val (windowed) *****
  loss: 0.1463 rmse: 37.104 r2: 0.172 corr: 0.624
********************
***** Epoch 35 Test (windowed) *****
  loss: 0.1671 rmse: 15.464 r2: 0.351 corr: 0.741
********************
  Epoch 35 done in 51.6s

----- Epoch 36 (windowed) -----
  batch 49 | loss 0.3298 rmse 46.092 r2 0.137 corr 0.546

###### Windowed train epoch 36 overall metrics
  loss: 0.3053 rmse: 21.258 r2: 0.203 corr: 0.535
***** Epoch 36 Val (windowed) *****
  loss: 0.1487 rmse: 35.482 r2: 0.243 corr: 0.661
********************
***** Epoch 36 Test (windowed) *****
  loss: 0.1712 rmse: 14.254 r2: 0.449 corr: 0.756
********************
  Epoch 36 done in 52.1s
  Saved best model → model/FIM_restoration_0412_stations_monthly/2021/gat-rnn-v2-windowed_bs-128_lr-0.001_maxepoch-50_testyear-2021_win-3_nwin-10_seed-0/model-36

----- Epoch 37 (windowed) -----
  batch 49 | loss 0.3066 rmse 18.520 r2 0.320 corr 0.700

###### Windowed train epoch 37 overall metrics
  loss: 0.3035 rmse: 20.774 r2: 0.239 corr: 0.578
***** Epoch 37 Val (windowed) *****
  loss: 0.1454 rmse: 36.359 r2: 0.205 corr: 0.638
********************
***** Epoch 37 Test (windowed) *****
  loss: 0.1752 rmse: 14.901 r2: 0.398 corr: 0.744
********************
  Epoch 37 done in 52.8s

----- Epoch 38 (windowed) -----
  batch 49 | loss 0.2918 rmse 9.145 r2 0.294 corr 0.640

###### Windowed train epoch 38 overall metrics
  loss: 0.2952 rmse: 21.060 r2: 0.217 corr: 0.548
***** Epoch 38 Val (windowed) *****
  loss: 0.1431 rmse: 35.570 r2: 0.239 corr: 0.644
********************
***** Epoch 38 Test (windowed) *****
  loss: 0.1737 rmse: 14.215 r2: 0.452 corr: 0.749
********************
  Epoch 38 done in 52.1s

----- Epoch 39 (windowed) -----
  batch 49 | loss 0.3050 rmse 10.051 r2 0.451 corr 0.674

###### Windowed train epoch 39 overall metrics
  loss: 0.2950 rmse: 21.298 r2: 0.200 corr: 0.521
***** Epoch 39 Val (windowed) *****
  loss: 0.1398 rmse: 35.746 r2: 0.231 corr: 0.642
********************
***** Epoch 39 Test (windowed) *****
  loss: 0.1658 rmse: 14.391 r2: 0.438 corr: 0.745
********************
  Epoch 39 done in 51.3s

----- Epoch 40 (windowed) -----
  batch 49 | loss 0.2799 rmse 6.405 r2 0.484 corr 0.740

###### Windowed train epoch 40 overall metrics
  loss: 0.2900 rmse: 21.139 r2: 0.212 corr: 0.530
***** Epoch 40 Val (windowed) *****
  loss: 0.1410 rmse: 36.222 r2: 0.211 corr: 0.632
********************
***** Epoch 40 Test (windowed) *****
  loss: 0.1660 rmse: 14.907 r2: 0.397 corr: 0.743
********************
  Epoch 40 done in 52.1s

----- Epoch 41 (windowed) -----
  batch 49 | loss 0.2975 rmse 11.847 r2 0.155 corr 0.415

###### Windowed train epoch 41 overall metrics
  loss: 0.2929 rmse: 20.983 r2: 0.223 corr: 0.556
***** Epoch 41 Val (windowed) *****
  loss: 0.1513 rmse: 34.152 r2: 0.298 corr: 0.641
********************
***** Epoch 41 Test (windowed) *****
  loss: 0.1847 rmse: 13.215 r2: 0.526 corr: 0.745
********************
  Epoch 41 done in 51.3s
  Saved best model → model/FIM_restoration_0412_stations_monthly/2021/gat-rnn-v2-windowed_bs-128_lr-0.001_maxepoch-50_testyear-2021_win-3_nwin-10_seed-0/model-41

----- Epoch 42 (windowed) -----
  batch 49 | loss 0.2991 rmse 16.581 r2 0.176 corr 0.554

###### Windowed train epoch 42 overall metrics
  loss: 0.2965 rmse: 20.807 r2: 0.236 corr: 0.579
***** Epoch 42 Val (windowed) *****
  loss: 0.1620 rmse: 36.262 r2: 0.209 corr: 0.625
********************
***** Epoch 42 Test (windowed) *****
  loss: 0.2071 rmse: 14.589 r2: 0.423 corr: 0.737
********************
  Epoch 42 done in 52.1s

----- Epoch 43 (windowed) -----
  batch 49 | loss 0.3002 rmse 5.637 r2 0.466 corr 0.716

###### Windowed train epoch 43 overall metrics
  loss: 0.2882 rmse: 20.909 r2: 0.229 corr: 0.565
***** Epoch 43 Val (windowed) *****
  loss: 0.1610 rmse: 35.649 r2: 0.235 corr: 0.631
********************
***** Epoch 43 Test (windowed) *****
  loss: 0.2089 rmse: 14.215 r2: 0.452 corr: 0.745
********************
  Epoch 43 done in 52.3s

----- Epoch 44 (windowed) -----
  batch 49 | loss 0.2869 rmse 12.441 r2 0.276 corr 0.657

###### Windowed train epoch 44 overall metrics
  loss: 0.2887 rmse: 21.137 r2: 0.212 corr: 0.562
***** Epoch 44 Val (windowed) *****
  loss: 0.1492 rmse: 36.201 r2: 0.212 corr: 0.637
********************
***** Epoch 44 Test (windowed) *****
  loss: 0.1847 rmse: 14.550 r2: 0.426 corr: 0.756
********************
  Epoch 44 done in 52.9s

----- Epoch 45 (windowed) -----
  batch 49 | loss 0.3032 rmse 9.355 r2 0.450 corr 0.728

###### Windowed train epoch 45 overall metrics
  loss: 0.2867 rmse: 21.025 r2: 0.220 corr: 0.549
***** Epoch 45 Val (windowed) *****
  loss: 0.1394 rmse: 35.291 r2: 0.251 corr: 0.648
********************
***** Epoch 45 Test (windowed) *****
  loss: 0.1700 rmse: 13.734 r2: 0.488 corr: 0.754
********************
  Epoch 45 done in 52.8s

----- Epoch 46 (windowed) -----
  batch 49 | loss 0.2900 rmse 7.291 r2 0.472 corr 0.688

###### Windowed train epoch 46 overall metrics
  loss: 0.2819 rmse: 21.087 r2: 0.215 corr: 0.522
***** Epoch 46 Val (windowed) *****
  loss: 0.1427 rmse: 34.865 r2: 0.269 corr: 0.633
********************
***** Epoch 46 Test (windowed) *****
  loss: 0.1786 rmse: 13.391 r2: 0.514 corr: 0.752
********************
  Epoch 46 done in 51.8s

----- Epoch 47 (windowed) -----
  batch 49 | loss 0.2847 rmse 40.373 r2 0.525 corr 0.791

###### Windowed train epoch 47 overall metrics
  loss: 0.2826 rmse: 20.539 r2: 0.256 corr: 0.590
***** Epoch 47 Val (windowed) *****
  loss: 0.1351 rmse: 35.769 r2: 0.230 corr: 0.646
********************
***** Epoch 47 Test (windowed) *****
  loss: 0.1686 rmse: 14.100 r2: 0.461 corr: 0.758
********************
  Epoch 47 done in 51.1s

----- Epoch 48 (windowed) -----
  batch 49 | loss 0.2724 rmse 5.836 r2 0.397 corr 0.646

###### Windowed train epoch 48 overall metrics
  loss: 0.2791 rmse: 21.151 r2: 0.211 corr: 0.517
***** Epoch 48 Val (windowed) *****
  loss: 0.1420 rmse: 36.465 r2: 0.200 corr: 0.625
********************
***** Epoch 48 Test (windowed) *****
  loss: 0.1881 rmse: 14.662 r2: 0.417 corr: 0.743
********************
  Epoch 48 done in 51.0s

----- Epoch 49 (windowed) -----
  batch 49 | loss 0.2778 rmse 12.980 r2 0.256 corr 0.548

###### Windowed train epoch 49 overall metrics
  loss: 0.2728 rmse: 20.652 r2: 0.248 corr: 0.554
***** Epoch 49 Val (windowed) *****
  loss: 0.1360 rmse: 35.815 r2: 0.228 corr: 0.637
********************
***** Epoch 49 Test (windowed) *****
  loss: 0.1714 rmse: 14.265 r2: 0.448 corr: 0.750
********************
  Epoch 49 done in 50.1s
Fold done — best val RMSE=34.1521 test R²=0.5264 corr=0.7447

================================================================
Rolling-windowed  test_year=2022
  Val  : 2021
  Test : 2022
  win_size=3  n_windows=10
================================================================
Initially data (54319, 166)
After filtering (50820, 166)
get_X_Y
X shape (50820, 130)
Y shape (50820, 34)
Y (output) means tensor([[0.1492, 0.0120, 0.2592, 0.1708, 0.0258, 0.0598, 0.1584, 0.6333, 0.8641,
         0.0238, 0.0545, 0.0098, 0.0874, 0.1386, 1.0366, 1.1108, 0.3462, 0.4136,
         0.9072, 0.4175, 0.1808, 0.2234, 0.4063, 0.1661, 0.4297, 0.5294, 0.2784,
         0.5767, 0.4936, 0.1534, 0.2707, 0.1035, 0.1360, 0.1318]]) stds tensor([[0.4886, 0.1342, 0.6284, 0.6018, 0.1951, 0.2952, 0.5107, 1.4359, 1.5983,
         0.1942, 0.3268, 0.1316, 0.4476, 0.4416, 2.1264, 1.7345, 0.8516, 1.1966,
         1.6247, 0.9511, 0.5130, 0.7015, 1.0705, 0.5697, 1.0111, 1.0925, 0.7117,
         1.3077, 1.0237, 0.4510, 0.8312, 0.3384, 0.4047, 0.3744]])
Y count-scale means tensor([[5.1991e-01, 3.3155e-02, 9.7238e-01, 9.5450e-01, 7.3937e-02, 1.9530e-01,
         5.6725e-01, 1.4804e+01, 2.9062e+01, 7.1352e-02, 2.5319e-01, 3.2408e-02,
         5.9991e-01, 4.0220e-01, 2.6471e+02, 2.4691e+01, 2.6160e+00, 1.4988e+01,
         2.6198e+01, 3.3678e+00, 5.6270e-01, 1.6944e+00, 7.2209e+00, 1.3842e+00,
         3.6281e+00, 4.7598e+00, 1.2667e+00, 2.5401e+01, 5.6323e+00, 4.4800e-01,
         3.0264e+00, 2.1916e-01, 3.2294e-01, 2.7334e-01]]) stds tensor([[3.6159e+00, 5.7829e-01, 5.5893e+00, 7.4208e+00, 1.0911e+00, 3.5912e+00,
         3.5893e+00, 7.6917e+01, 2.1681e+02, 9.5842e-01, 3.8313e+00, 6.4668e-01,
         8.4233e+00, 2.4676e+00, 3.2518e+03, 9.9955e+01, 1.9291e+01, 1.6257e+02,
         2.0523e+02, 2.0297e+01, 2.9529e+00, 2.2172e+01, 7.7455e+01, 4.1859e+01,
         1.7338e+01, 2.4767e+01, 6.7155e+00, 7.7360e+02, 6.7192e+01, 4.4361e+00,
         2.6397e+01, 9.8373e-01, 1.5141e+00, 1.0561e+00]])
Loaded per-window (calendar) month weights from analysis/figures/month_weights_per_window.npz: cube.shape=(25, 12, 34)
/Users/liyingnceas/GitHub/GNN-RNN-main/gnn-lstm-v3/utils/data_utils.py:264: RuntimeWarning: Mean of empty slice
  np.nanmean(county_dict[county], axis=0).astype(np.float32)
Filled 127430 missing (node, year) entries from neighbors or year averages
[2D] Station nodes: 596, adj nnz: 2980
[build_year_XY_windowed] data_start=1998, min_pred_year=2009, test_year=2022, win_size=3, n_windows=10
  built windows for T=2009
  built windows for T=2014
  built windows for T=2019
[build_year_XY_windowed] built windowed XY for 14 prediction years (2009–2022)
  GAT_RNN_V2: edge_feat_dim=3, n_heads=4, n_hidden=64
  [Bayes] Species rarity weights (mean=1): min=0.70 max=1.77  (rarest=Mycteroperca microlepis_SA)
  [CrossDonor] Ecological cross-donor map (9 recipients):
    Centropomus undecimalis_A  <-  ['Cynoscion nebulosus_R', 'Cynoscion nebulosus_A']
    Centropomus undecimalis_SA  <-  ['Cynoscion nebulosus_R', 'Centropomus undecimalis_A']
    Sciaenops ocellatus_R  <-  ['Cynoscion nebulosus_R', 'Cynoscion nebulosus_A']
    Sciaenops ocellatus_SA  <-  ['Cynoscion nebulosus_R', 'Cynoscion nebulosus_A']
    Cynoscion nebulosus_A  <-  ['Cynoscion nebulosus_R', 'Lagodon rhomboides_A']
    Mycteroperca microlepis_SA  <-  ['Lutjanus griseus_SA', 'Lutjanus griseus_R']
    Lutjanus griseus_R  <-  ['Archosargus probatocephalus_A', 'Lutjanus griseus_SA']
    Lutjanus griseus_SA  <-  ['Archosargus probatocephalus_A']
    Archosargus probatocephalus_R  <-  ['Archosargus probatocephalus_A', 'Lagodon rhomboides_A']
  [BayesTransferMapped] 9 recipient → donor mappings:
    recipient   3 <- donors [6, 5]
    recipient   4 <- donors [6, 3]
    recipient  12 <- donors [6, 5]
    recipient  13 <- donors [6, 5]
    recipient   5 <- donors [6, 7]
    recipient  11 <- donors [10, 9]
    recipient   9 <- donors [0, 10]
    recipient  10 <- donors [0]
    recipient   1 <- donors [0, 7]
  [BayesTransferMapped] transfer_prior_std=0.600  warmstart_alpha=0.25

----- Epoch 0 (windowed) -----
  batch 49 | loss 0.7121 rmse 48.904 r2 0.005 corr 0.115

###### Windowed train epoch 0 overall metrics
  loss: 0.7272 rmse: 23.395 r2: 0.008 corr: 0.129
***** Epoch 0 Val (windowed) *****
  loss: 0.3046 rmse: 18.970 r2: 0.024 corr: 0.246
********************
***** Epoch 0 Test (windowed) *****
  loss: 0.3015 rmse: 4.980 r2: 0.116 corr: 0.392
********************
  Epoch 0 done in 54.9s
  Saved best model → model/FIM_restoration_0412_stations_monthly/2022/gat-rnn-v2-windowed_bs-128_lr-0.001_maxepoch-50_testyear-2022_win-3_nwin-10_seed-0/model-0

----- Epoch 1 (windowed) -----
  batch 49 | loss 0.6440 rmse 9.903 r2 0.101 corr 0.484

###### Windowed train epoch 1 overall metrics
  loss: 0.6273 rmse: 23.124 r2: 0.031 corr: 0.237
***** Epoch 1 Val (windowed) *****
  loss: 0.2746 rmse: 18.719 r2: 0.050 corr: 0.333
********************
***** Epoch 1 Test (windowed) *****
  loss: 0.2784 rmse: 4.714 r2: 0.208 corr: 0.506
********************
  Epoch 1 done in 54.1s
  Saved best model → model/FIM_restoration_0412_stations_monthly/2022/gat-rnn-v2-windowed_bs-128_lr-0.001_maxepoch-50_testyear-2022_win-3_nwin-10_seed-0/model-1

----- Epoch 2 (windowed) -----
  batch 49 | loss 0.5794 rmse 5.989 r2 0.181 corr 0.487

###### Windowed train epoch 2 overall metrics
  loss: 0.5794 rmse: 22.963 r2: 0.044 corr: 0.269
***** Epoch 2 Val (windowed) *****
  loss: 0.2997 rmse: 18.560 r2: 0.066 corr: 0.355
********************
***** Epoch 2 Test (windowed) *****
  loss: 0.3087 rmse: 4.599 r2: 0.246 corr: 0.513
********************
  Epoch 2 done in 53.7s
  Saved best model → model/FIM_restoration_0412_stations_monthly/2022/gat-rnn-v2-windowed_bs-128_lr-0.001_maxepoch-50_testyear-2022_win-3_nwin-10_seed-0/model-2

----- Epoch 3 (windowed) -----
  batch 49 | loss 0.5418 rmse 11.913 r2 0.194 corr 0.573

###### Windowed train epoch 3 overall metrics
  loss: 0.5518 rmse: 22.861 r2: 0.052 corr: 0.289
***** Epoch 3 Val (windowed) *****
  loss: 0.2372 rmse: 18.474 r2: 0.074 corr: 0.374
********************
***** Epoch 3 Test (windowed) *****
  loss: 0.2469 rmse: 4.485 r2: 0.283 corr: 0.549
********************
  Epoch 3 done in 53.6s
  Saved best model → model/FIM_restoration_0412_stations_monthly/2022/gat-rnn-v2-windowed_bs-128_lr-0.001_maxepoch-50_testyear-2022_win-3_nwin-10_seed-0/model-3

----- Epoch 4 (windowed) -----
  batch 49 | loss 0.5135 rmse 5.690 r2 0.250 corr 0.509

###### Windowed train epoch 4 overall metrics
  loss: 0.5146 rmse: 22.849 r2: 0.053 corr: 0.292
***** Epoch 4 Val (windowed) *****
  loss: 0.2305 rmse: 18.521 r2: 0.070 corr: 0.351
********************
***** Epoch 4 Test (windowed) *****
  loss: 0.2425 rmse: 4.567 r2: 0.257 corr: 0.517
********************
  Epoch 4 done in 55.0s

----- Epoch 5 (windowed) -----
  batch 49 | loss 0.4949 rmse 5.913 r2 0.304 corr 0.565

###### Windowed train epoch 5 overall metrics
  loss: 0.4881 rmse: 22.844 r2: 0.054 corr: 0.285
***** Epoch 5 Val (windowed) *****
  loss: 0.2322 rmse: 18.553 r2: 0.067 corr: 0.369
********************
***** Epoch 5 Test (windowed) *****
  loss: 0.2391 rmse: 4.543 r2: 0.265 corr: 0.558
********************
  Epoch 5 done in 54.7s

----- Epoch 6 (windowed) -----
  batch 49 | loss 0.4789 rmse 6.397 r2 0.291 corr 0.540

###### Windowed train epoch 6 overall metrics
  loss: 0.4736 rmse: 22.732 r2: 0.063 corr: 0.313
***** Epoch 6 Val (windowed) *****
  loss: 0.2073 rmse: 18.406 r2: 0.081 corr: 0.391
********************
***** Epoch 6 Test (windowed) *****
  loss: 0.2158 rmse: 4.357 r2: 0.324 corr: 0.587
********************
  Epoch 6 done in 55.3s
  Saved best model → model/FIM_restoration_0412_stations_monthly/2022/gat-rnn-v2-windowed_bs-128_lr-0.001_maxepoch-50_testyear-2022_win-3_nwin-10_seed-0/model-6

----- Epoch 7 (windowed) -----
  batch 49 | loss 0.4672 rmse 12.982 r2 0.175 corr 0.561

###### Windowed train epoch 7 overall metrics
  loss: 0.4544 rmse: 22.591 r2: 0.075 corr: 0.353
***** Epoch 7 Val (windowed) *****
  loss: 0.1963 rmse: 18.161 r2: 0.106 corr: 0.465
********************
***** Epoch 7 Test (windowed) *****
  loss: 0.2103 rmse: 4.316 r2: 0.336 corr: 0.608
********************
  Epoch 7 done in 54.6s
  Saved best model → model/FIM_restoration_0412_stations_monthly/2022/gat-rnn-v2-windowed_bs-128_lr-0.001_maxepoch-50_testyear-2022_win-3_nwin-10_seed-0/model-7

----- Epoch 8 (windowed) -----
  batch 49 | loss 0.4646 rmse 9.695 r2 0.229 corr 0.538

###### Windowed train epoch 8 overall metrics
  loss: 0.4470 rmse: 22.492 r2: 0.083 corr: 0.369
***** Epoch 8 Val (windowed) *****
  loss: 0.2020 rmse: 17.937 r2: 0.127 corr: 0.485
********************
***** Epoch 8 Test (windowed) *****
  loss: 0.2338 rmse: 4.234 r2: 0.361 corr: 0.615
********************
  Epoch 8 done in 53.7s
  Saved best model → model/FIM_restoration_0412_stations_monthly/2022/gat-rnn-v2-windowed_bs-128_lr-0.001_maxepoch-50_testyear-2022_win-3_nwin-10_seed-0/model-8

----- Epoch 9 (windowed) -----
  batch 49 | loss 0.4579 rmse 14.818 r2 0.192 corr 0.648

###### Windowed train epoch 9 overall metrics
  loss: 0.4316 rmse: 22.333 r2: 0.096 corr: 0.395
***** Epoch 9 Val (windowed) *****
  loss: 0.1883 rmse: 17.535 r2: 0.166 corr: 0.545
********************
***** Epoch 9 Test (windowed) *****
  loss: 0.2133 rmse: 4.220 r2: 0.365 corr: 0.607
********************
  Epoch 9 done in 55.2s
  Saved best model → model/FIM_restoration_0412_stations_monthly/2022/gat-rnn-v2-windowed_bs-128_lr-0.001_maxepoch-50_testyear-2022_win-3_nwin-10_seed-0/model-9

----- Epoch 10 (windowed) -----
  batch 49 | loss 0.4126 rmse 13.537 r2 0.093 corr 0.307

###### Windowed train epoch 10 overall metrics
  loss: 0.4213 rmse: 22.255 r2: 0.102 corr: 0.408
***** Epoch 10 Val (windowed) *****
  loss: 0.1987 rmse: 17.643 r2: 0.156 corr: 0.544
********************
***** Epoch 10 Test (windowed) *****
  loss: 0.2043 rmse: 4.196 r2: 0.373 corr: 0.614
********************
  Epoch 10 done in 55.2s

----- Epoch 11 (windowed) -----
  batch 49 | loss 0.4217 rmse 4.116 r2 0.386 corr 0.634

###### Windowed train epoch 11 overall metrics
  loss: 0.4154 rmse: 22.017 r2: 0.121 corr: 0.440
***** Epoch 11 Val (windowed) *****
  loss: 0.1951 rmse: 17.423 r2: 0.177 corr: 0.564
********************
***** Epoch 11 Test (windowed) *****
  loss: 0.2039 rmse: 4.344 r2: 0.328 corr: 0.575
********************
  Epoch 11 done in 54.7s
  Saved best model → model/FIM_restoration_0412_stations_monthly/2022/gat-rnn-v2-windowed_bs-128_lr-0.001_maxepoch-50_testyear-2022_win-3_nwin-10_seed-0/model-11

----- Epoch 12 (windowed) -----
  batch 49 | loss 0.4201 rmse 21.500 r2 0.068 corr 0.335

###### Windowed train epoch 12 overall metrics
  loss: 0.4115 rmse: 22.055 r2: 0.118 corr: 0.433
***** Epoch 12 Val (windowed) *****
  loss: 0.1928 rmse: 17.507 r2: 0.169 corr: 0.577
********************
***** Epoch 12 Test (windowed) *****
  loss: 0.2119 rmse: 4.270 r2: 0.350 corr: 0.604
********************
  Epoch 12 done in 55.5s

----- Epoch 13 (windowed) -----
  batch 49 | loss 0.4160 rmse 20.728 r2 0.140 corr 0.496

###### Windowed train epoch 13 overall metrics
  loss: 0.4071 rmse: 21.731 r2: 0.144 corr: 0.486
***** Epoch 13 Val (windowed) *****
  loss: 0.1753 rmse: 17.487 r2: 0.171 corr: 0.557
********************
***** Epoch 13 Test (windowed) *****
  loss: 0.1918 rmse: 4.124 r2: 0.394 corr: 0.628
********************
  Epoch 13 done in 56.1s

----- Epoch 14 (windowed) -----
  batch 49 | loss 0.3903 rmse 9.784 r2 0.211 corr 0.516

###### Windowed train epoch 14 overall metrics
  loss: 0.3915 rmse: 21.915 r2: 0.129 corr: 0.444
***** Epoch 14 Val (windowed) *****
  loss: 0.1751 rmse: 17.078 r2: 0.209 corr: 0.597
********************
***** Epoch 14 Test (windowed) *****
  loss: 0.1919 rmse: 4.148 r2: 0.387 corr: 0.624
********************
  Epoch 14 done in 54.8s
  Saved best model → model/FIM_restoration_0412_stations_monthly/2022/gat-rnn-v2-windowed_bs-128_lr-0.001_maxepoch-50_testyear-2022_win-3_nwin-10_seed-0/model-14

----- Epoch 15 (windowed) -----
  batch 49 | loss 0.3823 rmse 10.260 r2 0.183 corr 0.449

###### Windowed train epoch 15 overall metrics
  loss: 0.3862 rmse: 21.889 r2: 0.131 corr: 0.457
***** Epoch 15 Val (windowed) *****
  loss: 0.1769 rmse: 17.124 r2: 0.205 corr: 0.605
********************
***** Epoch 15 Test (windowed) *****
  loss: 0.1928 rmse: 4.140 r2: 0.389 corr: 0.627
********************
  Epoch 15 done in 54.2s

----- Epoch 16 (windowed) -----
  batch 49 | loss 0.4046 rmse 56.508 r2 0.078 corr 0.562

###### Windowed train epoch 16 overall metrics
  loss: 0.3769 rmse: 21.795 r2: 0.139 corr: 0.471
***** Epoch 16 Val (windowed) *****
  loss: 0.1785 rmse: 16.903 r2: 0.225 corr: 0.614
********************
***** Epoch 16 Test (windowed) *****
  loss: 0.1991 rmse: 4.138 r2: 0.390 corr: 0.628
********************
  Epoch 16 done in 54.6s
  Saved best model → model/FIM_restoration_0412_stations_monthly/2022/gat-rnn-v2-windowed_bs-128_lr-0.001_maxepoch-50_testyear-2022_win-3_nwin-10_seed-0/model-16

----- Epoch 17 (windowed) -----
  batch 49 | loss 0.3703 rmse 11.795 r2 0.265 corr 0.577

###### Windowed train epoch 17 overall metrics
  loss: 0.3696 rmse: 21.162 r2: 0.188 corr: 0.530
***** Epoch 17 Val (windowed) *****
  loss: 0.1652 rmse: 16.484 r2: 0.263 corr: 0.637
********************
***** Epoch 17 Test (windowed) *****
  loss: 0.1852 rmse: 4.050 r2: 0.416 corr: 0.645
********************
  Epoch 17 done in 55.5s
  Saved best model → model/FIM_restoration_0412_stations_monthly/2022/gat-rnn-v2-windowed_bs-128_lr-0.001_maxepoch-50_testyear-2022_win-3_nwin-10_seed-0/model-17

----- Epoch 18 (windowed) -----
  batch 49 | loss 0.3672 rmse 7.034 r2 0.584 corr 0.769

###### Windowed train epoch 18 overall metrics
  loss: 0.3601 rmse: 21.263 r2: 0.180 corr: 0.525
***** Epoch 18 Val (windowed) *****
  loss: 0.1611 rmse: 16.358 r2: 0.274 corr: 0.652
********************
***** Epoch 18 Test (windowed) *****
  loss: 0.1831 rmse: 4.024 r2: 0.423 corr: 0.652
********************
  Epoch 18 done in 57.1s
  Saved best model → model/FIM_restoration_0412_stations_monthly/2022/gat-rnn-v2-windowed_bs-128_lr-0.001_maxepoch-50_testyear-2022_win-3_nwin-10_seed-0/model-18

----- Epoch 19 (windowed) -----
  batch 49 | loss 0.3476 rmse 4.256 r2 0.460 corr 0.719

###### Windowed train epoch 19 overall metrics
  loss: 0.3598 rmse: 21.628 r2: 0.152 corr: 0.483
***** Epoch 19 Val (windowed) *****
  loss: 0.1923 rmse: 17.108 r2: 0.206 corr: 0.590
********************
***** Epoch 19 Test (windowed) *****
  loss: 0.2038 rmse: 4.073 r2: 0.409 corr: 0.642
********************
  Epoch 19 done in 55.1s

----- Epoch 20 (windowed) -----
  batch 49 | loss 0.3900 rmse 47.389 r2 0.115 corr 0.554

###### Windowed train epoch 20 overall metrics
  loss: 0.3726 rmse: 21.045 r2: 0.197 corr: 0.536
***** Epoch 20 Val (windowed) *****
  loss: 0.1644 rmse: 16.841 r2: 0.231 corr: 0.622
********************
***** Epoch 20 Test (windowed) *****
  loss: 0.1858 rmse: 4.041 r2: 0.418 corr: 0.647
********************
  Epoch 20 done in 55.0s

----- Epoch 21 (windowed) -----
  batch 49 | loss 0.3572 rmse 5.812 r2 0.247 corr 0.553

###### Windowed train epoch 21 overall metrics
  loss: 0.3605 rmse: 21.299 r2: 0.178 corr: 0.525
***** Epoch 21 Val (windowed) *****
  loss: 0.1630 rmse: 16.325 r2: 0.277 corr: 0.654
********************
***** Epoch 21 Test (windowed) *****
  loss: 0.1873 rmse: 4.005 r2: 0.428 corr: 0.657
********************
  Epoch 21 done in 57.4s
  Saved best model → model/FIM_restoration_0412_stations_monthly/2022/gat-rnn-v2-windowed_bs-128_lr-0.001_maxepoch-50_testyear-2022_win-3_nwin-10_seed-0/model-21

----- Epoch 22 (windowed) -----
  batch 49 | loss 0.3512 rmse 13.629 r2 0.351 corr 0.687

###### Windowed train epoch 22 overall metrics
  loss: 0.3455 rmse: 21.060 r2: 0.196 corr: 0.532
***** Epoch 22 Val (windowed) *****
  loss: 0.1746 rmse: 16.896 r2: 0.226 corr: 0.596
********************
***** Epoch 22 Test (windowed) *****
  loss: 0.1886 rmse: 3.973 r2: 0.438 corr: 0.667
********************
  Epoch 22 done in 53.3s

----- Epoch 23 (windowed) -----
  batch 49 | loss 0.3652 rmse 21.201 r2 0.097 corr 0.389

###### Windowed train epoch 23 overall metrics
  loss: 0.3466 rmse: 21.008 r2: 0.200 corr: 0.523
***** Epoch 23 Val (windowed) *****
  loss: 0.1536 rmse: 15.815 r2: 0.322 corr: 0.664
********************
***** Epoch 23 Test (windowed) *****
  loss: 0.1836 rmse: 4.054 r2: 0.414 corr: 0.651
********************
  Epoch 23 done in 53.3s
  Saved best model → model/FIM_restoration_0412_stations_monthly/2022/gat-rnn-v2-windowed_bs-128_lr-0.001_maxepoch-50_testyear-2022_win-3_nwin-10_seed-0/model-23

----- Epoch 24 (windowed) -----
  batch 49 | loss 0.3384 rmse 21.399 r2 0.136 corr 0.378

###### Windowed train epoch 24 overall metrics
  loss: 0.3375 rmse: 21.124 r2: 0.191 corr: 0.522
***** Epoch 24 Val (windowed) *****
  loss: 0.1641 rmse: 15.676 r2: 0.334 corr: 0.673
********************
***** Epoch 24 Test (windowed) *****
  loss: 0.2009 rmse: 4.044 r2: 0.417 corr: 0.648
********************
  Epoch 24 done in 53.4s
  Saved best model → model/FIM_restoration_0412_stations_monthly/2022/gat-rnn-v2-windowed_bs-128_lr-0.001_maxepoch-50_testyear-2022_win-3_nwin-10_seed-0/model-24

----- Epoch 25 (windowed) -----
  batch 49 | loss 0.3348 rmse 6.710 r2 0.310 corr 0.576

###### Windowed train epoch 25 overall metrics
  loss: 0.3305 rmse: 20.861 r2: 0.211 corr: 0.508
***** Epoch 25 Val (windowed) *****
  loss: 0.2012 rmse: 15.254 r2: 0.369 corr: 0.687
********************
***** Epoch 25 Test (windowed) *****
  loss: 0.2593 rmse: 4.114 r2: 0.397 corr: 0.631
********************
  Epoch 25 done in 53.4s
  Saved best model → model/FIM_restoration_0412_stations_monthly/2022/gat-rnn-v2-windowed_bs-128_lr-0.001_maxepoch-50_testyear-2022_win-3_nwin-10_seed-0/model-25

----- Epoch 26 (windowed) -----
  batch 49 | loss 0.3374 rmse 14.069 r2 0.255 corr 0.557

###### Windowed train epoch 26 overall metrics
  loss: 0.3290 rmse: 21.309 r2: 0.177 corr: 0.503
***** Epoch 26 Val (windowed) *****
  loss: 0.1465 rmse: 15.159 r2: 0.377 corr: 0.678
********************
***** Epoch 26 Test (windowed) *****
  loss: 0.1701 rmse: 4.244 r2: 0.358 corr: 0.634
********************
  Epoch 26 done in 53.1s
  Saved best model → model/FIM_restoration_0412_stations_monthly/2022/gat-rnn-v2-windowed_bs-128_lr-0.001_maxepoch-50_testyear-2022_win-3_nwin-10_seed-0/model-26

----- Epoch 27 (windowed) -----
  batch 49 | loss 0.3224 rmse 9.052 r2 0.296 corr 0.629

###### Windowed train epoch 27 overall metrics
  loss: 0.3180 rmse: 20.859 r2: 0.211 corr: 0.572
***** Epoch 27 Val (windowed) *****
  loss: 0.1480 rmse: 14.809 r2: 0.405 corr: 0.695
********************
***** Epoch 27 Test (windowed) *****
  loss: 0.1835 rmse: 4.314 r2: 0.337 corr: 0.631
********************
  Epoch 27 done in 53.3s
  Saved best model → model/FIM_restoration_0412_stations_monthly/2022/gat-rnn-v2-windowed_bs-128_lr-0.001_maxepoch-50_testyear-2022_win-3_nwin-10_seed-0/model-27

----- Epoch 28 (windowed) -----
  batch 49 | loss 0.3287 rmse 41.504 r2 0.157 corr 0.583

###### Windowed train epoch 28 overall metrics
  loss: 0.3187 rmse: 20.821 r2: 0.214 corr: 0.539
***** Epoch 28 Val (windowed) *****
  loss: 0.1475 rmse: 15.201 r2: 0.373 corr: 0.702
********************
***** Epoch 28 Test (windowed) *****
  loss: 0.1684 rmse: 4.154 r2: 0.385 corr: 0.645
********************
  Epoch 28 done in 55.5s

----- Epoch 29 (windowed) -----
  batch 49 | loss 0.3212 rmse 9.661 r2 0.273 corr 0.578

###### Windowed train epoch 29 overall metrics
  loss: 0.3153 rmse: 20.928 r2: 0.206 corr: 0.538
***** Epoch 29 Val (windowed) *****
  loss: 0.1721 rmse: 15.443 r2: 0.353 corr: 0.702
********************
***** Epoch 29 Test (windowed) *****
  loss: 0.2386 rmse: 3.993 r2: 0.432 corr: 0.658
********************
  Epoch 29 done in 57.1s

----- Epoch 30 (windowed) -----
  batch 49 | loss 0.3199 rmse 6.937 r2 0.378 corr 0.635

###### Windowed train epoch 30 overall metrics
  loss: 0.3198 rmse: 20.937 r2: 0.205 corr: 0.547
***** Epoch 30 Val (windowed) *****
  loss: 0.1437 rmse: 15.051 r2: 0.386 corr: 0.701
********************
***** Epoch 30 Test (windowed) *****
  loss: 0.1731 rmse: 4.013 r2: 0.426 corr: 0.659
********************
  Epoch 30 done in 57.8s

----- Epoch 31 (windowed) -----
  batch 49 | loss 0.3054 rmse 6.741 r2 0.352 corr 0.606

###### Windowed train epoch 31 overall metrics
  loss: 0.3058 rmse: 21.270 r2: 0.180 corr: 0.506
***** Epoch 31 Val (windowed) *****
  loss: 0.1458 rmse: 14.681 r2: 0.415 corr: 0.717
********************
***** Epoch 31 Test (windowed) *****
  loss: 0.1811 rmse: 4.074 r2: 0.409 corr: 0.649
********************
  Epoch 31 done in 57.1s
  Saved best model → model/FIM_restoration_0412_stations_monthly/2022/gat-rnn-v2-windowed_bs-128_lr-0.001_maxepoch-50_testyear-2022_win-3_nwin-10_seed-0/model-31

----- Epoch 32 (windowed) -----
  batch 49 | loss 0.3240 rmse 46.954 r2 0.123 corr 0.574

###### Windowed train epoch 32 overall metrics
  loss: 0.3056 rmse: 20.805 r2: 0.215 corr: 0.514
***** Epoch 32 Val (windowed) *****
  loss: 0.1459 rmse: 15.390 r2: 0.358 corr: 0.710
********************
***** Epoch 32 Test (windowed) *****
  loss: 0.1816 rmse: 4.019 r2: 0.425 corr: 0.653
********************
  Epoch 32 done in 55.8s

----- Epoch 33 (windowed) -----
  batch 49 | loss 0.3071 rmse 48.028 r2 0.278 corr 0.607

###### Windowed train epoch 33 overall metrics
  loss: 0.3009 rmse: 20.682 r2: 0.224 corr: 0.559
***** Epoch 33 Val (windowed) *****
  loss: 0.1479 rmse: 15.704 r2: 0.331 corr: 0.716
********************
***** Epoch 33 Test (windowed) *****
  loss: 0.1927 rmse: 3.897 r2: 0.459 corr: 0.682
********************
  Epoch 33 done in 55.0s

----- Epoch 34 (windowed) -----
  batch 49 | loss 0.2972 rmse 58.512 r2 0.158 corr 0.540

###### Windowed train epoch 34 overall metrics
  loss: 0.3158 rmse: 20.853 r2: 0.212 corr: 0.536
***** Epoch 34 Val (windowed) *****
  loss: 0.1470 rmse: 15.428 r2: 0.354 corr: 0.715
********************
***** Epoch 34 Test (windowed) *****
  loss: 0.1710 rmse: 3.932 r2: 0.449 corr: 0.672
********************
  Epoch 34 done in 55.7s

----- Epoch 35 (windowed) -----
  batch 49 | loss 0.3137 rmse 12.774 r2 0.277 corr 0.592

###### Windowed train epoch 35 overall metrics
  loss: 0.3070 rmse: 20.797 r2: 0.216 corr: 0.545
***** Epoch 35 Val (windowed) *****
  loss: 0.1514 rmse: 15.532 r2: 0.346 corr: 0.704
********************
***** Epoch 35 Test (windowed) *****
  loss: 0.1746 rmse: 4.233 r2: 0.362 corr: 0.614
********************
  Epoch 35 done in 56.3s

----- Epoch 36 (windowed) -----
  batch 49 | loss 0.3047 rmse 13.448 r2 0.283 corr 0.635

###### Windowed train epoch 36 overall metrics
  loss: 0.2996 rmse: 21.142 r2: 0.190 corr: 0.492
***** Epoch 36 Val (windowed) *****
  loss: 0.1401 rmse: 15.438 r2: 0.354 corr: 0.714
********************
***** Epoch 36 Test (windowed) *****
  loss: 0.1627 rmse: 3.970 r2: 0.438 corr: 0.667
********************
  Epoch 36 done in 56.9s

----- Epoch 37 (windowed) -----
  batch 49 | loss 0.3004 rmse 18.341 r2 0.119 corr 0.470

###### Windowed train epoch 37 overall metrics
  loss: 0.2926 rmse: 20.469 r2: 0.240 corr: 0.545
***** Epoch 37 Val (windowed) *****
  loss: 0.1398 rmse: 14.521 r2: 0.428 corr: 0.723
********************
***** Epoch 37 Test (windowed) *****
  loss: 0.1650 rmse: 4.257 r2: 0.354 corr: 0.632
********************
  Epoch 37 done in 57.2s
  Saved best model → model/FIM_restoration_0412_stations_monthly/2022/gat-rnn-v2-windowed_bs-128_lr-0.001_maxepoch-50_testyear-2022_win-3_nwin-10_seed-0/model-37

----- Epoch 38 (windowed) -----
  batch 49 | loss 0.3148 rmse 22.594 r2 0.121 corr 0.416

###### Windowed train epoch 38 overall metrics
  loss: 0.2934 rmse: 20.895 r2: 0.208 corr: 0.533
***** Epoch 38 Val (windowed) *****
  loss: 0.1403 rmse: 14.505 r2: 0.429 corr: 0.731
********************
***** Epoch 38 Test (windowed) *****
  loss: 0.1647 rmse: 4.212 r2: 0.368 corr: 0.631
********************
  Epoch 38 done in 55.9s
  Saved best model → model/FIM_restoration_0412_stations_monthly/2022/gat-rnn-v2-windowed_bs-128_lr-0.001_maxepoch-50_testyear-2022_win-3_nwin-10_seed-0/model-38

----- Epoch 39 (windowed) -----
  batch 49 | loss 0.2909 rmse 20.020 r2 0.143 corr 0.485

###### Windowed train epoch 39 overall metrics
  loss: 0.2898 rmse: 20.547 r2: 0.235 corr: 0.551
***** Epoch 39 Val (windowed) *****
  loss: 0.1448 rmse: 14.226 r2: 0.451 corr: 0.739
********************
***** Epoch 39 Test (windowed) *****
  loss: 0.1816 rmse: 4.093 r2: 0.403 corr: 0.647
********************
  Epoch 39 done in 55.1s
  Saved best model → model/FIM_restoration_0412_stations_monthly/2022/gat-rnn-v2-windowed_bs-128_lr-0.001_maxepoch-50_testyear-2022_win-3_nwin-10_seed-0/model-39

----- Epoch 40 (windowed) -----
  batch 49 | loss 0.2753 rmse 6.630 r2 0.512 corr 0.730

###### Windowed train epoch 40 overall metrics
  loss: 0.2855 rmse: 20.608 r2: 0.230 corr: 0.577
***** Epoch 40 Val (windowed) *****
  loss: 0.1477 rmse: 14.966 r2: 0.393 corr: 0.724
********************
***** Epoch 40 Test (windowed) *****
  loss: 0.1866 rmse: 4.005 r2: 0.428 corr: 0.659
********************
  Epoch 40 done in 54.7s

----- Epoch 41 (windowed) -----
  batch 49 | loss 0.2941 rmse 9.452 r2 0.477 corr 0.730

###### Windowed train epoch 41 overall metrics
  loss: 0.2843 rmse: 20.788 r2: 0.217 corr: 0.542
***** Epoch 41 Val (windowed) *****
  loss: 0.1375 rmse: 14.548 r2: 0.426 corr: 0.734
********************
***** Epoch 41 Test (windowed) *****
  loss: 0.1660 rmse: 3.900 r2: 0.458 corr: 0.678
********************
  Epoch 41 done in 55.1s

----- Epoch 42 (windowed) -----
  batch 49 | loss 0.2816 rmse 14.304 r2 0.195 corr 0.523

###### Windowed train epoch 42 overall metrics
  loss: 0.2808 rmse: 20.540 r2: 0.235 corr: 0.566
***** Epoch 42 Val (windowed) *****
  loss: 0.1340 rmse: 15.088 r2: 0.383 corr: 0.720
********************
***** Epoch 42 Test (windowed) *****
  loss: 0.1598 rmse: 3.911 r2: 0.455 corr: 0.679
********************
  Epoch 42 done in 55.1s

----- Epoch 43 (windowed) -----
  batch 49 | loss 0.2702 rmse 5.761 r2 0.325 corr 0.628

###### Windowed train epoch 43 overall metrics
  loss: 0.2788 rmse: 20.329 r2: 0.251 corr: 0.548
***** Epoch 43 Val (windowed) *****
  loss: 0.1316 rmse: 14.524 r2: 0.428 corr: 0.741
********************
***** Epoch 43 Test (windowed) *****
  loss: 0.1629 rmse: 3.927 r2: 0.451 corr: 0.681
********************
  Epoch 43 done in 54.6s

----- Epoch 44 (windowed) -----
  batch 49 | loss 0.2886 rmse 7.626 r2 0.425 corr 0.673

###### Windowed train epoch 44 overall metrics
  loss: 0.2749 rmse: 20.650 r2: 0.227 corr: 0.545
***** Epoch 44 Val (windowed) *****
  loss: 0.1340 rmse: 15.180 r2: 0.375 corr: 0.725
********************
***** Epoch 44 Test (windowed) *****
  loss: 0.1709 rmse: 3.827 r2: 0.478 corr: 0.692
********************
  Epoch 44 done in 56.5s

----- Epoch 45 (windowed) -----
  batch 49 | loss 0.2866 rmse 14.600 r2 0.156 corr 0.414

###### Windowed train epoch 45 overall metrics
  loss: 0.2751 rmse: 20.432 r2: 0.243 corr: 0.543
***** Epoch 45 Val (windowed) *****
  loss: 0.1354 rmse: 15.431 r2: 0.354 corr: 0.737
********************
***** Epoch 45 Test (windowed) *****
  loss: 0.1712 rmse: 3.854 r2: 0.471 corr: 0.687
********************
  Epoch 45 done in 55.0s

----- Epoch 46 (windowed) -----
  batch 49 | loss 0.2815 rmse 11.989 r2 0.190 corr 0.459

###### Windowed train epoch 46 overall metrics
  loss: 0.2805 rmse: 20.815 r2: 0.215 corr: 0.554
***** Epoch 46 Val (windowed) *****
  loss: 0.1362 rmse: 15.195 r2: 0.374 corr: 0.723
********************
***** Epoch 46 Test (windowed) *****
  loss: 0.1629 rmse: 3.856 r2: 0.470 corr: 0.687
********************
  Epoch 46 done in 54.7s

----- Epoch 47 (windowed) -----
  batch 49 | loss 0.2573 rmse 6.744 r2 0.388 corr 0.627

###### Windowed train epoch 47 overall metrics
  loss: 0.2739 rmse: 20.831 r2: 0.213 corr: 0.548
***** Epoch 47 Val (windowed) *****
  loss: 0.1441 rmse: 14.728 r2: 0.412 corr: 0.735
********************
***** Epoch 47 Test (windowed) *****
  loss: 0.1942 rmse: 3.899 r2: 0.458 corr: 0.677
********************
  Epoch 47 done in 55.0s

----- Epoch 48 (windowed) -----
  batch 49 | loss 0.2698 rmse 25.457 r2 0.085 corr 0.316

###### Windowed train epoch 48 overall metrics
  loss: 0.2714 rmse: 20.723 r2: 0.221 corr: 0.536
***** Epoch 48 Val (windowed) *****
  loss: 0.1337 rmse: 15.328 r2: 0.363 corr: 0.718
********************
***** Epoch 48 Test (windowed) *****
  loss: 0.1619 rmse: 3.893 r2: 0.460 corr: 0.684
********************
  Epoch 48 done in 55.6s

----- Epoch 49 (windowed) -----
  batch 49 | loss 0.2702 rmse 23.190 r2 0.479 corr 0.871

###### Windowed train epoch 49 overall metrics
  loss: 0.2689 rmse: 20.920 r2: 0.207 corr: 0.518
***** Epoch 49 Val (windowed) *****
  loss: 0.1333 rmse: 14.581 r2: 0.423 corr: 0.741
********************
***** Epoch 49 Test (windowed) *****
  loss: 0.1674 rmse: 3.905 r2: 0.457 corr: 0.680
********************
  Epoch 49 done in 57.2s
Fold done — best val RMSE=14.2256 test R²=0.4032 corr=0.6466

================================================================
Rolling-windowed  test_year=2023
  Val  : 2022
  Test : 2023
  win_size=3  n_windows=10
================================================================
Initially data (54319, 166)
After filtering (52586, 166)
get_X_Y
X shape (52586, 130)
Y shape (52586, 34)
Y (output) means tensor([[0.1486, 0.0122, 0.2552, 0.1723, 0.0268, 0.0594, 0.1574, 0.6267, 0.8607,
         0.0234, 0.0556, 0.0095, 0.0875, 0.1395, 1.0282, 1.1171, 0.3401, 0.4145,
         0.9071, 0.4235, 0.1778, 0.2262, 0.4037, 0.1642, 0.4296, 0.5342, 0.2783,
         0.5701, 0.4899, 0.1531, 0.2702, 0.1039, 0.1367, 0.1308]]) stds tensor([[0.4882, 0.1347, 0.6234, 0.6031, 0.1985, 0.2945, 0.5083, 1.4310, 1.5958,
         0.1916, 0.3308, 0.1296, 0.4461, 0.4442, 2.1178, 1.7375, 0.8429, 1.1946,
         1.6233, 0.9572, 0.5079, 0.7077, 1.0676, 0.5680, 1.0104, 1.0949, 0.7128,
         1.3000, 1.0210, 0.4507, 0.8311, 0.3395, 0.4053, 0.3726]])
Y count-scale means tensor([[5.2061e-01, 3.3335e-02, 9.5356e-01, 9.5543e-01, 7.6945e-02, 1.9348e-01,
         5.5962e-01, 1.4703e+01, 2.8903e+01, 6.9483e-02, 2.5983e-01, 3.1418e-02,
         5.9087e-01, 4.0901e-01, 2.6030e+02, 2.4731e+01, 2.5469e+00, 1.4702e+01,
         2.5906e+01, 3.4289e+00, 5.5060e-01, 1.7485e+00, 7.1629e+00, 1.4215e+00,
         3.6405e+00, 4.7569e+00, 1.2840e+00, 2.4700e+01, 5.6121e+00, 4.4785e-01,
         3.0244e+00, 2.2068e-01, 3.2393e-01, 2.7061e-01]]) stds tensor([[3.6411e+00, 5.7286e-01, 5.4997e+00, 7.3387e+00, 1.1245e+00, 3.5202e+00,
         3.5292e+00, 7.6376e+01, 2.1413e+02, 9.3958e-01, 3.8283e+00, 6.3382e-01,
         8.2746e+00, 2.5374e+00, 3.1917e+03, 9.9062e+01, 1.8943e+01, 1.5941e+02,
         2.0136e+02, 2.0710e+01, 2.9141e+00, 2.2296e+01, 7.6413e+01, 4.1977e+01,
         1.8510e+01, 2.4485e+01, 7.0521e+00, 7.5611e+02, 6.6791e+01, 4.3890e+00,
         2.6228e+01, 9.9154e-01, 1.5056e+00, 1.0459e+00]])
Loaded per-window (calendar) month weights from analysis/figures/month_weights_per_window.npz: cube.shape=(25, 12, 34)
/Users/liyingnceas/GitHub/GNN-RNN-main/gnn-lstm-v3/utils/data_utils.py:264: RuntimeWarning: Mean of empty slice
  np.nanmean(county_dict[county], axis=0).astype(np.float32)
Filled 132898 missing (node, year) entries from neighbors or year averages
[2D] Station nodes: 596, adj nnz: 2980
[build_year_XY_windowed] data_start=1998, min_pred_year=2009, test_year=2023, win_size=3, n_windows=10
  built windows for T=2009
  built windows for T=2014
  built windows for T=2019
[build_year_XY_windowed] built windowed XY for 15 prediction years (2009–2023)
  GAT_RNN_V2: edge_feat_dim=3, n_heads=4, n_hidden=64
  [Bayes] Species rarity weights (mean=1): min=0.70 max=1.78  (rarest=Mycteroperca microlepis_SA)
  [CrossDonor] Ecological cross-donor map (9 recipients):
    Centropomus undecimalis_A  <-  ['Cynoscion nebulosus_R', 'Cynoscion nebulosus_A']
    Centropomus undecimalis_SA  <-  ['Cynoscion nebulosus_R', 'Centropomus undecimalis_A']
    Sciaenops ocellatus_R  <-  ['Cynoscion nebulosus_R', 'Cynoscion nebulosus_A']
    Sciaenops ocellatus_SA  <-  ['Cynoscion nebulosus_R', 'Cynoscion nebulosus_A']
    Cynoscion nebulosus_A  <-  ['Cynoscion nebulosus_R', 'Lagodon rhomboides_A']
    Mycteroperca microlepis_SA  <-  ['Lutjanus griseus_SA', 'Lutjanus griseus_R']
    Lutjanus griseus_R  <-  ['Archosargus probatocephalus_A', 'Lutjanus griseus_SA']
    Lutjanus griseus_SA  <-  ['Archosargus probatocephalus_A']
    Archosargus probatocephalus_R  <-  ['Archosargus probatocephalus_A', 'Lagodon rhomboides_A']
  [BayesTransferMapped] 9 recipient → donor mappings:
    recipient   3 <- donors [6, 5]
    recipient   4 <- donors [6, 3]
    recipient  12 <- donors [6, 5]
    recipient  13 <- donors [6, 5]
    recipient   5 <- donors [6, 7]
    recipient  11 <- donors [10, 9]
    recipient   9 <- donors [0, 10]
    recipient  10 <- donors [0]
    recipient   1 <- donors [0, 7]
  [BayesTransferMapped] transfer_prior_std=0.600  warmstart_alpha=0.25

----- Epoch 0 (windowed) -----
  batch 49 | loss 0.6869 rmse 14.733 r2 0.028 corr 0.247

###### Windowed train epoch 0 overall metrics
  loss: 0.7313 rmse: 22.607 r2: 0.006 corr: 0.116
***** Epoch 0 Val (windowed) *****
  loss: 0.2959 rmse: 5.013 r2: 0.105 corr: 0.371
********************
***** Epoch 0 Test (windowed) *****
  loss: 0.2917 rmse: 4.066 r2: 0.113 corr: 0.364
********************
  Epoch 0 done in 60.5s
  Saved best model → model/FIM_restoration_0412_stations_monthly/2023/gat-rnn-v2-windowed_bs-128_lr-0.001_maxepoch-50_testyear-2023_win-3_nwin-10_seed-0/model-0

----- Epoch 1 (windowed) -----
  batch 49 | loss 0.6412 rmse 14.562 r2 0.081 corr 0.398

###### Windowed train epoch 1 overall metrics
  loss: 0.6323 rmse: 22.401 r2: 0.024 corr: 0.215
***** Epoch 1 Val (windowed) *****
  loss: 0.2742 rmse: 4.839 r2: 0.166 corr: 0.496
********************
***** Epoch 1 Test (windowed) *****
  loss: 0.2736 rmse: 3.930 r2: 0.172 corr: 0.481
********************
  Epoch 1 done in 61.3s
  Saved best model → model/FIM_restoration_0412_stations_monthly/2023/gat-rnn-v2-windowed_bs-128_lr-0.001_maxepoch-50_testyear-2023_win-3_nwin-10_seed-0/model-1

----- Epoch 2 (windowed) -----
  batch 49 | loss 0.5935 rmse 8.863 r2 0.169 corr 0.449

###### Windowed train epoch 2 overall metrics
  loss: 0.5833 rmse: 22.274 r2: 0.035 corr: 0.244
***** Epoch 2 Val (windowed) *****
  loss: 0.2700 rmse: 4.673 r2: 0.222 corr: 0.535
********************
***** Epoch 2 Test (windowed) *****
  loss: 0.2674 rmse: 3.839 r2: 0.210 corr: 0.522
********************
  Epoch 2 done in 57.7s
  Saved best model → model/FIM_restoration_0412_stations_monthly/2023/gat-rnn-v2-windowed_bs-128_lr-0.001_maxepoch-50_testyear-2023_win-3_nwin-10_seed-0/model-2

----- Epoch 3 (windowed) -----
  batch 49 | loss 0.5567 rmse 54.721 r2 0.016 corr 0.245

###### Windowed train epoch 3 overall metrics
  loss: 0.5470 rmse: 22.190 r2: 0.042 corr: 0.264
***** Epoch 3 Val (windowed) *****
  loss: 0.2583 rmse: 4.567 r2: 0.257 corr: 0.564
********************
***** Epoch 3 Test (windowed) *****
  loss: 0.2491 rmse: 3.720 r2: 0.258 corr: 0.556
********************
  Epoch 3 done in 57.5s
  Saved best model → model/FIM_restoration_0412_stations_monthly/2023/gat-rnn-v2-windowed_bs-128_lr-0.001_maxepoch-50_testyear-2023_win-3_nwin-10_seed-0/model-3

----- Epoch 4 (windowed) -----
  batch 49 | loss 0.5071 rmse 7.636 r2 0.232 corr 0.553

###### Windowed train epoch 4 overall metrics
  loss: 0.5176 rmse: 22.110 r2: 0.049 corr: 0.281
***** Epoch 4 Val (windowed) *****
  loss: 0.2165 rmse: 4.428 r2: 0.302 corr: 0.562
********************
***** Epoch 4 Test (windowed) *****
  loss: 0.2315 rmse: 3.604 r2: 0.304 corr: 0.569
********************
  Epoch 4 done in 57.6s
  Saved best model → model/FIM_restoration_0412_stations_monthly/2023/gat-rnn-v2-windowed_bs-128_lr-0.001_maxepoch-50_testyear-2023_win-3_nwin-10_seed-0/model-4

----- Epoch 5 (windowed) -----
  batch 49 | loss 0.5001 rmse 8.141 r2 0.134 corr 0.423

###### Windowed train epoch 5 overall metrics
  loss: 0.4889 rmse: 22.048 r2: 0.055 corr: 0.292
***** Epoch 5 Val (windowed) *****
  loss: 0.2723 rmse: 4.557 r2: 0.260 corr: 0.589
********************
***** Epoch 5 Test (windowed) *****
  loss: 0.2320 rmse: 3.686 r2: 0.271 corr: 0.592
********************
  Epoch 5 done in 59.2s

----- Epoch 6 (windowed) -----
  batch 49 | loss 0.4614 rmse 4.433 r2 0.320 corr 0.604

###### Windowed train epoch 6 overall metrics
  loss: 0.4768 rmse: 21.992 r2: 0.059 corr: 0.304
***** Epoch 6 Val (windowed) *****
  loss: 0.2084 rmse: 4.473 r2: 0.287 corr: 0.593
********************
***** Epoch 6 Test (windowed) *****
  loss: 0.2324 rmse: 3.703 r2: 0.265 corr: 0.580
********************
  Epoch 6 done in 60.3s

----- Epoch 7 (windowed) -----
  batch 49 | loss 0.4641 rmse 31.376 r2 0.081 corr 0.422

###### Windowed train epoch 7 overall metrics
  loss: 0.4556 rmse: 21.863 r2: 0.070 corr: 0.330
***** Epoch 7 Val (windowed) *****
  loss: 0.1912 rmse: 4.342 r2: 0.328 corr: 0.618
********************
***** Epoch 7 Test (windowed) *****
  loss: 0.2116 rmse: 3.629 r2: 0.294 corr: 0.598
********************
  Epoch 7 done in 58.5s
  Saved best model → model/FIM_restoration_0412_stations_monthly/2023/gat-rnn-v2-windowed_bs-128_lr-0.001_maxepoch-50_testyear-2023_win-3_nwin-10_seed-0/model-7

----- Epoch 8 (windowed) -----
  batch 49 | loss 0.4514 rmse 14.989 r2 0.120 corr 0.464

###### Windowed train epoch 8 overall metrics
  loss: 0.4425 rmse: 21.840 r2: 0.072 corr: 0.336
***** Epoch 8 Val (windowed) *****
  loss: 0.1900 rmse: 4.197 r2: 0.372 corr: 0.613
********************
***** Epoch 8 Test (windowed) *****
  loss: 0.2116 rmse: 3.520 r2: 0.336 corr: 0.591
********************
  Epoch 8 done in 60.8s
  Saved best model → model/FIM_restoration_0412_stations_monthly/2023/gat-rnn-v2-windowed_bs-128_lr-0.001_maxepoch-50_testyear-2023_win-3_nwin-10_seed-0/model-8

----- Epoch 9 (windowed) -----
  batch 49 | loss 0.4592 rmse 3.854 r2 0.392 corr 0.635

###### Windowed train epoch 9 overall metrics
  loss: 0.4588 rmse: 21.749 r2: 0.080 corr: 0.350
***** Epoch 9 Val (windowed) *****
  loss: 0.2418 rmse: 4.230 r2: 0.363 corr: 0.629
********************
***** Epoch 9 Test (windowed) *****
  loss: 0.2272 rmse: 3.610 r2: 0.301 corr: 0.588
********************
  Epoch 9 done in 60.8s

----- Epoch 10 (windowed) -----
  batch 49 | loss 0.4382 rmse 51.949 r2 0.039 corr 0.369

###### Windowed train epoch 10 overall metrics
  loss: 0.4346 rmse: 21.529 r2: 0.099 corr: 0.403
***** Epoch 10 Val (windowed) *****
  loss: 0.1938 rmse: 4.094 r2: 0.403 corr: 0.656
********************
***** Epoch 10 Test (windowed) *****
  loss: 0.2097 rmse: 3.529 r2: 0.332 corr: 0.607
********************
  Epoch 10 done in 61.0s
  Saved best model → model/FIM_restoration_0412_stations_monthly/2023/gat-rnn-v2-windowed_bs-128_lr-0.001_maxepoch-50_testyear-2023_win-3_nwin-10_seed-0/model-10

----- Epoch 11 (windowed) -----
  batch 49 | loss 0.4225 rmse 11.710 r2 0.403 corr 0.720

###### Windowed train epoch 11 overall metrics
  loss: 0.4180 rmse: 21.550 r2: 0.097 corr: 0.385
***** Epoch 11 Val (windowed) *****
  loss: 0.1803 rmse: 4.148 r2: 0.387 corr: 0.648
********************
***** Epoch 11 Test (windowed) *****
  loss: 0.1997 rmse: 3.510 r2: 0.339 corr: 0.606
********************
  Epoch 11 done in 59.5s

----- Epoch 12 (windowed) -----
  batch 49 | loss 0.4104 rmse 5.417 r2 0.404 corr 0.654

###### Windowed train epoch 12 overall metrics
  loss: 0.4120 rmse: 21.411 r2: 0.108 corr: 0.417
***** Epoch 12 Val (windowed) *****
  loss: 0.1866 rmse: 4.054 r2: 0.414 corr: 0.669
********************
***** Epoch 12 Test (windowed) *****
  loss: 0.1974 rmse: 3.474 r2: 0.353 corr: 0.616
********************
  Epoch 12 done in 61.1s
  Saved best model → model/FIM_restoration_0412_stations_monthly/2023/gat-rnn-v2-windowed_bs-128_lr-0.001_maxepoch-50_testyear-2023_win-3_nwin-10_seed-0/model-12

----- Epoch 13 (windowed) -----
  batch 49 | loss 0.4137 rmse 11.410 r2 0.191 corr 0.460

###### Windowed train epoch 13 overall metrics
  loss: 0.4048 rmse: 21.305 r2: 0.117 corr: 0.425
***** Epoch 13 Val (windowed) *****
  loss: 0.1874 rmse: 4.159 r2: 0.384 corr: 0.665
********************
***** Epoch 13 Test (windowed) *****
  loss: 0.1958 rmse: 3.592 r2: 0.308 corr: 0.608
********************
  Epoch 13 done in 57.0s

----- Epoch 14 (windowed) -----
  batch 49 | loss 0.4195 rmse 6.989 r2 0.315 corr 0.661

###### Windowed train epoch 14 overall metrics
  loss: 0.4037 rmse: 21.177 r2: 0.128 corr: 0.448
***** Epoch 14 Val (windowed) *****
  loss: 0.1723 rmse: 4.022 r2: 0.424 corr: 0.678
********************
***** Epoch 14 Test (windowed) *****
  loss: 0.1984 rmse: 3.510 r2: 0.339 corr: 0.615
********************
  Epoch 14 done in 56.7s
  Saved best model → model/FIM_restoration_0412_stations_monthly/2023/gat-rnn-v2-windowed_bs-128_lr-0.001_maxepoch-50_testyear-2023_win-3_nwin-10_seed-0/model-14

----- Epoch 15 (windowed) -----
  batch 49 | loss 0.4085 rmse 16.534 r2 0.131 corr 0.417

###### Windowed train epoch 15 overall metrics
  loss: 0.3907 rmse: 20.970 r2: 0.145 corr: 0.472
***** Epoch 15 Val (windowed) *****
  loss: 0.1990 rmse: 4.020 r2: 0.424 corr: 0.689
********************
***** Epoch 15 Test (windowed) *****
  loss: 0.1955 rmse: 3.541 r2: 0.328 corr: 0.616
********************
  Epoch 15 done in 56.6s
  Saved best model → model/FIM_restoration_0412_stations_monthly/2023/gat-rnn-v2-windowed_bs-128_lr-0.001_maxepoch-50_testyear-2023_win-3_nwin-10_seed-0/model-15

----- Epoch 16 (windowed) -----
  batch 49 | loss 0.3807 rmse 13.865 r2 0.186 corr 0.575

###### Windowed train epoch 16 overall metrics
  loss: 0.3883 rmse: 20.883 r2: 0.152 corr: 0.496
***** Epoch 16 Val (windowed) *****
  loss: 0.1759 rmse: 3.963 r2: 0.440 corr: 0.680
********************
***** Epoch 16 Test (windowed) *****
  loss: 0.1979 rmse: 3.506 r2: 0.341 corr: 0.632
********************
  Epoch 16 done in 58.6s
  Saved best model → model/FIM_restoration_0412_stations_monthly/2023/gat-rnn-v2-windowed_bs-128_lr-0.001_maxepoch-50_testyear-2023_win-3_nwin-10_seed-0/model-16

----- Epoch 17 (windowed) -----
  batch 49 | loss 0.3789 rmse 8.824 r2 0.334 corr 0.700

###### Windowed train epoch 17 overall metrics
  loss: 0.3768 rmse: 20.936 r2: 0.148 corr: 0.484
***** Epoch 17 Val (windowed) *****
  loss: 0.1665 rmse: 3.888 r2: 0.461 corr: 0.686
********************
***** Epoch 17 Test (windowed) *****
  loss: 0.1925 rmse: 3.402 r2: 0.380 corr: 0.638
********************
  Epoch 17 done in 58.9s
  Saved best model → model/FIM_restoration_0412_stations_monthly/2023/gat-rnn-v2-windowed_bs-128_lr-0.001_maxepoch-50_testyear-2023_win-3_nwin-10_seed-0/model-17

----- Epoch 18 (windowed) -----
  batch 49 | loss 0.3758 rmse 8.632 r2 0.270 corr 0.588

###### Windowed train epoch 18 overall metrics
  loss: 0.3669 rmse: 20.766 r2: 0.161 corr: 0.474
***** Epoch 18 Val (windowed) *****
  loss: 0.1627 rmse: 3.963 r2: 0.441 corr: 0.685
********************
***** Epoch 18 Test (windowed) *****
  loss: 0.1892 rmse: 3.465 r2: 0.356 corr: 0.635
********************
  Epoch 18 done in 58.4s

----- Epoch 19 (windowed) -----
  batch 49 | loss 0.3667 rmse 11.443 r2 0.198 corr 0.531

###### Windowed train epoch 19 overall metrics
  loss: 0.3607 rmse: 20.854 r2: 0.154 corr: 0.474
***** Epoch 19 Val (windowed) *****
  loss: 0.1910 rmse: 3.934 r2: 0.448 corr: 0.690
********************
***** Epoch 19 Test (windowed) *****
  loss: 0.1880 rmse: 3.437 r2: 0.366 corr: 0.638
********************
  Epoch 19 done in 56.7s

----- Epoch 20 (windowed) -----
  batch 49 | loss 0.3645 rmse 8.759 r2 0.248 corr 0.551

###### Windowed train epoch 20 overall metrics
  loss: 0.3577 rmse: 20.783 r2: 0.160 corr: 0.466
***** Epoch 20 Val (windowed) *****
  loss: 0.1610 rmse: 3.947 r2: 0.445 corr: 0.681
********************
***** Epoch 20 Test (windowed) *****
  loss: 0.1898 rmse: 3.493 r2: 0.346 corr: 0.633
********************
  Epoch 20 done in 56.9s

----- Epoch 21 (windowed) -----
  batch 49 | loss 0.3496 rmse 5.533 r2 0.292 corr 0.555

###### Windowed train epoch 21 overall metrics
  loss: 0.3492 rmse: 20.409 r2: 0.190 corr: 0.531
***** Epoch 21 Val (windowed) *****
  loss: 0.1724 rmse: 3.921 r2: 0.452 corr: 0.697
********************
***** Epoch 21 Test (windowed) *****
  loss: 0.1842 rmse: 3.440 r2: 0.365 corr: 0.647
********************
  Epoch 21 done in 56.9s

----- Epoch 22 (windowed) -----
  batch 49 | loss 0.3466 rmse 4.093 r2 0.486 corr 0.731

###### Windowed train epoch 22 overall metrics
  loss: 0.3511 rmse: 20.541 r2: 0.179 corr: 0.490
***** Epoch 22 Val (windowed) *****
  loss: 0.1540 rmse: 3.847 r2: 0.473 corr: 0.707
********************
***** Epoch 22 Test (windowed) *****
  loss: 0.1887 rmse: 3.348 r2: 0.399 corr: 0.668
********************
  Epoch 22 done in 57.5s
  Saved best model → model/FIM_restoration_0412_stations_monthly/2023/gat-rnn-v2-windowed_bs-128_lr-0.001_maxepoch-50_testyear-2023_win-3_nwin-10_seed-0/model-22

----- Epoch 23 (windowed) -----
  batch 49 | loss 0.3504 rmse 6.182 r2 0.513 corr 0.718

###### Windowed train epoch 23 overall metrics
  loss: 0.3445 rmse: 20.596 r2: 0.175 corr: 0.460
***** Epoch 23 Val (windowed) *****
  loss: 0.1577 rmse: 3.896 r2: 0.459 corr: 0.700
********************
***** Epoch 23 Test (windowed) *****
  loss: 0.1836 rmse: 3.408 r2: 0.377 corr: 0.662
********************
  Epoch 23 done in 58.2s

----- Epoch 24 (windowed) -----
  batch 49 | loss 0.3429 rmse 8.198 r2 0.422 corr 0.686

###### Windowed train epoch 24 overall metrics
  loss: 0.3386 rmse: 20.510 r2: 0.182 corr: 0.503
***** Epoch 24 Val (windowed) *****
  loss: 0.1930 rmse: 3.869 r2: 0.467 corr: 0.712
********************
***** Epoch 24 Test (windowed) *****
  loss: 0.1934 rmse: 3.371 r2: 0.391 corr: 0.664
********************
  Epoch 24 done in 58.2s

----- Epoch 25 (windowed) -----
  batch 49 | loss 0.3258 rmse 7.050 r2 0.342 corr 0.620

###### Windowed train epoch 25 overall metrics
  loss: 0.3476 rmse: 20.510 r2: 0.182 corr: 0.503
***** Epoch 25 Val (windowed) *****
  loss: 0.1634 rmse: 3.843 r2: 0.474 corr: 0.694
********************
***** Epoch 25 Test (windowed) *****
  loss: 0.1819 rmse: 3.291 r2: 0.419 corr: 0.666
********************
  Epoch 25 done in 57.2s
  Saved best model → model/FIM_restoration_0412_stations_monthly/2023/gat-rnn-v2-windowed_bs-128_lr-0.001_maxepoch-50_testyear-2023_win-3_nwin-10_seed-0/model-25

----- Epoch 26 (windowed) -----
  batch 49 | loss 0.3475 rmse 27.839 r2 0.112 corr 0.443

###### Windowed train epoch 26 overall metrics
  loss: 0.3403 rmse: 20.588 r2: 0.176 corr: 0.493
***** Epoch 26 Val (windowed) *****
  loss: 0.1514 rmse: 3.793 r2: 0.487 corr: 0.711
********************
***** Epoch 26 Test (windowed) *****
  loss: 0.1801 rmse: 3.310 r2: 0.412 corr: 0.674
********************
  Epoch 26 done in 58.6s
  Saved best model → model/FIM_restoration_0412_stations_monthly/2023/gat-rnn-v2-windowed_bs-128_lr-0.001_maxepoch-50_testyear-2023_win-3_nwin-10_seed-0/model-26

----- Epoch 27 (windowed) -----
  batch 49 | loss 0.3352 rmse 12.204 r2 0.156 corr 0.402

###### Windowed train epoch 27 overall metrics
  loss: 0.3294 rmse: 20.390 r2: 0.191 corr: 0.498
***** Epoch 27 Val (windowed) *****
  loss: 0.1480 rmse: 3.812 r2: 0.482 corr: 0.704
********************
***** Epoch 27 Test (windowed) *****
  loss: 0.1755 rmse: 3.298 r2: 0.417 corr: 0.681
********************
  Epoch 27 done in 58.6s

----- Epoch 28 (windowed) -----
  batch 49 | loss 0.3300 rmse 11.190 r2 0.330 corr 0.624

###### Windowed train epoch 28 overall metrics
  loss: 0.3241 rmse: 20.167 r2: 0.209 corr: 0.499
***** Epoch 28 Val (windowed) *****
  loss: 0.1468 rmse: 3.816 r2: 0.481 corr: 0.708
********************
***** Epoch 28 Test (windowed) *****
  loss: 0.1808 rmse: 3.279 r2: 0.424 corr: 0.699
********************
  Epoch 28 done in 57.2s

----- Epoch 29 (windowed) -----
  batch 49 | loss 0.3415 rmse 15.715 r2 0.335 corr 0.605

###### Windowed train epoch 29 overall metrics
  loss: 0.3184 rmse: 20.242 r2: 0.203 corr: 0.527
***** Epoch 29 Val (windowed) *****
  loss: 0.1471 rmse: 3.836 r2: 0.476 corr: 0.690
********************
***** Epoch 29 Test (windowed) *****
  loss: 0.1788 rmse: 3.239 r2: 0.437 corr: 0.692
********************
  Epoch 29 done in 57.6s

----- Epoch 30 (windowed) -----
  batch 49 | loss 0.3164 rmse 18.537 r2 0.185 corr 0.516

###### Windowed train epoch 30 overall metrics
  loss: 0.3145 rmse: 20.040 r2: 0.219 corr: 0.550
***** Epoch 30 Val (windowed) *****
  loss: 0.1484 rmse: 3.960 r2: 0.441 corr: 0.687
********************
***** Epoch 30 Test (windowed) *****
  loss: 0.1819 rmse: 3.435 r2: 0.367 corr: 0.668
********************
  Epoch 30 done in 59.0s

----- Epoch 31 (windowed) -----
  batch 49 | loss 0.3004 rmse 6.017 r2 0.429 corr 0.716

###### Windowed train epoch 31 overall metrics
  loss: 0.3108 rmse: 20.177 r2: 0.208 corr: 0.542
***** Epoch 31 Val (windowed) *****
  loss: 0.1420 rmse: 3.854 r2: 0.471 corr: 0.695
********************
***** Epoch 31 Test (windowed) *****
  loss: 0.1789 rmse: 3.292 r2: 0.419 corr: 0.690
********************
  Epoch 31 done in 59.7s

----- Epoch 32 (windowed) -----
  batch 49 | loss 0.3183 rmse 23.598 r2 0.143 corr 0.492

###### Windowed train epoch 32 overall metrics
  loss: 0.3051 rmse: 20.162 r2: 0.209 corr: 0.518
***** Epoch 32 Val (windowed) *****
  loss: 0.1810 rmse: 3.961 r2: 0.441 corr: 0.700
********************
***** Epoch 32 Test (windowed) *****
  loss: 0.1755 rmse: 3.397 r2: 0.381 corr: 0.681
********************
  Epoch 32 done in 59.4s

----- Epoch 33 (windowed) -----
  batch 49 | loss 0.3199 rmse 3.457 r2 0.433 corr 0.659

###### Windowed train epoch 33 overall metrics
  loss: 0.3055 rmse: 19.880 r2: 0.231 corr: 0.564
***** Epoch 33 Val (windowed) *****
  loss: 0.1443 rmse: 3.807 r2: 0.484 corr: 0.696
********************
***** Epoch 33 Test (windowed) *****
  loss: 0.1751 rmse: 3.242 r2: 0.436 corr: 0.697
********************
  Epoch 33 done in 57.3s

----- Epoch 34 (windowed) -----
  batch 49 | loss 0.2991 rmse 19.527 r2 0.254 corr 0.610

###### Windowed train epoch 34 overall metrics
  loss: 0.2978 rmse: 19.970 r2: 0.224 corr: 0.547
***** Epoch 34 Val (windowed) *****
  loss: 0.1398 rmse: 3.783 r2: 0.490 corr: 0.702
********************
***** Epoch 34 Test (windowed) *****
  loss: 0.1789 rmse: 3.219 r2: 0.444 corr: 0.704
********************
  Epoch 34 done in 57.4s
  Saved best model → model/FIM_restoration_0412_stations_monthly/2023/gat-rnn-v2-windowed_bs-128_lr-0.001_maxepoch-50_testyear-2023_win-3_nwin-10_seed-0/model-34

----- Epoch 35 (windowed) -----
  batch 49 | loss 0.2948 rmse 6.505 r2 0.504 corr 0.799

###### Windowed train epoch 35 overall metrics
  loss: 0.2976 rmse: 20.003 r2: 0.222 corr: 0.523
***** Epoch 35 Val (windowed) *****
  loss: 0.1464 rmse: 3.915 r2: 0.454 corr: 0.702
********************
***** Epoch 35 Test (windowed) *****
  loss: 0.1767 rmse: 3.391 r2: 0.383 corr: 0.693
********************
  Epoch 35 done in 58.1s

----- Epoch 36 (windowed) -----
  batch 49 | loss 0.3112 rmse 51.232 r2 0.111 corr 0.662

###### Windowed train epoch 36 overall metrics
  loss: 0.3053 rmse: 20.339 r2: 0.195 corr: 0.519
***** Epoch 36 Val (windowed) *****
  loss: 0.1501 rmse: 3.731 r2: 0.504 corr: 0.711
********************
***** Epoch 36 Test (windowed) *****
  loss: 0.1787 rmse: 3.165 r2: 0.463 corr: 0.698
********************
  Epoch 36 done in 57.1s
  Saved best model → model/FIM_restoration_0412_stations_monthly/2023/gat-rnn-v2-windowed_bs-128_lr-0.001_maxepoch-50_testyear-2023_win-3_nwin-10_seed-0/model-36

----- Epoch 37 (windowed) -----
  batch 49 | loss 0.2812 rmse 14.801 r2 0.255 corr 0.619

###### Windowed train epoch 37 overall metrics
  loss: 0.2940 rmse: 20.055 r2: 0.218 corr: 0.523
***** Epoch 37 Val (windowed) *****
  loss: 0.1377 rmse: 3.817 r2: 0.481 corr: 0.698
********************
***** Epoch 37 Test (windowed) *****
  loss: 0.1824 rmse: 3.250 r2: 0.433 corr: 0.704
********************
  Epoch 37 done in 59.9s

----- Epoch 38 (windowed) -----
  batch 49 | loss 0.2827 rmse 12.559 r2 0.215 corr 0.499

###### Windowed train epoch 38 overall metrics
  loss: 0.2894 rmse: 20.191 r2: 0.207 corr: 0.515
***** Epoch 38 Val (windowed) *****
  loss: 0.1360 rmse: 3.740 r2: 0.502 corr: 0.716
********************
***** Epoch 38 Test (windowed) *****
  loss: 0.1773 rmse: 3.210 r2: 0.447 corr: 0.710
********************
  Epoch 38 done in 62.2s

----- Epoch 39 (windowed) -----
  batch 49 | loss 0.2863 rmse 12.314 r2 0.216 corr 0.471

###### Windowed train epoch 39 overall metrics
  loss: 0.2867 rmse: 19.889 r2: 0.231 corr: 0.545
***** Epoch 39 Val (windowed) *****
  loss: 0.1381 rmse: 3.824 r2: 0.479 corr: 0.709
********************
***** Epoch 39 Test (windowed) *****
  loss: 0.1759 rmse: 3.290 r2: 0.420 corr: 0.711
********************
  Epoch 39 done in 63.1s

----- Epoch 40 (windowed) -----
  batch 49 | loss 0.2970 rmse 19.032 r2 0.161 corr 0.464

###### Windowed train epoch 40 overall metrics
  loss: 0.2876 rmse: 20.012 r2: 0.221 corr: 0.523
***** Epoch 40 Val (windowed) *****
  loss: 0.1509 rmse: 3.825 r2: 0.479 corr: 0.705
********************
***** Epoch 40 Test (windowed) *****
  loss: 0.1741 rmse: 3.219 r2: 0.444 corr: 0.715
********************
  Epoch 40 done in 60.1s

----- Epoch 41 (windowed) -----
  batch 49 | loss 0.2661 rmse 13.164 r2 0.230 corr 0.539

###### Windowed train epoch 41 overall metrics
  loss: 0.2849 rmse: 20.014 r2: 0.221 corr: 0.517
***** Epoch 41 Val (windowed) *****
  loss: 0.1336 rmse: 3.821 r2: 0.480 corr: 0.693
********************
***** Epoch 41 Test (windowed) *****
  loss: 0.1761 rmse: 3.187 r2: 0.455 corr: 0.718
********************
  Epoch 41 done in 58.7s

----- Epoch 42 (windowed) -----
  batch 49 | loss 0.2950 rmse 6.826 r2 0.467 corr 0.684

###### Windowed train epoch 42 overall metrics
  loss: 0.2867 rmse: 19.789 r2: 0.238 corr: 0.556
***** Epoch 42 Val (windowed) *****
  loss: 0.1517 rmse: 3.864 r2: 0.468 corr: 0.710
********************
***** Epoch 42 Test (windowed) *****
  loss: 0.1856 rmse: 3.295 r2: 0.418 corr: 0.708
********************
  Epoch 42 done in 56.9s

----- Epoch 43 (windowed) -----
  batch 49 | loss 0.2992 rmse 3.817 r2 0.622 corr 0.789

###### Windowed train epoch 43 overall metrics
  loss: 0.2924 rmse: 19.870 r2: 0.232 corr: 0.531
***** Epoch 43 Val (windowed) *****
  loss: 0.1358 rmse: 3.882 r2: 0.463 corr: 0.687
********************
***** Epoch 43 Test (windowed) *****
  loss: 0.1736 rmse: 3.212 r2: 0.447 corr: 0.706
********************
  Epoch 43 done in 56.6s

----- Epoch 44 (windowed) -----
  batch 49 | loss 0.2771 rmse 11.210 r2 0.330 corr 0.639

###### Windowed train epoch 44 overall metrics
  loss: 0.2774 rmse: 19.785 r2: 0.239 corr: 0.549
***** Epoch 44 Val (windowed) *****
  loss: 0.1537 rmse: 3.766 r2: 0.495 corr: 0.704
********************
***** Epoch 44 Test (windowed) *****
  loss: 0.1749 rmse: 3.159 r2: 0.465 corr: 0.709
********************
  Epoch 44 done in 56.6s

----- Epoch 45 (windowed) -----
  batch 49 | loss 0.2788 rmse 14.022 r2 0.332 corr 0.707

###### Windowed train epoch 45 overall metrics
  loss: 0.2767 rmse: 19.921 r2: 0.228 corr: 0.536
***** Epoch 45 Val (windowed) *****
  loss: 0.1314 rmse: 3.750 r2: 0.499 corr: 0.708
********************
***** Epoch 45 Test (windowed) *****
  loss: 0.1785 rmse: 3.195 r2: 0.453 corr: 0.715
********************
  Epoch 45 done in 58.8s

----- Epoch 46 (windowed) -----
  batch 49 | loss 0.2621 rmse 60.256 r2 0.085 corr 0.445

###### Windowed train epoch 46 overall metrics
  loss: 0.2739 rmse: 19.701 r2: 0.245 corr: 0.552
***** Epoch 46 Val (windowed) *****
  loss: 0.1358 rmse: 3.748 r2: 0.499 corr: 0.707
********************
***** Epoch 46 Test (windowed) *****
  loss: 0.1786 rmse: 3.130 r2: 0.475 corr: 0.717
********************
  Epoch 46 done in 58.8s

----- Epoch 47 (windowed) -----
  batch 49 | loss 0.3061 rmse 3.176 r2 0.583 corr 0.769

###### Windowed train epoch 47 overall metrics
  loss: 0.2799 rmse: 19.758 r2: 0.241 corr: 0.562
***** Epoch 47 Val (windowed) *****
  loss: 0.1413 rmse: 3.800 r2: 0.486 corr: 0.701
********************
***** Epoch 47 Test (windowed) *****
  loss: 0.1793 rmse: 3.257 r2: 0.431 corr: 0.709
********************
  Epoch 47 done in 58.9s

----- Epoch 48 (windowed) -----
  batch 49 | loss 0.2633 rmse 18.473 r2 0.311 corr 0.646

###### Windowed train epoch 48 overall metrics
  loss: 0.2732 rmse: 19.715 r2: 0.244 corr: 0.557
***** Epoch 48 Val (windowed) *****
  loss: 0.1340 rmse: 3.729 r2: 0.504 corr: 0.718
********************
***** Epoch 48 Test (windowed) *****
  loss: 0.1771 rmse: 3.173 r2: 0.460 corr: 0.718
********************
  Epoch 48 done in 58.0s
  Saved best model → model/FIM_restoration_0412_stations_monthly/2023/gat-rnn-v2-windowed_bs-128_lr-0.001_maxepoch-50_testyear-2023_win-3_nwin-10_seed-0/model-48

----- Epoch 49 (windowed) -----
  batch 49 | loss 0.2843 rmse 10.633 r2 0.410 corr 0.738

###### Windowed train epoch 49 overall metrics
  loss: 0.2714 rmse: 20.010 r2: 0.221 corr: 0.510
***** Epoch 49 Val (windowed) *****
  loss: 0.1323 rmse: 3.774 r2: 0.493 corr: 0.712
********************
***** Epoch 49 Test (windowed) *****
  loss: 0.1746 rmse: 3.261 r2: 0.430 corr: 0.717
********************
  Epoch 49 done in 57.6s
Fold done — best val RMSE=3.7293 test R²=0.4603 corr=0.7180

================================================================
Rolling-windowed  test_year=2024
  Val  : 2023
  Test : 2024
  win_size=3  n_windows=10
================================================================
Initially data (54319, 166)
After filtering (54319, 166)
get_X_Y
X shape (54319, 130)
Y shape (54319, 34)
Y (output) means tensor([[0.1486, 0.0122, 0.2527, 0.1742, 0.0258, 0.0593, 0.1586, 0.6246, 0.8479,
         0.0231, 0.0559, 0.0092, 0.0870, 0.1408, 1.0130, 1.1129, 0.3379, 0.4179,
         0.8957, 0.4268, 0.1783, 0.2307, 0.4040, 0.1639, 0.4325, 0.5282, 0.2813,
         0.5593, 0.4871, 0.1524, 0.2678, 0.1041, 0.1382, 0.1300]]) stds tensor([[0.4879, 0.1340, 0.6208, 0.6049, 0.1951, 0.2934, 0.5104, 1.4303, 1.5839,
         0.1894, 0.3308, 0.1275, 0.4445, 0.4457, 2.1032, 1.7351, 0.8416, 1.2000,
         1.6149, 0.9651, 0.5078, 0.7166, 1.0666, 0.5671, 1.0140, 1.0881, 0.7171,
         1.2869, 1.0177, 0.4490, 0.8271, 0.3398, 0.4069, 0.3715]])
Y count-scale means tensor([[5.1917e-01, 3.2999e-02, 9.4305e-01, 9.5600e-01, 7.4262e-02, 1.9128e-01,
         5.6555e-01, 1.4716e+01, 2.8190e+01, 6.7847e-02, 2.5803e-01, 3.0401e-02,
         5.8658e-01, 4.1161e-01, 2.5419e+02, 2.4582e+01, 2.5305e+00, 1.4765e+01,
         2.5430e+01, 3.5262e+00, 5.4939e-01, 1.8124e+00, 7.0855e+00, 1.4657e+00,
         3.6638e+00, 4.6648e+00, 1.3012e+00, 2.3922e+01, 5.5122e+00, 4.4292e-01,
         2.9915e+00, 2.2094e-01, 3.2692e-01, 2.6869e-01]]) stds tensor([[3.6066e+00, 5.6630e-01, 5.4464e+00, 7.2647e+00, 1.1048e+00, 3.4634e+00,
         3.5706e+00, 7.6391e+01, 2.1067e+02, 9.2390e-01, 3.7718e+00, 6.2190e-01,
         8.2377e+00, 2.5260e+00, 3.1429e+03, 9.8511e+01, 1.8732e+01, 1.5769e+02,
         1.9839e+02, 2.1095e+01, 2.9001e+00, 2.2474e+01, 7.5297e+01, 4.4486e+01,
         1.8426e+01, 2.4118e+01, 7.0507e+00, 7.4283e+02, 6.5672e+01, 4.3188e+00,
         2.6084e+01, 9.8755e-01, 1.5185e+00, 1.0392e+00]])
Loaded per-window (calendar) month weights from analysis/figures/month_weights_per_window.npz: cube.shape=(25, 12, 34)
/Users/liyingnceas/GitHub/GNN-RNN-main/gnn-lstm-v3/utils/data_utils.py:264: RuntimeWarning: Mean of empty slice
  np.nanmean(county_dict[county], axis=0).astype(np.float32)
Filled 138353 missing (node, year) entries from neighbors or year averages
[2D] Station nodes: 596, adj nnz: 2980
[build_year_XY_windowed] data_start=1998, min_pred_year=2009, test_year=2024, win_size=3, n_windows=10
  built windows for T=2009
  built windows for T=2014
  built windows for T=2019
  built windows for T=2024
[build_year_XY_windowed] built windowed XY for 16 prediction years (2009–2024)
  GAT_RNN_V2: edge_feat_dim=3, n_heads=4, n_hidden=64
  [Bayes] Species rarity weights (mean=1): min=0.70 max=1.78  (rarest=Mycteroperca microlepis_SA)
  [CrossDonor] Ecological cross-donor map (9 recipients):
    Centropomus undecimalis_A  <-  ['Cynoscion nebulosus_R', 'Cynoscion nebulosus_A']
    Centropomus undecimalis_SA  <-  ['Cynoscion nebulosus_R', 'Centropomus undecimalis_A']
    Sciaenops ocellatus_R  <-  ['Cynoscion nebulosus_R', 'Cynoscion nebulosus_A']
    Sciaenops ocellatus_SA  <-  ['Cynoscion nebulosus_R', 'Cynoscion nebulosus_A']
    Cynoscion nebulosus_A  <-  ['Cynoscion nebulosus_R', 'Lagodon rhomboides_A']
    Mycteroperca microlepis_SA  <-  ['Lutjanus griseus_SA', 'Lutjanus griseus_R']
    Lutjanus griseus_R  <-  ['Archosargus probatocephalus_A', 'Lutjanus griseus_SA']
    Lutjanus griseus_SA  <-  ['Archosargus probatocephalus_A']
    Archosargus probatocephalus_R  <-  ['Archosargus probatocephalus_A', 'Lagodon rhomboides_A']
  [BayesTransferMapped] 9 recipient → donor mappings:
    recipient   3 <- donors [6, 5]
    recipient   4 <- donors [6, 3]
    recipient  12 <- donors [6, 5]
    recipient  13 <- donors [6, 5]
    recipient   5 <- donors [6, 7]
    recipient  11 <- donors [10, 9]
    recipient   9 <- donors [0, 10]
    recipient  10 <- donors [0]
    recipient   1 <- donors [0, 7]
  [BayesTransferMapped] transfer_prior_std=0.600  warmstart_alpha=0.25

----- Epoch 0 (windowed) -----
  batch 49 | loss 0.7043 rmse 31.742 r2 0.004 corr 0.102

###### Windowed train epoch 0 overall metrics
  loss: 0.7235 rmse: 21.878 r2: 0.005 corr: 0.103
***** Epoch 0 Val (windowed) *****
  loss: 0.2901 rmse: 4.024 r2: 0.132 corr: 0.389
********************
***** Epoch 0 Test (windowed) *****
  loss: 0.2871 rmse: 3.989 r2: 0.122 corr: 0.369
********************
  Epoch 0 done in 62.2s
  Saved best model → model/FIM_restoration_0412_stations_monthly/2024/gat-rnn-v2-windowed_bs-128_lr-0.001_maxepoch-50_testyear-2024_win-3_nwin-10_seed-0/model-0

----- Epoch 1 (windowed) -----
  batch 49 | loss 0.6270 rmse 33.503 r2 0.019 corr 0.200

###### Windowed train epoch 1 overall metrics
  loss: 0.6220 rmse: 21.722 r2: 0.019 corr: 0.181
***** Epoch 1 Val (windowed) *****
  loss: 0.2671 rmse: 3.877 r2: 0.194 corr: 0.531
********************
***** Epoch 1 Test (windowed) *****
  loss: 0.2648 rmse: 3.854 r2: 0.180 corr: 0.511
********************
  Epoch 1 done in 62.4s
  Saved best model → model/FIM_restoration_0412_stations_monthly/2024/gat-rnn-v2-windowed_bs-128_lr-0.001_maxepoch-50_testyear-2024_win-3_nwin-10_seed-0/model-1

----- Epoch 2 (windowed) -----
  batch 49 | loss 0.5576 rmse 15.008 r2 0.055 corr 0.316

###### Windowed train epoch 2 overall metrics
  loss: 0.5731 rmse: 21.532 r2: 0.036 corr: 0.246
***** Epoch 2 Val (windowed) *****
  loss: 0.2670 rmse: 3.811 r2: 0.221 corr: 0.508
********************
***** Epoch 2 Test (windowed) *****
  loss: 0.2644 rmse: 3.754 r2: 0.222 corr: 0.526
********************
  Epoch 2 done in 61.0s
  Saved best model → model/FIM_restoration_0412_stations_monthly/2024/gat-rnn-v2-windowed_bs-128_lr-0.001_maxepoch-50_testyear-2024_win-3_nwin-10_seed-0/model-2

----- Epoch 3 (windowed) -----
  batch 49 | loss 0.5427 rmse 67.450 r2 0.016 corr 0.298

###### Windowed train epoch 3 overall metrics
  loss: 0.5357 rmse: 21.439 r2: 0.045 corr: 0.268
***** Epoch 3 Val (windowed) *****
  loss: 0.2237 rmse: 3.746 r2: 0.248 corr: 0.550
********************
***** Epoch 3 Test (windowed) *****
  loss: 0.2342 rmse: 3.689 r2: 0.249 corr: 0.570
********************
  Epoch 3 done in 61.3s
  Saved best model → model/FIM_restoration_0412_stations_monthly/2024/gat-rnn-v2-windowed_bs-128_lr-0.001_maxepoch-50_testyear-2024_win-3_nwin-10_seed-0/model-3

----- Epoch 4 (windowed) -----
  batch 49 | loss 0.5143 rmse 8.291 r2 0.209 corr 0.481

###### Windowed train epoch 4 overall metrics
  loss: 0.4979 rmse: 21.321 r2: 0.055 corr: 0.295
***** Epoch 4 Val (windowed) *****
  loss: 0.2123 rmse: 3.755 r2: 0.244 corr: 0.556
********************
***** Epoch 4 Test (windowed) *****
  loss: 0.2230 rmse: 3.677 r2: 0.254 corr: 0.576
********************
  Epoch 4 done in 61.2s

----- Epoch 5 (windowed) -----
  batch 49 | loss 0.5403 rmse 10.366 r2 0.138 corr 0.521

###### Windowed train epoch 5 overall metrics
  loss: 0.4989 rmse: 21.225 r2: 0.064 corr: 0.323
***** Epoch 5 Val (windowed) *****
  loss: 0.2258 rmse: 3.724 r2: 0.256 corr: 0.562
********************
***** Epoch 5 Test (windowed) *****
  loss: 0.2397 rmse: 3.657 r2: 0.262 corr: 0.586
********************
  Epoch 5 done in 64.3s
  Saved best model → model/FIM_restoration_0412_stations_monthly/2024/gat-rnn-v2-windowed_bs-128_lr-0.001_maxepoch-50_testyear-2024_win-3_nwin-10_seed-0/model-5

----- Epoch 6 (windowed) -----
  batch 49 | loss 0.4614 rmse 8.328 r2 0.178 corr 0.545

###### Windowed train epoch 6 overall metrics
  loss: 0.4677 rmse: 21.219 r2: 0.064 corr: 0.318
***** Epoch 6 Val (windowed) *****
  loss: 0.2721 rmse: 3.670 r2: 0.277 corr: 0.585
********************
***** Epoch 6 Test (windowed) *****
  loss: 0.3160 rmse: 3.633 r2: 0.271 corr: 0.605
********************
  Epoch 6 done in 64.9s
  Saved best model → model/FIM_restoration_0412_stations_monthly/2024/gat-rnn-v2-windowed_bs-128_lr-0.001_maxepoch-50_testyear-2024_win-3_nwin-10_seed-0/model-6

----- Epoch 7 (windowed) -----
  batch 49 | loss 0.4726 rmse 3.472 r2 0.330 corr 0.599

###### Windowed train epoch 7 overall metrics
  loss: 0.4533 rmse: 21.129 r2: 0.072 corr: 0.332
***** Epoch 7 Val (windowed) *****
  loss: 0.2011 rmse: 3.673 r2: 0.276 corr: 0.583
********************
***** Epoch 7 Test (windowed) *****
  loss: 0.2104 rmse: 3.603 r2: 0.284 corr: 0.605
********************
  Epoch 7 done in 65.3s

----- Epoch 8 (windowed) -----
  batch 49 | loss 0.4286 rmse 5.291 r2 0.356 corr 0.610

###### Windowed train epoch 8 overall metrics
  loss: 0.4349 rmse: 21.015 r2: 0.082 corr: 0.366
***** Epoch 8 Val (windowed) *****
  loss: 0.2578 rmse: 3.636 r2: 0.291 corr: 0.601
********************
***** Epoch 8 Test (windowed) *****
  loss: 0.2528 rmse: 3.516 r2: 0.318 corr: 0.637
********************
  Epoch 8 done in 91.5s
  Saved best model → model/FIM_restoration_0412_stations_monthly/2024/gat-rnn-v2-windowed_bs-128_lr-0.001_maxepoch-50_testyear-2024_win-3_nwin-10_seed-0/model-8

----- Epoch 9 (windowed) -----
  batch 49 | loss 0.4283 rmse 6.349 r2 0.294 corr 0.544

###### Windowed train epoch 9 overall metrics
  loss: 0.4359 rmse: 20.842 r2: 0.097 corr: 0.393
***** Epoch 9 Val (windowed) *****
  loss: 0.2149 rmse: 3.571 r2: 0.316 corr: 0.585
********************
***** Epoch 9 Test (windowed) *****
  loss: 0.2244 rmse: 3.458 r2: 0.340 corr: 0.624
********************
  Epoch 9 done in 571.8s
  Saved best model → model/FIM_restoration_0412_stations_monthly/2024/gat-rnn-v2-windowed_bs-128_lr-0.001_maxepoch-50_testyear-2024_win-3_nwin-10_seed-0/model-9

----- Epoch 10 (windowed) -----
  batch 49 | loss 0.4360 rmse 8.790 r2 0.286 corr 0.578

###### Windowed train epoch 10 overall metrics
  loss: 0.4348 rmse: 20.885 r2: 0.093 corr: 0.387
***** Epoch 10 Val (windowed) *****
  loss: 0.1895 rmse: 3.535 r2: 0.330 corr: 0.603
********************
***** Epoch 10 Test (windowed) *****
  loss: 0.1969 rmse: 3.416 r2: 0.356 corr: 0.645
********************
  Epoch 10 done in 64.2s
  Saved best model → model/FIM_restoration_0412_stations_monthly/2024/gat-rnn-v2-windowed_bs-128_lr-0.001_maxepoch-50_testyear-2024_win-3_nwin-10_seed-0/model-10

----- Epoch 11 (windowed) -----
  batch 49 | loss 0.4144 rmse 25.664 r2 0.071 corr 0.372

###### Windowed train epoch 11 overall metrics
  loss: 0.4092 rmse: 20.730 r2: 0.107 corr: 0.410
***** Epoch 11 Val (windowed) *****
  loss: 0.1888 rmse: 3.520 r2: 0.336 corr: 0.599
********************
***** Epoch 11 Test (windowed) *****
  loss: 0.2122 rmse: 3.414 r2: 0.357 corr: 0.637
********************
  Epoch 11 done in 62.2s
  Saved best model → model/FIM_restoration_0412_stations_monthly/2024/gat-rnn-v2-windowed_bs-128_lr-0.001_maxepoch-50_testyear-2024_win-3_nwin-10_seed-0/model-11

----- Epoch 12 (windowed) -----
  batch 49 | loss 0.4124 rmse 5.136 r2 0.413 corr 0.708

###### Windowed train epoch 12 overall metrics
  loss: 0.3997 rmse: 20.371 r2: 0.138 corr: 0.454
***** Epoch 12 Val (windowed) *****
  loss: 0.1969 rmse: 3.512 r2: 0.339 corr: 0.583
********************
***** Epoch 12 Test (windowed) *****
  loss: 0.1945 rmse: 3.305 r2: 0.397 corr: 0.636
********************
  Epoch 12 done in 63.7s
  Saved best model → model/FIM_restoration_0412_stations_monthly/2024/gat-rnn-v2-windowed_bs-128_lr-0.001_maxepoch-50_testyear-2024_win-3_nwin-10_seed-0/model-12

----- Epoch 13 (windowed) -----
  batch 49 | loss 0.3875 rmse 11.712 r2 0.157 corr 0.457

###### Windowed train epoch 13 overall metrics
  loss: 0.3925 rmse: 20.291 r2: 0.144 corr: 0.469
***** Epoch 13 Val (windowed) *****
  loss: 0.1816 rmse: 3.481 r2: 0.350 corr: 0.617
********************
***** Epoch 13 Test (windowed) *****
  loss: 0.1913 rmse: 3.365 r2: 0.375 corr: 0.655
********************
  Epoch 13 done in 61.5s
  Saved best model → model/FIM_restoration_0412_stations_monthly/2024/gat-rnn-v2-windowed_bs-128_lr-0.001_maxepoch-50_testyear-2024_win-3_nwin-10_seed-0/model-13

----- Epoch 14 (windowed) -----
  batch 49 | loss 0.3925 rmse 5.100 r2 0.390 corr 0.640

###### Windowed train epoch 14 overall metrics
  loss: 0.3886 rmse: 20.266 r2: 0.146 corr: 0.472
***** Epoch 14 Val (windowed) *****
  loss: 0.2334 rmse: 3.432 r2: 0.368 corr: 0.638
********************
***** Epoch 14 Test (windowed) *****
  loss: 0.1939 rmse: 3.292 r2: 0.402 corr: 0.679
********************
  Epoch 14 done in 63.7s
  Saved best model → model/FIM_restoration_0412_stations_monthly/2024/gat-rnn-v2-windowed_bs-128_lr-0.001_maxepoch-50_testyear-2024_win-3_nwin-10_seed-0/model-14

----- Epoch 15 (windowed) -----
  batch 49 | loss 0.3958 rmse 27.213 r2 0.105 corr 0.514

###### Windowed train epoch 15 overall metrics
  loss: 0.3994 rmse: 20.205 r2: 0.152 corr: 0.480
***** Epoch 15 Val (windowed) *****
  loss: 0.1714 rmse: 3.451 r2: 0.361 corr: 0.628
********************
***** Epoch 15 Test (windowed) *****
  loss: 0.1860 rmse: 3.341 r2: 0.384 corr: 0.672
********************
  Epoch 15 done in 62.7s

----- Epoch 16 (windowed) -----
  batch 49 | loss 0.3937 rmse 14.039 r2 0.409 corr 0.736

###### Windowed train epoch 16 overall metrics
  loss: 0.3764 rmse: 20.034 r2: 0.166 corr: 0.494
***** Epoch 16 Val (windowed) *****
  loss: 0.1749 rmse: 3.480 r2: 0.351 corr: 0.636
********************
***** Epoch 16 Test (windowed) *****
  loss: 0.1898 rmse: 3.381 r2: 0.369 corr: 0.676
********************
  Epoch 16 done in 62.8s

----- Epoch 17 (windowed) -----
  batch 49 | loss 0.4005 rmse 8.191 r2 0.294 corr 0.587

###### Windowed train epoch 17 overall metrics
  loss: 0.3740 rmse: 20.169 r2: 0.155 corr: 0.480
***** Epoch 17 Val (windowed) *****
  loss: 0.1663 rmse: 3.343 r2: 0.401 corr: 0.660
********************
***** Epoch 17 Test (windowed) *****
  loss: 0.1884 rmse: 3.252 r2: 0.416 corr: 0.681
********************
  Epoch 17 done in 61.5s
  Saved best model → model/FIM_restoration_0412_stations_monthly/2024/gat-rnn-v2-windowed_bs-128_lr-0.001_maxepoch-50_testyear-2024_win-3_nwin-10_seed-0/model-17

----- Epoch 18 (windowed) -----
  batch 49 | loss 0.3702 rmse 27.590 r2 0.305 corr 0.760

###### Windowed train epoch 18 overall metrics
  loss: 0.3602 rmse: 19.934 r2: 0.174 corr: 0.505
***** Epoch 18 Val (windowed) *****
  loss: 0.1668 rmse: 3.382 r2: 0.386 corr: 0.658
********************
***** Epoch 18 Test (windowed) *****
  loss: 0.1847 rmse: 3.278 r2: 0.407 corr: 0.693
********************
  Epoch 18 done in 63.2s

----- Epoch 19 (windowed) -----
  batch 49 | loss 0.3693 rmse 9.720 r2 0.288 corr 0.647

###### Windowed train epoch 19 overall metrics
  loss: 0.3597 rmse: 19.722 r2: 0.192 corr: 0.526
***** Epoch 19 Val (windowed) *****
  loss: 0.1663 rmse: 3.347 r2: 0.399 corr: 0.643
********************
***** Epoch 19 Test (windowed) *****
  loss: 0.1875 rmse: 3.244 r2: 0.419 corr: 0.668
********************
  Epoch 19 done in 63.4s

----- Epoch 20 (windowed) -----
  batch 49 | loss 0.3565 rmse 3.372 r2 0.424 corr 0.675

###### Windowed train epoch 20 overall metrics
  loss: 0.3501 rmse: 19.949 r2: 0.173 corr: 0.497
***** Epoch 20 Val (windowed) *****
  loss: 0.1632 rmse: 3.349 r2: 0.399 corr: 0.682
********************
***** Epoch 20 Test (windowed) *****
  loss: 0.1785 rmse: 3.261 r2: 0.413 corr: 0.692
********************
  Epoch 20 done in 63.2s

----- Epoch 21 (windowed) -----
  batch 49 | loss 0.3411 rmse 9.249 r2 0.320 corr 0.697

###### Windowed train epoch 21 overall metrics
  loss: 0.3418 rmse: 20.004 r2: 0.168 corr: 0.484
***** Epoch 21 Val (windowed) *****
  loss: 0.1587 rmse: 3.236 r2: 0.438 corr: 0.675
********************
***** Epoch 21 Test (windowed) *****
  loss: 0.1773 rmse: 3.178 r2: 0.443 corr: 0.675
********************
  Epoch 21 done in 63.8s
  Saved best model → model/FIM_restoration_0412_stations_monthly/2024/gat-rnn-v2-windowed_bs-128_lr-0.001_maxepoch-50_testyear-2024_win-3_nwin-10_seed-0/model-21

----- Epoch 22 (windowed) -----
  batch 49 | loss 0.3992 rmse 3.220 r2 0.381 corr 0.636

###### Windowed train epoch 22 overall metrics
  loss: 0.3564 rmse: 20.042 r2: 0.165 corr: 0.469
***** Epoch 22 Val (windowed) *****
  loss: 0.1804 rmse: 3.303 r2: 0.415 corr: 0.663
********************
***** Epoch 22 Test (windowed) *****
  loss: 0.2108 rmse: 3.244 r2: 0.419 corr: 0.672
********************
  Epoch 22 done in 63.3s

----- Epoch 23 (windowed) -----
  batch 49 | loss 0.3421 rmse 11.256 r2 0.367 corr 0.620

###### Windowed train epoch 23 overall metrics
  loss: 0.3593 rmse: 19.918 r2: 0.175 corr: 0.505
***** Epoch 23 Val (windowed) *****
  loss: 0.1651 rmse: 3.347 r2: 0.399 corr: 0.685
********************
***** Epoch 23 Test (windowed) *****
  loss: 0.2142 rmse: 3.322 r2: 0.391 corr: 0.690
********************
  Epoch 23 done in 67.4s

----- Epoch 24 (windowed) -----
  batch 49 | loss 0.3370 rmse 3.293 r2 0.375 corr 0.628

###### Windowed train epoch 24 overall metrics
  loss: 0.3346 rmse: 19.936 r2: 0.174 corr: 0.495
***** Epoch 24 Val (windowed) *****
  loss: 0.1563 rmse: 3.234 r2: 0.439 corr: 0.676
********************
***** Epoch 24 Test (windowed) *****
  loss: 0.1733 rmse: 3.162 r2: 0.448 corr: 0.684
********************
  Epoch 24 done in 66.1s
  Saved best model → model/FIM_restoration_0412_stations_monthly/2024/gat-rnn-v2-windowed_bs-128_lr-0.001_maxepoch-50_testyear-2024_win-3_nwin-10_seed-0/model-24

----- Epoch 25 (windowed) -----
  batch 49 | loss 0.3241 rmse 4.455 r2 0.420 corr 0.658

###### Windowed train epoch 25 overall metrics
  loss: 0.3299 rmse: 19.866 r2: 0.180 corr: 0.506
***** Epoch 25 Val (windowed) *****
  loss: 0.1556 rmse: 3.350 r2: 0.398 corr: 0.672
********************
***** Epoch 25 Test (windowed) *****
  loss: 0.1777 rmse: 3.277 r2: 0.407 corr: 0.682
********************
  Epoch 25 done in 65.5s

----- Epoch 26 (windowed) -----
  batch 49 | loss 0.3276 rmse 3.888 r2 0.497 corr 0.719

###### Windowed train epoch 26 overall metrics
  loss: 0.3221 rmse: 19.748 r2: 0.190 corr: 0.506
***** Epoch 26 Val (windowed) *****
  loss: 0.1493 rmse: 3.245 r2: 0.435 corr: 0.675
********************
***** Epoch 26 Test (windowed) *****
  loss: 0.1741 rmse: 3.169 r2: 0.446 corr: 0.685
********************
  Epoch 26 done in 64.4s

----- Epoch 27 (windowed) -----
  batch 49 | loss 0.3317 rmse 14.913 r2 0.262 corr 0.612

###### Windowed train epoch 27 overall metrics
  loss: 0.3166 rmse: 19.730 r2: 0.191 corr: 0.522
***** Epoch 27 Val (windowed) *****
  loss: 0.1858 rmse: 3.265 r2: 0.428 corr: 0.664
********************
***** Epoch 27 Test (windowed) *****
  loss: 0.1806 rmse: 3.172 r2: 0.445 corr: 0.679
********************
  Epoch 27 done in 67.9s

----- Epoch 28 (windowed) -----
  batch 49 | loss 0.3166 rmse 38.576 r2 0.140 corr 0.559

###### Windowed train epoch 28 overall metrics
  loss: 0.3167 rmse: 19.583 r2: 0.203 corr: 0.548
***** Epoch 28 Val (windowed) *****
  loss: 0.1457 rmse: 3.237 r2: 0.438 corr: 0.696
********************
***** Epoch 28 Test (windowed) *****
  loss: 0.1760 rmse: 3.181 r2: 0.442 corr: 0.692
********************
  Epoch 28 done in 64.3s

----- Epoch 29 (windowed) -----
  batch 49 | loss 0.3097 rmse 4.977 r2 0.469 corr 0.692

###### Windowed train epoch 29 overall metrics
  loss: 0.3105 rmse: 19.883 r2: 0.178 corr: 0.503
***** Epoch 29 Val (windowed) *****
  loss: 0.1603 rmse: 3.220 r2: 0.444 corr: 0.692
********************
***** Epoch 29 Test (windowed) *****
  loss: 0.1712 rmse: 3.181 r2: 0.441 corr: 0.680
********************
  Epoch 29 done in 64.4s
  Saved best model → model/FIM_restoration_0412_stations_monthly/2024/gat-rnn-v2-windowed_bs-128_lr-0.001_maxepoch-50_testyear-2024_win-3_nwin-10_seed-0/model-29

----- Epoch 30 (windowed) -----
  batch 49 | loss 0.3403 rmse 22.597 r2 0.401 corr 0.833

###### Windowed train epoch 30 overall metrics
  loss: 0.3105 rmse: 19.634 r2: 0.199 corr: 0.524
***** Epoch 30 Val (windowed) *****
  loss: 0.1431 rmse: 3.193 r2: 0.453 corr: 0.708
********************
***** Epoch 30 Test (windowed) *****
  loss: 0.1716 rmse: 3.165 r2: 0.447 corr: 0.690
********************
  Epoch 30 done in 61.9s
  Saved best model → model/FIM_restoration_0412_stations_monthly/2024/gat-rnn-v2-windowed_bs-128_lr-0.001_maxepoch-50_testyear-2024_win-3_nwin-10_seed-0/model-30

----- Epoch 31 (windowed) -----
  batch 49 | loss 0.3316 rmse 6.833 r2 0.420 corr 0.678

###### Windowed train epoch 31 overall metrics
  loss: 0.3171 rmse: 19.756 r2: 0.189 corr: 0.517
***** Epoch 31 Val (windowed) *****
  loss: 0.1553 rmse: 3.274 r2: 0.425 corr: 0.690
********************
***** Epoch 31 Test (windowed) *****
  loss: 0.1991 rmse: 3.263 r2: 0.413 corr: 0.682
********************
  Epoch 31 done in 63.5s

----- Epoch 32 (windowed) -----
  batch 49 | loss 0.2908 rmse 29.184 r2 0.140 corr 0.598

###### Windowed train epoch 32 overall metrics
  loss: 0.3067 rmse: 19.607 r2: 0.201 corr: 0.529
***** Epoch 32 Val (windowed) *****
  loss: 0.1465 rmse: 3.263 r2: 0.429 corr: 0.701
********************
***** Epoch 32 Test (windowed) *****
  loss: 0.1734 rmse: 3.218 r2: 0.429 corr: 0.691
********************
  Epoch 32 done in 63.4s

----- Epoch 33 (windowed) -----
  batch 49 | loss 0.3102 rmse 2.447 r2 0.553 corr 0.749

###### Windowed train epoch 33 overall metrics
  loss: 0.2985 rmse: 19.245 r2: 0.230 corr: 0.544
***** Epoch 33 Val (windowed) *****
  loss: 0.1500 rmse: 3.293 r2: 0.418 corr: 0.703
********************
***** Epoch 33 Test (windowed) *****
  loss: 0.1829 rmse: 3.231 r2: 0.424 corr: 0.703
********************
  Epoch 33 done in 62.9s

----- Epoch 34 (windowed) -----
  batch 49 | loss 0.2899 rmse 9.407 r2 0.266 corr 0.616

###### Windowed train epoch 34 overall metrics
  loss: 0.2959 rmse: 19.463 r2: 0.213 corr: 0.533
***** Epoch 34 Val (windowed) *****
  loss: 0.1437 rmse: 3.184 r2: 0.456 corr: 0.697
********************
***** Epoch 34 Test (windowed) *****
  loss: 0.1773 rmse: 3.129 r2: 0.460 corr: 0.690
********************
  Epoch 34 done in 62.0s
  Saved best model → model/FIM_restoration_0412_stations_monthly/2024/gat-rnn-v2-windowed_bs-128_lr-0.001_maxepoch-50_testyear-2024_win-3_nwin-10_seed-0/model-34

----- Epoch 35 (windowed) -----
  batch 49 | loss 0.2973 rmse 11.749 r2 0.266 corr 0.557

###### Windowed train epoch 35 overall metrics
  loss: 0.2969 rmse: 19.614 r2: 0.200 corr: 0.529
***** Epoch 35 Val (windowed) *****
  loss: 0.1416 rmse: 3.183 r2: 0.457 corr: 0.702
********************
***** Epoch 35 Test (windowed) *****
  loss: 0.1655 rmse: 3.172 r2: 0.445 corr: 0.683
********************
  Epoch 35 done in 62.3s
  Saved best model → model/FIM_restoration_0412_stations_monthly/2024/gat-rnn-v2-windowed_bs-128_lr-0.001_maxepoch-50_testyear-2024_win-3_nwin-10_seed-0/model-35

----- Epoch 36 (windowed) -----
  batch 49 | loss 0.2993 rmse 7.453 r2 0.405 corr 0.699

###### Windowed train epoch 36 overall metrics
  loss: 0.2942 rmse: 19.462 r2: 0.213 corr: 0.515
***** Epoch 36 Val (windowed) *****
  loss: 0.1407 rmse: 3.127 r2: 0.476 corr: 0.722
********************
***** Epoch 36 Test (windowed) *****
  loss: 0.1674 rmse: 3.106 r2: 0.467 corr: 0.701
********************
  Epoch 36 done in 62.8s
  Saved best model → model/FIM_restoration_0412_stations_monthly/2024/gat-rnn-v2-windowed_bs-128_lr-0.001_maxepoch-50_testyear-2024_win-3_nwin-10_seed-0/model-36

----- Epoch 37 (windowed) -----
  batch 49 | loss 0.2784 rmse 9.553 r2 0.397 corr 0.653

###### Windowed train epoch 37 overall metrics
  loss: 0.2874 rmse: 19.162 r2: 0.237 corr: 0.557
***** Epoch 37 Val (windowed) *****
  loss: 0.1387 rmse: 3.203 r2: 0.450 corr: 0.706
********************
***** Epoch 37 Test (windowed) *****
  loss: 0.1734 rmse: 3.158 r2: 0.449 corr: 0.691
********************
  Epoch 37 done in 62.4s

----- Epoch 38 (windowed) -----
  batch 49 | loss 0.2900 rmse 3.429 r2 0.469 corr 0.700

###### Windowed train epoch 38 overall metrics
  loss: 0.2852 rmse: 19.280 r2: 0.227 corr: 0.544
***** Epoch 38 Val (windowed) *****
  loss: 0.1360 rmse: 3.226 r2: 0.442 corr: 0.701
********************
***** Epoch 38 Test (windowed) *****
  loss: 0.1723 rmse: 3.142 r2: 0.455 corr: 0.703
********************
  Epoch 38 done in 63.3s

----- Epoch 39 (windowed) -----
  batch 49 | loss 0.2751 rmse 14.626 r2 0.493 corr 0.811

###### Windowed train epoch 39 overall metrics
  loss: 0.2854 rmse: 19.537 r2: 0.207 corr: 0.513
***** Epoch 39 Val (windowed) *****
  loss: 0.1452 rmse: 3.194 r2: 0.453 corr: 0.699
********************
***** Epoch 39 Test (windowed) *****
  loss: 0.1665 rmse: 3.142 r2: 0.455 corr: 0.693
********************
  Epoch 39 done in 63.6s

----- Epoch 40 (windowed) -----
  batch 49 | loss 0.3036 rmse 5.282 r2 0.456 corr 0.699

###### Windowed train epoch 40 overall metrics
  loss: 0.2924 rmse: 19.304 r2: 0.226 corr: 0.545
***** Epoch 40 Val (windowed) *****
  loss: 0.1460 rmse: 3.271 r2: 0.426 corr: 0.713
********************
***** Epoch 40 Test (windowed) *****
  loss: 0.1669 rmse: 3.180 r2: 0.442 corr: 0.713
********************
  Epoch 40 done in 63.7s

----- Epoch 41 (windowed) -----
  batch 49 | loss 0.2909 rmse 6.235 r2 0.489 corr 0.700

###### Windowed train epoch 41 overall metrics
  loss: 0.2894 rmse: 19.301 r2: 0.226 corr: 0.536
***** Epoch 41 Val (windowed) *****
  loss: 0.1772 rmse: 3.239 r2: 0.438 corr: 0.713
********************
***** Epoch 41 Test (windowed) *****
  loss: 0.1899 rmse: 3.159 r2: 0.449 corr: 0.710
********************
  Epoch 41 done in 63.3s

----- Epoch 42 (windowed) -----
  batch 49 | loss 0.2639 rmse 3.657 r2 0.516 corr 0.733

###### Windowed train epoch 42 overall metrics
  loss: 0.2875 rmse: 19.465 r2: 0.213 corr: 0.530
***** Epoch 42 Val (windowed) *****
  loss: 0.1630 rmse: 3.143 r2: 0.470 corr: 0.700
********************
***** Epoch 42 Test (windowed) *****
  loss: 0.1789 rmse: 3.162 r2: 0.448 corr: 0.674
********************
  Epoch 42 done in 64.8s

----- Epoch 43 (windowed) -----
  batch 49 | loss 0.2943 rmse 12.124 r2 0.199 corr 0.524

###### Windowed train epoch 43 overall metrics
  loss: 0.3028 rmse: 19.681 r2: 0.195 corr: 0.510
***** Epoch 43 Val (windowed) *****
  loss: 0.1380 rmse: 3.157 r2: 0.465 corr: 0.715
********************
***** Epoch 43 Test (windowed) *****
  loss: 0.1735 rmse: 3.184 r2: 0.441 corr: 0.681
********************
  Epoch 43 done in 64.5s

----- Epoch 44 (windowed) -----
  batch 49 | loss 0.2703 rmse 7.528 r2 0.273 corr 0.568

###### Windowed train epoch 44 overall metrics
  loss: 0.2812 rmse: 19.300 r2: 0.226 corr: 0.527
***** Epoch 44 Val (windowed) *****
  loss: 0.1345 rmse: 3.114 r2: 0.480 corr: 0.733
********************
***** Epoch 44 Test (windowed) *****
  loss: 0.1702 rmse: 3.122 r2: 0.462 corr: 0.697
********************
  Epoch 44 done in 63.1s
  Saved best model → model/FIM_restoration_0412_stations_monthly/2024/gat-rnn-v2-windowed_bs-128_lr-0.001_maxepoch-50_testyear-2024_win-3_nwin-10_seed-0/model-44

----- Epoch 45 (windowed) -----
  batch 49 | loss 0.2875 rmse 7.192 r2 0.589 corr 0.791

###### Windowed train epoch 45 overall metrics
  loss: 0.2775 rmse: 19.380 r2: 0.219 corr: 0.541
***** Epoch 45 Val (windowed) *****
  loss: 0.1337 rmse: 3.093 r2: 0.487 corr: 0.733
********************
***** Epoch 45 Test (windowed) *****
  loss: 0.1686 rmse: 3.094 r2: 0.472 corr: 0.703
********************
  Epoch 45 done in 62.7s
  Saved best model → model/FIM_restoration_0412_stations_monthly/2024/gat-rnn-v2-windowed_bs-128_lr-0.001_maxepoch-50_testyear-2024_win-3_nwin-10_seed-0/model-45

----- Epoch 46 (windowed) -----
  batch 49 | loss 0.2682 rmse 7.208 r2 0.496 corr 0.724

###### Windowed train epoch 46 overall metrics
  loss: 0.2743 rmse: 19.342 r2: 0.222 corr: 0.544
***** Epoch 46 Val (windowed) *****
  loss: 0.1593 rmse: 3.179 r2: 0.458 corr: 0.720
********************
***** Epoch 46 Test (windowed) *****
  loss: 0.1820 rmse: 3.112 r2: 0.466 corr: 0.705
********************
  Epoch 46 done in 62.1s

----- Epoch 47 (windowed) -----
  batch 49 | loss 0.2698 rmse 7.297 r2 0.522 corr 0.759

###### Windowed train epoch 47 overall metrics
  loss: 0.2724 rmse: 19.230 r2: 0.231 corr: 0.553
***** Epoch 47 Val (windowed) *****
  loss: 0.1387 rmse: 3.098 r2: 0.485 corr: 0.719
********************
***** Epoch 47 Test (windowed) *****
  loss: 0.1749 rmse: 3.168 r2: 0.446 corr: 0.681
********************
  Epoch 47 done in 62.4s

----- Epoch 48 (windowed) -----
  batch 49 | loss 0.2586 rmse 6.937 r2 0.476 corr 0.737

###### Windowed train epoch 48 overall metrics
  loss: 0.2702 rmse: 19.216 r2: 0.233 corr: 0.547
***** Epoch 48 Val (windowed) *****
  loss: 0.1310 rmse: 3.041 r2: 0.504 corr: 0.745
********************
***** Epoch 48 Test (windowed) *****
  loss: 0.1597 rmse: 3.053 r2: 0.486 corr: 0.709
********************
  Epoch 48 done in 62.3s
  Saved best model → model/FIM_restoration_0412_stations_monthly/2024/gat-rnn-v2-windowed_bs-128_lr-0.001_maxepoch-50_testyear-2024_win-3_nwin-10_seed-0/model-48

----- Epoch 49 (windowed) -----
  batch 49 | loss 0.2720 rmse 24.772 r2 0.234 corr 0.537

###### Windowed train epoch 49 overall metrics
  loss: 0.2710 rmse: 19.160 r2: 0.237 corr: 0.553
***** Epoch 49 Val (windowed) *****
  loss: 0.1336 rmse: 3.133 r2: 0.473 corr: 0.735
********************
***** Epoch 49 Test (windowed) *****
  loss: 0.1721 rmse: 3.154 r2: 0.451 corr: 0.702
********************
  Epoch 49 done in 63.9s
Fold done — best val RMSE=3.0414 test R²=0.4856 corr=0.7095

Rolling-windowed CV results saved to results/FIM_restoration_0412_stations_monthly/rolling_windowed/rolling_windowed_results.csv
 test_year  val_year  win_size  n_windows  test_rmse  test_r2  test_corr
      2010      2009         3         10  16.760635 0.088636   0.374400
      2011      2010         3         10  29.087109 0.076723   0.351858
      2012      2011         3         10  11.077786 0.231602   0.493084
      2013      2012         3         10   7.852916 0.332676   0.593031
      2014      2013         3         10   6.442796 0.363917   0.629347
      2015      2014         3         10  14.174021 0.216259   0.569904
      2016      2015         3         10  13.741854 0.237706   0.576543
      2017      2016         3         10  21.094326 0.186499   0.521217
      2018      2017         3         10  20.301064 0.228597   0.613711
      2019      2018         3         10  32.850552 0.147576   0.520729
      2020      2019         3         10  35.297173 0.250472   0.663450
      2021      2020         3         10  13.215087 0.526383   0.744685
      2022      2021         3         10   4.092848 0.403184   0.646648
      2023      2022         3         10   3.172561 0.460280   0.718014
      2024      2023         3         10   3.053085 0.485553   0.709483
Rolling-windowed metrics plot saved to results/FIM_restoration_0412_stations_monthly/rolling_windowed/rolling_windowed_metrics.png
