Device cpu
  [forage] Moving ['Lagodon rhomboides_A', 'Lagodon rhomboides_R'] from targets → input features
FIM targets: 12 life-stage species (_A/_R/_SA/_J)
FIM forage (input only): ['Lagodon rhomboides_A', 'Lagodon rhomboides_R']
FIM community species as input features: 92
FIM n_env_feats: 58
HybridEncoder individual_indices: 0 features
HybridEncoder group_slices: [(0, 2, 'forage'), (2, 8, 'env'), (8, 16, 'restoration'), (16, 23, 'habitat_structured'), (23, 30, 'habitat_open'), (30, 37, 'shoreline'), (37, 40, 'water_effort'), (40, 54, 'bycatch'), (54, 60, 'na_indicators'), (60, 107, 'prey_community'), (107, 152, 'nonprey_community')]
FIM dataset: 12 species, time_intervals=1
Time intervals 1

================================================================
Rolling-windowed  test_year=2010
  Val  : 2009
  Test : 2010
  win_size=3  n_windows=10
================================================================
Initially data (54319, 166)
After filtering (24937, 166)
get_X_Y
X shape (24937, 152)
Y shape (24937, 12)
Y (output) means tensor([[0.1447, 0.0127, 0.2670, 0.1674, 0.0142, 0.0624, 0.1688, 0.0218, 0.0433,
         0.0141, 0.0392, 0.1473]]) stds tensor([[0.4759, 0.1425, 0.6450, 0.5957, 0.1432, 0.3048, 0.5325, 0.1856, 0.2852,
         0.1612, 0.3005, 0.4611]])
Y count-scale means tensor([[0.4800, 0.0385, 1.0546, 0.9271, 0.0388, 0.1968, 0.6337, 0.0650, 0.1857,
         0.0488, 0.3182, 0.4493]]) stds tensor([[3.2201, 0.6998, 6.2948, 7.0654, 0.6584, 2.0970, 4.1402, 0.8735, 2.7362,
         0.8035, 8.8412, 2.7550]])
/Users/liyingnceas/GitHub/GNN-RNN-main/gnn-lstm-v4/utils/data_utils.py:274: RuntimeWarning: Mean of empty slice
  np.nanmean(county_dict[county], axis=0).astype(np.float32)
Filled 62371 missing (node, year) entries from neighbors or year averages
[2D] Station nodes: 586, adj nnz: 2905
[build_year_XY_windowed] data_start=1998, min_pred_year=2009, test_year=2010, win_size=3, n_windows=10
  built windows for T=2009
[build_year_XY_windowed] built windowed XY for 2 prediction years (2009–2010)
  GAT_RNN_V2: edge_feat_dim=3, n_heads=4, n_hidden=64

----- Epoch 0 (windowed) -----

###### Windowed train epoch 0 overall metrics
  loss: 0.2205 rmse: 0.413 r2: 0.025 corr: 0.182
***** Epoch 0 Val (windowed) *****
  loss: 0.0940 rmse: 0.410 r2: 0.037 corr: 0.209
********************
***** Epoch 0 Test (windowed) *****
  loss: 0.0902 rmse: 0.385 r2: 0.037 corr: 0.208
********************
  Epoch 0 done in 9.7s
  Saved best model → model/FIM_restoration_0412G_stations_monthly/2010/gat-rnn-v2-windowed_bs-128_lr-0.001_maxepoch-35_testyear-2010_win-3_nwin-10_seed-0/model-0

----- Epoch 1 (windowed) -----

###### Windowed train epoch 1 overall metrics
  loss: 0.2101 rmse: 0.415 r2: 0.011 corr: 0.166
***** Epoch 1 Val (windowed) *****
  loss: 0.0854 rmse: 0.407 r2: 0.050 corr: 0.265
********************
***** Epoch 1 Test (windowed) *****
  loss: 0.0839 rmse: 0.383 r2: 0.051 corr: 0.260
********************
  Epoch 1 done in 9.4s
  Saved best model → model/FIM_restoration_0412G_stations_monthly/2010/gat-rnn-v2-windowed_bs-128_lr-0.001_maxepoch-35_testyear-2010_win-3_nwin-10_seed-0/model-1

----- Epoch 2 (windowed) -----

###### Windowed train epoch 2 overall metrics
  loss: 0.1977 rmse: 0.407 r2: 0.053 corr: 0.264
***** Epoch 2 Val (windowed) *****
  loss: 0.0837 rmse: 0.404 r2: 0.067 corr: 0.310
********************
***** Epoch 2 Test (windowed) *****
  loss: 0.0818 rmse: 0.379 r2: 0.067 corr: 0.299
********************
  Epoch 2 done in 9.2s
  Saved best model → model/FIM_restoration_0412G_stations_monthly/2010/gat-rnn-v2-windowed_bs-128_lr-0.001_maxepoch-35_testyear-2010_win-3_nwin-10_seed-0/model-2

----- Epoch 3 (windowed) -----

###### Windowed train epoch 3 overall metrics
  loss: 0.1926 rmse: 0.403 r2: 0.072 corr: 0.295
***** Epoch 3 Val (windowed) *****
  loss: 0.0816 rmse: 0.394 r2: 0.109 corr: 0.393
********************
***** Epoch 3 Test (windowed) *****
  loss: 0.0790 rmse: 0.371 r2: 0.108 corr: 0.376
********************
  Epoch 3 done in 9.0s
  Saved best model → model/FIM_restoration_0412G_stations_monthly/2010/gat-rnn-v2-windowed_bs-128_lr-0.001_maxepoch-35_testyear-2010_win-3_nwin-10_seed-0/model-3

----- Epoch 4 (windowed) -----

###### Windowed train epoch 4 overall metrics
  loss: 0.1879 rmse: 0.396 r2: 0.099 corr: 0.355
***** Epoch 4 Val (windowed) *****
  loss: 0.0787 rmse: 0.383 r2: 0.159 corr: 0.424
********************
***** Epoch 4 Test (windowed) *****
  loss: 0.0771 rmse: 0.362 r2: 0.149 corr: 0.400
********************
  Epoch 4 done in 8.2s
  Saved best model → model/FIM_restoration_0412G_stations_monthly/2010/gat-rnn-v2-windowed_bs-128_lr-0.001_maxepoch-35_testyear-2010_win-3_nwin-10_seed-0/model-4

----- Epoch 5 (windowed) -----

###### Windowed train epoch 5 overall metrics
  loss: 0.1816 rmse: 0.386 r2: 0.146 corr: 0.397
***** Epoch 5 Val (windowed) *****
  loss: 0.0761 rmse: 0.384 r2: 0.156 corr: 0.473
********************
***** Epoch 5 Test (windowed) *****
  loss: 0.0741 rmse: 0.362 r2: 0.152 corr: 0.447
********************
  Epoch 5 done in 9.3s

----- Epoch 6 (windowed) -----

###### Windowed train epoch 6 overall metrics
  loss: 0.1767 rmse: 0.383 r2: 0.160 corr: 0.465
***** Epoch 6 Val (windowed) *****
  loss: 0.0748 rmse: 0.369 r2: 0.221 corr: 0.493
********************
***** Epoch 6 Test (windowed) *****
  loss: 0.0739 rmse: 0.353 r2: 0.194 corr: 0.448
********************
  Epoch 6 done in 9.6s
  Saved best model → model/FIM_restoration_0412G_stations_monthly/2010/gat-rnn-v2-windowed_bs-128_lr-0.001_maxepoch-35_testyear-2010_win-3_nwin-10_seed-0/model-6

----- Epoch 7 (windowed) -----

###### Windowed train epoch 7 overall metrics
  loss: 0.1727 rmse: 0.369 r2: 0.218 corr: 0.489
***** Epoch 7 Val (windowed) *****
  loss: 0.0724 rmse: 0.369 r2: 0.219 corr: 0.512
********************
***** Epoch 7 Test (windowed) *****
  loss: 0.0718 rmse: 0.351 r2: 0.200 corr: 0.468
********************
  Epoch 7 done in 9.2s

----- Epoch 8 (windowed) -----

###### Windowed train epoch 8 overall metrics
  loss: 0.1713 rmse: 0.370 r2: 0.215 corr: 0.488
***** Epoch 8 Val (windowed) *****
  loss: 0.0703 rmse: 0.356 r2: 0.274 corr: 0.537
********************
***** Epoch 8 Test (windowed) *****
  loss: 0.0709 rmse: 0.344 r2: 0.231 corr: 0.483
********************
  Epoch 8 done in 9.0s
  Saved best model → model/FIM_restoration_0412G_stations_monthly/2010/gat-rnn-v2-windowed_bs-128_lr-0.001_maxepoch-35_testyear-2010_win-3_nwin-10_seed-0/model-8

----- Epoch 9 (windowed) -----

###### Windowed train epoch 9 overall metrics
  loss: 0.1658 rmse: 0.360 r2: 0.259 corr: 0.535
***** Epoch 9 Val (windowed) *****
  loss: 0.0675 rmse: 0.358 r2: 0.266 corr: 0.563
********************
***** Epoch 9 Test (windowed) *****
  loss: 0.0691 rmse: 0.343 r2: 0.238 corr: 0.505
********************
  Epoch 9 done in 8.8s

----- Epoch 10 (windowed) -----

###### Windowed train epoch 10 overall metrics
  loss: 0.1669 rmse: 0.359 r2: 0.261 corr: 0.536
***** Epoch 10 Val (windowed) *****
  loss: 0.0669 rmse: 0.352 r2: 0.291 corr: 0.591
********************
***** Epoch 10 Test (windowed) *****
  loss: 0.0672 rmse: 0.337 r2: 0.264 corr: 0.540
********************
  Epoch 10 done in 7.7s
  Saved best model → model/FIM_restoration_0412G_stations_monthly/2010/gat-rnn-v2-windowed_bs-128_lr-0.001_maxepoch-35_testyear-2010_win-3_nwin-10_seed-0/model-10

----- Epoch 11 (windowed) -----

###### Windowed train epoch 11 overall metrics
  loss: 0.1607 rmse: 0.350 r2: 0.297 corr: 0.560
***** Epoch 11 Val (windowed) *****
  loss: 0.0651 rmse: 0.344 r2: 0.322 corr: 0.607
********************
***** Epoch 11 Test (windowed) *****
  loss: 0.0651 rmse: 0.330 r2: 0.295 corr: 0.558
********************
  Epoch 11 done in 9.7s
  Saved best model → model/FIM_restoration_0412G_stations_monthly/2010/gat-rnn-v2-windowed_bs-128_lr-0.001_maxepoch-35_testyear-2010_win-3_nwin-10_seed-0/model-11

----- Epoch 12 (windowed) -----

###### Windowed train epoch 12 overall metrics
  loss: 0.1553 rmse: 0.341 r2: 0.334 corr: 0.601
***** Epoch 12 Val (windowed) *****
  loss: 0.0612 rmse: 0.332 r2: 0.369 corr: 0.635
********************
***** Epoch 12 Test (windowed) *****
  loss: 0.0631 rmse: 0.321 r2: 0.333 corr: 0.586
********************
  Epoch 12 done in 9.4s
  Saved best model → model/FIM_restoration_0412G_stations_monthly/2010/gat-rnn-v2-windowed_bs-128_lr-0.001_maxepoch-35_testyear-2010_win-3_nwin-10_seed-0/model-12

----- Epoch 13 (windowed) -----

###### Windowed train epoch 13 overall metrics
  loss: 0.1490 rmse: 0.339 r2: 0.343 corr: 0.634
***** Epoch 13 Val (windowed) *****
  loss: 0.0606 rmse: 0.333 r2: 0.366 corr: 0.660
********************
***** Epoch 13 Test (windowed) *****
  loss: 0.0618 rmse: 0.320 r2: 0.334 corr: 0.608
********************
  Epoch 13 done in 9.3s

----- Epoch 14 (windowed) -----

###### Windowed train epoch 14 overall metrics
  loss: 0.1481 rmse: 0.329 r2: 0.378 corr: 0.636
***** Epoch 14 Val (windowed) *****
  loss: 0.0579 rmse: 0.317 r2: 0.424 corr: 0.670
********************
***** Epoch 14 Test (windowed) *****
  loss: 0.0590 rmse: 0.308 r2: 0.384 corr: 0.625
********************
  Epoch 14 done in 9.6s
  Saved best model → model/FIM_restoration_0412G_stations_monthly/2010/gat-rnn-v2-windowed_bs-128_lr-0.001_maxepoch-35_testyear-2010_win-3_nwin-10_seed-0/model-14

----- Epoch 15 (windowed) -----

###### Windowed train epoch 15 overall metrics
  loss: 0.1436 rmse: 0.320 r2: 0.413 corr: 0.656
***** Epoch 15 Val (windowed) *****
  loss: 0.0554 rmse: 0.313 r2: 0.438 corr: 0.688
********************
***** Epoch 15 Test (windowed) *****
  loss: 0.0573 rmse: 0.306 r2: 0.394 corr: 0.639
********************
  Epoch 15 done in 7.5s
  Saved best model → model/FIM_restoration_0412G_stations_monthly/2010/gat-rnn-v2-windowed_bs-128_lr-0.001_maxepoch-35_testyear-2010_win-3_nwin-10_seed-0/model-15

----- Epoch 16 (windowed) -----

###### Windowed train epoch 16 overall metrics
  loss: 0.1379 rmse: 0.315 r2: 0.431 corr: 0.684
***** Epoch 16 Val (windowed) *****
  loss: 0.0542 rmse: 0.310 r2: 0.451 corr: 0.710
********************
***** Epoch 16 Test (windowed) *****
  loss: 0.0575 rmse: 0.302 r2: 0.409 corr: 0.658
********************
  Epoch 16 done in 9.4s
  Saved best model → model/FIM_restoration_0412G_stations_monthly/2010/gat-rnn-v2-windowed_bs-128_lr-0.001_maxepoch-35_testyear-2010_win-3_nwin-10_seed-0/model-16

----- Epoch 17 (windowed) -----

###### Windowed train epoch 17 overall metrics
  loss: 0.1362 rmse: 0.313 r2: 0.438 corr: 0.689
***** Epoch 17 Val (windowed) *****
  loss: 0.0536 rmse: 0.298 r2: 0.491 corr: 0.721
********************
***** Epoch 17 Test (windowed) *****
  loss: 0.0553 rmse: 0.293 r2: 0.445 corr: 0.675
********************
  Epoch 17 done in 9.4s
  Saved best model → model/FIM_restoration_0412G_stations_monthly/2010/gat-rnn-v2-windowed_bs-128_lr-0.001_maxepoch-35_testyear-2010_win-3_nwin-10_seed-0/model-17

----- Epoch 18 (windowed) -----

###### Windowed train epoch 18 overall metrics
  loss: 0.1347 rmse: 0.303 r2: 0.475 corr: 0.705
***** Epoch 18 Val (windowed) *****
  loss: 0.0508 rmse: 0.294 r2: 0.506 corr: 0.734
********************
***** Epoch 18 Test (windowed) *****
  loss: 0.0541 rmse: 0.290 r2: 0.455 corr: 0.685
********************
  Epoch 18 done in 10.1s
  Saved best model → model/FIM_restoration_0412G_stations_monthly/2010/gat-rnn-v2-windowed_bs-128_lr-0.001_maxepoch-35_testyear-2010_win-3_nwin-10_seed-0/model-18

----- Epoch 19 (windowed) -----

###### Windowed train epoch 19 overall metrics
  loss: 0.1312 rmse: 0.296 r2: 0.497 corr: 0.723
***** Epoch 19 Val (windowed) *****
  loss: 0.0496 rmse: 0.292 r2: 0.513 corr: 0.746
********************
***** Epoch 19 Test (windowed) *****
  loss: 0.0525 rmse: 0.287 r2: 0.464 corr: 0.696
********************
  Epoch 19 done in 9.9s
  Saved best model → model/FIM_restoration_0412G_stations_monthly/2010/gat-rnn-v2-windowed_bs-128_lr-0.001_maxepoch-35_testyear-2010_win-3_nwin-10_seed-0/model-19

----- Epoch 20 (windowed) -----

###### Windowed train epoch 20 overall metrics
  loss: 0.1283 rmse: 0.291 r2: 0.516 corr: 0.740
***** Epoch 20 Val (windowed) *****
  loss: 0.0479 rmse: 0.279 r2: 0.554 corr: 0.756
********************
***** Epoch 20 Test (windowed) *****
  loss: 0.0522 rmse: 0.280 r2: 0.492 corr: 0.705
********************
  Epoch 20 done in 9.9s
  Saved best model → model/FIM_restoration_0412G_stations_monthly/2010/gat-rnn-v2-windowed_bs-128_lr-0.001_maxepoch-35_testyear-2010_win-3_nwin-10_seed-0/model-20

----- Epoch 21 (windowed) -----

###### Windowed train epoch 21 overall metrics
  loss: 0.1246 rmse: 0.283 r2: 0.542 corr: 0.753
***** Epoch 21 Val (windowed) *****
  loss: 0.0465 rmse: 0.279 r2: 0.553 corr: 0.769
********************
***** Epoch 21 Test (windowed) *****
  loss: 0.0512 rmse: 0.278 r2: 0.498 corr: 0.717
********************
  Epoch 21 done in 10.0s

----- Epoch 22 (windowed) -----

###### Windowed train epoch 22 overall metrics
  loss: 0.1224 rmse: 0.282 r2: 0.545 corr: 0.760
***** Epoch 22 Val (windowed) *****
  loss: 0.0459 rmse: 0.270 r2: 0.583 corr: 0.772
********************
***** Epoch 22 Test (windowed) *****
  loss: 0.0509 rmse: 0.273 r2: 0.516 corr: 0.719
********************
  Epoch 22 done in 9.9s
  Saved best model → model/FIM_restoration_0412G_stations_monthly/2010/gat-rnn-v2-windowed_bs-128_lr-0.001_maxepoch-35_testyear-2010_win-3_nwin-10_seed-0/model-22

----- Epoch 23 (windowed) -----

###### Windowed train epoch 23 overall metrics
  loss: 0.1213 rmse: 0.274 r2: 0.571 corr: 0.768
***** Epoch 23 Val (windowed) *****
  loss: 0.0434 rmse: 0.270 r2: 0.581 corr: 0.786
********************
***** Epoch 23 Test (windowed) *****
  loss: 0.0490 rmse: 0.273 r2: 0.518 corr: 0.729
********************
  Epoch 23 done in 9.7s

----- Epoch 24 (windowed) -----

###### Windowed train epoch 24 overall metrics
  loss: 0.1182 rmse: 0.276 r2: 0.564 corr: 0.768
***** Epoch 24 Val (windowed) *****
  loss: 0.0425 rmse: 0.261 r2: 0.611 corr: 0.786
********************
***** Epoch 24 Test (windowed) *****
  loss: 0.0489 rmse: 0.268 r2: 0.533 corr: 0.730
********************
  Epoch 24 done in 10.3s
  Saved best model → model/FIM_restoration_0412G_stations_monthly/2010/gat-rnn-v2-windowed_bs-128_lr-0.001_maxepoch-35_testyear-2010_win-3_nwin-10_seed-0/model-24

----- Epoch 25 (windowed) -----

###### Windowed train epoch 25 overall metrics
  loss: 0.1163 rmse: 0.272 r2: 0.578 corr: 0.763
***** Epoch 25 Val (windowed) *****
  loss: 0.0421 rmse: 0.264 r2: 0.601 corr: 0.799
********************
***** Epoch 25 Test (windowed) *****
  loss: 0.0473 rmse: 0.269 r2: 0.530 corr: 0.737
********************
  Epoch 25 done in 8.0s

----- Epoch 26 (windowed) -----

###### Windowed train epoch 26 overall metrics
  loss: 0.1133 rmse: 0.264 r2: 0.600 corr: 0.786
***** Epoch 26 Val (windowed) *****
  loss: 0.0414 rmse: 0.251 r2: 0.638 corr: 0.803
********************
***** Epoch 26 Test (windowed) *****
  loss: 0.0482 rmse: 0.262 r2: 0.555 corr: 0.745
********************
  Epoch 26 done in 9.0s
  Saved best model → model/FIM_restoration_0412G_stations_monthly/2010/gat-rnn-v2-windowed_bs-128_lr-0.001_maxepoch-35_testyear-2010_win-3_nwin-10_seed-0/model-26

----- Epoch 27 (windowed) -----

###### Windowed train epoch 27 overall metrics
  loss: 0.1134 rmse: 0.264 r2: 0.602 corr: 0.789
***** Epoch 27 Val (windowed) *****
  loss: 0.0403 rmse: 0.257 r2: 0.621 corr: 0.803
********************
***** Epoch 27 Test (windowed) *****
  loss: 0.0468 rmse: 0.266 r2: 0.543 corr: 0.740
********************
  Epoch 27 done in 10.4s

----- Epoch 28 (windowed) -----

###### Windowed train epoch 28 overall metrics
  loss: 0.1123 rmse: 0.257 r2: 0.621 corr: 0.792
***** Epoch 28 Val (windowed) *****
  loss: 0.0397 rmse: 0.259 r2: 0.615 corr: 0.805
********************
***** Epoch 28 Test (windowed) *****
  loss: 0.0474 rmse: 0.264 r2: 0.549 corr: 0.746
********************
  Epoch 28 done in 10.2s

----- Epoch 29 (windowed) -----

###### Windowed train epoch 29 overall metrics
  loss: 0.1096 rmse: 0.260 r2: 0.612 corr: 0.789
***** Epoch 29 Val (windowed) *****
  loss: 0.0379 rmse: 0.251 r2: 0.638 corr: 0.814
********************
***** Epoch 29 Test (windowed) *****
  loss: 0.0457 rmse: 0.263 r2: 0.551 corr: 0.745
********************
  Epoch 29 done in 10.2s
  Saved best model → model/FIM_restoration_0412G_stations_monthly/2010/gat-rnn-v2-windowed_bs-128_lr-0.001_maxepoch-35_testyear-2010_win-3_nwin-10_seed-0/model-29

----- Epoch 30 (windowed) -----

###### Windowed train epoch 30 overall metrics
  loss: 0.1068 rmse: 0.257 r2: 0.622 corr: 0.803
***** Epoch 30 Val (windowed) *****
  loss: 0.0368 rmse: 0.251 r2: 0.640 corr: 0.821
********************
***** Epoch 30 Test (windowed) *****
  loss: 0.0447 rmse: 0.260 r2: 0.562 corr: 0.755
********************
  Epoch 30 done in 9.7s
  Saved best model → model/FIM_restoration_0412G_stations_monthly/2010/gat-rnn-v2-windowed_bs-128_lr-0.001_maxepoch-35_testyear-2010_win-3_nwin-10_seed-0/model-30

----- Epoch 31 (windowed) -----

###### Windowed train epoch 31 overall metrics
  loss: 0.1061 rmse: 0.250 r2: 0.641 corr: 0.808
***** Epoch 31 Val (windowed) *****
  loss: 0.0359 rmse: 0.249 r2: 0.646 corr: 0.827
********************
***** Epoch 31 Test (windowed) *****
  loss: 0.0445 rmse: 0.260 r2: 0.560 corr: 0.755
********************
  Epoch 31 done in 8.6s
  Saved best model → model/FIM_restoration_0412G_stations_monthly/2010/gat-rnn-v2-windowed_bs-128_lr-0.001_maxepoch-35_testyear-2010_win-3_nwin-10_seed-0/model-31

----- Epoch 32 (windowed) -----

###### Windowed train epoch 32 overall metrics
  loss: 0.1053 rmse: 0.250 r2: 0.642 corr: 0.818
***** Epoch 32 Val (windowed) *****
  loss: 0.0353 rmse: 0.236 r2: 0.680 corr: 0.831
********************
***** Epoch 32 Test (windowed) *****
  loss: 0.0445 rmse: 0.255 r2: 0.579 corr: 0.761
********************
  Epoch 32 done in 9.3s
  Saved best model → model/FIM_restoration_0412G_stations_monthly/2010/gat-rnn-v2-windowed_bs-128_lr-0.001_maxepoch-35_testyear-2010_win-3_nwin-10_seed-0/model-32

----- Epoch 33 (windowed) -----

###### Windowed train epoch 33 overall metrics
  loss: 0.1043 rmse: 0.244 r2: 0.659 corr: 0.821
***** Epoch 33 Val (windowed) *****
  loss: 0.0347 rmse: 0.248 r2: 0.649 corr: 0.830
********************
***** Epoch 33 Test (windowed) *****
  loss: 0.0422 rmse: 0.260 r2: 0.563 corr: 0.756
********************
  Epoch 33 done in 9.5s

----- Epoch 34 (windowed) -----

###### Windowed train epoch 34 overall metrics
  loss: 0.1002 rmse: 0.244 r2: 0.658 corr: 0.826
***** Epoch 34 Val (windowed) *****
  loss: 0.0327 rmse: 0.235 r2: 0.684 corr: 0.832
********************
***** Epoch 34 Test (windowed) *****
  loss: 0.0435 rmse: 0.257 r2: 0.570 corr: 0.756
********************
  Epoch 34 done in 9.5s
  Saved best model → model/FIM_restoration_0412G_stations_monthly/2010/gat-rnn-v2-windowed_bs-128_lr-0.001_maxepoch-35_testyear-2010_win-3_nwin-10_seed-0/model-34
Fold done — best val RMSE=0.2347 test R²=0.5703 corr=0.7558

================================================================
Rolling-windowed  test_year=2011
  Val  : 2010
  Test : 2011
  win_size=3  n_windows=10
================================================================
Initially data (54319, 166)
After filtering (27035, 166)
get_X_Y
X shape (27035, 152)
Y shape (27035, 12)
Y (output) means tensor([[0.1433, 0.0123, 0.2580, 0.1637, 0.0142, 0.0620, 0.1670, 0.0225, 0.0438,
         0.0141, 0.0387, 0.1453]]) stds tensor([[0.4733, 0.1385, 0.6345, 0.5865, 0.1426, 0.3028, 0.5300, 0.1881, 0.2859,
         0.1611, 0.2991, 0.4589]])
Y count-scale means tensor([[0.4739, 0.0362, 1.0112, 0.8924, 0.0383, 0.1925, 0.6264, 0.0665, 0.1829,
         0.0491, 0.3141, 0.4455]]) stds tensor([[3.1711, 0.6685, 6.0830, 6.8677, 0.6421, 2.0271, 4.0717, 0.8724, 2.6325,
         0.8172, 8.6480, 2.7965]])
/Users/liyingnceas/GitHub/GNN-RNN-main/gnn-lstm-v4/utils/data_utils.py:274: RuntimeWarning: Mean of empty slice
  np.nanmean(county_dict[county], axis=0).astype(np.float32)
Filled 67759 missing (node, year) entries from neighbors or year averages
[2D] Station nodes: 586, adj nnz: 2905
[build_year_XY_windowed] data_start=1998, min_pred_year=2009, test_year=2011, win_size=3, n_windows=10
  built windows for T=2009
[build_year_XY_windowed] built windowed XY for 3 prediction years (2009–2011)
  GAT_RNN_V2: edge_feat_dim=3, n_heads=4, n_hidden=64
  [Bayes] Species rarity weights (mean=1): min=0.65 max=1.29  (rarest=Centropomus undecimalis_SA)

----- Epoch 0 (windowed) -----

###### Windowed train epoch 0 overall metrics
  loss: 0.2296 rmse: 0.420 r2: -0.073 corr: 0.127
***** Epoch 0 Val (windowed) *****
  loss: 0.0904 rmse: 0.394 r2: -0.010 corr: 0.159
********************
***** Epoch 0 Test (windowed) *****
  loss: 0.0816 rmse: 0.404 r2: -0.019 corr: 0.115
********************
  Epoch 0 done in 14.1s
  Saved best model → model/FIM_restoration_0412G_stations_monthly/2011/gat-rnn-v2-windowed_bs-128_lr-0.001_maxepoch-35_testyear-2011_win-3_nwin-10_seed-0/model-0

----- Epoch 1 (windowed) -----

###### Windowed train epoch 1 overall metrics
  loss: 0.2028 rmse: 0.401 r2: 0.022 corr: 0.200
***** Epoch 1 Val (windowed) *****
  loss: 0.0838 rmse: 0.377 r2: 0.072 corr: 0.290
********************
***** Epoch 1 Test (windowed) *****
  loss: 0.0741 rmse: 0.384 r2: 0.078 corr: 0.301
********************
  Epoch 1 done in 11.9s
  Saved best model → model/FIM_restoration_0412G_stations_monthly/2011/gat-rnn-v2-windowed_bs-128_lr-0.001_maxepoch-35_testyear-2011_win-3_nwin-10_seed-0/model-1

----- Epoch 2 (windowed) -----

###### Windowed train epoch 2 overall metrics
  loss: 0.1912 rmse: 0.386 r2: 0.093 corr: 0.318
***** Epoch 2 Val (windowed) *****
  loss: 0.0800 rmse: 0.369 r2: 0.113 corr: 0.358
********************
***** Epoch 2 Test (windowed) *****
  loss: 0.0729 rmse: 0.379 r2: 0.105 corr: 0.342
********************
  Epoch 2 done in 13.6s
  Saved best model → model/FIM_restoration_0412G_stations_monthly/2011/gat-rnn-v2-windowed_bs-128_lr-0.001_maxepoch-35_testyear-2011_win-3_nwin-10_seed-0/model-2

----- Epoch 3 (windowed) -----

###### Windowed train epoch 3 overall metrics
  loss: 0.1864 rmse: 0.384 r2: 0.100 corr: 0.341
***** Epoch 3 Val (windowed) *****
  loss: 0.0774 rmse: 0.362 r2: 0.145 corr: 0.399
********************
***** Epoch 3 Test (windowed) *****
  loss: 0.0701 rmse: 0.374 r2: 0.128 corr: 0.370
********************
  Epoch 3 done in 13.9s
  Saved best model → model/FIM_restoration_0412G_stations_monthly/2011/gat-rnn-v2-windowed_bs-128_lr-0.001_maxepoch-35_testyear-2011_win-3_nwin-10_seed-0/model-3

----- Epoch 4 (windowed) -----

###### Windowed train epoch 4 overall metrics
  loss: 0.1762 rmse: 0.374 r2: 0.146 corr: 0.423
***** Epoch 4 Val (windowed) *****
  loss: 0.0722 rmse: 0.352 r2: 0.191 corr: 0.469
********************
***** Epoch 4 Test (windowed) *****
  loss: 0.0656 rmse: 0.363 r2: 0.179 corr: 0.449
********************
  Epoch 4 done in 13.2s
  Saved best model → model/FIM_restoration_0412G_stations_monthly/2011/gat-rnn-v2-windowed_bs-128_lr-0.001_maxepoch-35_testyear-2011_win-3_nwin-10_seed-0/model-4

----- Epoch 5 (windowed) -----

###### Windowed train epoch 5 overall metrics
  loss: 0.1698 rmse: 0.361 r2: 0.207 corr: 0.476
***** Epoch 5 Val (windowed) *****
  loss: 0.0685 rmse: 0.341 r2: 0.243 corr: 0.534
********************
***** Epoch 5 Test (windowed) *****
  loss: 0.0614 rmse: 0.353 r2: 0.221 corr: 0.503
********************
  Epoch 5 done in 12.9s
  Saved best model → model/FIM_restoration_0412G_stations_monthly/2011/gat-rnn-v2-windowed_bs-128_lr-0.001_maxepoch-35_testyear-2011_win-3_nwin-10_seed-0/model-5

----- Epoch 6 (windowed) -----

###### Windowed train epoch 6 overall metrics
  loss: 0.1579 rmse: 0.346 r2: 0.272 corr: 0.557
***** Epoch 6 Val (windowed) *****
  loss: 0.0625 rmse: 0.323 r2: 0.319 corr: 0.591
********************
***** Epoch 6 Test (windowed) *****
  loss: 0.0573 rmse: 0.336 r2: 0.293 corr: 0.562
********************
  Epoch 6 done in 14.3s
  Saved best model → model/FIM_restoration_0412G_stations_monthly/2011/gat-rnn-v2-windowed_bs-128_lr-0.001_maxepoch-35_testyear-2011_win-3_nwin-10_seed-0/model-6

----- Epoch 7 (windowed) -----

###### Windowed train epoch 7 overall metrics
  loss: 0.1493 rmse: 0.331 r2: 0.331 corr: 0.606
***** Epoch 7 Val (windowed) *****
  loss: 0.0584 rmse: 0.308 r2: 0.381 corr: 0.642
********************
***** Epoch 7 Test (windowed) *****
  loss: 0.0534 rmse: 0.321 r2: 0.357 corr: 0.618
********************
  Epoch 7 done in 14.1s
  Saved best model → model/FIM_restoration_0412G_stations_monthly/2011/gat-rnn-v2-windowed_bs-128_lr-0.001_maxepoch-35_testyear-2011_win-3_nwin-10_seed-0/model-7

----- Epoch 8 (windowed) -----

###### Windowed train epoch 8 overall metrics
  loss: 0.1430 rmse: 0.318 r2: 0.385 corr: 0.646
***** Epoch 8 Val (windowed) *****
  loss: 0.0545 rmse: 0.299 r2: 0.418 corr: 0.681
********************
***** Epoch 8 Test (windowed) *****
  loss: 0.0504 rmse: 0.316 r2: 0.375 corr: 0.640
********************
  Epoch 8 done in 12.5s
  Saved best model → model/FIM_restoration_0412G_stations_monthly/2011/gat-rnn-v2-windowed_bs-128_lr-0.001_maxepoch-35_testyear-2011_win-3_nwin-10_seed-0/model-8

----- Epoch 9 (windowed) -----

###### Windowed train epoch 9 overall metrics
  loss: 0.1363 rmse: 0.306 r2: 0.431 corr: 0.678
***** Epoch 9 Val (windowed) *****
  loss: 0.0518 rmse: 0.286 r2: 0.465 corr: 0.697
********************
***** Epoch 9 Test (windowed) *****
  loss: 0.0502 rmse: 0.304 r2: 0.422 corr: 0.660
********************
  Epoch 9 done in 13.7s
  Saved best model → model/FIM_restoration_0412G_stations_monthly/2011/gat-rnn-v2-windowed_bs-128_lr-0.001_maxepoch-35_testyear-2011_win-3_nwin-10_seed-0/model-9

----- Epoch 10 (windowed) -----

###### Windowed train epoch 10 overall metrics
  loss: 0.1288 rmse: 0.296 r2: 0.467 corr: 0.702
***** Epoch 10 Val (windowed) *****
  loss: 0.0485 rmse: 0.277 r2: 0.500 corr: 0.724
********************
***** Epoch 10 Test (windowed) *****
  loss: 0.0489 rmse: 0.296 r2: 0.453 corr: 0.685
********************
  Epoch 10 done in 13.8s
  Saved best model → model/FIM_restoration_0412G_stations_monthly/2011/gat-rnn-v2-windowed_bs-128_lr-0.001_maxepoch-35_testyear-2011_win-3_nwin-10_seed-0/model-10

----- Epoch 11 (windowed) -----

###### Windowed train epoch 11 overall metrics
  loss: 0.1240 rmse: 0.285 r2: 0.506 corr: 0.724
***** Epoch 11 Val (windowed) *****
  loss: 0.0453 rmse: 0.273 r2: 0.514 corr: 0.747
********************
***** Epoch 11 Test (windowed) *****
  loss: 0.0465 rmse: 0.293 r2: 0.465 corr: 0.703
********************
  Epoch 11 done in 186.6s
  Saved best model → model/FIM_restoration_0412G_stations_monthly/2011/gat-rnn-v2-windowed_bs-128_lr-0.001_maxepoch-35_testyear-2011_win-3_nwin-10_seed-0/model-11

----- Epoch 12 (windowed) -----

###### Windowed train epoch 12 overall metrics
  loss: 0.1174 rmse: 0.278 r2: 0.529 corr: 0.740
***** Epoch 12 Val (windowed) *****
  loss: 0.0442 rmse: 0.263 r2: 0.550 corr: 0.757
********************
***** Epoch 12 Test (windowed) *****
  loss: 0.0475 rmse: 0.285 r2: 0.491 corr: 0.710
********************
  Epoch 12 done in 12.0s
  Saved best model → model/FIM_restoration_0412G_stations_monthly/2011/gat-rnn-v2-windowed_bs-128_lr-0.001_maxepoch-35_testyear-2011_win-3_nwin-10_seed-0/model-12

----- Epoch 13 (windowed) -----

###### Windowed train epoch 13 overall metrics
  loss: 0.1146 rmse: 0.273 r2: 0.545 corr: 0.755
***** Epoch 13 Val (windowed) *****
  loss: 0.0416 rmse: 0.254 r2: 0.580 corr: 0.767
********************
***** Epoch 13 Test (windowed) *****
  loss: 0.0458 rmse: 0.278 r2: 0.517 corr: 0.721
********************
  Epoch 13 done in 14.3s
  Saved best model → model/FIM_restoration_0412G_stations_monthly/2011/gat-rnn-v2-windowed_bs-128_lr-0.001_maxepoch-35_testyear-2011_win-3_nwin-10_seed-0/model-13

----- Epoch 14 (windowed) -----

###### Windowed train epoch 14 overall metrics
  loss: 0.1106 rmse: 0.266 r2: 0.568 corr: 0.766
***** Epoch 14 Val (windowed) *****
  loss: 0.0397 rmse: 0.256 r2: 0.572 corr: 0.778
********************
***** Epoch 14 Test (windowed) *****
  loss: 0.0447 rmse: 0.283 r2: 0.499 corr: 0.718
********************
  Epoch 14 done in 14.0s

----- Epoch 15 (windowed) -----

###### Windowed train epoch 15 overall metrics
  loss: 0.1093 rmse: 0.263 r2: 0.578 corr: 0.770
***** Epoch 15 Val (windowed) *****
  loss: 0.0388 rmse: 0.248 r2: 0.598 corr: 0.788
********************
***** Epoch 15 Test (windowed) *****
  loss: 0.0436 rmse: 0.276 r2: 0.525 corr: 0.732
********************
  Epoch 15 done in 14.1s
  Saved best model → model/FIM_restoration_0412G_stations_monthly/2011/gat-rnn-v2-windowed_bs-128_lr-0.001_maxepoch-35_testyear-2011_win-3_nwin-10_seed-0/model-15

----- Epoch 16 (windowed) -----

###### Windowed train epoch 16 overall metrics
  loss: 0.1056 rmse: 0.253 r2: 0.609 corr: 0.791
***** Epoch 16 Val (windowed) *****
  loss: 0.0354 rmse: 0.239 r2: 0.627 corr: 0.803
********************
***** Epoch 16 Test (windowed) *****
  loss: 0.0414 rmse: 0.270 r2: 0.544 corr: 0.742
********************
  Epoch 16 done in 12.1s
  Saved best model → model/FIM_restoration_0412G_stations_monthly/2011/gat-rnn-v2-windowed_bs-128_lr-0.001_maxepoch-35_testyear-2011_win-3_nwin-10_seed-0/model-16

----- Epoch 17 (windowed) -----

###### Windowed train epoch 17 overall metrics
  loss: 0.1008 rmse: 0.248 r2: 0.624 corr: 0.798
***** Epoch 17 Val (windowed) *****
  loss: 0.0339 rmse: 0.234 r2: 0.643 corr: 0.812
********************
***** Epoch 17 Test (windowed) *****
  loss: 0.0399 rmse: 0.266 r2: 0.557 corr: 0.750
********************
  Epoch 17 done in 14.1s
  Saved best model → model/FIM_restoration_0412G_stations_monthly/2011/gat-rnn-v2-windowed_bs-128_lr-0.001_maxepoch-35_testyear-2011_win-3_nwin-10_seed-0/model-17

----- Epoch 18 (windowed) -----

###### Windowed train epoch 18 overall metrics
  loss: 0.0994 rmse: 0.248 r2: 0.625 corr: 0.800
***** Epoch 18 Val (windowed) *****
  loss: 0.0332 rmse: 0.230 r2: 0.654 corr: 0.816
********************
***** Epoch 18 Test (windowed) *****
  loss: 0.0394 rmse: 0.264 r2: 0.566 corr: 0.754
********************
  Epoch 18 done in 14.1s
  Saved best model → model/FIM_restoration_0412G_stations_monthly/2011/gat-rnn-v2-windowed_bs-128_lr-0.001_maxepoch-35_testyear-2011_win-3_nwin-10_seed-0/model-18

----- Epoch 19 (windowed) -----

###### Windowed train epoch 19 overall metrics
  loss: 0.0971 rmse: 0.243 r2: 0.640 corr: 0.808
***** Epoch 19 Val (windowed) *****
  loss: 0.0317 rmse: 0.229 r2: 0.658 corr: 0.822
********************
***** Epoch 19 Test (windowed) *****
  loss: 0.0386 rmse: 0.265 r2: 0.563 corr: 0.755
********************
  Epoch 19 done in 14.3s
  Saved best model → model/FIM_restoration_0412G_stations_monthly/2011/gat-rnn-v2-windowed_bs-128_lr-0.001_maxepoch-35_testyear-2011_win-3_nwin-10_seed-0/model-19

----- Epoch 20 (windowed) -----

###### Windowed train epoch 20 overall metrics
  loss: 0.0945 rmse: 0.238 r2: 0.654 corr: 0.818
***** Epoch 20 Val (windowed) *****
  loss: 0.0305 rmse: 0.221 r2: 0.680 corr: 0.832
********************
***** Epoch 20 Test (windowed) *****
  loss: 0.0374 rmse: 0.264 r2: 0.566 corr: 0.753
********************
  Epoch 20 done in 14.4s
  Saved best model → model/FIM_restoration_0412G_stations_monthly/2011/gat-rnn-v2-windowed_bs-128_lr-0.001_maxepoch-35_testyear-2011_win-3_nwin-10_seed-0/model-20

----- Epoch 21 (windowed) -----

###### Windowed train epoch 21 overall metrics
  loss: 0.0940 rmse: 0.234 r2: 0.667 corr: 0.824
***** Epoch 21 Val (windowed) *****
  loss: 0.0318 rmse: 0.226 r2: 0.667 corr: 0.827
********************
***** Epoch 21 Test (windowed) *****
  loss: 0.0381 rmse: 0.263 r2: 0.568 corr: 0.757
********************
  Epoch 21 done in 14.1s

----- Epoch 22 (windowed) -----

###### Windowed train epoch 22 overall metrics
  loss: 0.0924 rmse: 0.233 r2: 0.670 corr: 0.826
***** Epoch 22 Val (windowed) *****
  loss: 0.0301 rmse: 0.218 r2: 0.690 corr: 0.832
********************
***** Epoch 22 Test (windowed) *****
  loss: 0.0373 rmse: 0.259 r2: 0.582 corr: 0.763
********************
  Epoch 22 done in 14.4s
  Saved best model → model/FIM_restoration_0412G_stations_monthly/2011/gat-rnn-v2-windowed_bs-128_lr-0.001_maxepoch-35_testyear-2011_win-3_nwin-10_seed-0/model-22

----- Epoch 23 (windowed) -----

###### Windowed train epoch 23 overall metrics
  loss: 0.0901 rmse: 0.228 r2: 0.684 corr: 0.832
***** Epoch 23 Val (windowed) *****
  loss: 0.0295 rmse: 0.218 r2: 0.689 corr: 0.840
********************
***** Epoch 23 Test (windowed) *****
  loss: 0.0363 rmse: 0.259 r2: 0.582 corr: 0.765
********************
  Epoch 23 done in 13.9s

----- Epoch 24 (windowed) -----

###### Windowed train epoch 24 overall metrics
  loss: 0.0897 rmse: 0.226 r2: 0.690 corr: 0.838
***** Epoch 24 Val (windowed) *****
  loss: 0.0281 rmse: 0.213 r2: 0.703 corr: 0.845
********************
***** Epoch 24 Test (windowed) *****
  loss: 0.0361 rmse: 0.261 r2: 0.576 corr: 0.759
********************
  Epoch 24 done in 14.2s
  Saved best model → model/FIM_restoration_0412G_stations_monthly/2011/gat-rnn-v2-windowed_bs-128_lr-0.001_maxepoch-35_testyear-2011_win-3_nwin-10_seed-0/model-24

----- Epoch 25 (windowed) -----

###### Windowed train epoch 25 overall metrics
  loss: 0.0873 rmse: 0.224 r2: 0.694 corr: 0.838
***** Epoch 25 Val (windowed) *****
  loss: 0.0279 rmse: 0.212 r2: 0.706 corr: 0.851
********************
***** Epoch 25 Test (windowed) *****
  loss: 0.0357 rmse: 0.260 r2: 0.577 corr: 0.762
********************
  Epoch 25 done in 117.7s
  Saved best model → model/FIM_restoration_0412G_stations_monthly/2011/gat-rnn-v2-windowed_bs-128_lr-0.001_maxepoch-35_testyear-2011_win-3_nwin-10_seed-0/model-25

----- Epoch 26 (windowed) -----

###### Windowed train epoch 26 overall metrics
  loss: 0.0866 rmse: 0.223 r2: 0.697 corr: 0.841
***** Epoch 26 Val (windowed) *****
  loss: 0.0272 rmse: 0.213 r2: 0.705 corr: 0.852
********************
***** Epoch 26 Test (windowed) *****
  loss: 0.0354 rmse: 0.262 r2: 0.571 corr: 0.759
********************
  Epoch 26 done in 14.3s

----- Epoch 27 (windowed) -----

###### Windowed train epoch 27 overall metrics
  loss: 0.0846 rmse: 0.221 r2: 0.702 corr: 0.843
***** Epoch 27 Val (windowed) *****
  loss: 0.0264 rmse: 0.210 r2: 0.712 corr: 0.856
********************
***** Epoch 27 Test (windowed) *****
  loss: 0.0363 rmse: 0.266 r2: 0.559 corr: 0.750
********************
  Epoch 27 done in 14.8s
  Saved best model → model/FIM_restoration_0412G_stations_monthly/2011/gat-rnn-v2-windowed_bs-128_lr-0.001_maxepoch-35_testyear-2011_win-3_nwin-10_seed-0/model-27

----- Epoch 28 (windowed) -----

###### Windowed train epoch 28 overall metrics
  loss: 0.0852 rmse: 0.219 r2: 0.707 corr: 0.846
***** Epoch 28 Val (windowed) *****
  loss: 0.0261 rmse: 0.206 r2: 0.724 corr: 0.857
********************
***** Epoch 28 Test (windowed) *****
  loss: 0.0350 rmse: 0.259 r2: 0.580 corr: 0.762
********************
  Epoch 28 done in 14.7s
  Saved best model → model/FIM_restoration_0412G_stations_monthly/2011/gat-rnn-v2-windowed_bs-128_lr-0.001_maxepoch-35_testyear-2011_win-3_nwin-10_seed-0/model-28

----- Epoch 29 (windowed) -----

###### Windowed train epoch 29 overall metrics
  loss: 0.0826 rmse: 0.216 r2: 0.716 corr: 0.850
***** Epoch 29 Val (windowed) *****
  loss: 0.0258 rmse: 0.204 r2: 0.728 corr: 0.859
********************
***** Epoch 29 Test (windowed) *****
  loss: 0.0351 rmse: 0.261 r2: 0.574 corr: 0.758
********************
  Epoch 29 done in 14.0s
  Saved best model → model/FIM_restoration_0412G_stations_monthly/2011/gat-rnn-v2-windowed_bs-128_lr-0.001_maxepoch-35_testyear-2011_win-3_nwin-10_seed-0/model-29

----- Epoch 30 (windowed) -----

###### Windowed train epoch 30 overall metrics
  loss: 0.0825 rmse: 0.214 r2: 0.720 corr: 0.853
***** Epoch 30 Val (windowed) *****
  loss: 0.0246 rmse: 0.197 r2: 0.747 corr: 0.866
********************
***** Epoch 30 Test (windowed) *****
  loss: 0.0354 rmse: 0.261 r2: 0.573 corr: 0.758
********************
  Epoch 30 done in 11.7s
  Saved best model → model/FIM_restoration_0412G_stations_monthly/2011/gat-rnn-v2-windowed_bs-128_lr-0.001_maxepoch-35_testyear-2011_win-3_nwin-10_seed-0/model-30

----- Epoch 31 (windowed) -----

###### Windowed train epoch 31 overall metrics
  loss: 0.0822 rmse: 0.214 r2: 0.720 corr: 0.851
***** Epoch 31 Val (windowed) *****
  loss: 0.0255 rmse: 0.205 r2: 0.726 corr: 0.865
********************
***** Epoch 31 Test (windowed) *****
  loss: 0.0353 rmse: 0.264 r2: 0.566 corr: 0.755
********************
  Epoch 31 done in 13.9s

----- Epoch 32 (windowed) -----

###### Windowed train epoch 32 overall metrics
  loss: 0.0804 rmse: 0.209 r2: 0.734 corr: 0.861
***** Epoch 32 Val (windowed) *****
  loss: 0.0241 rmse: 0.195 r2: 0.752 corr: 0.870
********************
***** Epoch 32 Test (windowed) *****
  loss: 0.0350 rmse: 0.263 r2: 0.569 corr: 0.756
********************
  Epoch 32 done in 14.0s
  Saved best model → model/FIM_restoration_0412G_stations_monthly/2011/gat-rnn-v2-windowed_bs-128_lr-0.001_maxepoch-35_testyear-2011_win-3_nwin-10_seed-0/model-32

----- Epoch 33 (windowed) -----

###### Windowed train epoch 33 overall metrics
  loss: 0.0790 rmse: 0.207 r2: 0.738 corr: 0.862
***** Epoch 33 Val (windowed) *****
  loss: 0.0242 rmse: 0.195 r2: 0.751 corr: 0.872
********************
***** Epoch 33 Test (windowed) *****
  loss: 0.0361 rmse: 0.267 r2: 0.556 corr: 0.747
********************
  Epoch 33 done in 15.6s

----- Epoch 34 (windowed) -----

###### Windowed train epoch 34 overall metrics
  loss: 0.0803 rmse: 0.209 r2: 0.733 corr: 0.860
***** Epoch 34 Val (windowed) *****
  loss: 0.0248 rmse: 0.203 r2: 0.732 corr: 0.864
********************
***** Epoch 34 Test (windowed) *****
  loss: 0.0353 rmse: 0.262 r2: 0.572 corr: 0.757
********************
  Epoch 34 done in 14.6s
Fold done — best val RMSE=0.1949 test R²=0.5686 corr=0.7559

================================================================
Rolling-windowed  test_year=2012
  Val  : 2011
  Test : 2012
  win_size=3  n_windows=10
================================================================
Initially data (54319, 166)
After filtering (29145, 166)
get_X_Y
X shape (29145, 152)
Y shape (29145, 12)
Y (output) means tensor([[0.1445, 0.0115, 0.2581, 0.1554, 0.0146, 0.0630, 0.1656, 0.0222, 0.0425,
         0.0138, 0.0387, 0.1426]]) stds tensor([[0.4769, 0.1333, 0.6350, 0.5701, 0.1436, 0.3081, 0.5275, 0.1874, 0.2796,
         0.1589, 0.2967, 0.4536]])
Y count-scale means tensor([[0.4845, 0.0336, 1.0224, 0.8368, 0.0385, 0.2186, 0.6200, 0.0679, 0.1735,
         0.0476, 0.3016, 0.4330]]) stds tensor([[3.2868, 0.6410, 6.3128, 6.6073, 0.6258, 4.3657, 4.0478, 1.0171, 2.5300,
         0.7983, 8.3079, 2.7134]])
/Users/liyingnceas/GitHub/GNN-RNN-main/gnn-lstm-v4/utils/data_utils.py:274: RuntimeWarning: Mean of empty slice
  np.nanmean(county_dict[county], axis=0).astype(np.float32)
Filled 73125 missing (node, year) entries from neighbors or year averages
[2D] Station nodes: 587, adj nnz: 2910
[build_year_XY_windowed] data_start=1998, min_pred_year=2009, test_year=2012, win_size=3, n_windows=10
  built windows for T=2009
[build_year_XY_windowed] built windowed XY for 4 prediction years (2009–2012)
  GAT_RNN_V2: edge_feat_dim=3, n_heads=4, n_hidden=64
  [Bayes] Species rarity weights (mean=1): min=0.65 max=1.30  (rarest=Centropomus undecimalis_SA)

----- Epoch 0 (windowed) -----

###### Windowed train epoch 0 overall metrics
  loss: 0.2101 rmse: 0.400 r2: 0.022 corr: 0.186
***** Epoch 0 Val (windowed) *****
  loss: 0.0744 rmse: 0.386 r2: 0.073 corr: 0.306
********************
***** Epoch 0 Test (windowed) *****
  loss: 0.0789 rmse: 0.386 r2: 0.072 corr: 0.308
********************
  Epoch 0 done in 18.4s
  Saved best model → model/FIM_restoration_0412G_stations_monthly/2012/gat-rnn-v2-windowed_bs-128_lr-0.001_maxepoch-35_testyear-2012_win-3_nwin-10_seed-0/model-0

----- Epoch 1 (windowed) -----

###### Windowed train epoch 1 overall metrics
  loss: 0.1893 rmse: 0.384 r2: 0.097 corr: 0.328
***** Epoch 1 Val (windowed) *****
  loss: 0.0698 rmse: 0.373 r2: 0.136 corr: 0.388
********************
***** Epoch 1 Test (windowed) *****
  loss: 0.0735 rmse: 0.373 r2: 0.134 corr: 0.389
********************
  Epoch 1 done in 18.7s
  Saved best model → model/FIM_restoration_0412G_stations_monthly/2012/gat-rnn-v2-windowed_bs-128_lr-0.001_maxepoch-35_testyear-2012_win-3_nwin-10_seed-0/model-1

----- Epoch 2 (windowed) -----

###### Windowed train epoch 2 overall metrics
  loss: 0.1742 rmse: 0.369 r2: 0.167 corr: 0.437
***** Epoch 2 Val (windowed) *****
  loss: 0.0626 rmse: 0.351 r2: 0.234 corr: 0.514
********************
***** Epoch 2 Test (windowed) *****
  loss: 0.0679 rmse: 0.354 r2: 0.219 corr: 0.507
********************
  Epoch 2 done in 16.8s
  Saved best model → model/FIM_restoration_0412G_stations_monthly/2012/gat-rnn-v2-windowed_bs-128_lr-0.001_maxepoch-35_testyear-2012_win-3_nwin-10_seed-0/model-2

----- Epoch 3 (windowed) -----

###### Windowed train epoch 3 overall metrics
  loss: 0.1623 rmse: 0.347 r2: 0.264 corr: 0.534
***** Epoch 3 Val (windowed) *****
  loss: 0.0574 rmse: 0.331 r2: 0.320 corr: 0.584
********************
***** Epoch 3 Test (windowed) *****
  loss: 0.0625 rmse: 0.333 r2: 0.309 corr: 0.579
********************
  Epoch 3 done in 19.0s
  Saved best model → model/FIM_restoration_0412G_stations_monthly/2012/gat-rnn-v2-windowed_bs-128_lr-0.001_maxepoch-35_testyear-2012_win-3_nwin-10_seed-0/model-3

----- Epoch 4 (windowed) -----

###### Windowed train epoch 4 overall metrics
  loss: 0.1503 rmse: 0.329 r2: 0.338 corr: 0.603
***** Epoch 4 Val (windowed) *****
  loss: 0.0522 rmse: 0.314 r2: 0.385 corr: 0.638
********************
***** Epoch 4 Test (windowed) *****
  loss: 0.0583 rmse: 0.316 r2: 0.379 corr: 0.633
********************
  Epoch 4 done in 18.4s
  Saved best model → model/FIM_restoration_0412G_stations_monthly/2012/gat-rnn-v2-windowed_bs-128_lr-0.001_maxepoch-35_testyear-2012_win-3_nwin-10_seed-0/model-4

----- Epoch 5 (windowed) -----

###### Windowed train epoch 5 overall metrics
  loss: 0.1418 rmse: 0.313 r2: 0.401 corr: 0.660
***** Epoch 5 Val (windowed) *****
  loss: 0.0495 rmse: 0.305 r2: 0.422 corr: 0.672
********************
***** Epoch 5 Test (windowed) *****
  loss: 0.0560 rmse: 0.304 r2: 0.423 corr: 0.675
********************
  Epoch 5 done in 17.7s
  Saved best model → model/FIM_restoration_0412G_stations_monthly/2012/gat-rnn-v2-windowed_bs-128_lr-0.001_maxepoch-35_testyear-2012_win-3_nwin-10_seed-0/model-5

----- Epoch 6 (windowed) -----

###### Windowed train epoch 6 overall metrics
  loss: 0.1336 rmse: 0.300 r2: 0.448 corr: 0.687
***** Epoch 6 Val (windowed) *****
  loss: 0.0450 rmse: 0.288 r2: 0.485 corr: 0.719
********************
***** Epoch 6 Test (windowed) *****
  loss: 0.0511 rmse: 0.287 r2: 0.485 corr: 0.714
********************
  Epoch 6 done in 19.4s
  Saved best model → model/FIM_restoration_0412G_stations_monthly/2012/gat-rnn-v2-windowed_bs-128_lr-0.001_maxepoch-35_testyear-2012_win-3_nwin-10_seed-0/model-6

----- Epoch 7 (windowed) -----

###### Windowed train epoch 7 overall metrics
  loss: 0.1257 rmse: 0.284 r2: 0.507 corr: 0.726
***** Epoch 7 Val (windowed) *****
  loss: 0.0424 rmse: 0.282 r2: 0.506 corr: 0.741
********************
***** Epoch 7 Test (windowed) *****
  loss: 0.0482 rmse: 0.278 r2: 0.516 corr: 0.748
********************
  Epoch 7 done in 17.5s
  Saved best model → model/FIM_restoration_0412G_stations_monthly/2012/gat-rnn-v2-windowed_bs-128_lr-0.001_maxepoch-35_testyear-2012_win-3_nwin-10_seed-0/model-7

----- Epoch 8 (windowed) -----

###### Windowed train epoch 8 overall metrics
  loss: 0.1190 rmse: 0.270 r2: 0.553 corr: 0.751
***** Epoch 8 Val (windowed) *****
  loss: 0.0392 rmse: 0.268 r2: 0.554 corr: 0.757
********************
***** Epoch 8 Test (windowed) *****
  loss: 0.0450 rmse: 0.265 r2: 0.561 corr: 0.758
********************
  Epoch 8 done in 17.1s
  Saved best model → model/FIM_restoration_0412G_stations_monthly/2012/gat-rnn-v2-windowed_bs-128_lr-0.001_maxepoch-35_testyear-2012_win-3_nwin-10_seed-0/model-8

----- Epoch 9 (windowed) -----

###### Windowed train epoch 9 overall metrics
  loss: 0.1133 rmse: 0.263 r2: 0.577 corr: 0.769
***** Epoch 9 Val (windowed) *****
  loss: 0.0377 rmse: 0.264 r2: 0.566 corr: 0.766
********************
***** Epoch 9 Test (windowed) *****
  loss: 0.0430 rmse: 0.260 r2: 0.579 corr: 0.773
********************
  Epoch 9 done in 18.4s
  Saved best model → model/FIM_restoration_0412G_stations_monthly/2012/gat-rnn-v2-windowed_bs-128_lr-0.001_maxepoch-35_testyear-2012_win-3_nwin-10_seed-0/model-9

----- Epoch 10 (windowed) -----

###### Windowed train epoch 10 overall metrics
  loss: 0.1098 rmse: 0.257 r2: 0.596 corr: 0.781
***** Epoch 10 Val (windowed) *****
  loss: 0.0362 rmse: 0.265 r2: 0.562 corr: 0.770
********************
***** Epoch 10 Test (windowed) *****
  loss: 0.0419 rmse: 0.261 r2: 0.577 corr: 0.779
********************
  Epoch 10 done in 18.7s

----- Epoch 11 (windowed) -----

###### Windowed train epoch 11 overall metrics
  loss: 0.1068 rmse: 0.255 r2: 0.603 corr: 0.785
***** Epoch 11 Val (windowed) *****
  loss: 0.0341 rmse: 0.253 r2: 0.601 corr: 0.776
********************
***** Epoch 11 Test (windowed) *****
  loss: 0.0413 rmse: 0.256 r2: 0.591 corr: 0.769
********************
  Epoch 11 done in 18.6s
  Saved best model → model/FIM_restoration_0412G_stations_monthly/2012/gat-rnn-v2-windowed_bs-128_lr-0.001_maxepoch-35_testyear-2012_win-3_nwin-10_seed-0/model-11

----- Epoch 12 (windowed) -----

###### Windowed train epoch 12 overall metrics
  loss: 0.1029 rmse: 0.253 r2: 0.608 corr: 0.786
***** Epoch 12 Val (windowed) *****
  loss: 0.0322 rmse: 0.247 r2: 0.621 corr: 0.791
********************
***** Epoch 12 Test (windowed) *****
  loss: 0.0389 rmse: 0.247 r2: 0.620 corr: 0.789
********************
  Epoch 12 done in 18.6s
  Saved best model → model/FIM_restoration_0412G_stations_monthly/2012/gat-rnn-v2-windowed_bs-128_lr-0.001_maxepoch-35_testyear-2012_win-3_nwin-10_seed-0/model-12

----- Epoch 13 (windowed) -----

###### Windowed train epoch 13 overall metrics
  loss: 0.1002 rmse: 0.245 r2: 0.632 corr: 0.798
***** Epoch 13 Val (windowed) *****
  loss: 0.0315 rmse: 0.256 r2: 0.593 corr: 0.801
********************
***** Epoch 13 Test (windowed) *****
  loss: 0.0390 rmse: 0.254 r2: 0.598 corr: 0.797
********************
  Epoch 13 done in 18.9s

----- Epoch 14 (windowed) -----

###### Windowed train epoch 14 overall metrics
  loss: 0.0978 rmse: 0.244 r2: 0.634 corr: 0.805
***** Epoch 14 Val (windowed) *****
  loss: 0.0307 rmse: 0.242 r2: 0.636 corr: 0.800
********************
***** Epoch 14 Test (windowed) *****
  loss: 0.0385 rmse: 0.247 r2: 0.620 corr: 0.787
********************
  Epoch 14 done in 674.4s
  Saved best model → model/FIM_restoration_0412G_stations_monthly/2012/gat-rnn-v2-windowed_bs-128_lr-0.001_maxepoch-35_testyear-2012_win-3_nwin-10_seed-0/model-14

----- Epoch 15 (windowed) -----

###### Windowed train epoch 15 overall metrics
  loss: 0.0964 rmse: 0.242 r2: 0.640 corr: 0.807
***** Epoch 15 Val (windowed) *****
  loss: 0.0312 rmse: 0.247 r2: 0.619 corr: 0.806
********************
***** Epoch 15 Test (windowed) *****
  loss: 0.0390 rmse: 0.251 r2: 0.607 corr: 0.790
********************
  Epoch 15 done in 18.6s

----- Epoch 16 (windowed) -----

###### Windowed train epoch 16 overall metrics
  loss: 0.0937 rmse: 0.238 r2: 0.655 corr: 0.813
***** Epoch 16 Val (windowed) *****
  loss: 0.0305 rmse: 0.243 r2: 0.633 corr: 0.810
********************
***** Epoch 16 Test (windowed) *****
  loss: 0.0387 rmse: 0.249 r2: 0.612 corr: 0.789
********************
  Epoch 16 done in 18.6s

----- Epoch 17 (windowed) -----

###### Windowed train epoch 17 overall metrics
  loss: 0.0914 rmse: 0.234 r2: 0.665 corr: 0.821
***** Epoch 17 Val (windowed) *****
  loss: 0.0295 rmse: 0.238 r2: 0.646 corr: 0.816
********************
***** Epoch 17 Test (windowed) *****
  loss: 0.0376 rmse: 0.247 r2: 0.620 corr: 0.792
********************
  Epoch 17 done in 18.7s
  Saved best model → model/FIM_restoration_0412G_stations_monthly/2012/gat-rnn-v2-windowed_bs-128_lr-0.001_maxepoch-35_testyear-2012_win-3_nwin-10_seed-0/model-17

----- Epoch 18 (windowed) -----

###### Windowed train epoch 18 overall metrics
  loss: 0.0890 rmse: 0.232 r2: 0.670 corr: 0.822
***** Epoch 18 Val (windowed) *****
  loss: 0.0289 rmse: 0.238 r2: 0.648 corr: 0.821
********************
***** Epoch 18 Test (windowed) *****
  loss: 0.0373 rmse: 0.247 r2: 0.619 corr: 0.791
********************
  Epoch 18 done in 17.6s
  Saved best model → model/FIM_restoration_0412G_stations_monthly/2012/gat-rnn-v2-windowed_bs-128_lr-0.001_maxepoch-35_testyear-2012_win-3_nwin-10_seed-0/model-18

----- Epoch 19 (windowed) -----

###### Windowed train epoch 19 overall metrics
  loss: 0.0869 rmse: 0.228 r2: 0.681 corr: 0.830
***** Epoch 19 Val (windowed) *****
  loss: 0.0281 rmse: 0.236 r2: 0.652 corr: 0.823
********************
***** Epoch 19 Test (windowed) *****
  loss: 0.0378 rmse: 0.250 r2: 0.609 corr: 0.783
********************
  Epoch 19 done in 18.4s
  Saved best model → model/FIM_restoration_0412G_stations_monthly/2012/gat-rnn-v2-windowed_bs-128_lr-0.001_maxepoch-35_testyear-2012_win-3_nwin-10_seed-0/model-19

----- Epoch 20 (windowed) -----

###### Windowed train epoch 20 overall metrics
  loss: 0.0857 rmse: 0.225 r2: 0.690 corr: 0.834
***** Epoch 20 Val (windowed) *****
  loss: 0.0267 rmse: 0.228 r2: 0.676 corr: 0.824
********************
***** Epoch 20 Test (windowed) *****
  loss: 0.0369 rmse: 0.251 r2: 0.608 corr: 0.783
********************
  Epoch 20 done in 19.0s
  Saved best model → model/FIM_restoration_0412G_stations_monthly/2012/gat-rnn-v2-windowed_bs-128_lr-0.001_maxepoch-35_testyear-2012_win-3_nwin-10_seed-0/model-20

----- Epoch 21 (windowed) -----

###### Windowed train epoch 21 overall metrics
  loss: 0.0853 rmse: 0.228 r2: 0.682 corr: 0.830
***** Epoch 21 Val (windowed) *****
  loss: 0.0268 rmse: 0.233 r2: 0.661 corr: 0.830
********************
***** Epoch 21 Test (windowed) *****
  loss: 0.0367 rmse: 0.244 r2: 0.628 corr: 0.793
********************
  Epoch 21 done in 18.4s

----- Epoch 22 (windowed) -----

###### Windowed train epoch 22 overall metrics
  loss: 0.0838 rmse: 0.230 r2: 0.675 corr: 0.823
***** Epoch 22 Val (windowed) *****
  loss: 0.0253 rmse: 0.226 r2: 0.681 corr: 0.838
********************
***** Epoch 22 Test (windowed) *****
  loss: 0.0367 rmse: 0.245 r2: 0.625 corr: 0.791
********************
  Epoch 22 done in 19.0s
  Saved best model → model/FIM_restoration_0412G_stations_monthly/2012/gat-rnn-v2-windowed_bs-128_lr-0.001_maxepoch-35_testyear-2012_win-3_nwin-10_seed-0/model-22

----- Epoch 23 (windowed) -----

###### Windowed train epoch 23 overall metrics
  loss: 0.0826 rmse: 0.220 r2: 0.703 corr: 0.843
***** Epoch 23 Val (windowed) *****
  loss: 0.0262 rmse: 0.227 r2: 0.678 corr: 0.827
********************
***** Epoch 23 Test (windowed) *****
  loss: 0.0387 rmse: 0.254 r2: 0.598 corr: 0.777
********************
  Epoch 23 done in 18.5s

----- Epoch 24 (windowed) -----

###### Windowed train epoch 24 overall metrics
  loss: 0.0809 rmse: 0.218 r2: 0.710 corr: 0.846
***** Epoch 24 Val (windowed) *****
  loss: 0.0247 rmse: 0.222 r2: 0.692 corr: 0.841
********************
***** Epoch 24 Test (windowed) *****
  loss: 0.0351 rmse: 0.240 r2: 0.642 corr: 0.803
********************
  Epoch 24 done in 19.2s
  Saved best model → model/FIM_restoration_0412G_stations_monthly/2012/gat-rnn-v2-windowed_bs-128_lr-0.001_maxepoch-35_testyear-2012_win-3_nwin-10_seed-0/model-24

----- Epoch 25 (windowed) -----

###### Windowed train epoch 25 overall metrics
  loss: 0.0797 rmse: 0.215 r2: 0.716 corr: 0.848
***** Epoch 25 Val (windowed) *****
  loss: 0.0242 rmse: 0.217 r2: 0.707 corr: 0.844
********************
***** Epoch 25 Test (windowed) *****
  loss: 0.0369 rmse: 0.248 r2: 0.616 corr: 0.790
********************
  Epoch 25 done in 18.5s
  Saved best model → model/FIM_restoration_0412G_stations_monthly/2012/gat-rnn-v2-windowed_bs-128_lr-0.001_maxepoch-35_testyear-2012_win-3_nwin-10_seed-0/model-25

----- Epoch 26 (windowed) -----

###### Windowed train epoch 26 overall metrics
  loss: 0.0789 rmse: 0.214 r2: 0.718 corr: 0.851
***** Epoch 26 Val (windowed) *****
  loss: 0.0233 rmse: 0.215 r2: 0.712 corr: 0.851
********************
***** Epoch 26 Test (windowed) *****
  loss: 0.0371 rmse: 0.247 r2: 0.620 corr: 0.790
********************
  Epoch 26 done in 16.7s
  Saved best model → model/FIM_restoration_0412G_stations_monthly/2012/gat-rnn-v2-windowed_bs-128_lr-0.001_maxepoch-35_testyear-2012_win-3_nwin-10_seed-0/model-26

----- Epoch 27 (windowed) -----

###### Windowed train epoch 27 overall metrics
  loss: 0.0781 rmse: 0.212 r2: 0.725 corr: 0.854
***** Epoch 27 Val (windowed) *****
  loss: 0.0230 rmse: 0.210 r2: 0.725 corr: 0.856
********************
***** Epoch 27 Test (windowed) *****
  loss: 0.0366 rmse: 0.245 r2: 0.626 corr: 0.796
********************
  Epoch 27 done in 18.9s
  Saved best model → model/FIM_restoration_0412G_stations_monthly/2012/gat-rnn-v2-windowed_bs-128_lr-0.001_maxepoch-35_testyear-2012_win-3_nwin-10_seed-0/model-27

----- Epoch 28 (windowed) -----

###### Windowed train epoch 28 overall metrics
  loss: 0.0778 rmse: 0.212 r2: 0.725 corr: 0.855
***** Epoch 28 Val (windowed) *****
  loss: 0.0222 rmse: 0.209 r2: 0.728 corr: 0.857
********************
***** Epoch 28 Test (windowed) *****
  loss: 0.0358 rmse: 0.243 r2: 0.630 corr: 0.800
********************
  Epoch 28 done in 18.6s
  Saved best model → model/FIM_restoration_0412G_stations_monthly/2012/gat-rnn-v2-windowed_bs-128_lr-0.001_maxepoch-35_testyear-2012_win-3_nwin-10_seed-0/model-28

----- Epoch 29 (windowed) -----

###### Windowed train epoch 29 overall metrics
  loss: 0.0763 rmse: 0.208 r2: 0.736 corr: 0.861
***** Epoch 29 Val (windowed) *****
  loss: 0.0236 rmse: 0.206 r2: 0.736 corr: 0.858
********************
***** Epoch 29 Test (windowed) *****
  loss: 0.0374 rmse: 0.248 r2: 0.617 corr: 0.799
********************
  Epoch 29 done in 17.2s
  Saved best model → model/FIM_restoration_0412G_stations_monthly/2012/gat-rnn-v2-windowed_bs-128_lr-0.001_maxepoch-35_testyear-2012_win-3_nwin-10_seed-0/model-29

----- Epoch 30 (windowed) -----

###### Windowed train epoch 30 overall metrics
  loss: 0.0764 rmse: 0.208 r2: 0.735 corr: 0.860
***** Epoch 30 Val (windowed) *****
  loss: 0.0219 rmse: 0.206 r2: 0.737 corr: 0.863
********************
***** Epoch 30 Test (windowed) *****
  loss: 0.0369 rmse: 0.245 r2: 0.625 corr: 0.797
********************
  Epoch 30 done in 18.7s
  Saved best model → model/FIM_restoration_0412G_stations_monthly/2012/gat-rnn-v2-windowed_bs-128_lr-0.001_maxepoch-35_testyear-2012_win-3_nwin-10_seed-0/model-30

----- Epoch 31 (windowed) -----

###### Windowed train epoch 31 overall metrics
  loss: 0.0749 rmse: 0.206 r2: 0.740 corr: 0.862
***** Epoch 31 Val (windowed) *****
  loss: 0.0210 rmse: 0.206 r2: 0.737 corr: 0.868
********************
***** Epoch 31 Test (windowed) *****
  loss: 0.0361 rmse: 0.241 r2: 0.638 corr: 0.801
********************
  Epoch 31 done in 18.6s

----- Epoch 32 (windowed) -----

###### Windowed train epoch 32 overall metrics
  loss: 0.0742 rmse: 0.206 r2: 0.741 corr: 0.864
***** Epoch 32 Val (windowed) *****
  loss: 0.0217 rmse: 0.206 r2: 0.735 corr: 0.864
********************
***** Epoch 32 Test (windowed) *****
  loss: 0.0374 rmse: 0.245 r2: 0.625 corr: 0.794
********************
  Epoch 32 done in 18.0s

----- Epoch 33 (windowed) -----

###### Windowed train epoch 33 overall metrics
  loss: 0.0731 rmse: 0.204 r2: 0.745 corr: 0.865
***** Epoch 33 Val (windowed) *****
  loss: 0.0215 rmse: 0.213 r2: 0.719 corr: 0.860
********************
***** Epoch 33 Test (windowed) *****
  loss: 0.0357 rmse: 0.240 r2: 0.641 corr: 0.801
********************
  Epoch 33 done in 18.9s

----- Epoch 34 (windowed) -----

###### Windowed train epoch 34 overall metrics
  loss: 0.0727 rmse: 0.206 r2: 0.740 corr: 0.863
***** Epoch 34 Val (windowed) *****
  loss: 0.0208 rmse: 0.207 r2: 0.732 corr: 0.871
********************
***** Epoch 34 Test (windowed) *****
  loss: 0.0364 rmse: 0.245 r2: 0.626 corr: 0.793
********************
  Epoch 34 done in 18.2s
Fold done — best val RMSE=0.2056 test R²=0.6252 corr=0.7970

================================================================
Rolling-windowed  test_year=2013
  Val  : 2012
  Test : 2013
  win_size=3  n_windows=10
================================================================
Initially data (54319, 166)
After filtering (31272, 166)
get_X_Y
X shape (31272, 152)
Y shape (31272, 12)
Y (output) means tensor([[0.1417, 0.0112, 0.2628, 0.1501, 0.0152, 0.0632, 0.1666, 0.0213, 0.0409,
         0.0127, 0.0391, 0.1403]]) stds tensor([[0.4722, 0.1316, 0.6428, 0.5588, 0.1458, 0.3083, 0.5297, 0.1835, 0.2743,
         0.1529, 0.2966, 0.4492]])
Y count-scale means tensor([[0.4777, 0.0326, 1.0507, 0.7974, 0.0396, 0.2179, 0.6254, 0.0651, 0.1686,
         0.0440, 0.2938, 0.4229]]) stds tensor([[3.4002, 0.6254, 6.3290, 6.3890, 0.6208, 4.2347, 4.0371, 0.9911, 2.5418,
         0.7672, 8.0125, 2.6510]])
/Users/liyingnceas/GitHub/GNN-RNN-main/gnn-lstm-v4/utils/data_utils.py:274: RuntimeWarning: Mean of empty slice
  np.nanmean(county_dict[county], axis=0).astype(np.float32)
Filled 78616 missing (node, year) entries from neighbors or year averages
[2D] Station nodes: 587, adj nnz: 2910
[build_year_XY_windowed] data_start=1998, min_pred_year=2009, test_year=2013, win_size=3, n_windows=10
  built windows for T=2009
[build_year_XY_windowed] built windowed XY for 5 prediction years (2009–2013)
  GAT_RNN_V2: edge_feat_dim=3, n_heads=4, n_hidden=64
  [Bayes] Species rarity weights (mean=1): min=0.64 max=1.31  (rarest=Centropomus undecimalis_SA)

----- Epoch 0 (windowed) -----

###### Windowed train epoch 0 overall metrics
  loss: 0.2139 rmse: 0.398 r2: 0.032 corr: 0.206
***** Epoch 0 Val (windowed) *****
  loss: 0.0797 rmse: 0.388 r2: 0.063 corr: 0.292
********************
***** Epoch 0 Test (windowed) *****
  loss: 0.0865 rmse: 0.418 r2: 0.060 corr: 0.302
********************
  Epoch 0 done in 23.7s
  Saved best model → model/FIM_restoration_0412G_stations_monthly/2013/gat-rnn-v2-windowed_bs-128_lr-0.001_maxepoch-35_testyear-2013_win-3_nwin-10_seed-0/model-0

----- Epoch 1 (windowed) -----

###### Windowed train epoch 1 overall metrics
  loss: 0.1852 rmse: 0.381 r2: 0.112 corr: 0.364
***** Epoch 1 Val (windowed) *****
  loss: 0.0716 rmse: 0.363 r2: 0.179 corr: 0.466
********************
***** Epoch 1 Test (windowed) *****
  loss: 0.0778 rmse: 0.396 r2: 0.158 corr: 0.450
********************
  Epoch 1 done in 23.1s
  Saved best model → model/FIM_restoration_0412G_stations_monthly/2013/gat-rnn-v2-windowed_bs-128_lr-0.001_maxepoch-35_testyear-2013_win-3_nwin-10_seed-0/model-1

----- Epoch 2 (windowed) -----

###### Windowed train epoch 2 overall metrics
  loss: 0.1665 rmse: 0.356 r2: 0.227 corr: 0.509
***** Epoch 2 Val (windowed) *****
  loss: 0.0638 rmse: 0.340 r2: 0.282 corr: 0.598
********************
***** Epoch 2 Test (windowed) *****
  loss: 0.0687 rmse: 0.374 r2: 0.246 corr: 0.573
********************
  Epoch 2 done in 23.0s
  Saved best model → model/FIM_restoration_0412G_stations_monthly/2013/gat-rnn-v2-windowed_bs-128_lr-0.001_maxepoch-35_testyear-2013_win-3_nwin-10_seed-0/model-2

----- Epoch 3 (windowed) -----

###### Windowed train epoch 3 overall metrics
  loss: 0.1495 rmse: 0.327 r2: 0.344 corr: 0.623
***** Epoch 3 Val (windowed) *****
  loss: 0.0562 rmse: 0.307 r2: 0.415 corr: 0.662
********************
***** Epoch 3 Test (windowed) *****
  loss: 0.0627 rmse: 0.346 r2: 0.357 corr: 0.619
********************
  Epoch 3 done in 23.0s
  Saved best model → model/FIM_restoration_0412G_stations_monthly/2013/gat-rnn-v2-windowed_bs-128_lr-0.001_maxepoch-35_testyear-2013_win-3_nwin-10_seed-0/model-3

----- Epoch 4 (windowed) -----

###### Windowed train epoch 4 overall metrics
  loss: 0.1363 rmse: 0.303 r2: 0.439 corr: 0.683
***** Epoch 4 Val (windowed) *****
  loss: 0.0514 rmse: 0.285 r2: 0.496 corr: 0.724
********************
***** Epoch 4 Test (windowed) *****
  loss: 0.0586 rmse: 0.331 r2: 0.411 corr: 0.662
********************
  Epoch 4 done in 23.1s
  Saved best model → model/FIM_restoration_0412G_stations_monthly/2013/gat-rnn-v2-windowed_bs-128_lr-0.001_maxepoch-35_testyear-2013_win-3_nwin-10_seed-0/model-4

----- Epoch 5 (windowed) -----

###### Windowed train epoch 5 overall metrics
  loss: 0.1259 rmse: 0.284 r2: 0.507 corr: 0.732
***** Epoch 5 Val (windowed) *****
  loss: 0.0479 rmse: 0.274 r2: 0.533 corr: 0.758
********************
***** Epoch 5 Test (windowed) *****
  loss: 0.0548 rmse: 0.320 r2: 0.449 corr: 0.704
********************
  Epoch 5 done in 23.1s
  Saved best model → model/FIM_restoration_0412G_stations_monthly/2013/gat-rnn-v2-windowed_bs-128_lr-0.001_maxepoch-35_testyear-2013_win-3_nwin-10_seed-0/model-5

----- Epoch 6 (windowed) -----

###### Windowed train epoch 6 overall metrics
  loss: 0.1184 rmse: 0.270 r2: 0.554 corr: 0.758
***** Epoch 6 Val (windowed) *****
  loss: 0.0424 rmse: 0.258 r2: 0.586 corr: 0.785
********************
***** Epoch 6 Test (windowed) *****
  loss: 0.0512 rmse: 0.307 r2: 0.491 corr: 0.727
********************
  Epoch 6 done in 21.0s
  Saved best model → model/FIM_restoration_0412G_stations_monthly/2013/gat-rnn-v2-windowed_bs-128_lr-0.001_maxepoch-35_testyear-2013_win-3_nwin-10_seed-0/model-6

----- Epoch 7 (windowed) -----

###### Windowed train epoch 7 overall metrics
  loss: 0.1104 rmse: 0.260 r2: 0.587 corr: 0.781
***** Epoch 7 Val (windowed) *****
  loss: 0.0388 rmse: 0.244 r2: 0.628 corr: 0.805
********************
***** Epoch 7 Test (windowed) *****
  loss: 0.0488 rmse: 0.300 r2: 0.516 corr: 0.736
********************
  Epoch 7 done in 924.6s
  Saved best model → model/FIM_restoration_0412G_stations_monthly/2013/gat-rnn-v2-windowed_bs-128_lr-0.001_maxepoch-35_testyear-2013_win-3_nwin-10_seed-0/model-7

----- Epoch 8 (windowed) -----

###### Windowed train epoch 8 overall metrics
  loss: 0.1064 rmse: 0.252 r2: 0.611 corr: 0.790
***** Epoch 8 Val (windowed) *****
  loss: 0.0377 rmse: 0.247 r2: 0.621 corr: 0.817
********************
***** Epoch 8 Test (windowed) *****
  loss: 0.0478 rmse: 0.302 r2: 0.509 corr: 0.752
********************
  Epoch 8 done in 20.3s

----- Epoch 9 (windowed) -----

###### Windowed train epoch 9 overall metrics
  loss: 0.1025 rmse: 0.249 r2: 0.620 corr: 0.797
***** Epoch 9 Val (windowed) *****
  loss: 0.0368 rmse: 0.238 r2: 0.649 corr: 0.816
********************
***** Epoch 9 Test (windowed) *****
  loss: 0.0470 rmse: 0.295 r2: 0.533 corr: 0.748
********************
  Epoch 9 done in 124.7s
  Saved best model → model/FIM_restoration_0412G_stations_monthly/2013/gat-rnn-v2-windowed_bs-128_lr-0.001_maxepoch-35_testyear-2013_win-3_nwin-10_seed-0/model-9

----- Epoch 10 (windowed) -----

###### Windowed train epoch 10 overall metrics
  loss: 0.1002 rmse: 0.244 r2: 0.636 corr: 0.803
***** Epoch 10 Val (windowed) *****
  loss: 0.0353 rmse: 0.233 r2: 0.663 corr: 0.825
********************
***** Epoch 10 Test (windowed) *****
  loss: 0.0465 rmse: 0.294 r2: 0.536 corr: 0.748
********************
  Epoch 10 done in 22.6s
  Saved best model → model/FIM_restoration_0412G_stations_monthly/2013/gat-rnn-v2-windowed_bs-128_lr-0.001_maxepoch-35_testyear-2013_win-3_nwin-10_seed-0/model-10

----- Epoch 11 (windowed) -----

###### Windowed train epoch 11 overall metrics
  loss: 0.0951 rmse: 0.240 r2: 0.648 corr: 0.811
***** Epoch 11 Val (windowed) *****
  loss: 0.0328 rmse: 0.223 r2: 0.691 corr: 0.835
********************
***** Epoch 11 Test (windowed) *****
  loss: 0.0436 rmse: 0.285 r2: 0.563 corr: 0.757
********************
  Epoch 11 done in 1025.3s
  Saved best model → model/FIM_restoration_0412G_stations_monthly/2013/gat-rnn-v2-windowed_bs-128_lr-0.001_maxepoch-35_testyear-2013_win-3_nwin-10_seed-0/model-11

----- Epoch 12 (windowed) -----

###### Windowed train epoch 12 overall metrics
  loss: 0.0943 rmse: 0.237 r2: 0.656 corr: 0.814
***** Epoch 12 Val (windowed) *****
  loss: 0.0333 rmse: 0.226 r2: 0.682 corr: 0.839
********************
***** Epoch 12 Test (windowed) *****
  loss: 0.0437 rmse: 0.288 r2: 0.552 corr: 0.763
********************
  Epoch 12 done in 23.2s

----- Epoch 13 (windowed) -----

###### Windowed train epoch 13 overall metrics
  loss: 0.0917 rmse: 0.235 r2: 0.662 corr: 0.820
***** Epoch 13 Val (windowed) *****
  loss: 0.0319 rmse: 0.222 r2: 0.693 corr: 0.843
********************
***** Epoch 13 Test (windowed) *****
  loss: 0.0435 rmse: 0.287 r2: 0.556 corr: 0.764
********************
  Epoch 13 done in 23.7s
  Saved best model → model/FIM_restoration_0412G_stations_monthly/2013/gat-rnn-v2-windowed_bs-128_lr-0.001_maxepoch-35_testyear-2013_win-3_nwin-10_seed-0/model-13

----- Epoch 14 (windowed) -----

###### Windowed train epoch 14 overall metrics
  loss: 0.0893 rmse: 0.229 r2: 0.680 corr: 0.831
***** Epoch 14 Val (windowed) *****
  loss: 0.0306 rmse: 0.221 r2: 0.697 corr: 0.847
********************
***** Epoch 14 Test (windowed) *****
  loss: 0.0427 rmse: 0.285 r2: 0.562 corr: 0.768
********************
  Epoch 14 done in 24.6s
  Saved best model → model/FIM_restoration_0412G_stations_monthly/2013/gat-rnn-v2-windowed_bs-128_lr-0.001_maxepoch-35_testyear-2013_win-3_nwin-10_seed-0/model-14

----- Epoch 15 (windowed) -----

###### Windowed train epoch 15 overall metrics
  loss: 0.0884 rmse: 0.230 r2: 0.677 corr: 0.828
***** Epoch 15 Val (windowed) *****
  loss: 0.0297 rmse: 0.225 r2: 0.685 corr: 0.839
********************
***** Epoch 15 Test (windowed) *****
  loss: 0.0424 rmse: 0.292 r2: 0.542 corr: 0.751
********************
  Epoch 15 done in 21.8s

----- Epoch 16 (windowed) -----

###### Windowed train epoch 16 overall metrics
  loss: 0.0867 rmse: 0.229 r2: 0.679 corr: 0.828
***** Epoch 16 Val (windowed) *****
  loss: 0.0304 rmse: 0.222 r2: 0.693 corr: 0.850
********************
***** Epoch 16 Test (windowed) *****
  loss: 0.0435 rmse: 0.292 r2: 0.541 corr: 0.754
********************
  Epoch 16 done in 26.2s

----- Epoch 17 (windowed) -----

###### Windowed train epoch 17 overall metrics
  loss: 0.0847 rmse: 0.224 r2: 0.692 corr: 0.837
***** Epoch 17 Val (windowed) *****
  loss: 0.0290 rmse: 0.208 r2: 0.732 corr: 0.856
********************
***** Epoch 17 Test (windowed) *****
  loss: 0.0419 rmse: 0.275 r2: 0.593 corr: 0.770
********************
  Epoch 17 done in 311.8s
  Saved best model → model/FIM_restoration_0412G_stations_monthly/2013/gat-rnn-v2-windowed_bs-128_lr-0.001_maxepoch-35_testyear-2013_win-3_nwin-10_seed-0/model-17

----- Epoch 18 (windowed) -----

###### Windowed train epoch 18 overall metrics
  loss: 0.0837 rmse: 0.222 r2: 0.699 corr: 0.840
***** Epoch 18 Val (windowed) *****
  loss: 0.0285 rmse: 0.204 r2: 0.740 corr: 0.861
********************
***** Epoch 18 Test (windowed) *****
  loss: 0.0426 rmse: 0.277 r2: 0.586 corr: 0.766
********************
  Epoch 18 done in 23.4s
  Saved best model → model/FIM_restoration_0412G_stations_monthly/2013/gat-rnn-v2-windowed_bs-128_lr-0.001_maxepoch-35_testyear-2013_win-3_nwin-10_seed-0/model-18

----- Epoch 19 (windowed) -----

###### Windowed train epoch 19 overall metrics
  loss: 0.0823 rmse: 0.218 r2: 0.708 corr: 0.846
***** Epoch 19 Val (windowed) *****
  loss: 0.0273 rmse: 0.207 r2: 0.733 corr: 0.866
********************
***** Epoch 19 Test (windowed) *****
  loss: 0.0415 rmse: 0.281 r2: 0.575 corr: 0.770
********************
  Epoch 19 done in 23.0s

----- Epoch 20 (windowed) -----

###### Windowed train epoch 20 overall metrics
  loss: 0.0809 rmse: 0.218 r2: 0.711 corr: 0.847
***** Epoch 20 Val (windowed) *****
  loss: 0.0266 rmse: 0.210 r2: 0.727 corr: 0.864
********************
***** Epoch 20 Test (windowed) *****
  loss: 0.0410 rmse: 0.279 r2: 0.582 corr: 0.774
********************
  Epoch 20 done in 20.0s

----- Epoch 21 (windowed) -----

###### Windowed train epoch 21 overall metrics
  loss: 0.0790 rmse: 0.215 r2: 0.718 corr: 0.852
***** Epoch 21 Val (windowed) *****
  loss: 0.0253 rmse: 0.196 r2: 0.761 corr: 0.874
********************
***** Epoch 21 Test (windowed) *****
  loss: 0.0412 rmse: 0.274 r2: 0.595 corr: 0.773
********************
  Epoch 21 done in 23.8s
  Saved best model → model/FIM_restoration_0412G_stations_monthly/2013/gat-rnn-v2-windowed_bs-128_lr-0.001_maxepoch-35_testyear-2013_win-3_nwin-10_seed-0/model-21

----- Epoch 22 (windowed) -----

###### Windowed train epoch 22 overall metrics
  loss: 0.0787 rmse: 0.214 r2: 0.719 corr: 0.851
***** Epoch 22 Val (windowed) *****
  loss: 0.0262 rmse: 0.202 r2: 0.747 corr: 0.872
********************
***** Epoch 22 Test (windowed) *****
  loss: 0.0408 rmse: 0.277 r2: 0.588 corr: 0.774
********************
  Epoch 22 done in 22.7s

----- Epoch 23 (windowed) -----

###### Windowed train epoch 23 overall metrics
  loss: 0.0768 rmse: 0.208 r2: 0.734 corr: 0.862
***** Epoch 23 Val (windowed) *****
  loss: 0.0250 rmse: 0.197 r2: 0.760 corr: 0.878
********************
***** Epoch 23 Test (windowed) *****
  loss: 0.0405 rmse: 0.277 r2: 0.588 corr: 0.775
********************
  Epoch 23 done in 23.3s

----- Epoch 24 (windowed) -----

###### Windowed train epoch 24 overall metrics
  loss: 0.0756 rmse: 0.208 r2: 0.736 corr: 0.862
***** Epoch 24 Val (windowed) *****
  loss: 0.0236 rmse: 0.189 r2: 0.778 corr: 0.882
********************
***** Epoch 24 Test (windowed) *****
  loss: 0.0412 rmse: 0.275 r2: 0.593 corr: 0.771
********************
  Epoch 24 done in 23.3s
  Saved best model → model/FIM_restoration_0412G_stations_monthly/2013/gat-rnn-v2-windowed_bs-128_lr-0.001_maxepoch-35_testyear-2013_win-3_nwin-10_seed-0/model-24

----- Epoch 25 (windowed) -----

###### Windowed train epoch 25 overall metrics
  loss: 0.0745 rmse: 0.206 r2: 0.740 corr: 0.863
***** Epoch 25 Val (windowed) *****
  loss: 0.0246 rmse: 0.197 r2: 0.758 corr: 0.878
********************
***** Epoch 25 Test (windowed) *****
  loss: 0.0423 rmse: 0.281 r2: 0.575 corr: 0.766
********************
  Epoch 25 done in 23.3s

----- Epoch 26 (windowed) -----

###### Windowed train epoch 26 overall metrics
  loss: 0.0736 rmse: 0.204 r2: 0.744 corr: 0.867
***** Epoch 26 Val (windowed) *****
  loss: 0.0235 rmse: 0.188 r2: 0.780 corr: 0.883
********************
***** Epoch 26 Test (windowed) *****
  loss: 0.0425 rmse: 0.278 r2: 0.584 corr: 0.765
********************
  Epoch 26 done in 24.4s
  Saved best model → model/FIM_restoration_0412G_stations_monthly/2013/gat-rnn-v2-windowed_bs-128_lr-0.001_maxepoch-35_testyear-2013_win-3_nwin-10_seed-0/model-26

----- Epoch 27 (windowed) -----

###### Windowed train epoch 27 overall metrics
  loss: 0.0728 rmse: 0.203 r2: 0.748 corr: 0.867
***** Epoch 27 Val (windowed) *****
  loss: 0.0223 rmse: 0.193 r2: 0.767 corr: 0.882
********************
***** Epoch 27 Test (windowed) *****
  loss: 0.0407 rmse: 0.279 r2: 0.580 corr: 0.768
********************
  Epoch 27 done in 23.6s

----- Epoch 28 (windowed) -----

###### Windowed train epoch 28 overall metrics
  loss: 0.0718 rmse: 0.205 r2: 0.744 corr: 0.864
***** Epoch 28 Val (windowed) *****
  loss: 0.0230 rmse: 0.201 r2: 0.749 corr: 0.884
********************
***** Epoch 28 Test (windowed) *****
  loss: 0.0416 rmse: 0.284 r2: 0.565 corr: 0.763
********************
  Epoch 28 done in 23.1s

----- Epoch 29 (windowed) -----

###### Windowed train epoch 29 overall metrics
  loss: 0.0703 rmse: 0.202 r2: 0.750 corr: 0.870
***** Epoch 29 Val (windowed) *****
  loss: 0.0215 rmse: 0.184 r2: 0.790 corr: 0.890
********************
***** Epoch 29 Test (windowed) *****
  loss: 0.0411 rmse: 0.274 r2: 0.596 corr: 0.773
********************
  Epoch 29 done in 21.9s
  Saved best model → model/FIM_restoration_0412G_stations_monthly/2013/gat-rnn-v2-windowed_bs-128_lr-0.001_maxepoch-35_testyear-2013_win-3_nwin-10_seed-0/model-29

----- Epoch 30 (windowed) -----

###### Windowed train epoch 30 overall metrics
  loss: 0.0702 rmse: 0.200 r2: 0.755 corr: 0.872
***** Epoch 30 Val (windowed) *****
  loss: 0.0221 rmse: 0.186 r2: 0.786 corr: 0.888
********************
***** Epoch 30 Test (windowed) *****
  loss: 0.0415 rmse: 0.277 r2: 0.588 corr: 0.769
********************
  Epoch 30 done in 23.2s

----- Epoch 31 (windowed) -----

###### Windowed train epoch 31 overall metrics
  loss: 0.0694 rmse: 0.199 r2: 0.759 corr: 0.874
***** Epoch 31 Val (windowed) *****
  loss: 0.0209 rmse: 0.182 r2: 0.793 corr: 0.891
********************
***** Epoch 31 Test (windowed) *****
  loss: 0.0413 rmse: 0.279 r2: 0.580 corr: 0.763
********************
  Epoch 31 done in 23.2s
  Saved best model → model/FIM_restoration_0412G_stations_monthly/2013/gat-rnn-v2-windowed_bs-128_lr-0.001_maxepoch-35_testyear-2013_win-3_nwin-10_seed-0/model-31

----- Epoch 32 (windowed) -----

###### Windowed train epoch 32 overall metrics
  loss: 0.0682 rmse: 0.194 r2: 0.769 corr: 0.879
***** Epoch 32 Val (windowed) *****
  loss: 0.0211 rmse: 0.181 r2: 0.797 corr: 0.894
********************
***** Epoch 32 Test (windowed) *****
  loss: 0.0418 rmse: 0.276 r2: 0.590 corr: 0.769
********************
  Epoch 32 done in 23.8s
  Saved best model → model/FIM_restoration_0412G_stations_monthly/2013/gat-rnn-v2-windowed_bs-128_lr-0.001_maxepoch-35_testyear-2013_win-3_nwin-10_seed-0/model-32

----- Epoch 33 (windowed) -----

###### Windowed train epoch 33 overall metrics
  loss: 0.0675 rmse: 0.193 r2: 0.771 corr: 0.881
***** Epoch 33 Val (windowed) *****
  loss: 0.0223 rmse: 0.193 r2: 0.769 corr: 0.881
********************
***** Epoch 33 Test (windowed) *****
  loss: 0.0419 rmse: 0.283 r2: 0.568 corr: 0.758
********************
  Epoch 33 done in 23.3s

----- Epoch 34 (windowed) -----

###### Windowed train epoch 34 overall metrics
  loss: 0.0670 rmse: 0.195 r2: 0.768 corr: 0.879
***** Epoch 34 Val (windowed) *****
  loss: 0.0222 rmse: 0.195 r2: 0.765 corr: 0.883
********************
***** Epoch 34 Test (windowed) *****
  loss: 0.0416 rmse: 0.283 r2: 0.568 corr: 0.758
********************
  Epoch 34 done in 23.0s
Fold done — best val RMSE=0.1809 test R²=0.5901 corr=0.7691

================================================================
Rolling-windowed  test_year=2014
  Val  : 2013
  Test : 2014
  win_size=3  n_windows=10
================================================================
Initially data (54319, 166)
After filtering (33349, 166)
get_X_Y
X shape (33349, 152)
Y shape (33349, 12)
Y (output) means tensor([[0.1413, 0.0112, 0.2588, 0.1486, 0.0158, 0.0633, 0.1654, 0.0232, 0.0415,
         0.0122, 0.0379, 0.1400]]) stds tensor([[0.4695, 0.1307, 0.6365, 0.5543, 0.1488, 0.3080, 0.5266, 0.1933, 0.2753,
         0.1486, 0.2914, 0.4479]])
Y count-scale means tensor([[0.4699, 0.0323, 1.0255, 0.7801, 0.0413, 0.2146, 0.6164, 0.0726, 0.1676,
         0.0416, 0.2793, 0.4210]]) stds tensor([[3.3118, 0.6202, 6.2501, 6.2437, 0.6374, 4.0883, 3.9653, 1.0581, 2.4707,
         0.7408, 7.7252, 2.6878]])
/Users/liyingnceas/GitHub/GNN-RNN-main/gnn-lstm-v4/utils/data_utils.py:274: RuntimeWarning: Mean of empty slice
  np.nanmean(county_dict[county], axis=0).astype(np.float32)
Filled 83815 missing (node, year) entries from neighbors or year averages
[2D] Station nodes: 587, adj nnz: 2910
[build_year_XY_windowed] data_start=1998, min_pred_year=2009, test_year=2014, win_size=3, n_windows=10
  built windows for T=2009
  built windows for T=2014
[build_year_XY_windowed] built windowed XY for 6 prediction years (2009–2014)
  GAT_RNN_V2: edge_feat_dim=3, n_heads=4, n_hidden=64
  [Bayes] Species rarity weights (mean=1): min=0.64 max=1.31  (rarest=Centropomus undecimalis_SA)

----- Epoch 0 (windowed) -----

###### Windowed train epoch 0 overall metrics
  loss: 0.2060 rmse: 0.400 r2: 0.049 corr: 0.251
***** Epoch 0 Val (windowed) *****
  loss: 0.0838 rmse: 0.403 r2: 0.127 corr: 0.388
********************
***** Epoch 0 Test (windowed) *****
  loss: 0.0954 rmse: 0.439 r2: 0.110 corr: 0.370
********************
  Epoch 0 done in 28.2s
  Saved best model → model/FIM_restoration_0412G_stations_monthly/2014/gat-rnn-v2-windowed_bs-128_lr-0.001_maxepoch-35_testyear-2014_win-3_nwin-10_seed-0/model-0

----- Epoch 1 (windowed) -----

###### Windowed train epoch 1 overall metrics
  loss: 0.1768 rmse: 0.373 r2: 0.174 corr: 0.447
***** Epoch 1 Val (windowed) *****
  loss: 0.0716 rmse: 0.376 r2: 0.238 corr: 0.515
********************
***** Epoch 1 Test (windowed) *****
  loss: 0.0836 rmse: 0.411 r2: 0.218 corr: 0.499
********************
  Epoch 1 done in 27.5s
  Saved best model → model/FIM_restoration_0412G_stations_monthly/2014/gat-rnn-v2-windowed_bs-128_lr-0.001_maxepoch-35_testyear-2014_win-3_nwin-10_seed-0/model-1

----- Epoch 2 (windowed) -----

###### Windowed train epoch 2 overall metrics
  loss: 0.1593 rmse: 0.347 r2: 0.283 corr: 0.558
***** Epoch 2 Val (windowed) *****
  loss: 0.0619 rmse: 0.353 r2: 0.330 corr: 0.621
********************
***** Epoch 2 Test (windowed) *****
  loss: 0.0717 rmse: 0.387 r2: 0.309 corr: 0.607
********************
  Epoch 2 done in 26.9s
  Saved best model → model/FIM_restoration_0412G_stations_monthly/2014/gat-rnn-v2-windowed_bs-128_lr-0.001_maxepoch-35_testyear-2014_win-3_nwin-10_seed-0/model-2

----- Epoch 3 (windowed) -----

###### Windowed train epoch 3 overall metrics
  loss: 0.1405 rmse: 0.317 r2: 0.402 corr: 0.662
***** Epoch 3 Val (windowed) *****
  loss: 0.0555 rmse: 0.324 r2: 0.435 corr: 0.693
********************
***** Epoch 3 Test (windowed) *****
  loss: 0.0643 rmse: 0.358 r2: 0.407 corr: 0.673
********************
  Epoch 3 done in 26.4s
  Saved best model → model/FIM_restoration_0412G_stations_monthly/2014/gat-rnn-v2-windowed_bs-128_lr-0.001_maxepoch-35_testyear-2014_win-3_nwin-10_seed-0/model-3

----- Epoch 4 (windowed) -----

###### Windowed train epoch 4 overall metrics
  loss: 0.1276 rmse: 0.295 r2: 0.482 corr: 0.712
***** Epoch 4 Val (windowed) *****
  loss: 0.0501 rmse: 0.311 r2: 0.480 corr: 0.725
********************
***** Epoch 4 Test (windowed) *****
  loss: 0.0576 rmse: 0.348 r2: 0.441 corr: 0.700
********************
  Epoch 4 done in 27.0s
  Saved best model → model/FIM_restoration_0412G_stations_monthly/2014/gat-rnn-v2-windowed_bs-128_lr-0.001_maxepoch-35_testyear-2014_win-3_nwin-10_seed-0/model-4

----- Epoch 5 (windowed) -----

###### Windowed train epoch 5 overall metrics
  loss: 0.1169 rmse: 0.279 r2: 0.536 corr: 0.745
***** Epoch 5 Val (windowed) *****
  loss: 0.0470 rmse: 0.301 r2: 0.513 corr: 0.737
********************
***** Epoch 5 Test (windowed) *****
  loss: 0.0535 rmse: 0.339 r2: 0.470 corr: 0.714
********************
  Epoch 5 done in 989.3s
  Saved best model → model/FIM_restoration_0412G_stations_monthly/2014/gat-rnn-v2-windowed_bs-128_lr-0.001_maxepoch-35_testyear-2014_win-3_nwin-10_seed-0/model-5

----- Epoch 6 (windowed) -----

###### Windowed train epoch 6 overall metrics
  loss: 0.1099 rmse: 0.269 r2: 0.570 corr: 0.766
***** Epoch 6 Val (windowed) *****
  loss: 0.0421 rmse: 0.283 r2: 0.569 corr: 0.766
********************
***** Epoch 6 Test (windowed) *****
  loss: 0.0469 rmse: 0.318 r2: 0.532 corr: 0.748
********************
  Epoch 6 done in 27.9s
  Saved best model → model/FIM_restoration_0412G_stations_monthly/2014/gat-rnn-v2-windowed_bs-128_lr-0.001_maxepoch-35_testyear-2014_win-3_nwin-10_seed-0/model-6

----- Epoch 7 (windowed) -----

###### Windowed train epoch 7 overall metrics
  loss: 0.1025 rmse: 0.260 r2: 0.596 corr: 0.781
***** Epoch 7 Val (windowed) *****
  loss: 0.0405 rmse: 0.277 r2: 0.586 corr: 0.773
********************
***** Epoch 7 Test (windowed) *****
  loss: 0.0456 rmse: 0.315 r2: 0.542 corr: 0.753
********************
  Epoch 7 done in 28.1s
  Saved best model → model/FIM_restoration_0412G_stations_monthly/2014/gat-rnn-v2-windowed_bs-128_lr-0.001_maxepoch-35_testyear-2014_win-3_nwin-10_seed-0/model-7

----- Epoch 8 (windowed) -----

###### Windowed train epoch 8 overall metrics
  loss: 0.0990 rmse: 0.254 r2: 0.616 corr: 0.793
***** Epoch 8 Val (windowed) *****
  loss: 0.0394 rmse: 0.278 r2: 0.584 corr: 0.785
********************
***** Epoch 8 Test (windowed) *****
  loss: 0.0441 rmse: 0.311 r2: 0.553 corr: 0.775
********************
  Epoch 8 done in 24.5s

----- Epoch 9 (windowed) -----

###### Windowed train epoch 9 overall metrics
  loss: 0.0955 rmse: 0.248 r2: 0.634 corr: 0.803
***** Epoch 9 Val (windowed) *****
  loss: 0.0363 rmse: 0.273 r2: 0.599 corr: 0.799
********************
***** Epoch 9 Test (windowed) *****
  loss: 0.0412 rmse: 0.303 r2: 0.576 corr: 0.785
********************
  Epoch 9 done in 392.9s
  Saved best model → model/FIM_restoration_0412G_stations_monthly/2014/gat-rnn-v2-windowed_bs-128_lr-0.001_maxepoch-35_testyear-2014_win-3_nwin-10_seed-0/model-9

----- Epoch 10 (windowed) -----

###### Windowed train epoch 10 overall metrics
  loss: 0.0925 rmse: 0.246 r2: 0.639 corr: 0.808
***** Epoch 10 Val (windowed) *****
  loss: 0.0353 rmse: 0.258 r2: 0.641 corr: 0.804
********************
***** Epoch 10 Test (windowed) *****
  loss: 0.0407 rmse: 0.295 r2: 0.598 corr: 0.779
********************
  Epoch 10 done in 27.3s
  Saved best model → model/FIM_restoration_0412G_stations_monthly/2014/gat-rnn-v2-windowed_bs-128_lr-0.001_maxepoch-35_testyear-2014_win-3_nwin-10_seed-0/model-10

----- Epoch 11 (windowed) -----

###### Windowed train epoch 11 overall metrics
  loss: 0.0911 rmse: 0.243 r2: 0.649 corr: 0.811
***** Epoch 11 Val (windowed) *****
  loss: 0.0357 rmse: 0.263 r2: 0.628 corr: 0.803
********************
***** Epoch 11 Test (windowed) *****
  loss: 0.0409 rmse: 0.297 r2: 0.594 corr: 0.783
********************
  Epoch 11 done in 26.8s

----- Epoch 12 (windowed) -----

###### Windowed train epoch 12 overall metrics
  loss: 0.0894 rmse: 0.239 r2: 0.660 corr: 0.819
***** Epoch 12 Val (windowed) *****
  loss: 0.0330 rmse: 0.257 r2: 0.646 corr: 0.811
********************
***** Epoch 12 Test (windowed) *****
  loss: 0.0411 rmse: 0.296 r2: 0.594 corr: 0.782
********************
  Epoch 12 done in 368.2s
  Saved best model → model/FIM_restoration_0412G_stations_monthly/2014/gat-rnn-v2-windowed_bs-128_lr-0.001_maxepoch-35_testyear-2014_win-3_nwin-10_seed-0/model-12

----- Epoch 13 (windowed) -----

###### Windowed train epoch 13 overall metrics
  loss: 0.0869 rmse: 0.237 r2: 0.666 corr: 0.821
***** Epoch 13 Val (windowed) *****
  loss: 0.0323 rmse: 0.255 r2: 0.650 corr: 0.815
********************
***** Epoch 13 Test (windowed) *****
  loss: 0.0406 rmse: 0.291 r2: 0.609 corr: 0.786
********************
  Epoch 13 done in 29.7s
  Saved best model → model/FIM_restoration_0412G_stations_monthly/2014/gat-rnn-v2-windowed_bs-128_lr-0.001_maxepoch-35_testyear-2014_win-3_nwin-10_seed-0/model-13

----- Epoch 14 (windowed) -----

###### Windowed train epoch 14 overall metrics
  loss: 0.0853 rmse: 0.234 r2: 0.674 corr: 0.826
***** Epoch 14 Val (windowed) *****
  loss: 0.0351 rmse: 0.273 r2: 0.600 corr: 0.817
********************
***** Epoch 14 Test (windowed) *****
  loss: 0.0438 rmse: 0.309 r2: 0.559 corr: 0.776
********************
  Epoch 14 done in 28.6s

----- Epoch 15 (windowed) -----

###### Windowed train epoch 15 overall metrics
  loss: 0.0832 rmse: 0.230 r2: 0.684 corr: 0.833
***** Epoch 15 Val (windowed) *****
  loss: 0.0306 rmse: 0.251 r2: 0.661 corr: 0.826
********************
***** Epoch 15 Test (windowed) *****
  loss: 0.0397 rmse: 0.293 r2: 0.603 corr: 0.784
********************
  Epoch 15 done in 27.4s
  Saved best model → model/FIM_restoration_0412G_stations_monthly/2014/gat-rnn-v2-windowed_bs-128_lr-0.001_maxepoch-35_testyear-2014_win-3_nwin-10_seed-0/model-15

----- Epoch 16 (windowed) -----

###### Windowed train epoch 16 overall metrics
  loss: 0.0816 rmse: 0.229 r2: 0.689 corr: 0.835
***** Epoch 16 Val (windowed) *****
  loss: 0.0306 rmse: 0.250 r2: 0.665 corr: 0.829
********************
***** Epoch 16 Test (windowed) *****
  loss: 0.0417 rmse: 0.296 r2: 0.595 corr: 0.786
********************
  Epoch 16 done in 25.2s
  Saved best model → model/FIM_restoration_0412G_stations_monthly/2014/gat-rnn-v2-windowed_bs-128_lr-0.001_maxepoch-35_testyear-2014_win-3_nwin-10_seed-0/model-16

----- Epoch 17 (windowed) -----

###### Windowed train epoch 17 overall metrics
  loss: 0.0812 rmse: 0.227 r2: 0.693 corr: 0.837
***** Epoch 17 Val (windowed) *****
  loss: 0.0309 rmse: 0.254 r2: 0.653 corr: 0.821
********************
***** Epoch 17 Test (windowed) *****
  loss: 0.0426 rmse: 0.301 r2: 0.582 corr: 0.775
********************
  Epoch 17 done in 28.3s

----- Epoch 18 (windowed) -----

###### Windowed train epoch 18 overall metrics
  loss: 0.0793 rmse: 0.226 r2: 0.696 corr: 0.839
***** Epoch 18 Val (windowed) *****
  loss: 0.0289 rmse: 0.244 r2: 0.680 corr: 0.832
********************
***** Epoch 18 Test (windowed) *****
  loss: 0.0424 rmse: 0.297 r2: 0.591 corr: 0.782
********************
  Epoch 18 done in 27.7s
  Saved best model → model/FIM_restoration_0412G_stations_monthly/2014/gat-rnn-v2-windowed_bs-128_lr-0.001_maxepoch-35_testyear-2014_win-3_nwin-10_seed-0/model-18

----- Epoch 19 (windowed) -----

###### Windowed train epoch 19 overall metrics
  loss: 0.0787 rmse: 0.224 r2: 0.702 corr: 0.843
***** Epoch 19 Val (windowed) *****
  loss: 0.0348 rmse: 0.263 r2: 0.628 corr: 0.831
********************
***** Epoch 19 Test (windowed) *****
  loss: 0.0457 rmse: 0.310 r2: 0.557 corr: 0.781
********************
  Epoch 19 done in 27.7s

----- Epoch 20 (windowed) -----

###### Windowed train epoch 20 overall metrics
  loss: 0.0770 rmse: 0.220 r2: 0.712 corr: 0.847
***** Epoch 20 Val (windowed) *****
  loss: 0.0277 rmse: 0.238 r2: 0.695 corr: 0.841
********************
***** Epoch 20 Test (windowed) *****
  loss: 0.0412 rmse: 0.291 r2: 0.608 corr: 0.789
********************
  Epoch 20 done in 25.1s
  Saved best model → model/FIM_restoration_0412G_stations_monthly/2014/gat-rnn-v2-windowed_bs-128_lr-0.001_maxepoch-35_testyear-2014_win-3_nwin-10_seed-0/model-20

----- Epoch 21 (windowed) -----

###### Windowed train epoch 21 overall metrics
  loss: 0.0752 rmse: 0.218 r2: 0.717 corr: 0.850
***** Epoch 21 Val (windowed) *****
  loss: 0.0291 rmse: 0.257 r2: 0.644 corr: 0.839
********************
***** Epoch 21 Test (windowed) *****
  loss: 0.0431 rmse: 0.307 r2: 0.563 corr: 0.780
********************
  Epoch 21 done in 29.1s

----- Epoch 22 (windowed) -----

###### Windowed train epoch 22 overall metrics
  loss: 0.0745 rmse: 0.214 r2: 0.727 corr: 0.857
***** Epoch 22 Val (windowed) *****
  loss: 0.0270 rmse: 0.236 r2: 0.701 corr: 0.845
********************
***** Epoch 22 Test (windowed) *****
  loss: 0.0417 rmse: 0.299 r2: 0.588 corr: 0.781
********************
  Epoch 22 done in 26.9s
  Saved best model → model/FIM_restoration_0412G_stations_monthly/2014/gat-rnn-v2-windowed_bs-128_lr-0.001_maxepoch-35_testyear-2014_win-3_nwin-10_seed-0/model-22

----- Epoch 23 (windowed) -----

###### Windowed train epoch 23 overall metrics
  loss: 0.0734 rmse: 0.216 r2: 0.723 corr: 0.854
***** Epoch 23 Val (windowed) *****
  loss: 0.0272 rmse: 0.244 r2: 0.680 corr: 0.844
********************
***** Epoch 23 Test (windowed) *****
  loss: 0.0427 rmse: 0.302 r2: 0.578 corr: 0.769
********************
  Epoch 23 done in 28.3s

----- Epoch 24 (windowed) -----

###### Windowed train epoch 24 overall metrics
  loss: 0.0723 rmse: 0.212 r2: 0.733 corr: 0.860
***** Epoch 24 Val (windowed) *****
  loss: 0.0266 rmse: 0.232 r2: 0.710 corr: 0.848
********************
***** Epoch 24 Test (windowed) *****
  loss: 0.0417 rmse: 0.291 r2: 0.609 corr: 0.788
********************
  Epoch 24 done in 25.1s
  Saved best model → model/FIM_restoration_0412G_stations_monthly/2014/gat-rnn-v2-windowed_bs-128_lr-0.001_maxepoch-35_testyear-2014_win-3_nwin-10_seed-0/model-24

----- Epoch 25 (windowed) -----

###### Windowed train epoch 25 overall metrics
  loss: 0.0709 rmse: 0.211 r2: 0.736 corr: 0.862
***** Epoch 25 Val (windowed) *****
  loss: 0.0255 rmse: 0.226 r2: 0.726 corr: 0.856
********************
***** Epoch 25 Test (windowed) *****
  loss: 0.0415 rmse: 0.291 r2: 0.608 corr: 0.787
********************
  Epoch 25 done in 27.9s
  Saved best model → model/FIM_restoration_0412G_stations_monthly/2014/gat-rnn-v2-windowed_bs-128_lr-0.001_maxepoch-35_testyear-2014_win-3_nwin-10_seed-0/model-25

----- Epoch 26 (windowed) -----

###### Windowed train epoch 26 overall metrics
  loss: 0.0710 rmse: 0.208 r2: 0.743 corr: 0.864
***** Epoch 26 Val (windowed) *****
  loss: 0.0255 rmse: 0.232 r2: 0.711 corr: 0.857
********************
***** Epoch 26 Test (windowed) *****
  loss: 0.0411 rmse: 0.291 r2: 0.608 corr: 0.786
********************
  Epoch 26 done in 25.3s

----- Epoch 27 (windowed) -----

###### Windowed train epoch 27 overall metrics
  loss: 0.0696 rmse: 0.208 r2: 0.742 corr: 0.863
***** Epoch 27 Val (windowed) *****
  loss: 0.0247 rmse: 0.226 r2: 0.725 corr: 0.856
********************
***** Epoch 27 Test (windowed) *****
  loss: 0.0420 rmse: 0.295 r2: 0.599 corr: 0.781
********************
  Epoch 27 done in 28.1s

----- Epoch 28 (windowed) -----

###### Windowed train epoch 28 overall metrics
  loss: 0.0692 rmse: 0.208 r2: 0.743 corr: 0.868
***** Epoch 28 Val (windowed) *****
  loss: 0.0263 rmse: 0.233 r2: 0.709 corr: 0.853
********************
***** Epoch 28 Test (windowed) *****
  loss: 0.0437 rmse: 0.296 r2: 0.596 corr: 0.782
********************
  Epoch 28 done in 28.1s

----- Epoch 29 (windowed) -----

###### Windowed train epoch 29 overall metrics
  loss: 0.0674 rmse: 0.205 r2: 0.750 corr: 0.869
***** Epoch 29 Val (windowed) *****
  loss: 0.0244 rmse: 0.227 r2: 0.724 corr: 0.862
********************
***** Epoch 29 Test (windowed) *****
  loss: 0.0435 rmse: 0.294 r2: 0.601 corr: 0.783
********************
  Epoch 29 done in 25.4s

----- Epoch 30 (windowed) -----

###### Windowed train epoch 30 overall metrics
  loss: 0.0669 rmse: 0.204 r2: 0.752 corr: 0.870
***** Epoch 30 Val (windowed) *****
  loss: 0.0249 rmse: 0.227 r2: 0.724 corr: 0.859
********************
***** Epoch 30 Test (windowed) *****
  loss: 0.0429 rmse: 0.295 r2: 0.597 corr: 0.782
********************
  Epoch 30 done in 28.4s

----- Epoch 31 (windowed) -----

###### Windowed train epoch 31 overall metrics
  loss: 0.0657 rmse: 0.201 r2: 0.759 corr: 0.874
***** Epoch 31 Val (windowed) *****
  loss: 0.0242 rmse: 0.222 r2: 0.734 corr: 0.863
********************
***** Epoch 31 Test (windowed) *****
  loss: 0.0434 rmse: 0.292 r2: 0.605 corr: 0.784
********************
  Epoch 31 done in 26.6s
  Saved best model → model/FIM_restoration_0412G_stations_monthly/2014/gat-rnn-v2-windowed_bs-128_lr-0.001_maxepoch-35_testyear-2014_win-3_nwin-10_seed-0/model-31

----- Epoch 32 (windowed) -----

###### Windowed train epoch 32 overall metrics
  loss: 0.0654 rmse: 0.200 r2: 0.762 corr: 0.874
***** Epoch 32 Val (windowed) *****
  loss: 0.0241 rmse: 0.220 r2: 0.739 corr: 0.869
********************
***** Epoch 32 Test (windowed) *****
  loss: 0.0409 rmse: 0.282 r2: 0.632 corr: 0.799
********************
  Epoch 32 done in 28.4s
  Saved best model → model/FIM_restoration_0412G_stations_monthly/2014/gat-rnn-v2-windowed_bs-128_lr-0.001_maxepoch-35_testyear-2014_win-3_nwin-10_seed-0/model-32

----- Epoch 33 (windowed) -----

###### Windowed train epoch 33 overall metrics
  loss: 0.0642 rmse: 0.199 r2: 0.765 corr: 0.877
***** Epoch 33 Val (windowed) *****
  loss: 0.0246 rmse: 0.223 r2: 0.732 corr: 0.866
********************
***** Epoch 33 Test (windowed) *****
  loss: 0.0426 rmse: 0.290 r2: 0.611 corr: 0.786
********************
  Epoch 33 done in 27.2s

----- Epoch 34 (windowed) -----

###### Windowed train epoch 34 overall metrics
  loss: 0.0634 rmse: 0.198 r2: 0.768 corr: 0.879
***** Epoch 34 Val (windowed) *****
  loss: 0.0232 rmse: 0.219 r2: 0.742 corr: 0.872
********************
***** Epoch 34 Test (windowed) *****
  loss: 0.0411 rmse: 0.286 r2: 0.622 corr: 0.797
********************
  Epoch 34 done in 25.2s
  Saved best model → model/FIM_restoration_0412G_stations_monthly/2014/gat-rnn-v2-windowed_bs-128_lr-0.001_maxepoch-35_testyear-2014_win-3_nwin-10_seed-0/model-34
Fold done — best val RMSE=0.2189 test R²=0.6219 corr=0.7969

================================================================
Rolling-windowed  test_year=2015
  Val  : 2014
  Test : 2015
  win_size=3  n_windows=10
================================================================
Initially data (54319, 166)
After filtering (35487, 166)
get_X_Y
X shape (35487, 152)
Y shape (35487, 12)
Y (output) means tensor([[0.1446, 0.0115, 0.2573, 0.1496, 0.0167, 0.0630, 0.1633, 0.0229, 0.0445,
         0.0117, 0.0381, 0.1410]]) stds tensor([[0.4752, 0.1324, 0.6328, 0.5566, 0.1552, 0.3050, 0.5228, 0.1922, 0.2882,
         0.1460, 0.2934, 0.4493]])
Y count-scale means tensor([[0.4822, 0.0331, 1.0077, 0.7855, 0.0476, 0.2087, 0.6056, 0.0718, 0.1856,
         0.0401, 0.2779, 0.4222]]) stds tensor([[3.3257, 0.6244, 6.1222, 6.1816, 0.9681, 3.9534, 3.9211, 1.0461, 2.6244,
         0.7253, 7.4981, 2.6515]])
/Users/liyingnceas/GitHub/GNN-RNN-main/gnn-lstm-v4/utils/data_utils.py:274: RuntimeWarning: Mean of empty slice
  np.nanmean(county_dict[county], axis=0).astype(np.float32)
Filled 89145 missing (node, year) entries from neighbors or year averages
[2D] Station nodes: 587, adj nnz: 2910
[build_year_XY_windowed] data_start=1998, min_pred_year=2009, test_year=2015, win_size=3, n_windows=10
  built windows for T=2009
  built windows for T=2014
[build_year_XY_windowed] built windowed XY for 7 prediction years (2009–2015)
  GAT_RNN_V2: edge_feat_dim=3, n_heads=4, n_hidden=64
  [Bayes] Species rarity weights (mean=1): min=0.63 max=1.32  (rarest=Centropomus undecimalis_SA)

----- Epoch 0 (windowed) -----

###### Windowed train epoch 0 overall metrics
  loss: 0.2027 rmse: 0.406 r2: 0.065 corr: 0.277
***** Epoch 0 Val (windowed) *****
  loss: 0.0892 rmse: 0.437 r2: 0.121 corr: 0.430
********************
***** Epoch 0 Test (windowed) *****
  loss: 0.0884 rmse: 0.483 r2: 0.106 corr: 0.415
********************
  Epoch 0 done in 33.0s
  Saved best model → model/FIM_restoration_0412G_stations_monthly/2015/gat-rnn-v2-windowed_bs-128_lr-0.001_maxepoch-35_testyear-2015_win-3_nwin-10_seed-0/model-0

----- Epoch 1 (windowed) -----

###### Windowed train epoch 1 overall metrics
  loss: 0.1749 rmse: 0.375 r2: 0.203 corr: 0.473
***** Epoch 1 Val (windowed) *****
  loss: 0.0823 rmse: 0.415 r2: 0.205 corr: 0.536
********************
***** Epoch 1 Test (windowed) *****
  loss: 0.0808 rmse: 0.463 r2: 0.180 corr: 0.508
********************
  Epoch 1 done in 31.2s
  Saved best model → model/FIM_restoration_0412G_stations_monthly/2015/gat-rnn-v2-windowed_bs-128_lr-0.001_maxepoch-35_testyear-2015_win-3_nwin-10_seed-0/model-1

----- Epoch 2 (windowed) -----

###### Windowed train epoch 2 overall metrics
  loss: 0.1550 rmse: 0.349 r2: 0.308 corr: 0.587
***** Epoch 2 Val (windowed) *****
  loss: 0.0698 rmse: 0.375 r2: 0.351 corr: 0.649
********************
***** Epoch 2 Test (windowed) *****
  loss: 0.0676 rmse: 0.421 r2: 0.324 corr: 0.630
********************
  Epoch 2 done in 32.6s
  Saved best model → model/FIM_restoration_0412G_stations_monthly/2015/gat-rnn-v2-windowed_bs-128_lr-0.001_maxepoch-35_testyear-2015_win-3_nwin-10_seed-0/model-2

----- Epoch 3 (windowed) -----

###### Windowed train epoch 3 overall metrics
  loss: 0.1396 rmse: 0.321 r2: 0.417 corr: 0.666
***** Epoch 3 Val (windowed) *****
  loss: 0.0612 rmse: 0.353 r2: 0.425 corr: 0.689
********************
***** Epoch 3 Test (windowed) *****
  loss: 0.0606 rmse: 0.398 r2: 0.395 corr: 0.671
********************
  Epoch 3 done in 32.7s
  Saved best model → model/FIM_restoration_0412G_stations_monthly/2015/gat-rnn-v2-windowed_bs-128_lr-0.001_maxepoch-35_testyear-2015_win-3_nwin-10_seed-0/model-3

----- Epoch 4 (windowed) -----

###### Windowed train epoch 4 overall metrics
  loss: 0.1274 rmse: 0.300 r2: 0.491 corr: 0.716
***** Epoch 4 Val (windowed) *****
  loss: 0.0547 rmse: 0.332 r2: 0.493 corr: 0.720
********************
***** Epoch 4 Test (windowed) *****
  loss: 0.0544 rmse: 0.375 r2: 0.463 corr: 0.706
********************
  Epoch 4 done in 33.7s
  Saved best model → model/FIM_restoration_0412G_stations_monthly/2015/gat-rnn-v2-windowed_bs-128_lr-0.001_maxepoch-35_testyear-2015_win-3_nwin-10_seed-0/model-4

----- Epoch 5 (windowed) -----

###### Windowed train epoch 5 overall metrics
  loss: 0.1171 rmse: 0.284 r2: 0.542 corr: 0.748
***** Epoch 5 Val (windowed) *****
  loss: 0.0483 rmse: 0.324 r2: 0.517 corr: 0.756
********************
***** Epoch 5 Test (windowed) *****
  loss: 0.0485 rmse: 0.365 r2: 0.490 corr: 0.749
********************
  Epoch 5 done in 33.5s
  Saved best model → model/FIM_restoration_0412G_stations_monthly/2015/gat-rnn-v2-windowed_bs-128_lr-0.001_maxepoch-35_testyear-2015_win-3_nwin-10_seed-0/model-5

----- Epoch 6 (windowed) -----

###### Windowed train epoch 6 overall metrics
  loss: 0.1079 rmse: 0.274 r2: 0.574 corr: 0.770
***** Epoch 6 Val (windowed) *****
  loss: 0.0419 rmse: 0.300 r2: 0.584 corr: 0.777
********************
***** Epoch 6 Test (windowed) *****
  loss: 0.0438 rmse: 0.339 r2: 0.561 corr: 0.767
********************
  Epoch 6 done in 29.4s
  Saved best model → model/FIM_restoration_0412G_stations_monthly/2015/gat-rnn-v2-windowed_bs-128_lr-0.001_maxepoch-35_testyear-2015_win-3_nwin-10_seed-0/model-6

----- Epoch 7 (windowed) -----

###### Windowed train epoch 7 overall metrics
  loss: 0.1006 rmse: 0.262 r2: 0.611 corr: 0.791
***** Epoch 7 Val (windowed) *****
  loss: 0.0397 rmse: 0.295 r2: 0.598 corr: 0.793
********************
***** Epoch 7 Test (windowed) *****
  loss: 0.0414 rmse: 0.336 r2: 0.569 corr: 0.784
********************
  Epoch 7 done in 33.1s
  Saved best model → model/FIM_restoration_0412G_stations_monthly/2015/gat-rnn-v2-windowed_bs-128_lr-0.001_maxepoch-35_testyear-2015_win-3_nwin-10_seed-0/model-7

----- Epoch 8 (windowed) -----

###### Windowed train epoch 8 overall metrics
  loss: 0.0968 rmse: 0.259 r2: 0.619 corr: 0.797
***** Epoch 8 Val (windowed) *****
  loss: 0.0380 rmse: 0.290 r2: 0.612 corr: 0.800
********************
***** Epoch 8 Test (windowed) *****
  loss: 0.0401 rmse: 0.334 r2: 0.573 corr: 0.786
********************
  Epoch 8 done in 34.0s
  Saved best model → model/FIM_restoration_0412G_stations_monthly/2015/gat-rnn-v2-windowed_bs-128_lr-0.001_maxepoch-35_testyear-2015_win-3_nwin-10_seed-0/model-8

----- Epoch 9 (windowed) -----

###### Windowed train epoch 9 overall metrics
  loss: 0.0936 rmse: 0.255 r2: 0.632 corr: 0.803
***** Epoch 9 Val (windowed) *****
  loss: 0.0366 rmse: 0.280 r2: 0.637 corr: 0.804
********************
***** Epoch 9 Test (windowed) *****
  loss: 0.0390 rmse: 0.323 r2: 0.600 corr: 0.785
********************
  Epoch 9 done in 29.4s
  Saved best model → model/FIM_restoration_0412G_stations_monthly/2015/gat-rnn-v2-windowed_bs-128_lr-0.001_maxepoch-35_testyear-2015_win-3_nwin-10_seed-0/model-9

----- Epoch 10 (windowed) -----

###### Windowed train epoch 10 overall metrics
  loss: 0.0916 rmse: 0.249 r2: 0.649 corr: 0.811
***** Epoch 10 Val (windowed) *****
  loss: 0.0359 rmse: 0.284 r2: 0.629 corr: 0.817
********************
***** Epoch 10 Test (windowed) *****
  loss: 0.0382 rmse: 0.329 r2: 0.586 corr: 0.801
********************
  Epoch 10 done in 33.1s

----- Epoch 11 (windowed) -----

###### Windowed train epoch 11 overall metrics
  loss: 0.0891 rmse: 0.246 r2: 0.657 corr: 0.816
***** Epoch 11 Val (windowed) *****
  loss: 0.0344 rmse: 0.271 r2: 0.661 corr: 0.821
********************
***** Epoch 11 Test (windowed) *****
  loss: 0.0383 rmse: 0.316 r2: 0.617 corr: 0.799
********************
  Epoch 11 done in 33.3s
  Saved best model → model/FIM_restoration_0412G_stations_monthly/2015/gat-rnn-v2-windowed_bs-128_lr-0.001_maxepoch-35_testyear-2015_win-3_nwin-10_seed-0/model-11

----- Epoch 12 (windowed) -----

###### Windowed train epoch 12 overall metrics
  loss: 0.0876 rmse: 0.244 r2: 0.662 corr: 0.821
***** Epoch 12 Val (windowed) *****
  loss: 0.0341 rmse: 0.273 r2: 0.656 corr: 0.828
********************
***** Epoch 12 Test (windowed) *****
  loss: 0.0397 rmse: 0.329 r2: 0.587 corr: 0.794
********************
  Epoch 12 done in 33.2s

----- Epoch 13 (windowed) -----

###### Windowed train epoch 13 overall metrics
  loss: 0.0847 rmse: 0.239 r2: 0.676 corr: 0.829
***** Epoch 13 Val (windowed) *****
  loss: 0.0330 rmse: 0.272 r2: 0.659 corr: 0.831
********************
***** Epoch 13 Test (windowed) *****
  loss: 0.0390 rmse: 0.327 r2: 0.592 corr: 0.799
********************
  Epoch 13 done in 33.0s

----- Epoch 14 (windowed) -----

###### Windowed train epoch 14 overall metrics
  loss: 0.0828 rmse: 0.236 r2: 0.684 corr: 0.832
***** Epoch 14 Val (windowed) *****
  loss: 0.0332 rmse: 0.270 r2: 0.664 corr: 0.822
********************
***** Epoch 14 Test (windowed) *****
  loss: 0.0407 rmse: 0.325 r2: 0.595 corr: 0.789
********************
  Epoch 14 done in 32.6s
  Saved best model → model/FIM_restoration_0412G_stations_monthly/2015/gat-rnn-v2-windowed_bs-128_lr-0.001_maxepoch-35_testyear-2015_win-3_nwin-10_seed-0/model-14

----- Epoch 15 (windowed) -----

###### Windowed train epoch 15 overall metrics
  loss: 0.0818 rmse: 0.235 r2: 0.688 corr: 0.834
***** Epoch 15 Val (windowed) *****
  loss: 0.0314 rmse: 0.263 r2: 0.681 corr: 0.840
********************
***** Epoch 15 Test (windowed) *****
  loss: 0.0368 rmse: 0.313 r2: 0.626 corr: 0.806
********************
  Epoch 15 done in 33.4s
  Saved best model → model/FIM_restoration_0412G_stations_monthly/2015/gat-rnn-v2-windowed_bs-128_lr-0.001_maxepoch-35_testyear-2015_win-3_nwin-10_seed-0/model-15

----- Epoch 16 (windowed) -----

###### Windowed train epoch 16 overall metrics
  loss: 0.0802 rmse: 0.232 r2: 0.694 corr: 0.837
***** Epoch 16 Val (windowed) *****
  loss: 0.0329 rmse: 0.272 r2: 0.660 corr: 0.834
********************
***** Epoch 16 Test (windowed) *****
  loss: 0.0383 rmse: 0.334 r2: 0.574 corr: 0.791
********************
  Epoch 16 done in 33.1s

----- Epoch 17 (windowed) -----

###### Windowed train epoch 17 overall metrics
  loss: 0.0791 rmse: 0.231 r2: 0.698 corr: 0.840
***** Epoch 17 Val (windowed) *****
  loss: 0.0313 rmse: 0.258 r2: 0.693 corr: 0.841
********************
***** Epoch 17 Test (windowed) *****
  loss: 0.0384 rmse: 0.315 r2: 0.621 corr: 0.802
********************
  Epoch 17 done in 33.1s
  Saved best model → model/FIM_restoration_0412G_stations_monthly/2015/gat-rnn-v2-windowed_bs-128_lr-0.001_maxepoch-35_testyear-2015_win-3_nwin-10_seed-0/model-17

----- Epoch 18 (windowed) -----

###### Windowed train epoch 18 overall metrics
  loss: 0.0774 rmse: 0.228 r2: 0.706 corr: 0.844
***** Epoch 18 Val (windowed) *****
  loss: 0.0320 rmse: 0.266 r2: 0.673 corr: 0.842
********************
***** Epoch 18 Test (windowed) *****
  loss: 0.0390 rmse: 0.331 r2: 0.581 corr: 0.791
********************
  Epoch 18 done in 29.9s

----- Epoch 19 (windowed) -----

###### Windowed train epoch 19 overall metrics
  loss: 0.0767 rmse: 0.224 r2: 0.715 corr: 0.851
***** Epoch 19 Val (windowed) *****
  loss: 0.0299 rmse: 0.255 r2: 0.699 corr: 0.851
********************
***** Epoch 19 Test (windowed) *****
  loss: 0.0377 rmse: 0.316 r2: 0.619 corr: 0.801
********************
  Epoch 19 done in 33.5s
  Saved best model → model/FIM_restoration_0412G_stations_monthly/2015/gat-rnn-v2-windowed_bs-128_lr-0.001_maxepoch-35_testyear-2015_win-3_nwin-10_seed-0/model-19

----- Epoch 20 (windowed) -----

###### Windowed train epoch 20 overall metrics
  loss: 0.0751 rmse: 0.221 r2: 0.723 corr: 0.855
***** Epoch 20 Val (windowed) *****
  loss: 0.0283 rmse: 0.246 r2: 0.722 corr: 0.858
********************
***** Epoch 20 Test (windowed) *****
  loss: 0.0373 rmse: 0.311 r2: 0.630 corr: 0.803
********************
  Epoch 20 done in 29.9s
  Saved best model → model/FIM_restoration_0412G_stations_monthly/2015/gat-rnn-v2-windowed_bs-128_lr-0.001_maxepoch-35_testyear-2015_win-3_nwin-10_seed-0/model-20

----- Epoch 21 (windowed) -----

###### Windowed train epoch 21 overall metrics
  loss: 0.0736 rmse: 0.222 r2: 0.720 corr: 0.852
***** Epoch 21 Val (windowed) *****
  loss: 0.0296 rmse: 0.255 r2: 0.701 corr: 0.852
********************
***** Epoch 21 Test (windowed) *****
  loss: 0.0380 rmse: 0.319 r2: 0.610 corr: 0.796
********************
  Epoch 21 done in 34.9s

----- Epoch 22 (windowed) -----

###### Windowed train epoch 22 overall metrics
  loss: 0.0726 rmse: 0.219 r2: 0.729 corr: 0.858
***** Epoch 22 Val (windowed) *****
  loss: 0.0281 rmse: 0.249 r2: 0.715 corr: 0.864
********************
***** Epoch 22 Test (windowed) *****
  loss: 0.0368 rmse: 0.316 r2: 0.618 corr: 0.812
********************
  Epoch 22 done in 30.1s

----- Epoch 23 (windowed) -----

###### Windowed train epoch 23 overall metrics
  loss: 0.0715 rmse: 0.216 r2: 0.736 corr: 0.862
***** Epoch 23 Val (windowed) *****
  loss: 0.0274 rmse: 0.249 r2: 0.714 corr: 0.857
********************
***** Epoch 23 Test (windowed) *****
  loss: 0.0387 rmse: 0.322 r2: 0.604 corr: 0.795
********************
  Epoch 23 done in 33.9s

----- Epoch 24 (windowed) -----

###### Windowed train epoch 24 overall metrics
  loss: 0.0699 rmse: 0.215 r2: 0.738 corr: 0.863
***** Epoch 24 Val (windowed) *****
  loss: 0.0258 rmse: 0.233 r2: 0.749 corr: 0.872
********************
***** Epoch 24 Test (windowed) *****
  loss: 0.0380 rmse: 0.303 r2: 0.649 corr: 0.808
********************
  Epoch 24 done in 33.2s
  Saved best model → model/FIM_restoration_0412G_stations_monthly/2015/gat-rnn-v2-windowed_bs-128_lr-0.001_maxepoch-35_testyear-2015_win-3_nwin-10_seed-0/model-24

----- Epoch 25 (windowed) -----

###### Windowed train epoch 25 overall metrics
  loss: 0.0689 rmse: 0.212 r2: 0.745 corr: 0.867
***** Epoch 25 Val (windowed) *****
  loss: 0.0257 rmse: 0.237 r2: 0.741 corr: 0.876
********************
***** Epoch 25 Test (windowed) *****
  loss: 0.0385 rmse: 0.313 r2: 0.626 corr: 0.802
********************
  Epoch 25 done in 33.2s

----- Epoch 26 (windowed) -----

###### Windowed train epoch 26 overall metrics
  loss: 0.0685 rmse: 0.211 r2: 0.748 corr: 0.869
***** Epoch 26 Val (windowed) *****
  loss: 0.0257 rmse: 0.233 r2: 0.749 corr: 0.873
********************
***** Epoch 26 Test (windowed) *****
  loss: 0.0388 rmse: 0.305 r2: 0.644 corr: 0.806
********************
  Epoch 26 done in 34.1s
  Saved best model → model/FIM_restoration_0412G_stations_monthly/2015/gat-rnn-v2-windowed_bs-128_lr-0.001_maxepoch-35_testyear-2015_win-3_nwin-10_seed-0/model-26

----- Epoch 27 (windowed) -----

###### Windowed train epoch 27 overall metrics
  loss: 0.0667 rmse: 0.207 r2: 0.757 corr: 0.873
***** Epoch 27 Val (windowed) *****
  loss: 0.0244 rmse: 0.227 r2: 0.763 corr: 0.881
********************
***** Epoch 27 Test (windowed) *****
  loss: 0.0383 rmse: 0.305 r2: 0.643 corr: 0.804
********************
  Epoch 27 done in 33.4s
  Saved best model → model/FIM_restoration_0412G_stations_monthly/2015/gat-rnn-v2-windowed_bs-128_lr-0.001_maxepoch-35_testyear-2015_win-3_nwin-10_seed-0/model-27

----- Epoch 28 (windowed) -----

###### Windowed train epoch 28 overall metrics
  loss: 0.0666 rmse: 0.209 r2: 0.753 corr: 0.872
***** Epoch 28 Val (windowed) *****
  loss: 0.0253 rmse: 0.234 r2: 0.748 corr: 0.879
********************
***** Epoch 28 Test (windowed) *****
  loss: 0.0394 rmse: 0.316 r2: 0.619 corr: 0.800
********************
  Epoch 28 done in 33.9s

----- Epoch 29 (windowed) -----

###### Windowed train epoch 29 overall metrics
  loss: 0.0659 rmse: 0.207 r2: 0.757 corr: 0.873
***** Epoch 29 Val (windowed) *****
  loss: 0.0253 rmse: 0.233 r2: 0.749 corr: 0.874
********************
***** Epoch 29 Test (windowed) *****
  loss: 0.0395 rmse: 0.308 r2: 0.636 corr: 0.800
********************
  Epoch 29 done in 32.8s

----- Epoch 30 (windowed) -----

###### Windowed train epoch 30 overall metrics
  loss: 0.0649 rmse: 0.207 r2: 0.756 corr: 0.873
***** Epoch 30 Val (windowed) *****
  loss: 0.0252 rmse: 0.233 r2: 0.751 corr: 0.884
********************
***** Epoch 30 Test (windowed) *****
  loss: 0.0386 rmse: 0.315 r2: 0.620 corr: 0.798
********************
  Epoch 30 done in 33.5s

----- Epoch 31 (windowed) -----

###### Windowed train epoch 31 overall metrics
  loss: 0.0640 rmse: 0.205 r2: 0.762 corr: 0.876
***** Epoch 31 Val (windowed) *****
  loss: 0.0238 rmse: 0.225 r2: 0.767 corr: 0.885
********************
***** Epoch 31 Test (windowed) *****
  loss: 0.0393 rmse: 0.308 r2: 0.636 corr: 0.804
********************
  Epoch 31 done in 29.3s
  Saved best model → model/FIM_restoration_0412G_stations_monthly/2015/gat-rnn-v2-windowed_bs-128_lr-0.001_maxepoch-35_testyear-2015_win-3_nwin-10_seed-0/model-31

----- Epoch 32 (windowed) -----

###### Windowed train epoch 32 overall metrics
  loss: 0.0635 rmse: 0.203 r2: 0.768 corr: 0.879
***** Epoch 32 Val (windowed) *****
  loss: 0.0243 rmse: 0.227 r2: 0.762 corr: 0.885
********************
***** Epoch 32 Test (windowed) *****
  loss: 0.0379 rmse: 0.308 r2: 0.636 corr: 0.802
********************
  Epoch 32 done in 32.8s

----- Epoch 33 (windowed) -----

###### Windowed train epoch 33 overall metrics
  loss: 0.0623 rmse: 0.201 r2: 0.770 corr: 0.880
***** Epoch 33 Val (windowed) *****
  loss: 0.0233 rmse: 0.225 r2: 0.767 corr: 0.888
********************
***** Epoch 33 Test (windowed) *****
  loss: 0.0379 rmse: 0.308 r2: 0.636 corr: 0.804
********************
  Epoch 33 done in 28.4s

----- Epoch 34 (windowed) -----

###### Windowed train epoch 34 overall metrics
  loss: 0.0609 rmse: 0.199 r2: 0.776 corr: 0.884
***** Epoch 34 Val (windowed) *****
  loss: 0.0222 rmse: 0.211 r2: 0.795 corr: 0.895
********************
***** Epoch 34 Test (windowed) *****
  loss: 0.0390 rmse: 0.305 r2: 0.644 corr: 0.803
********************
  Epoch 34 done in 32.9s
  Saved best model → model/FIM_restoration_0412G_stations_monthly/2015/gat-rnn-v2-windowed_bs-128_lr-0.001_maxepoch-35_testyear-2015_win-3_nwin-10_seed-0/model-34
Fold done — best val RMSE=0.2109 test R²=0.6442 corr=0.8030

================================================================
Rolling-windowed  test_year=2016
  Val  : 2015
  Test : 2016
  win_size=3  n_windows=10
================================================================
Initially data (54319, 166)
After filtering (37796, 166)
get_X_Y
X shape (37796, 152)
Y shape (37796, 12)
Y (output) means tensor([[0.1462, 0.0125, 0.2567, 0.1512, 0.0174, 0.0629, 0.1632, 0.0232, 0.0453,
         0.0111, 0.0390, 0.1419]]) stds tensor([[0.4778, 0.1387, 0.6312, 0.5601, 0.1581, 0.3051, 0.5219, 0.1927, 0.2901,
         0.1418, 0.2990, 0.4495]])
Y count-scale means tensor([[0.4886, 0.0358, 1.0000, 0.7986, 0.0487, 0.2084, 0.6011, 0.0718, 0.1860,
         0.0377, 0.2863, 0.4239]]) stds tensor([[3.3335, 0.6323, 6.0218, 6.3010, 0.9481, 3.8696, 3.8595, 1.0285, 2.5689,
         0.7026, 7.3535, 2.6903]])
/Users/liyingnceas/GitHub/GNN-RNN-main/gnn-lstm-v4/utils/data_utils.py:274: RuntimeWarning: Mean of empty slice
  np.nanmean(county_dict[county], axis=0).astype(np.float32)
Filled 95850 missing (node, year) entries from neighbors or year averages
[2D] Station nodes: 596, adj nnz: 2980
[build_year_XY_windowed] data_start=1998, min_pred_year=2009, test_year=2016, win_size=3, n_windows=10
  built windows for T=2009
  built windows for T=2014
[build_year_XY_windowed] built windowed XY for 8 prediction years (2009–2016)
  GAT_RNN_V2: edge_feat_dim=3, n_heads=4, n_hidden=64
  [Bayes] Species rarity weights (mean=1): min=0.63 max=1.31  (rarest=Archosargus probatocephalus_R)

----- Epoch 0 (windowed) -----

###### Windowed train epoch 0 overall metrics
  loss: 0.2044 rmse: 0.421 r2: 0.060 corr: 0.276
***** Epoch 0 Val (windowed) *****
  loss: 0.0877 rmse: 0.479 r2: 0.126 corr: 0.435
********************
***** Epoch 0 Test (windowed) *****
  loss: 0.0876 rmse: 0.504 r2: 0.119 corr: 0.423
********************
  Epoch 0 done in 37.4s
  Saved best model → model/FIM_restoration_0412G_stations_monthly/2016/gat-rnn-v2-windowed_bs-128_lr-0.001_maxepoch-35_testyear-2016_win-3_nwin-10_seed-0/model-0

----- Epoch 1 (windowed) -----

###### Windowed train epoch 1 overall metrics
  loss: 0.1673 rmse: 0.379 r2: 0.238 corr: 0.518
***** Epoch 1 Val (windowed) *****
  loss: 0.0736 rmse: 0.446 r2: 0.242 corr: 0.586
********************
***** Epoch 1 Test (windowed) *****
  loss: 0.0759 rmse: 0.475 r2: 0.218 corr: 0.543
********************
  Epoch 1 done in 37.8s
  Saved best model → model/FIM_restoration_0412G_stations_monthly/2016/gat-rnn-v2-windowed_bs-128_lr-0.001_maxepoch-35_testyear-2016_win-3_nwin-10_seed-0/model-1

----- Epoch 2 (windowed) -----

###### Windowed train epoch 2 overall metrics
  loss: 0.1458 rmse: 0.346 r2: 0.363 corr: 0.633
***** Epoch 2 Val (windowed) *****
  loss: 0.0641 rmse: 0.400 r2: 0.391 corr: 0.655
********************
***** Epoch 2 Test (windowed) *****
  loss: 0.0684 rmse: 0.433 r2: 0.351 corr: 0.610
********************
  Epoch 2 done in 36.6s
  Saved best model → model/FIM_restoration_0412G_stations_monthly/2016/gat-rnn-v2-windowed_bs-128_lr-0.001_maxepoch-35_testyear-2016_win-3_nwin-10_seed-0/model-2

----- Epoch 3 (windowed) -----

###### Windowed train epoch 3 overall metrics
  loss: 0.1300 rmse: 0.319 r2: 0.460 corr: 0.699
***** Epoch 3 Val (windowed) *****
  loss: 0.0529 rmse: 0.374 r2: 0.467 corr: 0.721
********************
***** Epoch 3 Test (windowed) *****
  loss: 0.0569 rmse: 0.409 r2: 0.420 corr: 0.672
********************
  Epoch 3 done in 38.9s
  Saved best model → model/FIM_restoration_0412G_stations_monthly/2016/gat-rnn-v2-windowed_bs-128_lr-0.001_maxepoch-35_testyear-2016_win-3_nwin-10_seed-0/model-3

----- Epoch 4 (windowed) -----

###### Windowed train epoch 4 overall metrics
  loss: 0.1146 rmse: 0.298 r2: 0.530 corr: 0.744
***** Epoch 4 Val (windowed) *****
  loss: 0.0446 rmse: 0.351 r2: 0.529 corr: 0.769
********************
***** Epoch 4 Test (windowed) *****
  loss: 0.0504 rmse: 0.386 r2: 0.482 corr: 0.720
********************
  Epoch 4 done in 38.0s
  Saved best model → model/FIM_restoration_0412G_stations_monthly/2016/gat-rnn-v2-windowed_bs-128_lr-0.001_maxepoch-35_testyear-2016_win-3_nwin-10_seed-0/model-4

----- Epoch 5 (windowed) -----

###### Windowed train epoch 5 overall metrics
  loss: 0.1044 rmse: 0.282 r2: 0.578 corr: 0.774
***** Epoch 5 Val (windowed) *****
  loss: 0.0402 rmse: 0.324 r2: 0.600 corr: 0.792
********************
***** Epoch 5 Test (windowed) *****
  loss: 0.0479 rmse: 0.363 r2: 0.542 corr: 0.743
********************
  Epoch 5 done in 38.6s
  Saved best model → model/FIM_restoration_0412G_stations_monthly/2016/gat-rnn-v2-windowed_bs-128_lr-0.001_maxepoch-35_testyear-2016_win-3_nwin-10_seed-0/model-5

----- Epoch 6 (windowed) -----

###### Windowed train epoch 6 overall metrics
  loss: 0.0991 rmse: 0.273 r2: 0.605 corr: 0.788
***** Epoch 6 Val (windowed) *****
  loss: 0.0363 rmse: 0.317 r2: 0.616 corr: 0.805
********************
***** Epoch 6 Test (windowed) *****
  loss: 0.0437 rmse: 0.354 r2: 0.566 corr: 0.763
********************
  Epoch 6 done in 37.1s
  Saved best model → model/FIM_restoration_0412G_stations_monthly/2016/gat-rnn-v2-windowed_bs-128_lr-0.001_maxepoch-35_testyear-2016_win-3_nwin-10_seed-0/model-6

----- Epoch 7 (windowed) -----

###### Windowed train epoch 7 overall metrics
  loss: 0.0955 rmse: 0.268 r2: 0.619 corr: 0.797
***** Epoch 7 Val (windowed) *****
  loss: 0.0347 rmse: 0.313 r2: 0.626 corr: 0.817
********************
***** Epoch 7 Test (windowed) *****
  loss: 0.0445 rmse: 0.354 r2: 0.565 corr: 0.764
********************
  Epoch 7 done in 38.0s
  Saved best model → model/FIM_restoration_0412G_stations_monthly/2016/gat-rnn-v2-windowed_bs-128_lr-0.001_maxepoch-35_testyear-2016_win-3_nwin-10_seed-0/model-7

----- Epoch 8 (windowed) -----

###### Windowed train epoch 8 overall metrics
  loss: 0.0928 rmse: 0.264 r2: 0.631 corr: 0.803
***** Epoch 8 Val (windowed) *****
  loss: 0.0342 rmse: 0.306 r2: 0.642 corr: 0.824
********************
***** Epoch 8 Test (windowed) *****
  loss: 0.0430 rmse: 0.348 r2: 0.581 corr: 0.770
********************
  Epoch 8 done in 35.2s
  Saved best model → model/FIM_restoration_0412G_stations_monthly/2016/gat-rnn-v2-windowed_bs-128_lr-0.001_maxepoch-35_testyear-2016_win-3_nwin-10_seed-0/model-8

----- Epoch 9 (windowed) -----

###### Windowed train epoch 9 overall metrics
  loss: 0.0905 rmse: 0.260 r2: 0.640 corr: 0.808
***** Epoch 9 Val (windowed) *****
  loss: 0.0338 rmse: 0.308 r2: 0.639 corr: 0.819
********************
***** Epoch 9 Test (windowed) *****
  loss: 0.0423 rmse: 0.350 r2: 0.576 corr: 0.769
********************
  Epoch 9 done in 38.5s

----- Epoch 10 (windowed) -----

###### Windowed train epoch 10 overall metrics
  loss: 0.0871 rmse: 0.255 r2: 0.655 corr: 0.817
***** Epoch 10 Val (windowed) *****
  loss: 0.0329 rmse: 0.311 r2: 0.631 corr: 0.830
********************
***** Epoch 10 Test (windowed) *****
  loss: 0.0432 rmse: 0.352 r2: 0.571 corr: 0.774
********************
  Epoch 10 done in 40.1s

----- Epoch 11 (windowed) -----

###### Windowed train epoch 11 overall metrics
  loss: 0.0847 rmse: 0.253 r2: 0.661 corr: 0.817
***** Epoch 11 Val (windowed) *****
  loss: 0.0317 rmse: 0.303 r2: 0.650 corr: 0.833
********************
***** Epoch 11 Test (windowed) *****
  loss: 0.0424 rmse: 0.342 r2: 0.593 corr: 0.779
********************
  Epoch 11 done in 935.5s
  Saved best model → model/FIM_restoration_0412G_stations_monthly/2016/gat-rnn-v2-windowed_bs-128_lr-0.001_maxepoch-35_testyear-2016_win-3_nwin-10_seed-0/model-11

----- Epoch 12 (windowed) -----

###### Windowed train epoch 12 overall metrics
  loss: 0.0836 rmse: 0.250 r2: 0.667 corr: 0.825
***** Epoch 12 Val (windowed) *****
  loss: 0.0297 rmse: 0.290 r2: 0.679 corr: 0.842
********************
***** Epoch 12 Test (windowed) *****
  loss: 0.0432 rmse: 0.339 r2: 0.601 corr: 0.778
********************
  Epoch 12 done in 77.3s
  Saved best model → model/FIM_restoration_0412G_stations_monthly/2016/gat-rnn-v2-windowed_bs-128_lr-0.001_maxepoch-35_testyear-2016_win-3_nwin-10_seed-0/model-12

----- Epoch 13 (windowed) -----

###### Windowed train epoch 13 overall metrics
  loss: 0.0818 rmse: 0.246 r2: 0.678 corr: 0.832
***** Epoch 13 Val (windowed) *****
  loss: 0.0295 rmse: 0.284 r2: 0.691 corr: 0.839
********************
***** Epoch 13 Test (windowed) *****
  loss: 0.0436 rmse: 0.335 r2: 0.611 corr: 0.782
********************
  Epoch 13 done in 37.8s
  Saved best model → model/FIM_restoration_0412G_stations_monthly/2016/gat-rnn-v2-windowed_bs-128_lr-0.001_maxepoch-35_testyear-2016_win-3_nwin-10_seed-0/model-13

----- Epoch 14 (windowed) -----

###### Windowed train epoch 14 overall metrics
  loss: 0.0801 rmse: 0.243 r2: 0.687 corr: 0.834
***** Epoch 14 Val (windowed) *****
  loss: 0.0303 rmse: 0.300 r2: 0.657 corr: 0.844
********************
***** Epoch 14 Test (windowed) *****
  loss: 0.0413 rmse: 0.340 r2: 0.599 corr: 0.788
********************
  Epoch 14 done in 34.4s

----- Epoch 15 (windowed) -----

###### Windowed train epoch 15 overall metrics
  loss: 0.0787 rmse: 0.244 r2: 0.684 corr: 0.835
***** Epoch 15 Val (windowed) *****
  loss: 0.0280 rmse: 0.280 r2: 0.701 corr: 0.844
********************
***** Epoch 15 Test (windowed) *****
  loss: 0.0416 rmse: 0.330 r2: 0.623 corr: 0.790
********************
  Epoch 15 done in 75.9s
  Saved best model → model/FIM_restoration_0412G_stations_monthly/2016/gat-rnn-v2-windowed_bs-128_lr-0.001_maxepoch-35_testyear-2016_win-3_nwin-10_seed-0/model-15

----- Epoch 16 (windowed) -----

###### Windowed train epoch 16 overall metrics
  loss: 0.0766 rmse: 0.238 r2: 0.699 corr: 0.841
***** Epoch 16 Val (windowed) *****
  loss: 0.0287 rmse: 0.291 r2: 0.677 corr: 0.841
********************
***** Epoch 16 Test (windowed) *****
  loss: 0.0427 rmse: 0.339 r2: 0.600 corr: 0.781
********************
  Epoch 16 done in 37.1s

----- Epoch 17 (windowed) -----

###### Windowed train epoch 17 overall metrics
  loss: 0.0754 rmse: 0.237 r2: 0.703 corr: 0.843
***** Epoch 17 Val (windowed) *****
  loss: 0.0269 rmse: 0.277 r2: 0.707 corr: 0.853
********************
***** Epoch 17 Test (windowed) *****
  loss: 0.0421 rmse: 0.328 r2: 0.626 corr: 0.792
********************
  Epoch 17 done in 938.2s
  Saved best model → model/FIM_restoration_0412G_stations_monthly/2016/gat-rnn-v2-windowed_bs-128_lr-0.001_maxepoch-35_testyear-2016_win-3_nwin-10_seed-0/model-17

----- Epoch 18 (windowed) -----

###### Windowed train epoch 18 overall metrics
  loss: 0.0737 rmse: 0.235 r2: 0.707 corr: 0.846
***** Epoch 18 Val (windowed) *****
  loss: 0.0281 rmse: 0.283 r2: 0.694 corr: 0.853
********************
***** Epoch 18 Test (windowed) *****
  loss: 0.0413 rmse: 0.330 r2: 0.621 corr: 0.794
********************
  Epoch 18 done in 685.4s

----- Epoch 19 (windowed) -----

###### Windowed train epoch 19 overall metrics
  loss: 0.0726 rmse: 0.233 r2: 0.713 corr: 0.849
***** Epoch 19 Val (windowed) *****
  loss: 0.0267 rmse: 0.275 r2: 0.711 corr: 0.859
********************
***** Epoch 19 Test (windowed) *****
  loss: 0.0417 rmse: 0.331 r2: 0.620 corr: 0.790
********************
  Epoch 19 done in 37.7s
  Saved best model → model/FIM_restoration_0412G_stations_monthly/2016/gat-rnn-v2-windowed_bs-128_lr-0.001_maxepoch-35_testyear-2016_win-3_nwin-10_seed-0/model-19

----- Epoch 20 (windowed) -----

###### Windowed train epoch 20 overall metrics
  loss: 0.0712 rmse: 0.230 r2: 0.719 corr: 0.852
***** Epoch 20 Val (windowed) *****
  loss: 0.0261 rmse: 0.272 r2: 0.718 corr: 0.861
********************
***** Epoch 20 Test (windowed) *****
  loss: 0.0423 rmse: 0.327 r2: 0.629 corr: 0.794
********************
  Epoch 20 done in 39.3s
  Saved best model → model/FIM_restoration_0412G_stations_monthly/2016/gat-rnn-v2-windowed_bs-128_lr-0.001_maxepoch-35_testyear-2016_win-3_nwin-10_seed-0/model-20

----- Epoch 21 (windowed) -----

###### Windowed train epoch 21 overall metrics
  loss: 0.0701 rmse: 0.226 r2: 0.729 corr: 0.859
***** Epoch 21 Val (windowed) *****
  loss: 0.0268 rmse: 0.267 r2: 0.728 corr: 0.866
********************
***** Epoch 21 Test (windowed) *****
  loss: 0.0429 rmse: 0.325 r2: 0.633 corr: 0.797
********************
  Epoch 21 done in 36.7s
  Saved best model → model/FIM_restoration_0412G_stations_monthly/2016/gat-rnn-v2-windowed_bs-128_lr-0.001_maxepoch-35_testyear-2016_win-3_nwin-10_seed-0/model-21

----- Epoch 22 (windowed) -----

###### Windowed train epoch 22 overall metrics
  loss: 0.0693 rmse: 0.225 r2: 0.731 corr: 0.859
***** Epoch 22 Val (windowed) *****
  loss: 0.0255 rmse: 0.259 r2: 0.743 corr: 0.871
********************
***** Epoch 22 Test (windowed) *****
  loss: 0.0438 rmse: 0.326 r2: 0.632 corr: 0.795
********************
  Epoch 22 done in 37.5s
  Saved best model → model/FIM_restoration_0412G_stations_monthly/2016/gat-rnn-v2-windowed_bs-128_lr-0.001_maxepoch-35_testyear-2016_win-3_nwin-10_seed-0/model-22

----- Epoch 23 (windowed) -----

###### Windowed train epoch 23 overall metrics
  loss: 0.0676 rmse: 0.222 r2: 0.739 corr: 0.864
***** Epoch 23 Val (windowed) *****
  loss: 0.0248 rmse: 0.258 r2: 0.745 corr: 0.868
********************
***** Epoch 23 Test (windowed) *****
  loss: 0.0436 rmse: 0.325 r2: 0.634 corr: 0.797
********************
  Epoch 23 done in 34.3s
  Saved best model → model/FIM_restoration_0412G_stations_monthly/2016/gat-rnn-v2-windowed_bs-128_lr-0.001_maxepoch-35_testyear-2016_win-3_nwin-10_seed-0/model-23

----- Epoch 24 (windowed) -----

###### Windowed train epoch 24 overall metrics
  loss: 0.0669 rmse: 0.220 r2: 0.744 corr: 0.866
***** Epoch 24 Val (windowed) *****
  loss: 0.0246 rmse: 0.255 r2: 0.753 corr: 0.872
********************
***** Epoch 24 Test (windowed) *****
  loss: 0.0428 rmse: 0.325 r2: 0.633 corr: 0.796
********************
  Epoch 24 done in 37.9s
  Saved best model → model/FIM_restoration_0412G_stations_monthly/2016/gat-rnn-v2-windowed_bs-128_lr-0.001_maxepoch-35_testyear-2016_win-3_nwin-10_seed-0/model-24

----- Epoch 25 (windowed) -----

###### Windowed train epoch 25 overall metrics
  loss: 0.0653 rmse: 0.219 r2: 0.746 corr: 0.867
***** Epoch 25 Val (windowed) *****
  loss: 0.0248 rmse: 0.254 r2: 0.754 corr: 0.871
********************
***** Epoch 25 Test (windowed) *****
  loss: 0.0456 rmse: 0.328 r2: 0.628 corr: 0.795
********************
  Epoch 25 done in 39.6s
  Saved best model → model/FIM_restoration_0412G_stations_monthly/2016/gat-rnn-v2-windowed_bs-128_lr-0.001_maxepoch-35_testyear-2016_win-3_nwin-10_seed-0/model-25

----- Epoch 26 (windowed) -----

###### Windowed train epoch 26 overall metrics
  loss: 0.0647 rmse: 0.217 r2: 0.751 corr: 0.870
***** Epoch 26 Val (windowed) *****
  loss: 0.0254 rmse: 0.264 r2: 0.733 corr: 0.868
********************
***** Epoch 26 Test (windowed) *****
  loss: 0.0445 rmse: 0.325 r2: 0.634 corr: 0.796
********************
  Epoch 26 done in 34.2s

----- Epoch 27 (windowed) -----

###### Windowed train epoch 27 overall metrics
  loss: 0.0641 rmse: 0.214 r2: 0.757 corr: 0.873
***** Epoch 27 Val (windowed) *****
  loss: 0.0244 rmse: 0.247 r2: 0.766 corr: 0.878
********************
***** Epoch 27 Test (windowed) *****
  loss: 0.0453 rmse: 0.332 r2: 0.619 corr: 0.790
********************
  Epoch 27 done in 37.8s
  Saved best model → model/FIM_restoration_0412G_stations_monthly/2016/gat-rnn-v2-windowed_bs-128_lr-0.001_maxepoch-35_testyear-2016_win-3_nwin-10_seed-0/model-27

----- Epoch 28 (windowed) -----

###### Windowed train epoch 28 overall metrics
  loss: 0.0634 rmse: 0.215 r2: 0.754 corr: 0.871
***** Epoch 28 Val (windowed) *****
  loss: 0.0240 rmse: 0.243 r2: 0.775 corr: 0.884
********************
***** Epoch 28 Test (windowed) *****
  loss: 0.0456 rmse: 0.333 r2: 0.616 corr: 0.790
********************
  Epoch 28 done in 38.2s
  Saved best model → model/FIM_restoration_0412G_stations_monthly/2016/gat-rnn-v2-windowed_bs-128_lr-0.001_maxepoch-35_testyear-2016_win-3_nwin-10_seed-0/model-28

----- Epoch 29 (windowed) -----

###### Windowed train epoch 29 overall metrics
  loss: 0.0625 rmse: 0.213 r2: 0.759 corr: 0.875
***** Epoch 29 Val (windowed) *****
  loss: 0.0228 rmse: 0.252 r2: 0.758 corr: 0.881
********************
***** Epoch 29 Test (windowed) *****
  loss: 0.0442 rmse: 0.327 r2: 0.629 corr: 0.794
********************
  Epoch 29 done in 37.1s

----- Epoch 30 (windowed) -----

###### Windowed train epoch 30 overall metrics
  loss: 0.0608 rmse: 0.208 r2: 0.769 corr: 0.880
***** Epoch 30 Val (windowed) *****
  loss: 0.0223 rmse: 0.244 r2: 0.773 corr: 0.887
********************
***** Epoch 30 Test (windowed) *****
  loss: 0.0444 rmse: 0.326 r2: 0.631 corr: 0.796
********************
  Epoch 30 done in 40.7s

----- Epoch 31 (windowed) -----

###### Windowed train epoch 31 overall metrics
  loss: 0.0603 rmse: 0.209 r2: 0.767 corr: 0.878
***** Epoch 31 Val (windowed) *****
  loss: 0.0225 rmse: 0.246 r2: 0.769 corr: 0.893
********************
***** Epoch 31 Test (windowed) *****
  loss: 0.0442 rmse: 0.332 r2: 0.617 corr: 0.786
********************
  Epoch 31 done in 38.0s

----- Epoch 32 (windowed) -----

###### Windowed train epoch 32 overall metrics
  loss: 0.0591 rmse: 0.204 r2: 0.780 corr: 0.886
***** Epoch 32 Val (windowed) *****
  loss: 0.0216 rmse: 0.242 r2: 0.777 corr: 0.893
********************
***** Epoch 32 Test (windowed) *****
  loss: 0.0443 rmse: 0.331 r2: 0.620 corr: 0.788
********************
  Epoch 32 done in 38.2s
  Saved best model → model/FIM_restoration_0412G_stations_monthly/2016/gat-rnn-v2-windowed_bs-128_lr-0.001_maxepoch-35_testyear-2016_win-3_nwin-10_seed-0/model-32

----- Epoch 33 (windowed) -----

###### Windowed train epoch 33 overall metrics
  loss: 0.0585 rmse: 0.205 r2: 0.776 corr: 0.884
***** Epoch 33 Val (windowed) *****
  loss: 0.0218 rmse: 0.236 r2: 0.788 corr: 0.890
********************
***** Epoch 33 Test (windowed) *****
  loss: 0.0450 rmse: 0.333 r2: 0.615 corr: 0.792
********************
  Epoch 33 done in 35.2s
  Saved best model → model/FIM_restoration_0412G_stations_monthly/2016/gat-rnn-v2-windowed_bs-128_lr-0.001_maxepoch-35_testyear-2016_win-3_nwin-10_seed-0/model-33

----- Epoch 34 (windowed) -----

###### Windowed train epoch 34 overall metrics
  loss: 0.0578 rmse: 0.204 r2: 0.779 corr: 0.884
***** Epoch 34 Val (windowed) *****
  loss: 0.0210 rmse: 0.234 r2: 0.792 corr: 0.897
********************
***** Epoch 34 Test (windowed) *****
  loss: 0.0445 rmse: 0.334 r2: 0.612 corr: 0.788
********************
  Epoch 34 done in 40.8s
  Saved best model → model/FIM_restoration_0412G_stations_monthly/2016/gat-rnn-v2-windowed_bs-128_lr-0.001_maxepoch-35_testyear-2016_win-3_nwin-10_seed-0/model-34
Fold done — best val RMSE=0.2335 test R²=0.6122 corr=0.7884

================================================================
Rolling-windowed  test_year=2017
  Val  : 2016
  Test : 2017
  win_size=3  n_windows=10
================================================================
Initially data (54319, 166)
After filtering (40126, 166)
get_X_Y
X shape (40126, 152)
Y shape (40126, 12)
Y (output) means tensor([[0.1478, 0.0119, 0.2544, 0.1549, 0.0175, 0.0615, 0.1639, 0.0228, 0.0478,
         0.0106, 0.0387, 0.1417]]) stds tensor([[0.4810, 0.1349, 0.6272, 0.5677, 0.1579, 0.3003, 0.5241, 0.1910, 0.3016,
         0.1381, 0.2984, 0.4486]])
Y count-scale means tensor([[0.4945, 0.0340, 0.9819, 0.8197, 0.0484, 0.2007, 0.6059, 0.0702, 0.2018,
         0.0358, 0.2822, 0.4213]]) stds tensor([[3.3045, 0.6134, 5.8942, 6.2990, 0.9265, 3.7543, 3.8391, 1.0068, 2.6381,
         0.6819, 7.1647, 2.6550]])
/Users/liyingnceas/GitHub/GNN-RNN-main/gnn-lstm-v4/utils/data_utils.py:274: RuntimeWarning: Mean of empty slice
  np.nanmean(county_dict[county], axis=0).astype(np.float32)
Filled 101494 missing (node, year) entries from neighbors or year averages
[2D] Station nodes: 596, adj nnz: 2980
[build_year_XY_windowed] data_start=1998, min_pred_year=2009, test_year=2017, win_size=3, n_windows=10
  built windows for T=2009
  built windows for T=2014
[build_year_XY_windowed] built windowed XY for 9 prediction years (2009–2017)
  GAT_RNN_V2: edge_feat_dim=3, n_heads=4, n_hidden=64
  [Bayes] Species rarity weights (mean=1): min=0.63 max=1.31  (rarest=Archosargus probatocephalus_R)

----- Epoch 0 (windowed) -----

###### Windowed train epoch 0 overall metrics
  loss: 0.2010 rmse: 0.431 r2: 0.081 corr: 0.311
***** Epoch 0 Val (windowed) *****
  loss: 0.0849 rmse: 0.491 r2: 0.167 corr: 0.462
********************
***** Epoch 0 Test (windowed) *****
  loss: 0.0858 rmse: 0.476 r2: 0.187 corr: 0.488
********************
  Epoch 0 done in 42.4s
  Saved best model → model/FIM_restoration_0412G_stations_monthly/2017/gat-rnn-v2-windowed_bs-128_lr-0.001_maxepoch-35_testyear-2017_win-3_nwin-10_seed-0/model-0

----- Epoch 1 (windowed) -----

###### Windowed train epoch 1 overall metrics
  loss: 0.1660 rmse: 0.388 r2: 0.256 corr: 0.537
***** Epoch 1 Val (windowed) *****
  loss: 0.0724 rmse: 0.456 r2: 0.283 corr: 0.574
********************
***** Epoch 1 Test (windowed) *****
  loss: 0.0734 rmse: 0.440 r2: 0.306 corr: 0.599
********************
  Epoch 1 done in 40.9s
  Saved best model → model/FIM_restoration_0412G_stations_monthly/2017/gat-rnn-v2-windowed_bs-128_lr-0.001_maxepoch-35_testyear-2017_win-3_nwin-10_seed-0/model-1

----- Epoch 2 (windowed) -----

###### Windowed train epoch 2 overall metrics
  loss: 0.1422 rmse: 0.350 r2: 0.394 corr: 0.654
***** Epoch 2 Val (windowed) *****
  loss: 0.0616 rmse: 0.415 r2: 0.407 corr: 0.649
********************
***** Epoch 2 Test (windowed) *****
  loss: 0.0639 rmse: 0.394 r2: 0.443 corr: 0.676
********************
  Epoch 2 done in 39.4s
  Saved best model → model/FIM_restoration_0412G_stations_monthly/2017/gat-rnn-v2-windowed_bs-128_lr-0.001_maxepoch-35_testyear-2017_win-3_nwin-10_seed-0/model-2

----- Epoch 3 (windowed) -----

###### Windowed train epoch 3 overall metrics
  loss: 0.1244 rmse: 0.319 r2: 0.496 corr: 0.724
***** Epoch 3 Val (windowed) *****
  loss: 0.0506 rmse: 0.382 r2: 0.497 corr: 0.728
********************
***** Epoch 3 Test (windowed) *****
  loss: 0.0577 rmse: 0.365 r2: 0.522 corr: 0.737
********************
  Epoch 3 done in 42.3s
  Saved best model → model/FIM_restoration_0412G_stations_monthly/2017/gat-rnn-v2-windowed_bs-128_lr-0.001_maxepoch-35_testyear-2017_win-3_nwin-10_seed-0/model-3

----- Epoch 4 (windowed) -----

###### Windowed train epoch 4 overall metrics
  loss: 0.1111 rmse: 0.300 r2: 0.553 corr: 0.759
***** Epoch 4 Val (windowed) *****
  loss: 0.0458 rmse: 0.362 r2: 0.547 corr: 0.758
********************
***** Epoch 4 Test (windowed) *****
  loss: 0.0518 rmse: 0.347 r2: 0.568 corr: 0.765
********************
  Epoch 4 done in 38.3s
  Saved best model → model/FIM_restoration_0412G_stations_monthly/2017/gat-rnn-v2-windowed_bs-128_lr-0.001_maxepoch-35_testyear-2017_win-3_nwin-10_seed-0/model-4

----- Epoch 5 (windowed) -----

###### Windowed train epoch 5 overall metrics
  loss: 0.1032 rmse: 0.289 r2: 0.585 corr: 0.779
***** Epoch 5 Val (windowed) *****
  loss: 0.0417 rmse: 0.355 r2: 0.564 corr: 0.774
********************
***** Epoch 5 Test (windowed) *****
  loss: 0.0477 rmse: 0.341 r2: 0.583 corr: 0.779
********************
  Epoch 5 done in 40.7s
  Saved best model → model/FIM_restoration_0412G_stations_monthly/2017/gat-rnn-v2-windowed_bs-128_lr-0.001_maxepoch-35_testyear-2017_win-3_nwin-10_seed-0/model-5

----- Epoch 6 (windowed) -----

###### Windowed train epoch 6 overall metrics
  loss: 0.0973 rmse: 0.281 r2: 0.608 corr: 0.792
***** Epoch 6 Val (windowed) *****
  loss: 0.0411 rmse: 0.343 r2: 0.594 corr: 0.783
********************
***** Epoch 6 Test (windowed) *****
  loss: 0.0483 rmse: 0.333 r2: 0.602 corr: 0.781
********************
  Epoch 6 done in 43.3s
  Saved best model → model/FIM_restoration_0412G_stations_monthly/2017/gat-rnn-v2-windowed_bs-128_lr-0.001_maxepoch-35_testyear-2017_win-3_nwin-10_seed-0/model-6

----- Epoch 7 (windowed) -----

###### Windowed train epoch 7 overall metrics
  loss: 0.0937 rmse: 0.275 r2: 0.627 corr: 0.801
***** Epoch 7 Val (windowed) *****
  loss: 0.0393 rmse: 0.352 r2: 0.574 corr: 0.789
********************
***** Epoch 7 Test (windowed) *****
  loss: 0.0466 rmse: 0.341 r2: 0.582 corr: 0.783
********************
  Epoch 7 done in 39.0s

----- Epoch 8 (windowed) -----

###### Windowed train epoch 8 overall metrics
  loss: 0.0911 rmse: 0.269 r2: 0.642 corr: 0.811
***** Epoch 8 Val (windowed) *****
  loss: 0.0413 rmse: 0.360 r2: 0.553 corr: 0.787
********************
***** Epoch 8 Test (windowed) *****
  loss: 0.0487 rmse: 0.353 r2: 0.552 corr: 0.776
********************
  Epoch 8 done in 42.7s

----- Epoch 9 (windowed) -----

###### Windowed train epoch 9 overall metrics
  loss: 0.0891 rmse: 0.270 r2: 0.638 corr: 0.809
***** Epoch 9 Val (windowed) *****
  loss: 0.0379 rmse: 0.334 r2: 0.616 corr: 0.799
********************
***** Epoch 9 Test (windowed) *****
  loss: 0.0471 rmse: 0.329 r2: 0.611 corr: 0.786
********************
  Epoch 9 done in 939.8s
  Saved best model → model/FIM_restoration_0412G_stations_monthly/2017/gat-rnn-v2-windowed_bs-128_lr-0.001_maxepoch-35_testyear-2017_win-3_nwin-10_seed-0/model-9

----- Epoch 10 (windowed) -----

###### Windowed train epoch 10 overall metrics
  loss: 0.0868 rmse: 0.264 r2: 0.655 corr: 0.817
***** Epoch 10 Val (windowed) *****
  loss: 0.0372 rmse: 0.337 r2: 0.609 corr: 0.810
********************
***** Epoch 10 Test (windowed) *****
  loss: 0.0457 rmse: 0.337 r2: 0.593 corr: 0.785
********************
  Epoch 10 done in 51.0s

----- Epoch 11 (windowed) -----

###### Windowed train epoch 11 overall metrics
  loss: 0.0843 rmse: 0.258 r2: 0.670 corr: 0.826
***** Epoch 11 Val (windowed) *****
  loss: 0.0381 rmse: 0.335 r2: 0.613 corr: 0.806
********************
***** Epoch 11 Test (windowed) *****
  loss: 0.0459 rmse: 0.339 r2: 0.589 corr: 0.781
********************
  Epoch 11 done in 44.0s

----- Epoch 12 (windowed) -----

###### Windowed train epoch 12 overall metrics
  loss: 0.0825 rmse: 0.256 r2: 0.675 corr: 0.829
***** Epoch 12 Val (windowed) *****
  loss: 0.0368 rmse: 0.327 r2: 0.631 corr: 0.823
********************
***** Epoch 12 Test (windowed) *****
  loss: 0.0461 rmse: 0.333 r2: 0.601 corr: 0.789
********************
  Epoch 12 done in 40.3s
  Saved best model → model/FIM_restoration_0412G_stations_monthly/2017/gat-rnn-v2-windowed_bs-128_lr-0.001_maxepoch-35_testyear-2017_win-3_nwin-10_seed-0/model-12

----- Epoch 13 (windowed) -----

###### Windowed train epoch 13 overall metrics
  loss: 0.0809 rmse: 0.254 r2: 0.681 corr: 0.832
***** Epoch 13 Val (windowed) *****
  loss: 0.0367 rmse: 0.333 r2: 0.617 corr: 0.821
********************
***** Epoch 13 Test (windowed) *****
  loss: 0.0468 rmse: 0.342 r2: 0.581 corr: 0.781
********************
  Epoch 13 done in 129.8s

----- Epoch 14 (windowed) -----

###### Windowed train epoch 14 overall metrics
  loss: 0.0792 rmse: 0.250 r2: 0.690 corr: 0.837
***** Epoch 14 Val (windowed) *****
  loss: 0.0353 rmse: 0.314 r2: 0.659 corr: 0.819
********************
***** Epoch 14 Test (windowed) *****
  loss: 0.0471 rmse: 0.328 r2: 0.615 corr: 0.785
********************
  Epoch 14 done in 939.2s
  Saved best model → model/FIM_restoration_0412G_stations_monthly/2017/gat-rnn-v2-windowed_bs-128_lr-0.001_maxepoch-35_testyear-2017_win-3_nwin-10_seed-0/model-14

----- Epoch 15 (windowed) -----

###### Windowed train epoch 15 overall metrics
  loss: 0.0771 rmse: 0.246 r2: 0.701 corr: 0.843
***** Epoch 15 Val (windowed) *****
  loss: 0.0352 rmse: 0.312 r2: 0.664 corr: 0.828
********************
***** Epoch 15 Test (windowed) *****
  loss: 0.0471 rmse: 0.331 r2: 0.606 corr: 0.781
********************
  Epoch 15 done in 248.5s
  Saved best model → model/FIM_restoration_0412G_stations_monthly/2017/gat-rnn-v2-windowed_bs-128_lr-0.001_maxepoch-35_testyear-2017_win-3_nwin-10_seed-0/model-15

----- Epoch 16 (windowed) -----

###### Windowed train epoch 16 overall metrics
  loss: 0.0757 rmse: 0.244 r2: 0.705 corr: 0.846
***** Epoch 16 Val (windowed) *****
  loss: 0.0347 rmse: 0.305 r2: 0.679 corr: 0.830
********************
***** Epoch 16 Test (windowed) *****
  loss: 0.0473 rmse: 0.328 r2: 0.614 corr: 0.783
********************
  Epoch 16 done in 42.1s
  Saved best model → model/FIM_restoration_0412G_stations_monthly/2017/gat-rnn-v2-windowed_bs-128_lr-0.001_maxepoch-35_testyear-2017_win-3_nwin-10_seed-0/model-16

----- Epoch 17 (windowed) -----

###### Windowed train epoch 17 overall metrics
  loss: 0.0738 rmse: 0.241 r2: 0.713 corr: 0.849
***** Epoch 17 Val (windowed) *****
  loss: 0.0334 rmse: 0.321 r2: 0.644 corr: 0.833
********************
***** Epoch 17 Test (windowed) *****
  loss: 0.0466 rmse: 0.339 r2: 0.588 corr: 0.780
********************
  Epoch 17 done in 38.4s

----- Epoch 18 (windowed) -----

###### Windowed train epoch 18 overall metrics
  loss: 0.0725 rmse: 0.239 r2: 0.716 corr: 0.853
***** Epoch 18 Val (windowed) *****
  loss: 0.0315 rmse: 0.295 r2: 0.701 corr: 0.849
********************
***** Epoch 18 Test (windowed) *****
  loss: 0.0460 rmse: 0.325 r2: 0.620 corr: 0.789
********************
  Epoch 18 done in 360.6s
  Saved best model → model/FIM_restoration_0412G_stations_monthly/2017/gat-rnn-v2-windowed_bs-128_lr-0.001_maxepoch-35_testyear-2017_win-3_nwin-10_seed-0/model-18

----- Epoch 19 (windowed) -----

###### Windowed train epoch 19 overall metrics
  loss: 0.0710 rmse: 0.236 r2: 0.724 corr: 0.857
***** Epoch 19 Val (windowed) *****
  loss: 0.0333 rmse: 0.309 r2: 0.670 corr: 0.840
********************
***** Epoch 19 Test (windowed) *****
  loss: 0.0467 rmse: 0.339 r2: 0.588 corr: 0.776
********************
  Epoch 19 done in 42.5s

----- Epoch 20 (windowed) -----

###### Windowed train epoch 20 overall metrics
  loss: 0.0702 rmse: 0.236 r2: 0.724 corr: 0.855
***** Epoch 20 Val (windowed) *****
  loss: 0.0321 rmse: 0.286 r2: 0.717 corr: 0.849
********************
***** Epoch 20 Test (windowed) *****
  loss: 0.0475 rmse: 0.322 r2: 0.628 corr: 0.793
********************
  Epoch 20 done in 41.8s
  Saved best model → model/FIM_restoration_0412G_stations_monthly/2017/gat-rnn-v2-windowed_bs-128_lr-0.001_maxepoch-35_testyear-2017_win-3_nwin-10_seed-0/model-20

----- Epoch 21 (windowed) -----

###### Windowed train epoch 21 overall metrics
  loss: 0.0687 rmse: 0.233 r2: 0.732 corr: 0.861
***** Epoch 21 Val (windowed) *****
  loss: 0.0303 rmse: 0.280 r2: 0.729 corr: 0.860
********************
***** Epoch 21 Test (windowed) *****
  loss: 0.0467 rmse: 0.318 r2: 0.637 corr: 0.799
********************
  Epoch 21 done in 68.4s
  Saved best model → model/FIM_restoration_0412G_stations_monthly/2017/gat-rnn-v2-windowed_bs-128_lr-0.001_maxepoch-35_testyear-2017_win-3_nwin-10_seed-0/model-21

----- Epoch 22 (windowed) -----

###### Windowed train epoch 22 overall metrics
  loss: 0.0677 rmse: 0.231 r2: 0.736 corr: 0.862
***** Epoch 22 Val (windowed) *****
  loss: 0.0311 rmse: 0.304 r2: 0.682 corr: 0.851
********************
***** Epoch 22 Test (windowed) *****
  loss: 0.0453 rmse: 0.331 r2: 0.608 corr: 0.787
********************
  Epoch 22 done in 42.9s

----- Epoch 23 (windowed) -----

###### Windowed train epoch 23 overall metrics
  loss: 0.0663 rmse: 0.229 r2: 0.740 corr: 0.865
***** Epoch 23 Val (windowed) *****
  loss: 0.0325 rmse: 0.293 r2: 0.705 corr: 0.857
********************
***** Epoch 23 Test (windowed) *****
  loss: 0.0474 rmse: 0.324 r2: 0.624 corr: 0.792
********************
  Epoch 23 done in 226.5s

----- Epoch 24 (windowed) -----

###### Windowed train epoch 24 overall metrics
  loss: 0.0652 rmse: 0.225 r2: 0.751 corr: 0.871
***** Epoch 24 Val (windowed) *****
  loss: 0.0290 rmse: 0.280 r2: 0.730 corr: 0.869
********************
***** Epoch 24 Test (windowed) *****
  loss: 0.0460 rmse: 0.317 r2: 0.638 corr: 0.799
********************
  Epoch 24 done in 958.7s
  Saved best model → model/FIM_restoration_0412G_stations_monthly/2017/gat-rnn-v2-windowed_bs-128_lr-0.001_maxepoch-35_testyear-2017_win-3_nwin-10_seed-0/model-24

----- Epoch 25 (windowed) -----

###### Windowed train epoch 25 overall metrics
  loss: 0.0641 rmse: 0.223 r2: 0.754 corr: 0.872
***** Epoch 25 Val (windowed) *****
  loss: 0.0292 rmse: 0.276 r2: 0.737 corr: 0.863
********************
***** Epoch 25 Test (windowed) *****
  loss: 0.0484 rmse: 0.324 r2: 0.622 corr: 0.789
********************
  Epoch 25 done in 38.3s
  Saved best model → model/FIM_restoration_0412G_stations_monthly/2017/gat-rnn-v2-windowed_bs-128_lr-0.001_maxepoch-35_testyear-2017_win-3_nwin-10_seed-0/model-25

----- Epoch 26 (windowed) -----

###### Windowed train epoch 26 overall metrics
  loss: 0.0632 rmse: 0.222 r2: 0.757 corr: 0.873
***** Epoch 26 Val (windowed) *****
  loss: 0.0287 rmse: 0.267 r2: 0.755 corr: 0.872
********************
***** Epoch 26 Test (windowed) *****
  loss: 0.0478 rmse: 0.322 r2: 0.628 corr: 0.793
********************
  Epoch 26 done in 41.9s
  Saved best model → model/FIM_restoration_0412G_stations_monthly/2017/gat-rnn-v2-windowed_bs-128_lr-0.001_maxepoch-35_testyear-2017_win-3_nwin-10_seed-0/model-26

----- Epoch 27 (windowed) -----

###### Windowed train epoch 27 overall metrics
  loss: 0.0619 rmse: 0.220 r2: 0.760 corr: 0.876
***** Epoch 27 Val (windowed) *****
  loss: 0.0280 rmse: 0.268 r2: 0.753 corr: 0.873
********************
***** Epoch 27 Test (windowed) *****
  loss: 0.0476 rmse: 0.318 r2: 0.637 corr: 0.799
********************
  Epoch 27 done in 942.9s

----- Epoch 28 (windowed) -----

###### Windowed train epoch 28 overall metrics
  loss: 0.0603 rmse: 0.217 r2: 0.767 corr: 0.878
***** Epoch 28 Val (windowed) *****
  loss: 0.0272 rmse: 0.269 r2: 0.750 corr: 0.873
********************
***** Epoch 28 Test (windowed) *****
  loss: 0.0464 rmse: 0.315 r2: 0.644 corr: 0.803
********************
  Epoch 28 done in 42.8s

----- Epoch 29 (windowed) -----

###### Windowed train epoch 29 overall metrics
  loss: 0.0602 rmse: 0.218 r2: 0.766 corr: 0.878
***** Epoch 29 Val (windowed) *****
  loss: 0.0281 rmse: 0.277 r2: 0.736 corr: 0.879
********************
***** Epoch 29 Test (windowed) *****
  loss: 0.0461 rmse: 0.325 r2: 0.621 corr: 0.791
********************
  Epoch 29 done in 1005.2s

----- Epoch 30 (windowed) -----

###### Windowed train epoch 30 overall metrics
  loss: 0.0597 rmse: 0.216 r2: 0.769 corr: 0.881
***** Epoch 30 Val (windowed) *****
  loss: 0.0267 rmse: 0.254 r2: 0.777 corr: 0.888
********************
***** Epoch 30 Test (windowed) *****
  loss: 0.0472 rmse: 0.316 r2: 0.642 corr: 0.803
********************
  Epoch 30 done in 41.9s
  Saved best model → model/FIM_restoration_0412G_stations_monthly/2017/gat-rnn-v2-windowed_bs-128_lr-0.001_maxepoch-35_testyear-2017_win-3_nwin-10_seed-0/model-30

----- Epoch 31 (windowed) -----

###### Windowed train epoch 31 overall metrics
  loss: 0.0585 rmse: 0.212 r2: 0.778 corr: 0.885
***** Epoch 31 Val (windowed) *****
  loss: 0.0270 rmse: 0.254 r2: 0.777 corr: 0.888
********************
***** Epoch 31 Test (windowed) *****
  loss: 0.0460 rmse: 0.319 r2: 0.636 corr: 0.799
********************
  Epoch 31 done in 38.4s

----- Epoch 32 (windowed) -----

###### Windowed train epoch 32 overall metrics
  loss: 0.0572 rmse: 0.210 r2: 0.783 corr: 0.888
***** Epoch 32 Val (windowed) *****
  loss: 0.0271 rmse: 0.265 r2: 0.758 corr: 0.890
********************
***** Epoch 32 Test (windowed) *****
  loss: 0.0456 rmse: 0.317 r2: 0.640 corr: 0.802
********************
  Epoch 32 done in 567.9s

----- Epoch 33 (windowed) -----

###### Windowed train epoch 33 overall metrics
  loss: 0.0563 rmse: 0.208 r2: 0.786 corr: 0.890
***** Epoch 33 Val (windowed) *****
  loss: 0.0253 rmse: 0.245 r2: 0.794 corr: 0.894
********************
***** Epoch 33 Test (windowed) *****
  loss: 0.0484 rmse: 0.325 r2: 0.620 corr: 0.800
********************
  Epoch 33 done in 39.4s
  Saved best model → model/FIM_restoration_0412G_stations_monthly/2017/gat-rnn-v2-windowed_bs-128_lr-0.001_maxepoch-35_testyear-2017_win-3_nwin-10_seed-0/model-33

----- Epoch 34 (windowed) -----

###### Windowed train epoch 34 overall metrics
  loss: 0.0552 rmse: 0.207 r2: 0.789 corr: 0.891
***** Epoch 34 Val (windowed) *****
  loss: 0.0265 rmse: 0.249 r2: 0.786 corr: 0.891
********************
***** Epoch 34 Test (windowed) *****
  loss: 0.0464 rmse: 0.320 r2: 0.633 corr: 0.800
********************
  Epoch 34 done in 42.4s
Fold done — best val RMSE=0.2445 test R²=0.6204 corr=0.8000

================================================================
Rolling-windowed  test_year=2018
  Val  : 2017
  Test : 2018
  win_size=3  n_windows=10
================================================================
Initially data (54319, 166)
After filtering (42427, 166)
get_X_Y
X shape (42427, 152)
Y shape (42427, 12)
Y (output) means tensor([[0.1487, 0.0126, 0.2547, 0.1570, 0.0198, 0.0604, 0.1637, 0.0241, 0.0488,
         0.0103, 0.0398, 0.1409]]) stds tensor([[0.4849, 0.1385, 0.6257, 0.5736, 0.1681, 0.2968, 0.5216, 0.1967, 0.3046,
         0.1359, 0.3034, 0.4470]])
Y count-scale means tensor([[0.5060, 0.0356, 0.9768, 0.8484, 0.0546, 0.1950, 0.5973, 0.0740, 0.2098,
         0.0346, 0.2876, 0.4163]]) stds tensor([[3.3727, 0.6204, 5.8815, 6.5365, 0.9509, 3.6480, 3.7599, 1.0155, 3.0043,
         0.6679, 7.0155, 2.6028]])
/Users/liyingnceas/GitHub/GNN-RNN-main/gnn-lstm-v4/utils/data_utils.py:274: RuntimeWarning: Mean of empty slice
  np.nanmean(county_dict[county], axis=0).astype(np.float32)
Filled 106589 missing (node, year) entries from neighbors or year averages
[2D] Station nodes: 596, adj nnz: 2980
[build_year_XY_windowed] data_start=1998, min_pred_year=2009, test_year=2018, win_size=3, n_windows=10
  built windows for T=2009
  built windows for T=2014
[build_year_XY_windowed] built windowed XY for 10 prediction years (2009–2018)
  GAT_RNN_V2: edge_feat_dim=3, n_heads=4, n_hidden=64
  [Bayes] Species rarity weights (mean=1): min=0.63 max=1.32  (rarest=Mycteroperca microlepis_SA)

----- Epoch 0 (windowed) -----

###### Windowed train epoch 0 overall metrics
  loss: 0.2047 rmse: 0.440 r2: 0.078 corr: 0.304
***** Epoch 0 Val (windowed) *****
  loss: 0.0844 rmse: 0.475 r2: 0.192 corr: 0.490
********************
***** Epoch 0 Test (windowed) *****
  loss: 0.0908 rmse: 0.460 r2: 0.195 corr: 0.491
********************
  Epoch 0 done in 1062.3s
  Saved best model → model/FIM_restoration_0412G_stations_monthly/2018/gat-rnn-v2-windowed_bs-128_lr-0.001_maxepoch-35_testyear-2018_win-3_nwin-10_seed-0/model-0

----- Epoch 1 (windowed) -----

###### Windowed train epoch 1 overall metrics
  loss: 0.1655 rmse: 0.396 r2: 0.255 corr: 0.540
***** Epoch 1 Val (windowed) *****
  loss: 0.0691 rmse: 0.430 r2: 0.339 corr: 0.629
********************
***** Epoch 1 Test (windowed) *****
  loss: 0.0743 rmse: 0.415 r2: 0.345 corr: 0.630
********************
  Epoch 1 done in 47.2s
  Saved best model → model/FIM_restoration_0412G_stations_monthly/2018/gat-rnn-v2-windowed_bs-128_lr-0.001_maxepoch-35_testyear-2018_win-3_nwin-10_seed-0/model-1

----- Epoch 2 (windowed) -----

###### Windowed train epoch 2 overall metrics
  loss: 0.1382 rmse: 0.351 r2: 0.415 corr: 0.667
***** Epoch 2 Val (windowed) *****
  loss: 0.0570 rmse: 0.382 r2: 0.476 corr: 0.721
********************
***** Epoch 2 Test (windowed) *****
  loss: 0.0608 rmse: 0.369 r2: 0.482 corr: 0.719
********************
  Epoch 2 done in 42.4s
  Saved best model → model/FIM_restoration_0412G_stations_monthly/2018/gat-rnn-v2-windowed_bs-128_lr-0.001_maxepoch-35_testyear-2018_win-3_nwin-10_seed-0/model-2

----- Epoch 3 (windowed) -----

###### Windowed train epoch 3 overall metrics
  loss: 0.1202 rmse: 0.317 r2: 0.522 corr: 0.739
***** Epoch 3 Val (windowed) *****
  loss: 0.0503 rmse: 0.347 r2: 0.568 corr: 0.766
********************
***** Epoch 3 Test (windowed) *****
  loss: 0.0531 rmse: 0.341 r2: 0.558 corr: 0.755
********************
  Epoch 3 done in 1048.9s
  Saved best model → model/FIM_restoration_0412G_stations_monthly/2018/gat-rnn-v2-windowed_bs-128_lr-0.001_maxepoch-35_testyear-2018_win-3_nwin-10_seed-0/model-3

----- Epoch 4 (windowed) -----

###### Windowed train epoch 4 overall metrics
  loss: 0.1076 rmse: 0.301 r2: 0.570 corr: 0.769
***** Epoch 4 Val (windowed) *****
  loss: 0.0462 rmse: 0.335 r2: 0.597 corr: 0.791
********************
***** Epoch 4 Test (windowed) *****
  loss: 0.0479 rmse: 0.331 r2: 0.583 corr: 0.776
********************
  Epoch 4 done in 45.8s
  Saved best model → model/FIM_restoration_0412G_stations_monthly/2018/gat-rnn-v2-windowed_bs-128_lr-0.001_maxepoch-35_testyear-2018_win-3_nwin-10_seed-0/model-4

----- Epoch 5 (windowed) -----

###### Windowed train epoch 5 overall metrics
  loss: 0.0995 rmse: 0.288 r2: 0.605 corr: 0.789
***** Epoch 5 Val (windowed) *****
  loss: 0.0424 rmse: 0.327 r2: 0.617 corr: 0.804
********************
***** Epoch 5 Test (windowed) *****
  loss: 0.0443 rmse: 0.330 r2: 0.586 corr: 0.777
********************
  Epoch 5 done in 46.4s
  Saved best model → model/FIM_restoration_0412G_stations_monthly/2018/gat-rnn-v2-windowed_bs-128_lr-0.001_maxepoch-35_testyear-2018_win-3_nwin-10_seed-0/model-5

----- Epoch 6 (windowed) -----

###### Windowed train epoch 6 overall metrics
  loss: 0.0963 rmse: 0.285 r2: 0.614 corr: 0.794
***** Epoch 6 Val (windowed) *****
  loss: 0.0442 rmse: 0.341 r2: 0.583 corr: 0.792
********************
***** Epoch 6 Test (windowed) *****
  loss: 0.0446 rmse: 0.338 r2: 0.567 corr: 0.778
********************
  Epoch 6 done in 1063.6s

----- Epoch 7 (windowed) -----

###### Windowed train epoch 7 overall metrics
  loss: 0.0931 rmse: 0.280 r2: 0.627 corr: 0.802
***** Epoch 7 Val (windowed) *****
  loss: 0.0410 rmse: 0.310 r2: 0.656 corr: 0.813
********************
***** Epoch 7 Test (windowed) *****
  loss: 0.0426 rmse: 0.319 r2: 0.613 corr: 0.785
********************
  Epoch 7 done in 47.2s
  Saved best model → model/FIM_restoration_0412G_stations_monthly/2018/gat-rnn-v2-windowed_bs-128_lr-0.001_maxepoch-35_testyear-2018_win-3_nwin-10_seed-0/model-7

----- Epoch 8 (windowed) -----

###### Windowed train epoch 8 overall metrics
  loss: 0.0891 rmse: 0.274 r2: 0.642 corr: 0.809
***** Epoch 8 Val (windowed) *****
  loss: 0.0405 rmse: 0.320 r2: 0.634 corr: 0.815
********************
***** Epoch 8 Test (windowed) *****
  loss: 0.0427 rmse: 0.332 r2: 0.580 corr: 0.781
********************
  Epoch 8 done in 46.2s

----- Epoch 9 (windowed) -----

###### Windowed train epoch 9 overall metrics
  loss: 0.0871 rmse: 0.271 r2: 0.652 corr: 0.815
***** Epoch 9 Val (windowed) *****
  loss: 0.0402 rmse: 0.327 r2: 0.617 corr: 0.817
********************
***** Epoch 9 Test (windowed) *****
  loss: 0.0445 rmse: 0.342 r2: 0.555 corr: 0.769
********************
  Epoch 9 done in 42.5s

----- Epoch 10 (windowed) -----

###### Windowed train epoch 10 overall metrics
  loss: 0.0844 rmse: 0.267 r2: 0.661 corr: 0.821
***** Epoch 10 Val (windowed) *****
  loss: 0.0370 rmse: 0.308 r2: 0.660 corr: 0.830
********************
***** Epoch 10 Test (windowed) *****
  loss: 0.0426 rmse: 0.330 r2: 0.586 corr: 0.781
********************
  Epoch 10 done in 44.1s
  Saved best model → model/FIM_restoration_0412G_stations_monthly/2018/gat-rnn-v2-windowed_bs-128_lr-0.001_maxepoch-35_testyear-2018_win-3_nwin-10_seed-0/model-10

----- Epoch 11 (windowed) -----

###### Windowed train epoch 11 overall metrics
  loss: 0.0823 rmse: 0.264 r2: 0.670 corr: 0.827
***** Epoch 11 Val (windowed) *****
  loss: 0.0363 rmse: 0.298 r2: 0.681 corr: 0.835
********************
***** Epoch 11 Test (windowed) *****
  loss: 0.0428 rmse: 0.327 r2: 0.594 corr: 0.780
********************
  Epoch 11 done in 46.9s
  Saved best model → model/FIM_restoration_0412G_stations_monthly/2018/gat-rnn-v2-windowed_bs-128_lr-0.001_maxepoch-35_testyear-2018_win-3_nwin-10_seed-0/model-11

----- Epoch 12 (windowed) -----

###### Windowed train epoch 12 overall metrics
  loss: 0.0803 rmse: 0.258 r2: 0.684 corr: 0.833
***** Epoch 12 Val (windowed) *****
  loss: 0.0365 rmse: 0.298 r2: 0.681 corr: 0.840
********************
***** Epoch 12 Test (windowed) *****
  loss: 0.0434 rmse: 0.327 r2: 0.594 corr: 0.779
********************
  Epoch 12 done in 1031.8s
  Saved best model → model/FIM_restoration_0412G_stations_monthly/2018/gat-rnn-v2-windowed_bs-128_lr-0.001_maxepoch-35_testyear-2018_win-3_nwin-10_seed-0/model-12

----- Epoch 13 (windowed) -----

###### Windowed train epoch 13 overall metrics
  loss: 0.0780 rmse: 0.254 r2: 0.694 corr: 0.838
***** Epoch 13 Val (windowed) *****
  loss: 0.0365 rmse: 0.319 r2: 0.636 corr: 0.835
********************
***** Epoch 13 Test (windowed) *****
  loss: 0.0439 rmse: 0.342 r2: 0.556 corr: 0.773
********************
  Epoch 13 done in 1047.6s

----- Epoch 14 (windowed) -----

###### Windowed train epoch 14 overall metrics
  loss: 0.0770 rmse: 0.253 r2: 0.695 corr: 0.840
***** Epoch 14 Val (windowed) *****
  loss: 0.0364 rmse: 0.303 r2: 0.671 corr: 0.834
********************
***** Epoch 14 Test (windowed) *****
  loss: 0.0436 rmse: 0.328 r2: 0.590 corr: 0.774
********************
  Epoch 14 done in 45.9s

----- Epoch 15 (windowed) -----

###### Windowed train epoch 15 overall metrics
  loss: 0.0746 rmse: 0.249 r2: 0.706 corr: 0.846
***** Epoch 15 Val (windowed) *****
  loss: 0.0360 rmse: 0.315 r2: 0.644 corr: 0.840
********************
***** Epoch 15 Test (windowed) *****
  loss: 0.0456 rmse: 0.343 r2: 0.553 corr: 0.768
********************
  Epoch 15 done in 1025.7s

----- Epoch 16 (windowed) -----

###### Windowed train epoch 16 overall metrics
  loss: 0.0749 rmse: 0.248 r2: 0.707 corr: 0.848
***** Epoch 16 Val (windowed) *****
  loss: 0.0336 rmse: 0.288 r2: 0.703 corr: 0.845
********************
***** Epoch 16 Test (windowed) *****
  loss: 0.0425 rmse: 0.325 r2: 0.600 corr: 0.779
********************
  Epoch 16 done in 46.7s
  Saved best model → model/FIM_restoration_0412G_stations_monthly/2018/gat-rnn-v2-windowed_bs-128_lr-0.001_maxepoch-35_testyear-2018_win-3_nwin-10_seed-0/model-16

----- Epoch 17 (windowed) -----

###### Windowed train epoch 17 overall metrics
  loss: 0.0717 rmse: 0.245 r2: 0.715 corr: 0.851
***** Epoch 17 Val (windowed) *****
  loss: 0.0342 rmse: 0.310 r2: 0.655 corr: 0.844
********************
***** Epoch 17 Test (windowed) *****
  loss: 0.0449 rmse: 0.343 r2: 0.553 corr: 0.771
********************
  Epoch 17 done in 47.9s

----- Epoch 18 (windowed) -----

###### Windowed train epoch 18 overall metrics
  loss: 0.0704 rmse: 0.242 r2: 0.721 corr: 0.854
***** Epoch 18 Val (windowed) *****
  loss: 0.0323 rmse: 0.275 r2: 0.728 corr: 0.859
********************
***** Epoch 18 Test (windowed) *****
  loss: 0.0437 rmse: 0.326 r2: 0.595 corr: 0.773
********************
  Epoch 18 done in 974.2s
  Saved best model → model/FIM_restoration_0412G_stations_monthly/2018/gat-rnn-v2-windowed_bs-128_lr-0.001_maxepoch-35_testyear-2018_win-3_nwin-10_seed-0/model-18

----- Epoch 19 (windowed) -----

###### Windowed train epoch 19 overall metrics
  loss: 0.0693 rmse: 0.240 r2: 0.726 corr: 0.857
***** Epoch 19 Val (windowed) *****
  loss: 0.0320 rmse: 0.283 r2: 0.713 corr: 0.853
********************
***** Epoch 19 Test (windowed) *****
  loss: 0.0426 rmse: 0.324 r2: 0.600 corr: 0.777
********************
  Epoch 19 done in 46.5s

----- Epoch 20 (windowed) -----

###### Windowed train epoch 20 overall metrics
  loss: 0.0679 rmse: 0.240 r2: 0.727 corr: 0.859
***** Epoch 20 Val (windowed) *****
  loss: 0.0312 rmse: 0.275 r2: 0.729 corr: 0.857
********************
***** Epoch 20 Test (windowed) *****
  loss: 0.0446 rmse: 0.331 r2: 0.584 corr: 0.766
********************
  Epoch 20 done in 879.3s
  Saved best model → model/FIM_restoration_0412G_stations_monthly/2018/gat-rnn-v2-windowed_bs-128_lr-0.001_maxepoch-35_testyear-2018_win-3_nwin-10_seed-0/model-20

----- Epoch 21 (windowed) -----

###### Windowed train epoch 21 overall metrics
  loss: 0.0671 rmse: 0.235 r2: 0.737 corr: 0.862
***** Epoch 21 Val (windowed) *****
  loss: 0.0324 rmse: 0.294 r2: 0.690 corr: 0.856
********************
***** Epoch 21 Test (windowed) *****
  loss: 0.0443 rmse: 0.338 r2: 0.565 corr: 0.766
********************
  Epoch 21 done in 42.5s

----- Epoch 22 (windowed) -----

###### Windowed train epoch 22 overall metrics
  loss: 0.0662 rmse: 0.235 r2: 0.738 corr: 0.864
***** Epoch 22 Val (windowed) *****
  loss: 0.0333 rmse: 0.296 r2: 0.685 corr: 0.845
********************
***** Epoch 22 Test (windowed) *****
  loss: 0.0450 rmse: 0.335 r2: 0.573 corr: 0.762
********************
  Epoch 22 done in 46.4s

----- Epoch 23 (windowed) -----

###### Windowed train epoch 23 overall metrics
  loss: 0.0646 rmse: 0.230 r2: 0.748 corr: 0.868
***** Epoch 23 Val (windowed) *****
  loss: 0.0294 rmse: 0.274 r2: 0.732 corr: 0.861
********************
***** Epoch 23 Test (windowed) *****
  loss: 0.0433 rmse: 0.332 r2: 0.580 corr: 0.763
********************
  Epoch 23 done in 47.8s
  Saved best model → model/FIM_restoration_0412G_stations_monthly/2018/gat-rnn-v2-windowed_bs-128_lr-0.001_maxepoch-35_testyear-2018_win-3_nwin-10_seed-0/model-23

----- Epoch 24 (windowed) -----

###### Windowed train epoch 24 overall metrics
  loss: 0.0639 rmse: 0.227 r2: 0.754 corr: 0.873
***** Epoch 24 Val (windowed) *****
  loss: 0.0298 rmse: 0.277 r2: 0.726 corr: 0.863
********************
***** Epoch 24 Test (windowed) *****
  loss: 0.0444 rmse: 0.331 r2: 0.584 corr: 0.767
********************
  Epoch 24 done in 45.7s

----- Epoch 25 (windowed) -----

###### Windowed train epoch 25 overall metrics
  loss: 0.0624 rmse: 0.227 r2: 0.755 corr: 0.873
***** Epoch 25 Val (windowed) *****
  loss: 0.0309 rmse: 0.283 r2: 0.712 corr: 0.859
********************
***** Epoch 25 Test (windowed) *****
  loss: 0.0476 rmse: 0.339 r2: 0.564 corr: 0.756
********************
  Epoch 25 done in 48.6s

----- Epoch 26 (windowed) -----

###### Windowed train epoch 26 overall metrics
  loss: 0.0619 rmse: 0.226 r2: 0.758 corr: 0.875
***** Epoch 26 Val (windowed) *****
  loss: 0.0292 rmse: 0.274 r2: 0.730 corr: 0.869
********************
***** Epoch 26 Test (windowed) *****
  loss: 0.0442 rmse: 0.334 r2: 0.575 corr: 0.760
********************
  Epoch 26 done in 74.2s

----- Epoch 27 (windowed) -----

###### Windowed train epoch 27 overall metrics
  loss: 0.0606 rmse: 0.223 r2: 0.765 corr: 0.877
***** Epoch 27 Val (windowed) *****
  loss: 0.0288 rmse: 0.266 r2: 0.746 corr: 0.869
********************
***** Epoch 27 Test (windowed) *****
  loss: 0.0448 rmse: 0.331 r2: 0.583 corr: 0.766
********************
  Epoch 27 done in 47.4s
  Saved best model → model/FIM_restoration_0412G_stations_monthly/2018/gat-rnn-v2-windowed_bs-128_lr-0.001_maxepoch-35_testyear-2018_win-3_nwin-10_seed-0/model-27

----- Epoch 28 (windowed) -----

###### Windowed train epoch 28 overall metrics
  loss: 0.0593 rmse: 0.221 r2: 0.768 corr: 0.880
***** Epoch 28 Val (windowed) *****
  loss: 0.0301 rmse: 0.284 r2: 0.710 corr: 0.870
********************
***** Epoch 28 Test (windowed) *****
  loss: 0.0449 rmse: 0.333 r2: 0.579 corr: 0.767
********************
  Epoch 28 done in 180.4s

----- Epoch 29 (windowed) -----

###### Windowed train epoch 29 overall metrics
  loss: 0.0589 rmse: 0.221 r2: 0.768 corr: 0.879
***** Epoch 29 Val (windowed) *****
  loss: 0.0295 rmse: 0.274 r2: 0.732 corr: 0.865
********************
***** Epoch 29 Test (windowed) *****
  loss: 0.0458 rmse: 0.339 r2: 0.562 corr: 0.752
********************
  Epoch 29 done in 47.7s

----- Epoch 30 (windowed) -----

###### Windowed train epoch 30 overall metrics
  loss: 0.0582 rmse: 0.218 r2: 0.773 corr: 0.882
***** Epoch 30 Val (windowed) *****
  loss: 0.0308 rmse: 0.296 r2: 0.687 corr: 0.867
********************
***** Epoch 30 Test (windowed) *****
  loss: 0.0470 rmse: 0.344 r2: 0.550 corr: 0.756
********************
  Epoch 30 done in 47.2s

----- Epoch 31 (windowed) -----

###### Windowed train epoch 31 overall metrics
  loss: 0.0581 rmse: 0.219 r2: 0.772 corr: 0.882
***** Epoch 31 Val (windowed) *****
  loss: 0.0287 rmse: 0.257 r2: 0.764 corr: 0.874
********************
***** Epoch 31 Test (windowed) *****
  loss: 0.0445 rmse: 0.331 r2: 0.584 corr: 0.770
********************
  Epoch 31 done in 952.5s
  Saved best model → model/FIM_restoration_0412G_stations_monthly/2018/gat-rnn-v2-windowed_bs-128_lr-0.001_maxepoch-35_testyear-2018_win-3_nwin-10_seed-0/model-31

----- Epoch 32 (windowed) -----

###### Windowed train epoch 32 overall metrics
  loss: 0.0567 rmse: 0.215 r2: 0.781 corr: 0.887
***** Epoch 32 Val (windowed) *****
  loss: 0.0270 rmse: 0.259 r2: 0.759 corr: 0.881
********************
***** Epoch 32 Test (windowed) *****
  loss: 0.0449 rmse: 0.332 r2: 0.582 corr: 0.765
********************
  Epoch 32 done in 42.2s

----- Epoch 33 (windowed) -----

###### Windowed train epoch 33 overall metrics
  loss: 0.0556 rmse: 0.213 r2: 0.783 corr: 0.888
***** Epoch 33 Val (windowed) *****
  loss: 0.0271 rmse: 0.262 r2: 0.754 corr: 0.879
********************
***** Epoch 33 Test (windowed) *****
  loss: 0.0453 rmse: 0.334 r2: 0.575 corr: 0.761
********************
  Epoch 33 done in 48.1s

----- Epoch 34 (windowed) -----

###### Windowed train epoch 34 overall metrics
  loss: 0.0546 rmse: 0.212 r2: 0.786 corr: 0.889
***** Epoch 34 Val (windowed) *****
  loss: 0.0260 rmse: 0.260 r2: 0.757 corr: 0.887
********************
***** Epoch 34 Test (windowed) *****
  loss: 0.0443 rmse: 0.329 r2: 0.588 corr: 0.770
********************
  Epoch 34 done in 51.6s
Fold done — best val RMSE=0.2567 test R²=0.5841 corr=0.7696

================================================================
Rolling-windowed  test_year=2019
  Val  : 2018
  Test : 2019
  win_size=3  n_windows=10
================================================================
Initially data (54319, 166)
After filtering (44769, 166)
get_X_Y
X shape (44769, 152)
Y shape (44769, 12)
Y (output) means tensor([[0.1487, 0.0126, 0.2565, 0.1601, 0.0223, 0.0595, 0.1622, 0.0239, 0.0511,
         0.0102, 0.0413, 0.1385]]) stds tensor([[0.4857, 0.1381, 0.6264, 0.5807, 0.1786, 0.2937, 0.5186, 0.1958, 0.3156,
         0.1357, 0.3092, 0.4418]])
Y count-scale means tensor([[0.5080, 0.0353, 0.9734, 0.8730, 0.0610, 0.1896, 0.5879, 0.0731, 0.2378,
         0.0347, 0.2939, 0.4051]]) stds tensor([[3.3576, 0.6111, 5.7694, 6.7201, 0.9603, 3.5449, 3.6938, 0.9986, 3.7179,
         0.6825, 6.8824, 2.5396]])
/Users/liyingnceas/GitHub/GNN-RNN-main/gnn-lstm-v4/utils/data_utils.py:274: RuntimeWarning: Mean of empty slice
  np.nanmean(county_dict[county], axis=0).astype(np.float32)
Filled 111585 missing (node, year) entries from neighbors or year averages
[2D] Station nodes: 596, adj nnz: 2980
[build_year_XY_windowed] data_start=1998, min_pred_year=2009, test_year=2019, win_size=3, n_windows=10
  built windows for T=2009
  built windows for T=2014
  built windows for T=2019
[build_year_XY_windowed] built windowed XY for 11 prediction years (2009–2019)
  GAT_RNN_V2: edge_feat_dim=3, n_heads=4, n_hidden=64
  [Bayes] Species rarity weights (mean=1): min=0.63 max=1.33  (rarest=Mycteroperca microlepis_SA)

----- Epoch 0 (windowed) -----
  batch 49 | loss 0.1978 rmse 0.491 r2 0.123 corr 0.434

###### Windowed train epoch 0 overall metrics
  loss: 0.2069 rmse: 0.447 r2: 0.075 corr: 0.301
***** Epoch 0 Val (windowed) *****
  loss: 0.0879 rmse: 0.464 r2: 0.181 corr: 0.497
********************
***** Epoch 0 Test (windowed) *****
  loss: 0.0838 rmse: 0.493 r2: 0.170 corr: 0.487
********************
  Epoch 0 done in 58.9s
  Saved best model → model/FIM_restoration_0412G_stations_monthly/2019/gat-rnn-v2-windowed_bs-128_lr-0.001_maxepoch-35_testyear-2019_win-3_nwin-10_seed-0/model-0

----- Epoch 1 (windowed) -----
  batch 49 | loss 0.1567 rmse 0.444 r2 0.326 corr 0.630

###### Windowed train epoch 1 overall metrics
  loss: 0.1644 rmse: 0.400 r2: 0.259 corr: 0.539
***** Epoch 1 Val (windowed) *****
  loss: 0.0719 rmse: 0.405 r2: 0.376 corr: 0.633
********************
***** Epoch 1 Test (windowed) *****
  loss: 0.0663 rmse: 0.434 r2: 0.358 corr: 0.623
********************
  Epoch 1 done in 78.2s
  Saved best model → model/FIM_restoration_0412G_stations_monthly/2019/gat-rnn-v2-windowed_bs-128_lr-0.001_maxepoch-35_testyear-2019_win-3_nwin-10_seed-0/model-1

----- Epoch 2 (windowed) -----
  batch 49 | loss 0.1360 rmse 0.267 r2 0.509 corr 0.748

###### Windowed train epoch 2 overall metrics
  loss: 0.1384 rmse: 0.358 r2: 0.407 corr: 0.657
***** Epoch 2 Val (windowed) *****
  loss: 0.0590 rmse: 0.381 r2: 0.448 corr: 0.706
********************
***** Epoch 2 Test (windowed) *****
  loss: 0.0561 rmse: 0.410 r2: 0.427 corr: 0.693
********************
  Epoch 2 done in 56.0s
  Saved best model → model/FIM_restoration_0412G_stations_monthly/2019/gat-rnn-v2-windowed_bs-128_lr-0.001_maxepoch-35_testyear-2019_win-3_nwin-10_seed-0/model-2

----- Epoch 3 (windowed) -----
  batch 49 | loss 0.1055 rmse 0.245 r2 0.649 corr 0.816

###### Windowed train epoch 3 overall metrics
  loss: 0.1165 rmse: 0.323 r2: 0.516 corr: 0.737
***** Epoch 3 Val (windowed) *****
  loss: 0.0477 rmse: 0.342 r2: 0.555 corr: 0.772
********************
***** Epoch 3 Test (windowed) *****
  loss: 0.0470 rmse: 0.372 r2: 0.528 corr: 0.760
********************
  Epoch 3 done in 56.5s
  Saved best model → model/FIM_restoration_0412G_stations_monthly/2019/gat-rnn-v2-windowed_bs-128_lr-0.001_maxepoch-35_testyear-2019_win-3_nwin-10_seed-0/model-3

----- Epoch 4 (windowed) -----
  batch 49 | loss 0.1183 rmse 0.339 r2 0.518 corr 0.724

###### Windowed train epoch 4 overall metrics
  loss: 0.1037 rmse: 0.301 r2: 0.580 corr: 0.773
***** Epoch 4 Val (windowed) *****
  loss: 0.0409 rmse: 0.323 r2: 0.602 corr: 0.787
********************
***** Epoch 4 Test (windowed) *****
  loss: 0.0432 rmse: 0.350 r2: 0.581 corr: 0.780
********************
  Epoch 4 done in 59.1s
  Saved best model → model/FIM_restoration_0412G_stations_monthly/2019/gat-rnn-v2-windowed_bs-128_lr-0.001_maxepoch-35_testyear-2019_win-3_nwin-10_seed-0/model-4

----- Epoch 5 (windowed) -----
  batch 49 | loss 0.1067 rmse 0.261 r2 0.644 corr 0.815

###### Windowed train epoch 5 overall metrics
  loss: 0.0985 rmse: 0.293 r2: 0.601 corr: 0.785
***** Epoch 5 Val (windowed) *****
  loss: 0.0403 rmse: 0.326 r2: 0.595 corr: 0.792
********************
***** Epoch 5 Test (windowed) *****
  loss: 0.0422 rmse: 0.355 r2: 0.569 corr: 0.783
********************
  Epoch 5 done in 55.4s

----- Epoch 6 (windowed) -----
  batch 49 | loss 0.0952 rmse 0.221 r2 0.674 corr 0.833

###### Windowed train epoch 6 overall metrics
  loss: 0.0940 rmse: 0.287 r2: 0.619 corr: 0.797
***** Epoch 6 Val (windowed) *****
  loss: 0.0396 rmse: 0.321 r2: 0.607 corr: 0.795
********************
***** Epoch 6 Test (windowed) *****
  loss: 0.0424 rmse: 0.351 r2: 0.580 corr: 0.781
********************
  Epoch 6 done in 982.3s
  Saved best model → model/FIM_restoration_0412G_stations_monthly/2019/gat-rnn-v2-windowed_bs-128_lr-0.001_maxepoch-35_testyear-2019_win-3_nwin-10_seed-0/model-6

----- Epoch 7 (windowed) -----
  batch 49 | loss 0.1018 rmse 0.248 r2 0.651 corr 0.819

###### Windowed train epoch 7 overall metrics
  loss: 0.0905 rmse: 0.280 r2: 0.636 corr: 0.805
***** Epoch 7 Val (windowed) *****
  loss: 0.0420 rmse: 0.341 r2: 0.557 corr: 0.796
********************
***** Epoch 7 Test (windowed) *****
  loss: 0.0443 rmse: 0.375 r2: 0.519 corr: 0.776
********************
  Epoch 7 done in 51.3s

----- Epoch 8 (windowed) -----
  batch 49 | loss 0.0812 rmse 0.212 r2 0.730 corr 0.855

###### Windowed train epoch 8 overall metrics
  loss: 0.0880 rmse: 0.278 r2: 0.641 corr: 0.809
***** Epoch 8 Val (windowed) *****
  loss: 0.0391 rmse: 0.323 r2: 0.602 corr: 0.811
********************
***** Epoch 8 Test (windowed) *****
  loss: 0.0416 rmse: 0.358 r2: 0.562 corr: 0.788
********************
  Epoch 8 done in 47.3s

----- Epoch 9 (windowed) -----
  batch 49 | loss 0.0893 rmse 0.193 r2 0.712 corr 0.858

###### Windowed train epoch 9 overall metrics
  loss: 0.0872 rmse: 0.275 r2: 0.650 corr: 0.814
***** Epoch 9 Val (windowed) *****
  loss: 0.0384 rmse: 0.310 r2: 0.634 corr: 0.809
********************
***** Epoch 9 Test (windowed) *****
  loss: 0.0406 rmse: 0.341 r2: 0.603 corr: 0.790
********************
  Epoch 9 done in 131.6s
  Saved best model → model/FIM_restoration_0412G_stations_monthly/2019/gat-rnn-v2-windowed_bs-128_lr-0.001_maxepoch-35_testyear-2019_win-3_nwin-10_seed-0/model-9

----- Epoch 10 (windowed) -----
  batch 49 | loss 0.0844 rmse 0.206 r2 0.699 corr 0.836

###### Windowed train epoch 10 overall metrics
  loss: 0.0835 rmse: 0.268 r2: 0.666 corr: 0.823
***** Epoch 10 Val (windowed) *****
  loss: 0.0361 rmse: 0.303 r2: 0.651 corr: 0.819
********************
***** Epoch 10 Test (windowed) *****
  loss: 0.0390 rmse: 0.339 r2: 0.607 corr: 0.794
********************
  Epoch 10 done in 49.3s
  Saved best model → model/FIM_restoration_0412G_stations_monthly/2019/gat-rnn-v2-windowed_bs-128_lr-0.001_maxepoch-35_testyear-2019_win-3_nwin-10_seed-0/model-10

----- Epoch 11 (windowed) -----
  batch 49 | loss 0.0780 rmse 0.220 r2 0.707 corr 0.852

###### Windowed train epoch 11 overall metrics
  loss: 0.0814 rmse: 0.264 r2: 0.677 corr: 0.829
***** Epoch 11 Val (windowed) *****
  loss: 0.0344 rmse: 0.296 r2: 0.667 corr: 0.824
********************
***** Epoch 11 Test (windowed) *****
  loss: 0.0410 rmse: 0.336 r2: 0.616 corr: 0.792
********************
  Epoch 11 done in 991.9s
  Saved best model → model/FIM_restoration_0412G_stations_monthly/2019/gat-rnn-v2-windowed_bs-128_lr-0.001_maxepoch-35_testyear-2019_win-3_nwin-10_seed-0/model-11

----- Epoch 12 (windowed) -----
  batch 49 | loss 0.0898 rmse 0.260 r2 0.691 corr 0.833

###### Windowed train epoch 12 overall metrics
  loss: 0.0791 rmse: 0.263 r2: 0.679 corr: 0.832
***** Epoch 12 Val (windowed) *****
  loss: 0.0341 rmse: 0.293 r2: 0.673 corr: 0.823
********************
***** Epoch 12 Test (windowed) *****
  loss: 0.0405 rmse: 0.331 r2: 0.625 corr: 0.793
********************
  Epoch 12 done in 51.3s
  Saved best model → model/FIM_restoration_0412G_stations_monthly/2019/gat-rnn-v2-windowed_bs-128_lr-0.001_maxepoch-35_testyear-2019_win-3_nwin-10_seed-0/model-12

----- Epoch 13 (windowed) -----
  batch 49 | loss 0.0771 rmse 0.196 r2 0.721 corr 0.866

###### Windowed train epoch 13 overall metrics
  loss: 0.0777 rmse: 0.256 r2: 0.695 corr: 0.840
***** Epoch 13 Val (windowed) *****
  loss: 0.0348 rmse: 0.305 r2: 0.647 corr: 0.825
********************
***** Epoch 13 Test (windowed) *****
  loss: 0.0425 rmse: 0.350 r2: 0.583 corr: 0.778
********************
  Epoch 13 done in 949.6s

----- Epoch 14 (windowed) -----
  batch 49 | loss 0.0859 rmse 0.312 r2 0.699 corr 0.851

###### Windowed train epoch 14 overall metrics
  loss: 0.0755 rmse: 0.256 r2: 0.697 corr: 0.841
***** Epoch 14 Val (windowed) *****
  loss: 0.0327 rmse: 0.288 r2: 0.683 corr: 0.832
********************
***** Epoch 14 Test (windowed) *****
  loss: 0.0410 rmse: 0.337 r2: 0.613 corr: 0.787
********************
  Epoch 14 done in 49.6s
  Saved best model → model/FIM_restoration_0412G_stations_monthly/2019/gat-rnn-v2-windowed_bs-128_lr-0.001_maxepoch-35_testyear-2019_win-3_nwin-10_seed-0/model-14

----- Epoch 15 (windowed) -----
  batch 49 | loss 0.0723 rmse 0.180 r2 0.746 corr 0.864

###### Windowed train epoch 15 overall metrics
  loss: 0.0738 rmse: 0.252 r2: 0.706 corr: 0.845
***** Epoch 15 Val (windowed) *****
  loss: 0.0327 rmse: 0.292 r2: 0.675 corr: 0.835
********************
***** Epoch 15 Test (windowed) *****
  loss: 0.0407 rmse: 0.339 r2: 0.609 corr: 0.789
********************
  Epoch 15 done in 50.7s

----- Epoch 16 (windowed) -----
  batch 49 | loss 0.0736 rmse 0.183 r2 0.783 corr 0.889

###### Windowed train epoch 16 overall metrics
  loss: 0.0724 rmse: 0.251 r2: 0.707 corr: 0.846
***** Epoch 16 Val (windowed) *****
  loss: 0.0323 rmse: 0.284 r2: 0.693 corr: 0.839
********************
***** Epoch 16 Test (windowed) *****
  loss: 0.0398 rmse: 0.334 r2: 0.620 corr: 0.790
********************
  Epoch 16 done in 1059.1s
  Saved best model → model/FIM_restoration_0412G_stations_monthly/2019/gat-rnn-v2-windowed_bs-128_lr-0.001_maxepoch-35_testyear-2019_win-3_nwin-10_seed-0/model-16

----- Epoch 17 (windowed) -----
  batch 49 | loss 0.0798 rmse 0.302 r2 0.694 corr 0.848

###### Windowed train epoch 17 overall metrics
  loss: 0.0711 rmse: 0.246 r2: 0.720 corr: 0.853
***** Epoch 17 Val (windowed) *****
  loss: 0.0318 rmse: 0.283 r2: 0.695 corr: 0.837
********************
***** Epoch 17 Test (windowed) *****
  loss: 0.0426 rmse: 0.336 r2: 0.614 corr: 0.784
********************
  Epoch 17 done in 50.6s
  Saved best model → model/FIM_restoration_0412G_stations_monthly/2019/gat-rnn-v2-windowed_bs-128_lr-0.001_maxepoch-35_testyear-2019_win-3_nwin-10_seed-0/model-17

----- Epoch 18 (windowed) -----
  batch 49 | loss 0.0717 rmse 0.300 r2 0.620 corr 0.809

###### Windowed train epoch 18 overall metrics
  loss: 0.0696 rmse: 0.244 r2: 0.724 corr: 0.855
***** Epoch 18 Val (windowed) *****
  loss: 0.0313 rmse: 0.284 r2: 0.693 corr: 0.845
********************
***** Epoch 18 Test (windowed) *****
  loss: 0.0409 rmse: 0.336 r2: 0.614 corr: 0.789
********************
  Epoch 18 done in 48.8s

----- Epoch 19 (windowed) -----
  batch 49 | loss 0.0710 rmse 0.215 r2 0.749 corr 0.868

###### Windowed train epoch 19 overall metrics
  loss: 0.0676 rmse: 0.240 r2: 0.732 corr: 0.859
***** Epoch 19 Val (windowed) *****
  loss: 0.0301 rmse: 0.280 r2: 0.702 corr: 0.846
********************
***** Epoch 19 Test (windowed) *****
  loss: 0.0400 rmse: 0.335 r2: 0.617 corr: 0.790
********************
  Epoch 19 done in 51.4s
  Saved best model → model/FIM_restoration_0412G_stations_monthly/2019/gat-rnn-v2-windowed_bs-128_lr-0.001_maxepoch-35_testyear-2019_win-3_nwin-10_seed-0/model-19

----- Epoch 20 (windowed) -----
  batch 49 | loss 0.0729 rmse 0.250 r2 0.737 corr 0.866

###### Windowed train epoch 20 overall metrics
  loss: 0.0665 rmse: 0.239 r2: 0.735 corr: 0.861
***** Epoch 20 Val (windowed) *****
  loss: 0.0293 rmse: 0.271 r2: 0.720 corr: 0.850
********************
***** Epoch 20 Test (windowed) *****
  loss: 0.0428 rmse: 0.332 r2: 0.623 corr: 0.789
********************
  Epoch 20 done in 51.9s
  Saved best model → model/FIM_restoration_0412G_stations_monthly/2019/gat-rnn-v2-windowed_bs-128_lr-0.001_maxepoch-35_testyear-2019_win-3_nwin-10_seed-0/model-20

----- Epoch 21 (windowed) -----
  batch 49 | loss 0.0704 rmse 0.225 r2 0.752 corr 0.872

###### Windowed train epoch 21 overall metrics
  loss: 0.0651 rmse: 0.235 r2: 0.744 corr: 0.866
***** Epoch 21 Val (windowed) *****
  loss: 0.0287 rmse: 0.273 r2: 0.716 corr: 0.852
********************
***** Epoch 21 Test (windowed) *****
  loss: 0.0410 rmse: 0.332 r2: 0.623 corr: 0.791
********************
  Epoch 21 done in 957.3s

----- Epoch 22 (windowed) -----
  batch 49 | loss 0.0721 rmse 0.237 r2 0.755 corr 0.870

###### Windowed train epoch 22 overall metrics
  loss: 0.0645 rmse: 0.232 r2: 0.751 corr: 0.871
***** Epoch 22 Val (windowed) *****
  loss: 0.0291 rmse: 0.277 r2: 0.709 corr: 0.853
********************
***** Epoch 22 Test (windowed) *****
  loss: 0.0414 rmse: 0.332 r2: 0.623 corr: 0.794
********************
  Epoch 22 done in 984.6s

----- Epoch 23 (windowed) -----
  batch 49 | loss 0.0609 rmse 0.235 r2 0.749 corr 0.871

###### Windowed train epoch 23 overall metrics
  loss: 0.0626 rmse: 0.230 r2: 0.754 corr: 0.872
***** Epoch 23 Val (windowed) *****
  loss: 0.0287 rmse: 0.275 r2: 0.713 corr: 0.852
********************
***** Epoch 23 Test (windowed) *****
  loss: 0.0414 rmse: 0.335 r2: 0.616 corr: 0.789
********************
  Epoch 23 done in 50.0s

----- Epoch 24 (windowed) -----
  batch 49 | loss 0.0592 rmse 0.280 r2 0.737 corr 0.876

###### Windowed train epoch 24 overall metrics
  loss: 0.0614 rmse: 0.228 r2: 0.759 corr: 0.874
***** Epoch 24 Val (windowed) *****
  loss: 0.0309 rmse: 0.290 r2: 0.681 corr: 0.859
********************
***** Epoch 24 Test (windowed) *****
  loss: 0.0406 rmse: 0.347 r2: 0.589 corr: 0.792
********************
  Epoch 24 done in 55.2s

----- Epoch 25 (windowed) -----
  batch 49 | loss 0.0750 rmse 0.244 r2 0.737 corr 0.859

###### Windowed train epoch 25 overall metrics
  loss: 0.0605 rmse: 0.226 r2: 0.764 corr: 0.877
***** Epoch 25 Val (windowed) *****
  loss: 0.0270 rmse: 0.265 r2: 0.732 corr: 0.863
********************
***** Epoch 25 Test (windowed) *****
  loss: 0.0414 rmse: 0.331 r2: 0.625 corr: 0.793
********************
  Epoch 25 done in 58.9s
  Saved best model → model/FIM_restoration_0412G_stations_monthly/2019/gat-rnn-v2-windowed_bs-128_lr-0.001_maxepoch-35_testyear-2019_win-3_nwin-10_seed-0/model-25

----- Epoch 26 (windowed) -----
  batch 49 | loss 0.0644 rmse 0.190 r2 0.760 corr 0.876

###### Windowed train epoch 26 overall metrics
  loss: 0.0601 rmse: 0.226 r2: 0.762 corr: 0.876
***** Epoch 26 Val (windowed) *****
  loss: 0.0283 rmse: 0.270 r2: 0.722 corr: 0.861
********************
***** Epoch 26 Test (windowed) *****
  loss: 0.0399 rmse: 0.330 r2: 0.627 corr: 0.799
********************
  Epoch 26 done in 58.8s

----- Epoch 27 (windowed) -----
  batch 49 | loss 0.0643 rmse 0.243 r2 0.787 corr 0.888

###### Windowed train epoch 27 overall metrics
  loss: 0.0590 rmse: 0.224 r2: 0.768 corr: 0.880
***** Epoch 27 Val (windowed) *****
  loss: 0.0269 rmse: 0.264 r2: 0.736 corr: 0.869
********************
***** Epoch 27 Test (windowed) *****
  loss: 0.0414 rmse: 0.330 r2: 0.629 corr: 0.798
********************
  Epoch 27 done in 65.2s
  Saved best model → model/FIM_restoration_0412G_stations_monthly/2019/gat-rnn-v2-windowed_bs-128_lr-0.001_maxepoch-35_testyear-2019_win-3_nwin-10_seed-0/model-27

----- Epoch 28 (windowed) -----
  batch 49 | loss 0.0587 rmse 0.159 r2 0.811 corr 0.906

###### Windowed train epoch 28 overall metrics
  loss: 0.0579 rmse: 0.221 r2: 0.774 corr: 0.883
***** Epoch 28 Val (windowed) *****
  loss: 0.0269 rmse: 0.263 r2: 0.737 corr: 0.868
********************
***** Epoch 28 Test (windowed) *****
  loss: 0.0415 rmse: 0.333 r2: 0.621 corr: 0.791
********************
  Epoch 28 done in 999.3s
  Saved best model → model/FIM_restoration_0412G_stations_monthly/2019/gat-rnn-v2-windowed_bs-128_lr-0.001_maxepoch-35_testyear-2019_win-3_nwin-10_seed-0/model-28

----- Epoch 29 (windowed) -----
  batch 49 | loss 0.0661 rmse 0.245 r2 0.712 corr 0.844

###### Windowed train epoch 29 overall metrics
  loss: 0.0565 rmse: 0.216 r2: 0.783 corr: 0.888
***** Epoch 29 Val (windowed) *****
  loss: 0.0255 rmse: 0.259 r2: 0.744 corr: 0.871
********************
***** Epoch 29 Test (windowed) *****
  loss: 0.0408 rmse: 0.330 r2: 0.629 corr: 0.796
********************
  Epoch 29 done in 49.6s
  Saved best model → model/FIM_restoration_0412G_stations_monthly/2019/gat-rnn-v2-windowed_bs-128_lr-0.001_maxepoch-35_testyear-2019_win-3_nwin-10_seed-0/model-29

----- Epoch 30 (windowed) -----
  batch 49 | loss 0.0602 rmse 0.183 r2 0.806 corr 0.900

###### Windowed train epoch 30 overall metrics
  loss: 0.0561 rmse: 0.216 r2: 0.784 corr: 0.889
***** Epoch 30 Val (windowed) *****
  loss: 0.0267 rmse: 0.254 r2: 0.754 corr: 0.869
********************
***** Epoch 30 Test (windowed) *****
  loss: 0.0424 rmse: 0.326 r2: 0.636 corr: 0.798
********************
  Epoch 30 done in 112.5s
  Saved best model → model/FIM_restoration_0412G_stations_monthly/2019/gat-rnn-v2-windowed_bs-128_lr-0.001_maxepoch-35_testyear-2019_win-3_nwin-10_seed-0/model-30

----- Epoch 31 (windowed) -----
  batch 49 | loss 0.0563 rmse 0.240 r2 0.771 corr 0.901

###### Windowed train epoch 31 overall metrics
  loss: 0.0550 rmse: 0.215 r2: 0.787 corr: 0.889
***** Epoch 31 Val (windowed) *****
  loss: 0.0259 rmse: 0.258 r2: 0.747 corr: 0.877
********************
***** Epoch 31 Test (windowed) *****
  loss: 0.0419 rmse: 0.332 r2: 0.624 corr: 0.795
********************
  Epoch 31 done in 51.0s

----- Epoch 32 (windowed) -----
  batch 49 | loss 0.0538 rmse 0.260 r2 0.720 corr 0.852

###### Windowed train epoch 32 overall metrics
  loss: 0.0541 rmse: 0.211 r2: 0.793 corr: 0.893
***** Epoch 32 Val (windowed) *****
  loss: 0.0252 rmse: 0.254 r2: 0.754 corr: 0.875
********************
***** Epoch 32 Test (windowed) *****
  loss: 0.0410 rmse: 0.329 r2: 0.631 corr: 0.795
********************
  Epoch 32 done in 51.6s

----- Epoch 33 (windowed) -----
  batch 49 | loss 0.0566 rmse 0.191 r2 0.813 corr 0.902

###### Windowed train epoch 33 overall metrics
  loss: 0.0535 rmse: 0.211 r2: 0.794 corr: 0.894
***** Epoch 33 Val (windowed) *****
  loss: 0.0273 rmse: 0.275 r2: 0.713 corr: 0.874
********************
***** Epoch 33 Test (windowed) *****
  loss: 0.0401 rmse: 0.339 r2: 0.607 corr: 0.795
********************
  Epoch 33 done in 230.6s

----- Epoch 34 (windowed) -----
  batch 49 | loss 0.0606 rmse 0.288 r2 0.742 corr 0.866

###### Windowed train epoch 34 overall metrics
  loss: 0.0532 rmse: 0.211 r2: 0.793 corr: 0.894
***** Epoch 34 Val (windowed) *****
  loss: 0.0245 rmse: 0.250 r2: 0.762 corr: 0.882
********************
***** Epoch 34 Test (windowed) *****
  loss: 0.0405 rmse: 0.329 r2: 0.630 corr: 0.796
********************
  Epoch 34 done in 48.7s
  Saved best model → model/FIM_restoration_0412G_stations_monthly/2019/gat-rnn-v2-windowed_bs-128_lr-0.001_maxepoch-35_testyear-2019_win-3_nwin-10_seed-0/model-34
Fold done — best val RMSE=0.2501 test R²=0.6296 corr=0.7957

================================================================
Rolling-windowed  test_year=2020
  Val  : 2019
  Test : 2020
  win_size=3  n_windows=10
================================================================
Initially data (54319, 166)
After filtering (46810, 166)
get_X_Y
X shape (46810, 152)
Y shape (46810, 12)
Y (output) means tensor([[0.1501, 0.0124, 0.2598, 0.1633, 0.0240, 0.0595, 0.1601, 0.0237, 0.0516,
         0.0097, 0.0418, 0.1378]]) stds tensor([[0.4897, 0.1366, 0.6288, 0.5874, 0.1864, 0.2944, 0.5151, 0.1947, 0.3166,
         0.1321, 0.3104, 0.4406]])
Y count-scale means tensor([[0.5231, 0.0345, 0.9763, 0.9070, 0.0671, 0.1932, 0.5790, 0.0721, 0.2423,
         0.0329, 0.2935, 0.4012]]) stds tensor([[3.6564, 0.5975, 5.6698, 7.3423, 1.0232, 3.5733, 3.6405, 0.9838, 3.9375,
         0.6639, 6.7523, 2.4975]])
/Users/liyingnceas/GitHub/GNN-RNN-main/gnn-lstm-v4/utils/data_utils.py:274: RuntimeWarning: Mean of empty slice
  np.nanmean(county_dict[county], axis=0).astype(np.float32)
Filled 116835 missing (node, year) entries from neighbors or year averages
[2D] Station nodes: 596, adj nnz: 2980
[build_year_XY_windowed] data_start=1998, min_pred_year=2009, test_year=2020, win_size=3, n_windows=10
  built windows for T=2009
  built windows for T=2014
  built windows for T=2019
[build_year_XY_windowed] built windowed XY for 12 prediction years (2009–2020)
  GAT_RNN_V2: edge_feat_dim=3, n_heads=4, n_hidden=64
  [Bayes] Species rarity weights (mean=1): min=0.63 max=1.33  (rarest=Mycteroperca microlepis_SA)

----- Epoch 0 (windowed) -----
  batch 49 | loss 0.1618 rmse 0.348 r2 0.243 corr 0.502

###### Windowed train epoch 0 overall metrics
  loss: 0.1989 rmse: 0.446 r2: 0.107 corr: 0.358
***** Epoch 0 Val (windowed) *****
  loss: 0.0786 rmse: 0.484 r2: 0.200 corr: 0.504
********************
***** Epoch 0 Test (windowed) *****
  loss: 0.0796 rmse: 0.520 r2: 0.181 corr: 0.485
********************
  Epoch 0 done in 954.5s
  Saved best model → model/FIM_restoration_0412G_stations_monthly/2020/gat-rnn-v2-windowed_bs-128_lr-0.001_maxepoch-35_testyear-2020_win-3_nwin-10_seed-0/model-0

----- Epoch 1 (windowed) -----
  batch 49 | loss 0.1304 rmse 0.305 r2 0.488 corr 0.718

###### Windowed train epoch 1 overall metrics
  loss: 0.1559 rmse: 0.395 r2: 0.298 corr: 0.579
***** Epoch 1 Val (windowed) *****
  loss: 0.0638 rmse: 0.427 r2: 0.377 corr: 0.654
********************
***** Epoch 1 Test (windowed) *****
  loss: 0.0652 rmse: 0.464 r2: 0.348 corr: 0.629
********************
  Epoch 1 done in 54.0s
  Saved best model → model/FIM_restoration_0412G_stations_monthly/2020/gat-rnn-v2-windowed_bs-128_lr-0.001_maxepoch-35_testyear-2020_win-3_nwin-10_seed-0/model-1

----- Epoch 2 (windowed) -----
  batch 49 | loss 0.1270 rmse 0.417 r2 0.474 corr 0.712

###### Windowed train epoch 2 overall metrics
  loss: 0.1294 rmse: 0.350 r2: 0.449 corr: 0.689
***** Epoch 2 Val (windowed) *****
  loss: 0.0510 rmse: 0.395 r2: 0.467 corr: 0.734
********************
***** Epoch 2 Test (windowed) *****
  loss: 0.0519 rmse: 0.434 r2: 0.428 corr: 0.703
********************
  Epoch 2 done in 52.5s
  Saved best model → model/FIM_restoration_0412G_stations_monthly/2020/gat-rnn-v2-windowed_bs-128_lr-0.001_maxepoch-35_testyear-2020_win-3_nwin-10_seed-0/model-2

----- Epoch 3 (windowed) -----
  batch 49 | loss 0.1034 rmse 0.230 r2 0.614 corr 0.822

###### Windowed train epoch 3 overall metrics
  loss: 0.1139 rmse: 0.325 r2: 0.525 corr: 0.743
***** Epoch 3 Val (windowed) *****
  loss: 0.0460 rmse: 0.377 r2: 0.514 corr: 0.766
********************
***** Epoch 3 Test (windowed) *****
  loss: 0.0480 rmse: 0.418 r2: 0.470 corr: 0.733
********************
  Epoch 3 done in 982.8s
  Saved best model → model/FIM_restoration_0412G_stations_monthly/2020/gat-rnn-v2-windowed_bs-128_lr-0.001_maxepoch-35_testyear-2020_win-3_nwin-10_seed-0/model-3

----- Epoch 4 (windowed) -----
  batch 49 | loss 0.1113 rmse 0.332 r2 0.623 corr 0.806

###### Windowed train epoch 4 overall metrics
  loss: 0.1046 rmse: 0.309 r2: 0.571 corr: 0.771
***** Epoch 4 Val (windowed) *****
  loss: 0.0413 rmse: 0.347 r2: 0.590 corr: 0.782
********************
***** Epoch 4 Test (windowed) *****
  loss: 0.0435 rmse: 0.390 r2: 0.538 corr: 0.748
********************
  Epoch 4 done in 54.4s
  Saved best model → model/FIM_restoration_0412G_stations_monthly/2020/gat-rnn-v2-windowed_bs-128_lr-0.001_maxepoch-35_testyear-2020_win-3_nwin-10_seed-0/model-4

----- Epoch 5 (windowed) -----
  batch 49 | loss 0.1105 rmse 0.256 r2 0.651 corr 0.813

###### Windowed train epoch 5 overall metrics
  loss: 0.0978 rmse: 0.297 r2: 0.603 corr: 0.789
***** Epoch 5 Val (windowed) *****
  loss: 0.0384 rmse: 0.340 r2: 0.604 corr: 0.794
********************
***** Epoch 5 Test (windowed) *****
  loss: 0.0419 rmse: 0.387 r2: 0.545 corr: 0.755
********************
  Epoch 5 done in 1040.3s
  Saved best model → model/FIM_restoration_0412G_stations_monthly/2020/gat-rnn-v2-windowed_bs-128_lr-0.001_maxepoch-35_testyear-2020_win-3_nwin-10_seed-0/model-5

----- Epoch 6 (windowed) -----
  batch 49 | loss 0.0940 rmse 0.228 r2 0.707 corr 0.841

###### Windowed train epoch 6 overall metrics
  loss: 0.0932 rmse: 0.291 r2: 0.619 corr: 0.797
***** Epoch 6 Val (windowed) *****
  loss: 0.0373 rmse: 0.344 r2: 0.595 corr: 0.806
********************
***** Epoch 6 Test (windowed) *****
  loss: 0.0413 rmse: 0.391 r2: 0.535 corr: 0.763
********************
  Epoch 6 done in 51.6s

----- Epoch 7 (windowed) -----
  batch 49 | loss 0.0992 rmse 0.309 r2 0.585 corr 0.775

###### Windowed train epoch 7 overall metrics
  loss: 0.0901 rmse: 0.285 r2: 0.636 corr: 0.807
***** Epoch 7 Val (windowed) *****
  loss: 0.0365 rmse: 0.333 r2: 0.622 corr: 0.812
********************
***** Epoch 7 Test (windowed) *****
  loss: 0.0420 rmse: 0.386 r2: 0.548 corr: 0.766
********************
  Epoch 7 done in 52.7s
  Saved best model → model/FIM_restoration_0412G_stations_monthly/2020/gat-rnn-v2-windowed_bs-128_lr-0.001_maxepoch-35_testyear-2020_win-3_nwin-10_seed-0/model-7

----- Epoch 8 (windowed) -----
  batch 49 | loss 0.1003 rmse 0.321 r2 0.627 corr 0.814

###### Windowed train epoch 8 overall metrics
  loss: 0.0879 rmse: 0.281 r2: 0.645 corr: 0.811
***** Epoch 8 Val (windowed) *****
  loss: 0.0360 rmse: 0.337 r2: 0.612 corr: 0.811
********************
***** Epoch 8 Test (windowed) *****
  loss: 0.0421 rmse: 0.392 r2: 0.534 corr: 0.759
********************
  Epoch 8 done in 55.5s

----- Epoch 9 (windowed) -----
  batch 49 | loss 0.0858 rmse 0.219 r2 0.691 corr 0.839

###### Windowed train epoch 9 overall metrics
  loss: 0.0850 rmse: 0.278 r2: 0.653 corr: 0.815
***** Epoch 9 Val (windowed) *****
  loss: 0.0351 rmse: 0.316 r2: 0.660 corr: 0.822
********************
***** Epoch 9 Test (windowed) *****
  loss: 0.0416 rmse: 0.377 r2: 0.568 corr: 0.763
********************
  Epoch 9 done in 55.4s
  Saved best model → model/FIM_restoration_0412G_stations_monthly/2020/gat-rnn-v2-windowed_bs-128_lr-0.001_maxepoch-35_testyear-2020_win-3_nwin-10_seed-0/model-9

----- Epoch 10 (windowed) -----
  batch 49 | loss 0.0877 rmse 0.264 r2 0.605 corr 0.801

###### Windowed train epoch 10 overall metrics
  loss: 0.0834 rmse: 0.275 r2: 0.661 corr: 0.822
***** Epoch 10 Val (windowed) *****
  loss: 0.0344 rmse: 0.322 r2: 0.646 corr: 0.813
********************
***** Epoch 10 Test (windowed) *****
  loss: 0.0415 rmse: 0.381 r2: 0.559 corr: 0.754
********************
  Epoch 10 done in 152.7s

----- Epoch 11 (windowed) -----
  batch 49 | loss 0.0847 rmse 0.324 r2 0.678 corr 0.831

###### Windowed train epoch 11 overall metrics
  loss: 0.0814 rmse: 0.271 r2: 0.669 corr: 0.825
***** Epoch 11 Val (windowed) *****
  loss: 0.0330 rmse: 0.312 r2: 0.667 corr: 0.833
********************
***** Epoch 11 Test (windowed) *****
  loss: 0.0420 rmse: 0.385 r2: 0.550 corr: 0.752
********************
  Epoch 11 done in 55.0s
  Saved best model → model/FIM_restoration_0412G_stations_monthly/2020/gat-rnn-v2-windowed_bs-128_lr-0.001_maxepoch-35_testyear-2020_win-3_nwin-10_seed-0/model-11

----- Epoch 12 (windowed) -----
  batch 49 | loss 0.0792 rmse 0.198 r2 0.728 corr 0.867

###### Windowed train epoch 12 overall metrics
  loss: 0.0782 rmse: 0.264 r2: 0.687 corr: 0.836
***** Epoch 12 Val (windowed) *****
  loss: 0.0326 rmse: 0.309 r2: 0.674 corr: 0.828
********************
***** Epoch 12 Test (windowed) *****
  loss: 0.0409 rmse: 0.374 r2: 0.577 corr: 0.765
********************
  Epoch 12 done in 57.0s
  Saved best model → model/FIM_restoration_0412G_stations_monthly/2020/gat-rnn-v2-windowed_bs-128_lr-0.001_maxepoch-35_testyear-2020_win-3_nwin-10_seed-0/model-12

----- Epoch 13 (windowed) -----
  batch 49 | loss 0.0817 rmse 0.211 r2 0.745 corr 0.877

###### Windowed train epoch 13 overall metrics
  loss: 0.0769 rmse: 0.263 r2: 0.690 corr: 0.837
***** Epoch 13 Val (windowed) *****
  loss: 0.0323 rmse: 0.312 r2: 0.669 corr: 0.835
********************
***** Epoch 13 Test (windowed) *****
  loss: 0.0413 rmse: 0.382 r2: 0.558 corr: 0.761
********************
  Epoch 13 done in 1027.8s

----- Epoch 14 (windowed) -----
  batch 49 | loss 0.0807 rmse 0.242 r2 0.772 corr 0.881

###### Windowed train epoch 14 overall metrics
  loss: 0.0751 rmse: 0.259 r2: 0.699 corr: 0.841
***** Epoch 14 Val (windowed) *****
  loss: 0.0317 rmse: 0.299 r2: 0.695 corr: 0.836
********************
***** Epoch 14 Test (windowed) *****
  loss: 0.0423 rmse: 0.376 r2: 0.572 corr: 0.757
********************
  Epoch 14 done in 55.3s
  Saved best model → model/FIM_restoration_0412G_stations_monthly/2020/gat-rnn-v2-windowed_bs-128_lr-0.001_maxepoch-35_testyear-2020_win-3_nwin-10_seed-0/model-14

----- Epoch 15 (windowed) -----
  batch 49 | loss 0.0760 rmse 0.179 r2 0.737 corr 0.868

###### Windowed train epoch 15 overall metrics
  loss: 0.0726 rmse: 0.254 r2: 0.711 corr: 0.849
***** Epoch 15 Val (windowed) *****
  loss: 0.0322 rmse: 0.315 r2: 0.661 corr: 0.835
********************
***** Epoch 15 Test (windowed) *****
  loss: 0.0414 rmse: 0.380 r2: 0.561 corr: 0.762
********************
  Epoch 15 done in 53.7s

----- Epoch 16 (windowed) -----
  batch 49 | loss 0.0782 rmse 0.253 r2 0.688 corr 0.829

###### Windowed train epoch 16 overall metrics
  loss: 0.0721 rmse: 0.252 r2: 0.716 corr: 0.851
***** Epoch 16 Val (windowed) *****
  loss: 0.0309 rmse: 0.307 r2: 0.678 corr: 0.846
********************
***** Epoch 16 Test (windowed) *****
  loss: 0.0417 rmse: 0.381 r2: 0.559 corr: 0.759
********************
  Epoch 16 done in 49.7s

----- Epoch 17 (windowed) -----
  batch 49 | loss 0.0700 rmse 0.210 r2 0.771 corr 0.878

###### Windowed train epoch 17 overall metrics
  loss: 0.0699 rmse: 0.253 r2: 0.712 corr: 0.850
***** Epoch 17 Val (windowed) *****
  loss: 0.0305 rmse: 0.299 r2: 0.694 corr: 0.847
********************
***** Epoch 17 Test (windowed) *****
  loss: 0.0425 rmse: 0.379 r2: 0.565 corr: 0.755
********************
  Epoch 17 done in 55.5s

----- Epoch 18 (windowed) -----
  batch 49 | loss 0.0699 rmse 0.203 r2 0.743 corr 0.865

###### Windowed train epoch 18 overall metrics
  loss: 0.0688 rmse: 0.250 r2: 0.719 corr: 0.854
***** Epoch 18 Val (windowed) *****
  loss: 0.0298 rmse: 0.294 r2: 0.704 corr: 0.847
********************
***** Epoch 18 Test (windowed) *****
  loss: 0.0419 rmse: 0.378 r2: 0.566 corr: 0.754
********************
  Epoch 18 done in 58.2s
  Saved best model → model/FIM_restoration_0412G_stations_monthly/2020/gat-rnn-v2-windowed_bs-128_lr-0.001_maxepoch-35_testyear-2020_win-3_nwin-10_seed-0/model-18

----- Epoch 19 (windowed) -----
  batch 49 | loss 0.0725 rmse 0.285 r2 0.725 corr 0.852

###### Windowed train epoch 19 overall metrics
  loss: 0.0674 rmse: 0.245 r2: 0.730 corr: 0.859
***** Epoch 19 Val (windowed) *****
  loss: 0.0305 rmse: 0.316 r2: 0.659 corr: 0.848
********************
***** Epoch 19 Test (windowed) *****
  loss: 0.0420 rmse: 0.384 r2: 0.552 corr: 0.761
********************
  Epoch 19 done in 79.3s

----- Epoch 20 (windowed) -----
  batch 49 | loss 0.0677 rmse 0.240 r2 0.686 corr 0.839

###### Windowed train epoch 20 overall metrics
  loss: 0.0661 rmse: 0.243 r2: 0.736 corr: 0.863
***** Epoch 20 Val (windowed) *****
  loss: 0.0287 rmse: 0.286 r2: 0.721 corr: 0.858
********************
***** Epoch 20 Test (windowed) *****
  loss: 0.0435 rmse: 0.381 r2: 0.560 corr: 0.751
********************
  Epoch 20 done in 1040.4s
  Saved best model → model/FIM_restoration_0412G_stations_monthly/2020/gat-rnn-v2-windowed_bs-128_lr-0.001_maxepoch-35_testyear-2020_win-3_nwin-10_seed-0/model-20

----- Epoch 21 (windowed) -----
  batch 49 | loss 0.0705 rmse 0.258 r2 0.722 corr 0.851

###### Windowed train epoch 21 overall metrics
  loss: 0.0648 rmse: 0.241 r2: 0.738 corr: 0.864
***** Epoch 21 Val (windowed) *****
  loss: 0.0290 rmse: 0.301 r2: 0.690 corr: 0.855
********************
***** Epoch 21 Test (windowed) *****
  loss: 0.0424 rmse: 0.384 r2: 0.552 corr: 0.752
********************
  Epoch 21 done in 54.1s

----- Epoch 22 (windowed) -----
  batch 49 | loss 0.0597 rmse 0.185 r2 0.776 corr 0.881

###### Windowed train epoch 22 overall metrics
  loss: 0.0628 rmse: 0.237 r2: 0.747 corr: 0.869
***** Epoch 22 Val (windowed) *****
  loss: 0.0277 rmse: 0.282 r2: 0.728 corr: 0.864
********************
***** Epoch 22 Test (windowed) *****
  loss: 0.0425 rmse: 0.375 r2: 0.573 corr: 0.759
********************
  Epoch 22 done in 54.0s
  Saved best model → model/FIM_restoration_0412G_stations_monthly/2020/gat-rnn-v2-windowed_bs-128_lr-0.001_maxepoch-35_testyear-2020_win-3_nwin-10_seed-0/model-22

----- Epoch 23 (windowed) -----
  batch 49 | loss 0.0643 rmse 0.183 r2 0.818 corr 0.907

###### Windowed train epoch 23 overall metrics
  loss: 0.0619 rmse: 0.234 r2: 0.755 corr: 0.873
***** Epoch 23 Val (windowed) *****
  loss: 0.0273 rmse: 0.276 r2: 0.739 corr: 0.866
********************
***** Epoch 23 Test (windowed) *****
  loss: 0.0433 rmse: 0.374 r2: 0.576 corr: 0.760
********************
  Epoch 23 done in 54.6s
  Saved best model → model/FIM_restoration_0412G_stations_monthly/2020/gat-rnn-v2-windowed_bs-128_lr-0.001_maxepoch-35_testyear-2020_win-3_nwin-10_seed-0/model-23

----- Epoch 24 (windowed) -----
  batch 49 | loss 0.0619 rmse 0.194 r2 0.741 corr 0.870

###### Windowed train epoch 24 overall metrics
  loss: 0.0615 rmse: 0.235 r2: 0.752 corr: 0.871
***** Epoch 24 Val (windowed) *****
  loss: 0.0274 rmse: 0.289 r2: 0.715 corr: 0.866
********************
***** Epoch 24 Test (windowed) *****
  loss: 0.0432 rmse: 0.384 r2: 0.554 corr: 0.749
********************
  Epoch 24 done in 890.6s

----- Epoch 25 (windowed) -----
  batch 49 | loss 0.0605 rmse 0.165 r2 0.816 corr 0.904

###### Windowed train epoch 25 overall metrics
  loss: 0.0595 rmse: 0.229 r2: 0.764 corr: 0.878
***** Epoch 25 Val (windowed) *****
  loss: 0.0262 rmse: 0.278 r2: 0.736 corr: 0.872
********************
***** Epoch 25 Test (windowed) *****
  loss: 0.0416 rmse: 0.374 r2: 0.575 corr: 0.760
********************
  Epoch 25 done in 56.0s

----- Epoch 26 (windowed) -----
  batch 49 | loss 0.0650 rmse 0.268 r2 0.742 corr 0.866

###### Windowed train epoch 26 overall metrics
  loss: 0.0583 rmse: 0.227 r2: 0.769 corr: 0.880
***** Epoch 26 Val (windowed) *****
  loss: 0.0262 rmse: 0.275 r2: 0.742 corr: 0.873
********************
***** Epoch 26 Test (windowed) *****
  loss: 0.0425 rmse: 0.377 r2: 0.568 corr: 0.755
********************
  Epoch 26 done in 900.0s
  Saved best model → model/FIM_restoration_0412G_stations_monthly/2020/gat-rnn-v2-windowed_bs-128_lr-0.001_maxepoch-35_testyear-2020_win-3_nwin-10_seed-0/model-26

----- Epoch 27 (windowed) -----
  batch 49 | loss 0.0644 rmse 0.172 r2 0.840 corr 0.923

###### Windowed train epoch 27 overall metrics
  loss: 0.0574 rmse: 0.228 r2: 0.768 corr: 0.879
***** Epoch 27 Val (windowed) *****
  loss: 0.0262 rmse: 0.276 r2: 0.741 corr: 0.874
********************
***** Epoch 27 Test (windowed) *****
  loss: 0.0419 rmse: 0.380 r2: 0.562 corr: 0.753
********************
  Epoch 27 done in 53.3s

----- Epoch 28 (windowed) -----
  batch 49 | loss 0.0573 rmse 0.158 r2 0.813 corr 0.902

###### Windowed train epoch 28 overall metrics
  loss: 0.0575 rmse: 0.224 r2: 0.775 corr: 0.884
***** Epoch 28 Val (windowed) *****
  loss: 0.0328 rmse: 0.322 r2: 0.647 corr: 0.845
********************
***** Epoch 28 Test (windowed) *****
  loss: 0.0437 rmse: 0.402 r2: 0.509 corr: 0.734
********************
  Epoch 28 done in 55.1s

----- Epoch 29 (windowed) -----
  batch 49 | loss 0.0593 rmse 0.205 r2 0.769 corr 0.885

###### Windowed train epoch 29 overall metrics
  loss: 0.0569 rmse: 0.227 r2: 0.768 corr: 0.879
***** Epoch 29 Val (windowed) *****
  loss: 0.0249 rmse: 0.262 r2: 0.766 corr: 0.877
********************
***** Epoch 29 Test (windowed) *****
  loss: 0.0431 rmse: 0.378 r2: 0.566 corr: 0.753
********************
  Epoch 29 done in 56.2s
  Saved best model → model/FIM_restoration_0412G_stations_monthly/2020/gat-rnn-v2-windowed_bs-128_lr-0.001_maxepoch-35_testyear-2020_win-3_nwin-10_seed-0/model-29

----- Epoch 30 (windowed) -----
  batch 49 | loss 0.0566 rmse 0.191 r2 0.780 corr 0.884

###### Windowed train epoch 30 overall metrics
  loss: 0.0550 rmse: 0.219 r2: 0.785 corr: 0.888
***** Epoch 30 Val (windowed) *****
  loss: 0.0254 rmse: 0.267 r2: 0.757 corr: 0.877
********************
***** Epoch 30 Test (windowed) *****
  loss: 0.0426 rmse: 0.379 r2: 0.565 corr: 0.752
********************
  Epoch 30 done in 56.5s

----- Epoch 31 (windowed) -----
  batch 49 | loss 0.0551 rmse 0.162 r2 0.791 corr 0.895

###### Windowed train epoch 31 overall metrics
  loss: 0.0546 rmse: 0.219 r2: 0.785 corr: 0.889
***** Epoch 31 Val (windowed) *****
  loss: 0.0247 rmse: 0.264 r2: 0.762 corr: 0.882
********************
***** Epoch 31 Test (windowed) *****
  loss: 0.0422 rmse: 0.376 r2: 0.571 corr: 0.756
********************
  Epoch 31 done in 55.6s

----- Epoch 32 (windowed) -----
  batch 49 | loss 0.0652 rmse 0.243 r2 0.736 corr 0.862

###### Windowed train epoch 32 overall metrics
  loss: 0.0535 rmse: 0.216 r2: 0.790 corr: 0.891
***** Epoch 32 Val (windowed) *****
  loss: 0.0240 rmse: 0.262 r2: 0.766 corr: 0.880
********************
***** Epoch 32 Test (windowed) *****
  loss: 0.0433 rmse: 0.381 r2: 0.559 corr: 0.749
********************
  Epoch 32 done in 55.4s

----- Epoch 33 (windowed) -----
  batch 49 | loss 0.0559 rmse 0.192 r2 0.791 corr 0.892

###### Windowed train epoch 33 overall metrics
  loss: 0.0528 rmse: 0.217 r2: 0.789 corr: 0.891
***** Epoch 33 Val (windowed) *****
  loss: 0.0240 rmse: 0.264 r2: 0.762 corr: 0.881
********************
***** Epoch 33 Test (windowed) *****
  loss: 0.0428 rmse: 0.380 r2: 0.562 corr: 0.751
********************
  Epoch 33 done in 53.4s

----- Epoch 34 (windowed) -----
  batch 49 | loss 0.0594 rmse 0.335 r2 0.710 corr 0.867

###### Windowed train epoch 34 overall metrics
  loss: 0.0521 rmse: 0.215 r2: 0.793 corr: 0.892
***** Epoch 34 Val (windowed) *****
  loss: 0.0240 rmse: 0.256 r2: 0.776 corr: 0.885
********************
***** Epoch 34 Test (windowed) *****
  loss: 0.0434 rmse: 0.377 r2: 0.570 corr: 0.755
********************
  Epoch 34 done in 50.6s
  Saved best model → model/FIM_restoration_0412G_stations_monthly/2020/gat-rnn-v2-windowed_bs-128_lr-0.001_maxepoch-35_testyear-2020_win-3_nwin-10_seed-0/model-34
Fold done — best val RMSE=0.2562 test R²=0.5697 corr=0.7550

================================================================
Rolling-windowed  test_year=2021
  Val  : 2020
  Test : 2021
  win_size=3  n_windows=10
================================================================
Initially data (54319, 166)
After filtering (49048, 166)
get_X_Y
X shape (49048, 152)
Y shape (49048, 12)
Y (output) means tensor([[0.1497, 0.0118, 0.2595, 0.1671, 0.0250, 0.0592, 0.1589, 0.0234, 0.0532,
         0.0096, 0.0420, 0.1383]]) stds tensor([[0.4891, 0.1331, 0.6283, 0.5942, 0.1910, 0.2939, 0.5127, 0.1928, 0.3231,
         0.1307, 0.3106, 0.4408]])
Y count-scale means tensor([[0.5217, 0.0327, 0.9729, 0.9260, 0.0712, 0.1951, 0.5713, 0.0708, 0.2500,
         0.0321, 0.2930, 0.4005]]) stds tensor([[3.6440, 0.5819, 5.6227, 7.3164, 1.0846, 3.6579, 3.5853, 0.9679, 3.8904,
         0.6489, 6.6490, 2.4623]])
/Users/liyingnceas/GitHub/GNN-RNN-main/gnn-lstm-v4/utils/data_utils.py:274: RuntimeWarning: Mean of empty slice
  np.nanmean(county_dict[county], axis=0).astype(np.float32)
Filled 121976 missing (node, year) entries from neighbors or year averages
[2D] Station nodes: 596, adj nnz: 2980
[build_year_XY_windowed] data_start=1998, min_pred_year=2009, test_year=2021, win_size=3, n_windows=10
  built windows for T=2009
  built windows for T=2014
  built windows for T=2019
[build_year_XY_windowed] built windowed XY for 13 prediction years (2009–2021)
  GAT_RNN_V2: edge_feat_dim=3, n_heads=4, n_hidden=64
  [Bayes] Species rarity weights (mean=1): min=0.63 max=1.34  (rarest=Mycteroperca microlepis_SA)

----- Epoch 0 (windowed) -----
  batch 49 | loss 0.1796 rmse 0.372 r2 0.196 corr 0.477

###### Windowed train epoch 0 overall metrics
  loss: 0.1923 rmse: 0.452 r2: 0.117 corr: 0.378
***** Epoch 0 Val (windowed) *****
  loss: 0.0743 rmse: 0.509 r2: 0.215 corr: 0.522
********************
***** Epoch 0 Test (windowed) *****
  loss: 0.0737 rmse: 0.486 r2: 0.219 corr: 0.511
********************
  Epoch 0 done in 58.2s
  Saved best model → model/FIM_restoration_0412G_stations_monthly/2021/gat-rnn-v2-windowed_bs-128_lr-0.001_maxepoch-35_testyear-2021_win-3_nwin-10_seed-0/model-0

----- Epoch 1 (windowed) -----
  batch 49 | loss 0.1308 rmse 0.324 r2 0.443 corr 0.720

###### Windowed train epoch 1 overall metrics
  loss: 0.1461 rmse: 0.388 r2: 0.351 corr: 0.626
***** Epoch 1 Val (windowed) *****
  loss: 0.0562 rmse: 0.442 r2: 0.407 corr: 0.687
********************
***** Epoch 1 Test (windowed) *****
  loss: 0.0548 rmse: 0.418 r2: 0.422 corr: 0.681
********************
  Epoch 1 done in 84.5s
  Saved best model → model/FIM_restoration_0412G_stations_monthly/2021/gat-rnn-v2-windowed_bs-128_lr-0.001_maxepoch-35_testyear-2021_win-3_nwin-10_seed-0/model-1

----- Epoch 2 (windowed) -----
  batch 49 | loss 0.1271 rmse 0.295 r2 0.594 corr 0.779

###### Windowed train epoch 2 overall metrics
  loss: 0.1189 rmse: 0.336 r2: 0.512 corr: 0.737
***** Epoch 2 Val (windowed) *****
  loss: 0.0466 rmse: 0.403 r2: 0.508 corr: 0.745
********************
***** Epoch 2 Test (windowed) *****
  loss: 0.0456 rmse: 0.376 r2: 0.532 corr: 0.748
********************
  Epoch 2 done in 648.7s
  Saved best model → model/FIM_restoration_0412G_stations_monthly/2021/gat-rnn-v2-windowed_bs-128_lr-0.001_maxepoch-35_testyear-2021_win-3_nwin-10_seed-0/model-2

----- Epoch 3 (windowed) -----
  batch 49 | loss 0.1027 rmse 0.236 r2 0.609 corr 0.782

###### Windowed train epoch 3 overall metrics
  loss: 0.1052 rmse: 0.317 r2: 0.567 corr: 0.768
***** Epoch 3 Val (windowed) *****
  loss: 0.0415 rmse: 0.387 r2: 0.546 corr: 0.765
********************
***** Epoch 3 Test (windowed) *****
  loss: 0.0423 rmse: 0.364 r2: 0.563 corr: 0.762
********************
  Epoch 3 done in 63.3s
  Saved best model → model/FIM_restoration_0412G_stations_monthly/2021/gat-rnn-v2-windowed_bs-128_lr-0.001_maxepoch-35_testyear-2021_win-3_nwin-10_seed-0/model-3

----- Epoch 4 (windowed) -----
  batch 49 | loss 0.0977 rmse 0.279 r2 0.661 corr 0.815

###### Windowed train epoch 4 overall metrics
  loss: 0.0975 rmse: 0.305 r2: 0.598 corr: 0.784
***** Epoch 4 Val (windowed) *****
  loss: 0.0406 rmse: 0.384 r2: 0.553 corr: 0.770
********************
***** Epoch 4 Test (windowed) *****
  loss: 0.0412 rmse: 0.358 r2: 0.576 corr: 0.770
********************
  Epoch 4 done in 61.9s
  Saved best model → model/FIM_restoration_0412G_stations_monthly/2021/gat-rnn-v2-windowed_bs-128_lr-0.001_maxepoch-35_testyear-2021_win-3_nwin-10_seed-0/model-4

----- Epoch 5 (windowed) -----
  batch 49 | loss 0.1051 rmse 0.347 r2 0.595 corr 0.792

###### Windowed train epoch 5 overall metrics
  loss: 0.0930 rmse: 0.298 r2: 0.617 corr: 0.796
***** Epoch 5 Val (windowed) *****
  loss: 0.0401 rmse: 0.381 r2: 0.560 corr: 0.776
********************
***** Epoch 5 Test (windowed) *****
  loss: 0.0415 rmse: 0.357 r2: 0.579 corr: 0.773
********************
  Epoch 5 done in 63.5s
  Saved best model → model/FIM_restoration_0412G_stations_monthly/2021/gat-rnn-v2-windowed_bs-128_lr-0.001_maxepoch-35_testyear-2021_win-3_nwin-10_seed-0/model-5

----- Epoch 6 (windowed) -----
  batch 49 | loss 0.0956 rmse 0.243 r2 0.620 corr 0.814

###### Windowed train epoch 6 overall metrics
  loss: 0.0896 rmse: 0.293 r2: 0.629 corr: 0.802
***** Epoch 6 Val (windowed) *****
  loss: 0.0381 rmse: 0.366 r2: 0.594 corr: 0.785
********************
***** Epoch 6 Test (windowed) *****
  loss: 0.0398 rmse: 0.350 r2: 0.594 corr: 0.775
********************
  Epoch 6 done in 59.4s
  Saved best model → model/FIM_restoration_0412G_stations_monthly/2021/gat-rnn-v2-windowed_bs-128_lr-0.001_maxepoch-35_testyear-2021_win-3_nwin-10_seed-0/model-6

----- Epoch 7 (windowed) -----
  batch 49 | loss 0.0873 rmse 0.233 r2 0.656 corr 0.814

###### Windowed train epoch 7 overall metrics
  loss: 0.0873 rmse: 0.289 r2: 0.639 corr: 0.808
***** Epoch 7 Val (windowed) *****
  loss: 0.0372 rmse: 0.361 r2: 0.605 corr: 0.792
********************
***** Epoch 7 Test (windowed) *****
  loss: 0.0402 rmse: 0.346 r2: 0.604 corr: 0.779
********************
  Epoch 7 done in 64.4s
  Saved best model → model/FIM_restoration_0412G_stations_monthly/2021/gat-rnn-v2-windowed_bs-128_lr-0.001_maxepoch-35_testyear-2021_win-3_nwin-10_seed-0/model-7

----- Epoch 8 (windowed) -----
  batch 49 | loss 0.1047 rmse 0.399 r2 0.622 corr 0.806

###### Windowed train epoch 8 overall metrics
  loss: 0.0855 rmse: 0.288 r2: 0.643 corr: 0.809
***** Epoch 8 Val (windowed) *****
  loss: 0.0379 rmse: 0.375 r2: 0.573 corr: 0.785
********************
***** Epoch 8 Test (windowed) *****
  loss: 0.0405 rmse: 0.356 r2: 0.582 corr: 0.773
********************
  Epoch 8 done in 67.3s

----- Epoch 9 (windowed) -----
  batch 49 | loss 0.0762 rmse 0.233 r2 0.716 corr 0.858

###### Windowed train epoch 9 overall metrics
  loss: 0.0822 rmse: 0.282 r2: 0.658 corr: 0.819
***** Epoch 9 Val (windowed) *****
  loss: 0.0386 rmse: 0.382 r2: 0.558 corr: 0.796
********************
***** Epoch 9 Test (windowed) *****
  loss: 0.0403 rmse: 0.363 r2: 0.565 corr: 0.779
********************
  Epoch 9 done in 65.1s

----- Epoch 10 (windowed) -----
  batch 49 | loss 0.0915 rmse 0.300 r2 0.684 corr 0.852

###### Windowed train epoch 10 overall metrics
  loss: 0.0808 rmse: 0.279 r2: 0.664 corr: 0.823
***** Epoch 10 Val (windowed) *****
  loss: 0.0365 rmse: 0.360 r2: 0.608 corr: 0.800
********************
***** Epoch 10 Test (windowed) *****
  loss: 0.0414 rmse: 0.348 r2: 0.599 corr: 0.780
********************
  Epoch 10 done in 60.5s
  Saved best model → model/FIM_restoration_0412G_stations_monthly/2021/gat-rnn-v2-windowed_bs-128_lr-0.001_maxepoch-35_testyear-2021_win-3_nwin-10_seed-0/model-10

----- Epoch 11 (windowed) -----
  batch 49 | loss 0.0777 rmse 0.189 r2 0.731 corr 0.858

###### Windowed train epoch 11 overall metrics
  loss: 0.0784 rmse: 0.275 r2: 0.674 corr: 0.829
***** Epoch 11 Val (windowed) *****
  loss: 0.0350 rmse: 0.357 r2: 0.614 corr: 0.803
********************
***** Epoch 11 Test (windowed) *****
  loss: 0.0398 rmse: 0.350 r2: 0.596 corr: 0.775
********************
  Epoch 11 done in 65.1s
  Saved best model → model/FIM_restoration_0412G_stations_monthly/2021/gat-rnn-v2-windowed_bs-128_lr-0.001_maxepoch-35_testyear-2021_win-3_nwin-10_seed-0/model-11

----- Epoch 12 (windowed) -----
  batch 49 | loss 0.0843 rmse 0.307 r2 0.694 corr 0.847

###### Windowed train epoch 12 overall metrics
  loss: 0.0763 rmse: 0.270 r2: 0.685 corr: 0.834
***** Epoch 12 Val (windowed) *****
  loss: 0.0343 rmse: 0.352 r2: 0.625 corr: 0.811
********************
***** Epoch 12 Test (windowed) *****
  loss: 0.0402 rmse: 0.342 r2: 0.614 corr: 0.789
********************
  Epoch 12 done in 61.0s
  Saved best model → model/FIM_restoration_0412G_stations_monthly/2021/gat-rnn-v2-windowed_bs-128_lr-0.001_maxepoch-35_testyear-2021_win-3_nwin-10_seed-0/model-12

----- Epoch 13 (windowed) -----
  batch 49 | loss 0.0854 rmse 0.352 r2 0.641 corr 0.802

###### Windowed train epoch 13 overall metrics
  loss: 0.0747 rmse: 0.269 r2: 0.689 corr: 0.836
***** Epoch 13 Val (windowed) *****
  loss: 0.0359 rmse: 0.366 r2: 0.595 corr: 0.801
********************
***** Epoch 13 Test (windowed) *****
  loss: 0.0400 rmse: 0.349 r2: 0.598 corr: 0.785
********************
  Epoch 13 done in 64.5s

----- Epoch 14 (windowed) -----
  batch 49 | loss 0.0736 rmse 0.169 r2 0.802 corr 0.895

###### Windowed train epoch 14 overall metrics
  loss: 0.0730 rmse: 0.267 r2: 0.693 corr: 0.839
***** Epoch 14 Val (windowed) *****
  loss: 0.0336 rmse: 0.345 r2: 0.638 corr: 0.811
********************
***** Epoch 14 Test (windowed) *****
  loss: 0.0398 rmse: 0.343 r2: 0.611 corr: 0.782
********************
  Epoch 14 done in 66.2s
  Saved best model → model/FIM_restoration_0412G_stations_monthly/2021/gat-rnn-v2-windowed_bs-128_lr-0.001_maxepoch-35_testyear-2021_win-3_nwin-10_seed-0/model-14

----- Epoch 15 (windowed) -----
  batch 49 | loss 0.0727 rmse 0.234 r2 0.746 corr 0.868

###### Windowed train epoch 15 overall metrics
  loss: 0.0712 rmse: 0.262 r2: 0.703 corr: 0.844
***** Epoch 15 Val (windowed) *****
  loss: 0.0329 rmse: 0.356 r2: 0.616 corr: 0.812
********************
***** Epoch 15 Test (windowed) *****
  loss: 0.0397 rmse: 0.345 r2: 0.606 corr: 0.784
********************
  Epoch 15 done in 61.7s

----- Epoch 16 (windowed) -----
  batch 49 | loss 0.0674 rmse 0.233 r2 0.720 corr 0.850

###### Windowed train epoch 16 overall metrics
  loss: 0.0711 rmse: 0.262 r2: 0.704 corr: 0.845
***** Epoch 16 Val (windowed) *****
  loss: 0.0334 rmse: 0.345 r2: 0.638 corr: 0.821
********************
***** Epoch 16 Test (windowed) *****
  loss: 0.0393 rmse: 0.346 r2: 0.604 corr: 0.782
********************
  Epoch 16 done in 65.2s

----- Epoch 17 (windowed) -----
  batch 49 | loss 0.0705 rmse 0.204 r2 0.750 corr 0.875

###### Windowed train epoch 17 overall metrics
  loss: 0.0691 rmse: 0.259 r2: 0.710 corr: 0.847
***** Epoch 17 Val (windowed) *****
  loss: 0.0317 rmse: 0.342 r2: 0.646 corr: 0.816
********************
***** Epoch 17 Test (windowed) *****
  loss: 0.0405 rmse: 0.352 r2: 0.590 corr: 0.769
********************
  Epoch 17 done in 58.5s
  Saved best model → model/FIM_restoration_0412G_stations_monthly/2021/gat-rnn-v2-windowed_bs-128_lr-0.001_maxepoch-35_testyear-2021_win-3_nwin-10_seed-0/model-17

----- Epoch 18 (windowed) -----
  batch 49 | loss 0.0725 rmse 0.230 r2 0.736 corr 0.859

###### Windowed train epoch 18 overall metrics
  loss: 0.0679 rmse: 0.257 r2: 0.715 corr: 0.850
***** Epoch 18 Val (windowed) *****
  loss: 0.0315 rmse: 0.337 r2: 0.656 corr: 0.826
********************
***** Epoch 18 Test (windowed) *****
  loss: 0.0406 rmse: 0.345 r2: 0.606 corr: 0.779
********************
  Epoch 18 done in 64.9s
  Saved best model → model/FIM_restoration_0412G_stations_monthly/2021/gat-rnn-v2-windowed_bs-128_lr-0.001_maxepoch-35_testyear-2021_win-3_nwin-10_seed-0/model-18

----- Epoch 19 (windowed) -----
  batch 49 | loss 0.0697 rmse 0.210 r2 0.774 corr 0.884

###### Windowed train epoch 19 overall metrics
  loss: 0.0658 rmse: 0.254 r2: 0.722 corr: 0.855
***** Epoch 19 Val (windowed) *****
  loss: 0.0306 rmse: 0.340 r2: 0.649 corr: 0.816
********************
***** Epoch 19 Test (windowed) *****
  loss: 0.0399 rmse: 0.361 r2: 0.570 corr: 0.755
********************
  Epoch 19 done in 64.0s

----- Epoch 20 (windowed) -----
  batch 49 | loss 0.0695 rmse 0.275 r2 0.748 corr 0.875

###### Windowed train epoch 20 overall metrics
  loss: 0.0657 rmse: 0.253 r2: 0.724 corr: 0.856
***** Epoch 20 Val (windowed) *****
  loss: 0.0324 rmse: 0.351 r2: 0.627 corr: 0.814
********************
***** Epoch 20 Test (windowed) *****
  loss: 0.0402 rmse: 0.361 r2: 0.569 corr: 0.755
********************
  Epoch 20 done in 59.7s

----- Epoch 21 (windowed) -----
  batch 49 | loss 0.0705 rmse 0.289 r2 0.727 corr 0.856

###### Windowed train epoch 21 overall metrics
  loss: 0.0637 rmse: 0.250 r2: 0.731 corr: 0.859
***** Epoch 21 Val (windowed) *****
  loss: 0.0298 rmse: 0.324 r2: 0.683 corr: 0.844
********************
***** Epoch 21 Test (windowed) *****
  loss: 0.0398 rmse: 0.341 r2: 0.616 corr: 0.785
********************
  Epoch 21 done in 61.2s
  Saved best model → model/FIM_restoration_0412G_stations_monthly/2021/gat-rnn-v2-windowed_bs-128_lr-0.001_maxepoch-35_testyear-2021_win-3_nwin-10_seed-0/model-21

----- Epoch 22 (windowed) -----
  batch 49 | loss 0.0641 rmse 0.208 r2 0.786 corr 0.896

###### Windowed train epoch 22 overall metrics
  loss: 0.0628 rmse: 0.245 r2: 0.740 corr: 0.864
***** Epoch 22 Val (windowed) *****
  loss: 0.0291 rmse: 0.324 r2: 0.683 corr: 0.833
********************
***** Epoch 22 Test (windowed) *****
  loss: 0.0412 rmse: 0.350 r2: 0.595 corr: 0.773
********************
  Epoch 22 done in 64.5s

----- Epoch 23 (windowed) -----
  batch 49 | loss 0.0691 rmse 0.372 r2 0.613 corr 0.793

###### Windowed train epoch 23 overall metrics
  loss: 0.0610 rmse: 0.243 r2: 0.746 corr: 0.868
***** Epoch 23 Val (windowed) *****
  loss: 0.0295 rmse: 0.331 r2: 0.669 corr: 0.827
********************
***** Epoch 23 Test (windowed) *****
  loss: 0.0406 rmse: 0.363 r2: 0.564 corr: 0.755
********************
  Epoch 23 done in 62.3s

----- Epoch 24 (windowed) -----
  batch 49 | loss 0.0572 rmse 0.185 r2 0.779 corr 0.886

###### Windowed train epoch 24 overall metrics
  loss: 0.0600 rmse: 0.242 r2: 0.747 corr: 0.867
***** Epoch 24 Val (windowed) *****
  loss: 0.0287 rmse: 0.329 r2: 0.672 corr: 0.836
********************
***** Epoch 24 Test (windowed) *****
  loss: 0.0400 rmse: 0.355 r2: 0.584 corr: 0.764
********************
  Epoch 24 done in 59.6s

----- Epoch 25 (windowed) -----
  batch 49 | loss 0.0625 rmse 0.200 r2 0.789 corr 0.889

###### Windowed train epoch 25 overall metrics
  loss: 0.0588 rmse: 0.240 r2: 0.752 corr: 0.872
***** Epoch 25 Val (windowed) *****
  loss: 0.0270 rmse: 0.317 r2: 0.695 corr: 0.843
********************
***** Epoch 25 Test (windowed) *****
  loss: 0.0406 rmse: 0.352 r2: 0.591 corr: 0.770
********************
  Epoch 25 done in 64.2s
  Saved best model → model/FIM_restoration_0412G_stations_monthly/2021/gat-rnn-v2-windowed_bs-128_lr-0.001_maxepoch-35_testyear-2021_win-3_nwin-10_seed-0/model-25

----- Epoch 26 (windowed) -----
  batch 49 | loss 0.0564 rmse 0.172 r2 0.810 corr 0.905

###### Windowed train epoch 26 overall metrics
  loss: 0.0582 rmse: 0.238 r2: 0.756 corr: 0.873
***** Epoch 26 Val (windowed) *****
  loss: 0.0283 rmse: 0.336 r2: 0.658 corr: 0.841
********************
***** Epoch 26 Test (windowed) *****
  loss: 0.0403 rmse: 0.347 r2: 0.601 corr: 0.776
********************
  Epoch 26 done in 61.1s

----- Epoch 27 (windowed) -----
  batch 49 | loss 0.0582 rmse 0.230 r2 0.732 corr 0.862

###### Windowed train epoch 27 overall metrics
  loss: 0.0568 rmse: 0.236 r2: 0.759 corr: 0.875
***** Epoch 27 Val (windowed) *****
  loss: 0.0270 rmse: 0.315 r2: 0.698 corr: 0.841
********************
***** Epoch 27 Test (windowed) *****
  loss: 0.0407 rmse: 0.358 r2: 0.577 corr: 0.766
********************
  Epoch 27 done in 61.2s
  Saved best model → model/FIM_restoration_0412G_stations_monthly/2021/gat-rnn-v2-windowed_bs-128_lr-0.001_maxepoch-35_testyear-2021_win-3_nwin-10_seed-0/model-27

----- Epoch 28 (windowed) -----
  batch 49 | loss 0.0555 rmse 0.176 r2 0.775 corr 0.894

###### Windowed train epoch 28 overall metrics
  loss: 0.0560 rmse: 0.235 r2: 0.763 corr: 0.877
***** Epoch 28 Val (windowed) *****
  loss: 0.0267 rmse: 0.312 r2: 0.704 corr: 0.853
********************
***** Epoch 28 Test (windowed) *****
  loss: 0.0403 rmse: 0.342 r2: 0.614 corr: 0.785
********************
  Epoch 28 done in 60.7s
  Saved best model → model/FIM_restoration_0412G_stations_monthly/2021/gat-rnn-v2-windowed_bs-128_lr-0.001_maxepoch-35_testyear-2021_win-3_nwin-10_seed-0/model-28

----- Epoch 29 (windowed) -----
  batch 49 | loss 0.0613 rmse 0.222 r2 0.773 corr 0.880

###### Windowed train epoch 29 overall metrics
  loss: 0.0550 rmse: 0.232 r2: 0.768 corr: 0.879
***** Epoch 29 Val (windowed) *****
  loss: 0.0259 rmse: 0.314 r2: 0.701 corr: 0.849
********************
***** Epoch 29 Test (windowed) *****
  loss: 0.0411 rmse: 0.350 r2: 0.596 corr: 0.775
********************
  Epoch 29 done in 63.7s

----- Epoch 30 (windowed) -----
  batch 49 | loss 0.0545 rmse 0.171 r2 0.776 corr 0.890

###### Windowed train epoch 30 overall metrics
  loss: 0.0548 rmse: 0.231 r2: 0.770 corr: 0.880
***** Epoch 30 Val (windowed) *****
  loss: 0.0263 rmse: 0.323 r2: 0.684 corr: 0.856
********************
***** Epoch 30 Test (windowed) *****
  loss: 0.0410 rmse: 0.345 r2: 0.606 corr: 0.779
********************
  Epoch 30 done in 58.8s

----- Epoch 31 (windowed) -----
  batch 49 | loss 0.0570 rmse 0.155 r2 0.825 corr 0.908

###### Windowed train epoch 31 overall metrics
  loss: 0.0537 rmse: 0.230 r2: 0.772 corr: 0.882
***** Epoch 31 Val (windowed) *****
  loss: 0.0262 rmse: 0.303 r2: 0.722 corr: 0.857
********************
***** Epoch 31 Test (windowed) *****
  loss: 0.0420 rmse: 0.340 r2: 0.617 corr: 0.790
********************
  Epoch 31 done in 55.6s
  Saved best model → model/FIM_restoration_0412G_stations_monthly/2021/gat-rnn-v2-windowed_bs-128_lr-0.001_maxepoch-35_testyear-2021_win-3_nwin-10_seed-0/model-31

----- Epoch 32 (windowed) -----
  batch 49 | loss 0.0608 rmse 0.288 r2 0.761 corr 0.878

###### Windowed train epoch 32 overall metrics
  loss: 0.0539 rmse: 0.229 r2: 0.774 corr: 0.884
***** Epoch 32 Val (windowed) *****
  loss: 0.0257 rmse: 0.301 r2: 0.726 corr: 0.862
********************
***** Epoch 32 Test (windowed) *****
  loss: 0.0416 rmse: 0.346 r2: 0.605 corr: 0.783
********************
  Epoch 32 done in 49.1s
  Saved best model → model/FIM_restoration_0412G_stations_monthly/2021/gat-rnn-v2-windowed_bs-128_lr-0.001_maxepoch-35_testyear-2021_win-3_nwin-10_seed-0/model-32

----- Epoch 33 (windowed) -----
  batch 49 | loss 0.0555 rmse 0.235 r2 0.830 corr 0.914

###### Windowed train epoch 33 overall metrics
  loss: 0.0522 rmse: 0.224 r2: 0.783 corr: 0.888
***** Epoch 33 Val (windowed) *****
  loss: 0.0257 rmse: 0.315 r2: 0.699 corr: 0.859
********************
***** Epoch 33 Test (windowed) *****
  loss: 0.0405 rmse: 0.339 r2: 0.620 corr: 0.788
********************
  Epoch 33 done in 44.4s

----- Epoch 34 (windowed) -----
  batch 49 | loss 0.0479 rmse 0.180 r2 0.795 corr 0.903

###### Windowed train epoch 34 overall metrics
  loss: 0.0516 rmse: 0.223 r2: 0.786 corr: 0.890
***** Epoch 34 Val (windowed) *****
  loss: 0.0243 rmse: 0.295 r2: 0.736 corr: 0.866
********************
***** Epoch 34 Test (windowed) *****
  loss: 0.0416 rmse: 0.353 r2: 0.587 corr: 0.779
********************
  Epoch 34 done in 42.9s
  Saved best model → model/FIM_restoration_0412G_stations_monthly/2021/gat-rnn-v2-windowed_bs-128_lr-0.001_maxepoch-35_testyear-2021_win-3_nwin-10_seed-0/model-34
Fold done — best val RMSE=0.2950 test R²=0.5871 corr=0.7790

================================================================
Rolling-windowed  test_year=2022
  Val  : 2021
  Test : 2022
  win_size=3  n_windows=10
================================================================
Initially data (54319, 166)
After filtering (50820, 166)
get_X_Y
X shape (50820, 152)
Y shape (50820, 12)
Y (output) means tensor([[0.1492, 0.0120, 0.2592, 0.1708, 0.0258, 0.0598, 0.1584, 0.0238, 0.0545,
         0.0098, 0.0444, 0.1386]]) stds tensor([[0.4886, 0.1342, 0.6284, 0.6018, 0.1951, 0.2952, 0.5107, 0.1942, 0.3268,
         0.1316, 0.3222, 0.4416]])
Y count-scale means tensor([[0.5199, 0.0332, 0.9724, 0.9545, 0.0739, 0.1953, 0.5673, 0.0714, 0.2532,
         0.0324, 0.3207, 0.4022]]) stds tensor([[3.6159, 0.5783, 5.5893, 7.4208, 1.0911, 3.5912, 3.5893, 0.9584, 3.8313,
         0.6467, 6.8055, 2.4676]])
/Users/liyingnceas/GitHub/GNN-RNN-main/gnn-lstm-v4/utils/data_utils.py:274: RuntimeWarning: Mean of empty slice
  np.nanmean(county_dict[county], axis=0).astype(np.float32)
Filled 127430 missing (node, year) entries from neighbors or year averages
[2D] Station nodes: 596, adj nnz: 2980
[build_year_XY_windowed] data_start=1998, min_pred_year=2009, test_year=2022, win_size=3, n_windows=10
  built windows for T=2009
  built windows for T=2014
  built windows for T=2019
[build_year_XY_windowed] built windowed XY for 14 prediction years (2009–2022)
  GAT_RNN_V2: edge_feat_dim=3, n_heads=4, n_hidden=64
  [Bayes] Species rarity weights (mean=1): min=0.62 max=1.35  (rarest=Mycteroperca microlepis_SA)

----- Epoch 0 (windowed) -----
  batch 49 | loss 0.1855 rmse 0.491 r2 0.158 corr 0.457

###### Windowed train epoch 0 overall metrics
  loss: 0.2033 rmse: 0.462 r2: 0.101 corr: 0.343
***** Epoch 0 Val (windowed) *****
  loss: 0.0746 rmse: 0.490 r2: 0.207 corr: 0.504
********************
***** Epoch 0 Test (windowed) *****
  loss: 0.0684 rmse: 0.426 r2: 0.232 corr: 0.523
********************
  Epoch 0 done in 49.6s
  Saved best model → model/FIM_restoration_0412G_stations_monthly/2022/gat-rnn-v2-windowed_bs-128_lr-0.001_maxepoch-35_testyear-2022_win-3_nwin-10_seed-0/model-0

----- Epoch 1 (windowed) -----
  batch 49 | loss 0.1511 rmse 0.323 r2 0.421 corr 0.669

###### Windowed train epoch 1 overall metrics
  loss: 0.1491 rmse: 0.396 r2: 0.338 corr: 0.614
***** Epoch 1 Val (windowed) *****
  loss: 0.0557 rmse: 0.414 r2: 0.434 corr: 0.674
********************
***** Epoch 1 Test (windowed) *****
  loss: 0.0513 rmse: 0.351 r2: 0.480 corr: 0.704
********************
  Epoch 1 done in 46.6s
  Saved best model → model/FIM_restoration_0412G_stations_monthly/2022/gat-rnn-v2-windowed_bs-128_lr-0.001_maxepoch-35_testyear-2022_win-3_nwin-10_seed-0/model-1

----- Epoch 2 (windowed) -----
  batch 49 | loss 0.1118 rmse 0.277 r2 0.573 corr 0.758

###### Windowed train epoch 2 overall metrics
  loss: 0.1207 rmse: 0.342 r2: 0.508 corr: 0.732
***** Epoch 2 Val (windowed) *****
  loss: 0.0446 rmse: 0.366 r2: 0.557 corr: 0.759
********************
***** Epoch 2 Test (windowed) *****
  loss: 0.0397 rmse: 0.305 r2: 0.607 corr: 0.786
********************
  Epoch 2 done in 47.7s
  Saved best model → model/FIM_restoration_0412G_stations_monthly/2022/gat-rnn-v2-windowed_bs-128_lr-0.001_maxepoch-35_testyear-2022_win-3_nwin-10_seed-0/model-2

----- Epoch 3 (windowed) -----
  batch 49 | loss 0.1141 rmse 0.454 r2 0.498 corr 0.738

###### Windowed train epoch 3 overall metrics
  loss: 0.1050 rmse: 0.317 r2: 0.576 corr: 0.771
***** Epoch 3 Val (windowed) *****
  loss: 0.0389 rmse: 0.357 r2: 0.579 corr: 0.783
********************
***** Epoch 3 Test (windowed) *****
  loss: 0.0334 rmse: 0.295 r2: 0.633 corr: 0.811
********************
  Epoch 3 done in 52.1s
  Saved best model → model/FIM_restoration_0412G_stations_monthly/2022/gat-rnn-v2-windowed_bs-128_lr-0.001_maxepoch-35_testyear-2022_win-3_nwin-10_seed-0/model-3

----- Epoch 4 (windowed) -----
  batch 49 | loss 0.1000 rmse 0.347 r2 0.589 corr 0.781

###### Windowed train epoch 4 overall metrics
  loss: 0.0976 rmse: 0.307 r2: 0.604 corr: 0.788
***** Epoch 4 Val (windowed) *****
  loss: 0.0389 rmse: 0.344 r2: 0.609 corr: 0.790
********************
***** Epoch 4 Test (windowed) *****
  loss: 0.0329 rmse: 0.283 r2: 0.661 corr: 0.819
********************
  Epoch 4 done in 51.4s
  Saved best model → model/FIM_restoration_0412G_stations_monthly/2022/gat-rnn-v2-windowed_bs-128_lr-0.001_maxepoch-35_testyear-2022_win-3_nwin-10_seed-0/model-4

----- Epoch 5 (windowed) -----
  batch 49 | loss 0.1011 rmse 0.275 r2 0.603 corr 0.789

###### Windowed train epoch 5 overall metrics
  loss: 0.0932 rmse: 0.301 r2: 0.619 corr: 0.796
***** Epoch 5 Val (windowed) *****
  loss: 0.0369 rmse: 0.346 r2: 0.604 corr: 0.785
********************
***** Epoch 5 Test (windowed) *****
  loss: 0.0319 rmse: 0.285 r2: 0.656 corr: 0.815
********************
  Epoch 5 done in 52.3s

----- Epoch 6 (windowed) -----
  batch 49 | loss 0.0963 rmse 0.250 r2 0.687 corr 0.839

###### Windowed train epoch 6 overall metrics
  loss: 0.0907 rmse: 0.298 r2: 0.626 corr: 0.800
***** Epoch 6 Val (windowed) *****
  loss: 0.0367 rmse: 0.352 r2: 0.591 corr: 0.795
********************
***** Epoch 6 Test (windowed) *****
  loss: 0.0331 rmse: 0.296 r2: 0.630 corr: 0.816
********************
  Epoch 6 done in 53.2s

----- Epoch 7 (windowed) -----
  batch 49 | loss 0.0963 rmse 0.222 r2 0.719 corr 0.852

###### Windowed train epoch 7 overall metrics
  loss: 0.0880 rmse: 0.292 r2: 0.642 corr: 0.809
***** Epoch 7 Val (windowed) *****
  loss: 0.0354 rmse: 0.335 r2: 0.630 corr: 0.799
********************
***** Epoch 7 Test (windowed) *****
  loss: 0.0311 rmse: 0.278 r2: 0.674 corr: 0.824
********************
  Epoch 7 done in 51.8s
  Saved best model → model/FIM_restoration_0412G_stations_monthly/2022/gat-rnn-v2-windowed_bs-128_lr-0.001_maxepoch-35_testyear-2022_win-3_nwin-10_seed-0/model-7

----- Epoch 8 (windowed) -----
  batch 49 | loss 0.0931 rmse 0.255 r2 0.640 corr 0.805

###### Windowed train epoch 8 overall metrics
  loss: 0.0858 rmse: 0.290 r2: 0.647 corr: 0.811
***** Epoch 8 Val (windowed) *****
  loss: 0.0346 rmse: 0.327 r2: 0.646 corr: 0.809
********************
***** Epoch 8 Test (windowed) *****
  loss: 0.0316 rmse: 0.273 r2: 0.684 corr: 0.828
********************
  Epoch 8 done in 50.8s
  Saved best model → model/FIM_restoration_0412G_stations_monthly/2022/gat-rnn-v2-windowed_bs-128_lr-0.001_maxepoch-35_testyear-2022_win-3_nwin-10_seed-0/model-8

----- Epoch 9 (windowed) -----
  batch 49 | loss 0.0902 rmse 0.234 r2 0.643 corr 0.814

###### Windowed train epoch 9 overall metrics
  loss: 0.0822 rmse: 0.282 r2: 0.664 corr: 0.822
***** Epoch 9 Val (windowed) *****
  loss: 0.0342 rmse: 0.335 r2: 0.629 corr: 0.803
********************
***** Epoch 9 Test (windowed) *****
  loss: 0.0315 rmse: 0.284 r2: 0.658 corr: 0.819
********************
  Epoch 9 done in 52.4s

----- Epoch 10 (windowed) -----
  batch 49 | loss 0.0703 rmse 0.207 r2 0.725 corr 0.862

###### Windowed train epoch 10 overall metrics
  loss: 0.0802 rmse: 0.282 r2: 0.666 corr: 0.823
***** Epoch 10 Val (windowed) *****
  loss: 0.0341 rmse: 0.320 r2: 0.661 corr: 0.814
********************
***** Epoch 10 Test (windowed) *****
  loss: 0.0323 rmse: 0.274 r2: 0.683 corr: 0.827
********************
  Epoch 10 done in 50.0s
  Saved best model → model/FIM_restoration_0412G_stations_monthly/2022/gat-rnn-v2-windowed_bs-128_lr-0.001_maxepoch-35_testyear-2022_win-3_nwin-10_seed-0/model-10

----- Epoch 11 (windowed) -----
  batch 49 | loss 0.0917 rmse 0.293 r2 0.651 corr 0.809

###### Windowed train epoch 11 overall metrics
  loss: 0.0786 rmse: 0.279 r2: 0.673 corr: 0.827
***** Epoch 11 Val (windowed) *****
  loss: 0.0321 rmse: 0.325 r2: 0.651 corr: 0.817
********************
***** Epoch 11 Test (windowed) *****
  loss: 0.0314 rmse: 0.279 r2: 0.670 corr: 0.825
********************
  Epoch 11 done in 48.9s

----- Epoch 12 (windowed) -----
  batch 49 | loss 0.0814 rmse 0.270 r2 0.642 corr 0.825

###### Windowed train epoch 12 overall metrics
  loss: 0.0763 rmse: 0.272 r2: 0.688 corr: 0.835
***** Epoch 12 Val (windowed) *****
  loss: 0.0317 rmse: 0.321 r2: 0.659 corr: 0.818
********************
***** Epoch 12 Test (windowed) *****
  loss: 0.0317 rmse: 0.279 r2: 0.670 corr: 0.821
********************
  Epoch 12 done in 46.0s

----- Epoch 13 (windowed) -----
  batch 49 | loss 0.0714 rmse 0.317 r2 0.698 corr 0.847

###### Windowed train epoch 13 overall metrics
  loss: 0.0737 rmse: 0.270 r2: 0.694 corr: 0.839
***** Epoch 13 Val (windowed) *****
  loss: 0.0315 rmse: 0.312 r2: 0.679 corr: 0.826
********************
***** Epoch 13 Test (windowed) *****
  loss: 0.0323 rmse: 0.270 r2: 0.691 corr: 0.831
********************
  Epoch 13 done in 47.6s
  Saved best model → model/FIM_restoration_0412G_stations_monthly/2022/gat-rnn-v2-windowed_bs-128_lr-0.001_maxepoch-35_testyear-2022_win-3_nwin-10_seed-0/model-13

----- Epoch 14 (windowed) -----
  batch 49 | loss 0.0761 rmse 0.225 r2 0.703 corr 0.839

###### Windowed train epoch 14 overall metrics
  loss: 0.0722 rmse: 0.266 r2: 0.702 corr: 0.843
***** Epoch 14 Val (windowed) *****
  loss: 0.0306 rmse: 0.323 r2: 0.656 corr: 0.832
********************
***** Epoch 14 Test (windowed) *****
  loss: 0.0311 rmse: 0.277 r2: 0.675 corr: 0.834
********************
  Epoch 14 done in 46.6s

----- Epoch 15 (windowed) -----
  batch 49 | loss 0.0738 rmse 0.207 r2 0.757 corr 0.872

###### Windowed train epoch 15 overall metrics
  loss: 0.0704 rmse: 0.265 r2: 0.703 corr: 0.844
***** Epoch 15 Val (windowed) *****
  loss: 0.0311 rmse: 0.327 r2: 0.647 corr: 0.827
********************
***** Epoch 15 Test (windowed) *****
  loss: 0.0326 rmse: 0.284 r2: 0.660 corr: 0.822
********************
  Epoch 15 done in 46.9s

----- Epoch 16 (windowed) -----
  batch 49 | loss 0.0811 rmse 0.217 r2 0.761 corr 0.882

###### Windowed train epoch 16 overall metrics
  loss: 0.0687 rmse: 0.260 r2: 0.714 corr: 0.851
***** Epoch 16 Val (windowed) *****
  loss: 0.0297 rmse: 0.322 r2: 0.657 corr: 0.826
********************
***** Epoch 16 Test (windowed) *****
  loss: 0.0327 rmse: 0.284 r2: 0.658 corr: 0.819
********************
  Epoch 16 done in 46.3s

----- Epoch 17 (windowed) -----
  batch 49 | loss 0.0710 rmse 0.179 r2 0.791 corr 0.891

###### Windowed train epoch 17 overall metrics
  loss: 0.0671 rmse: 0.256 r2: 0.724 corr: 0.856
***** Epoch 17 Val (windowed) *****
  loss: 0.0303 rmse: 0.314 r2: 0.675 corr: 0.835
********************
***** Epoch 17 Test (windowed) *****
  loss: 0.0327 rmse: 0.279 r2: 0.672 corr: 0.827
********************
  Epoch 17 done in 47.7s

----- Epoch 18 (windowed) -----
  batch 49 | loss 0.0714 rmse 0.227 r2 0.775 corr 0.881

###### Windowed train epoch 18 overall metrics
  loss: 0.0668 rmse: 0.256 r2: 0.724 corr: 0.856
***** Epoch 18 Val (windowed) *****
  loss: 0.0292 rmse: 0.312 r2: 0.678 corr: 0.841
********************
***** Epoch 18 Test (windowed) *****
  loss: 0.0322 rmse: 0.277 r2: 0.675 corr: 0.832
********************
  Epoch 18 done in 46.6s

----- Epoch 19 (windowed) -----
  batch 49 | loss 0.0624 rmse 0.205 r2 0.746 corr 0.871

###### Windowed train epoch 19 overall metrics
  loss: 0.0646 rmse: 0.253 r2: 0.731 corr: 0.860
***** Epoch 19 Val (windowed) *****
  loss: 0.0289 rmse: 0.309 r2: 0.684 corr: 0.847
********************
***** Epoch 19 Test (windowed) *****
  loss: 0.0328 rmse: 0.279 r2: 0.670 corr: 0.826
********************
  Epoch 19 done in 47.4s
  Saved best model → model/FIM_restoration_0412G_stations_monthly/2022/gat-rnn-v2-windowed_bs-128_lr-0.001_maxepoch-35_testyear-2022_win-3_nwin-10_seed-0/model-19

----- Epoch 20 (windowed) -----
  batch 49 | loss 0.0662 rmse 0.187 r2 0.753 corr 0.869

###### Windowed train epoch 20 overall metrics
  loss: 0.0635 rmse: 0.252 r2: 0.732 corr: 0.860
***** Epoch 20 Val (windowed) *****
  loss: 0.0274 rmse: 0.303 r2: 0.696 corr: 0.847
********************
***** Epoch 20 Test (windowed) *****
  loss: 0.0328 rmse: 0.278 r2: 0.673 corr: 0.826
********************
  Epoch 20 done in 46.5s
  Saved best model → model/FIM_restoration_0412G_stations_monthly/2022/gat-rnn-v2-windowed_bs-128_lr-0.001_maxepoch-35_testyear-2022_win-3_nwin-10_seed-0/model-20

----- Epoch 21 (windowed) -----
  batch 49 | loss 0.0705 rmse 0.184 r2 0.802 corr 0.896

###### Windowed train epoch 21 overall metrics
  loss: 0.0628 rmse: 0.249 r2: 0.739 corr: 0.864
***** Epoch 21 Val (windowed) *****
  loss: 0.0277 rmse: 0.294 r2: 0.715 corr: 0.852
********************
***** Epoch 21 Test (windowed) *****
  loss: 0.0327 rmse: 0.273 r2: 0.685 corr: 0.831
********************
  Epoch 21 done in 46.6s
  Saved best model → model/FIM_restoration_0412G_stations_monthly/2022/gat-rnn-v2-windowed_bs-128_lr-0.001_maxepoch-35_testyear-2022_win-3_nwin-10_seed-0/model-21

----- Epoch 22 (windowed) -----
  batch 49 | loss 0.0694 rmse 0.209 r2 0.780 corr 0.886

###### Windowed train epoch 22 overall metrics
  loss: 0.0612 rmse: 0.247 r2: 0.744 corr: 0.867
***** Epoch 22 Val (windowed) *****
  loss: 0.0271 rmse: 0.301 r2: 0.700 corr: 0.849
********************
***** Epoch 22 Test (windowed) *****
  loss: 0.0331 rmse: 0.277 r2: 0.675 corr: 0.828
********************
  Epoch 22 done in 47.1s

----- Epoch 23 (windowed) -----
  batch 49 | loss 0.0591 rmse 0.181 r2 0.778 corr 0.885

###### Windowed train epoch 23 overall metrics
  loss: 0.0610 rmse: 0.246 r2: 0.745 corr: 0.866
***** Epoch 23 Val (windowed) *****
  loss: 0.0266 rmse: 0.294 r2: 0.714 corr: 0.852
********************
***** Epoch 23 Test (windowed) *****
  loss: 0.0337 rmse: 0.279 r2: 0.670 corr: 0.821
********************
  Epoch 23 done in 992.2s

----- Epoch 24 (windowed) -----
  batch 49 | loss 0.0583 rmse 0.196 r2 0.749 corr 0.866

###### Windowed train epoch 24 overall metrics
  loss: 0.0584 rmse: 0.241 r2: 0.756 corr: 0.874
***** Epoch 24 Val (windowed) *****
  loss: 0.0259 rmse: 0.285 r2: 0.731 corr: 0.860
********************
***** Epoch 24 Test (windowed) *****
  loss: 0.0329 rmse: 0.272 r2: 0.687 corr: 0.831
********************
  Epoch 24 done in 48.2s
  Saved best model → model/FIM_restoration_0412G_stations_monthly/2022/gat-rnn-v2-windowed_bs-128_lr-0.001_maxepoch-35_testyear-2022_win-3_nwin-10_seed-0/model-24

----- Epoch 25 (windowed) -----
  batch 49 | loss 0.0538 rmse 0.165 r2 0.807 corr 0.899

###### Windowed train epoch 25 overall metrics
  loss: 0.0576 rmse: 0.241 r2: 0.756 corr: 0.873
***** Epoch 25 Val (windowed) *****
  loss: 0.0261 rmse: 0.285 r2: 0.732 corr: 0.862
********************
***** Epoch 25 Test (windowed) *****
  loss: 0.0336 rmse: 0.274 r2: 0.681 corr: 0.827
********************
  Epoch 25 done in 49.4s
  Saved best model → model/FIM_restoration_0412G_stations_monthly/2022/gat-rnn-v2-windowed_bs-128_lr-0.001_maxepoch-35_testyear-2022_win-3_nwin-10_seed-0/model-25

----- Epoch 26 (windowed) -----
  batch 49 | loss 0.0709 rmse 0.337 r2 0.666 corr 0.830

###### Windowed train epoch 26 overall metrics
  loss: 0.0566 rmse: 0.238 r2: 0.762 corr: 0.876
***** Epoch 26 Val (windowed) *****
  loss: 0.0251 rmse: 0.281 r2: 0.738 corr: 0.866
********************
***** Epoch 26 Test (windowed) *****
  loss: 0.0335 rmse: 0.272 r2: 0.688 corr: 0.834
********************
  Epoch 26 done in 48.8s
  Saved best model → model/FIM_restoration_0412G_stations_monthly/2022/gat-rnn-v2-windowed_bs-128_lr-0.001_maxepoch-35_testyear-2022_win-3_nwin-10_seed-0/model-26

----- Epoch 27 (windowed) -----
  batch 49 | loss 0.0576 rmse 0.169 r2 0.818 corr 0.908

###### Windowed train epoch 27 overall metrics
  loss: 0.0551 rmse: 0.232 r2: 0.772 corr: 0.883
***** Epoch 27 Val (windowed) *****
  loss: 0.0247 rmse: 0.279 r2: 0.742 corr: 0.867
********************
***** Epoch 27 Test (windowed) *****
  loss: 0.0325 rmse: 0.276 r2: 0.679 corr: 0.826
********************
  Epoch 27 done in 50.0s
  Saved best model → model/FIM_restoration_0412G_stations_monthly/2022/gat-rnn-v2-windowed_bs-128_lr-0.001_maxepoch-35_testyear-2022_win-3_nwin-10_seed-0/model-27

----- Epoch 28 (windowed) -----
  batch 49 | loss 0.0548 rmse 0.179 r2 0.792 corr 0.890

###### Windowed train epoch 28 overall metrics
  loss: 0.0552 rmse: 0.233 r2: 0.772 corr: 0.881
***** Epoch 28 Val (windowed) *****
  loss: 0.0240 rmse: 0.273 r2: 0.754 corr: 0.871
********************
***** Epoch 28 Test (windowed) *****
  loss: 0.0329 rmse: 0.269 r2: 0.694 corr: 0.834
********************
  Epoch 28 done in 51.1s
  Saved best model → model/FIM_restoration_0412G_stations_monthly/2022/gat-rnn-v2-windowed_bs-128_lr-0.001_maxepoch-35_testyear-2022_win-3_nwin-10_seed-0/model-28

----- Epoch 29 (windowed) -----
  batch 49 | loss 0.0523 rmse 0.195 r2 0.831 corr 0.913

###### Windowed train epoch 29 overall metrics
  loss: 0.0539 rmse: 0.230 r2: 0.778 corr: 0.885
***** Epoch 29 Val (windowed) *****
  loss: 0.0241 rmse: 0.281 r2: 0.739 corr: 0.870
********************
***** Epoch 29 Test (windowed) *****
  loss: 0.0337 rmse: 0.277 r2: 0.676 corr: 0.830
********************
  Epoch 29 done in 48.6s

----- Epoch 30 (windowed) -----
  batch 49 | loss 0.0564 rmse 0.168 r2 0.807 corr 0.904

###### Windowed train epoch 30 overall metrics
  loss: 0.0528 rmse: 0.230 r2: 0.778 corr: 0.885
***** Epoch 30 Val (windowed) *****
  loss: 0.0251 rmse: 0.290 r2: 0.721 corr: 0.865
********************
***** Epoch 30 Test (windowed) *****
  loss: 0.0327 rmse: 0.276 r2: 0.678 corr: 0.832
********************
  Epoch 30 done in 50.6s

----- Epoch 31 (windowed) -----
  batch 49 | loss 0.0566 rmse 0.267 r2 0.764 corr 0.878

###### Windowed train epoch 31 overall metrics
  loss: 0.0518 rmse: 0.227 r2: 0.782 corr: 0.887
***** Epoch 31 Val (windowed) *****
  loss: 0.0235 rmse: 0.273 r2: 0.753 corr: 0.875
********************
***** Epoch 31 Test (windowed) *****
  loss: 0.0329 rmse: 0.274 r2: 0.682 corr: 0.830
********************
  Epoch 31 done in 51.7s

----- Epoch 32 (windowed) -----
  batch 49 | loss 0.0561 rmse 0.266 r2 0.784 corr 0.887

###### Windowed train epoch 32 overall metrics
  loss: 0.0516 rmse: 0.227 r2: 0.783 corr: 0.888
***** Epoch 32 Val (windowed) *****
  loss: 0.0239 rmse: 0.268 r2: 0.763 corr: 0.877
********************
***** Epoch 32 Test (windowed) *****
  loss: 0.0337 rmse: 0.272 r2: 0.687 corr: 0.830
********************
  Epoch 32 done in 50.7s
  Saved best model → model/FIM_restoration_0412G_stations_monthly/2022/gat-rnn-v2-windowed_bs-128_lr-0.001_maxepoch-35_testyear-2022_win-3_nwin-10_seed-0/model-32

----- Epoch 33 (windowed) -----
  batch 49 | loss 0.0557 rmse 0.267 r2 0.763 corr 0.880

###### Windowed train epoch 33 overall metrics
  loss: 0.0507 rmse: 0.228 r2: 0.781 corr: 0.887
***** Epoch 33 Val (windowed) *****
  loss: 0.0247 rmse: 0.300 r2: 0.703 corr: 0.860
********************
***** Epoch 33 Test (windowed) *****
  loss: 0.0336 rmse: 0.287 r2: 0.652 corr: 0.825
********************
  Epoch 33 done in 53.0s

----- Epoch 34 (windowed) -----
  batch 49 | loss 0.0584 rmse 0.254 r2 0.758 corr 0.876

###### Windowed train epoch 34 overall metrics
  loss: 0.0504 rmse: 0.225 r2: 0.787 corr: 0.890
***** Epoch 34 Val (windowed) *****
  loss: 0.0226 rmse: 0.271 r2: 0.757 corr: 0.876
********************
***** Epoch 34 Test (windowed) *****
  loss: 0.0327 rmse: 0.268 r2: 0.696 corr: 0.835
********************
  Epoch 34 done in 52.0s
Fold done — best val RMSE=0.2680 test R²=0.6872 corr=0.8301

================================================================
Rolling-windowed  test_year=2023
  Val  : 2022
  Test : 2023
  win_size=3  n_windows=10
================================================================
Initially data (54319, 166)
After filtering (52586, 166)
get_X_Y
X shape (52586, 152)
Y shape (52586, 12)
Y (output) means tensor([[0.1486, 0.0122, 0.2552, 0.1723, 0.0268, 0.0594, 0.1574, 0.0234, 0.0556,
         0.0095, 0.0449, 0.1395]]) stds tensor([[0.4882, 0.1347, 0.6234, 0.6031, 0.1985, 0.2945, 0.5083, 0.1916, 0.3308,
         0.1296, 0.3227, 0.4442]])
Y count-scale means tensor([[0.5206, 0.0333, 0.9536, 0.9554, 0.0769, 0.1935, 0.5596, 0.0695, 0.2598,
         0.0314, 0.3184, 0.4090]]) stds tensor([[3.6411, 0.5729, 5.4997, 7.3387, 1.1245, 3.5202, 3.5292, 0.9396, 3.8283,
         0.6338, 6.6966, 2.5374]])
/Users/liyingnceas/GitHub/GNN-RNN-main/gnn-lstm-v4/utils/data_utils.py:274: RuntimeWarning: Mean of empty slice
  np.nanmean(county_dict[county], axis=0).astype(np.float32)
Filled 132898 missing (node, year) entries from neighbors or year averages
[2D] Station nodes: 596, adj nnz: 2980
[build_year_XY_windowed] data_start=1998, min_pred_year=2009, test_year=2023, win_size=3, n_windows=10
  built windows for T=2009
  built windows for T=2014
  built windows for T=2019
[build_year_XY_windowed] built windowed XY for 15 prediction years (2009–2023)
  GAT_RNN_V2: edge_feat_dim=3, n_heads=4, n_hidden=64
  [Bayes] Species rarity weights (mean=1): min=0.62 max=1.36  (rarest=Mycteroperca microlepis_SA)

----- Epoch 0 (windowed) -----
  batch 49 | loss 0.1718 rmse 0.373 r2 0.200 corr 0.462

###### Windowed train epoch 0 overall metrics
  loss: 0.1991 rmse: 0.457 r2: 0.121 corr: 0.379
***** Epoch 0 Val (windowed) *****
  loss: 0.0650 rmse: 0.410 r2: 0.288 corr: 0.579
********************
***** Epoch 0 Test (windowed) *****
  loss: 0.0591 rmse: 0.401 r2: 0.255 corr: 0.535
********************
  Epoch 0 done in 56.3s
  Saved best model → model/FIM_restoration_0412G_stations_monthly/2023/gat-rnn-v2-windowed_bs-128_lr-0.001_maxepoch-35_testyear-2023_win-3_nwin-10_seed-0/model-0

----- Epoch 1 (windowed) -----
  batch 49 | loss 0.1399 rmse 0.299 r2 0.382 corr 0.648

###### Windowed train epoch 1 overall metrics
  loss: 0.1443 rmse: 0.385 r2: 0.374 corr: 0.637
***** Epoch 1 Val (windowed) *****
  loss: 0.0470 rmse: 0.345 r2: 0.496 corr: 0.738
********************
***** Epoch 1 Test (windowed) *****
  loss: 0.0444 rmse: 0.349 r2: 0.436 corr: 0.683
********************
  Epoch 1 done in 55.7s
  Saved best model → model/FIM_restoration_0412G_stations_monthly/2023/gat-rnn-v2-windowed_bs-128_lr-0.001_maxepoch-35_testyear-2023_win-3_nwin-10_seed-0/model-1

----- Epoch 2 (windowed) -----
  batch 49 | loss 0.1208 rmse 0.275 r2 0.633 corr 0.800

###### Windowed train epoch 2 overall metrics
  loss: 0.1169 rmse: 0.339 r2: 0.516 corr: 0.735
***** Epoch 2 Val (windowed) *****
  loss: 0.0363 rmse: 0.296 r2: 0.628 corr: 0.803
********************
***** Epoch 2 Test (windowed) *****
  loss: 0.0375 rmse: 0.323 r2: 0.517 corr: 0.723
********************
  Epoch 2 done in 51.3s
  Saved best model → model/FIM_restoration_0412G_stations_monthly/2023/gat-rnn-v2-windowed_bs-128_lr-0.001_maxepoch-35_testyear-2023_win-3_nwin-10_seed-0/model-2

----- Epoch 3 (windowed) -----
  batch 49 | loss 0.1041 rmse 0.232 r2 0.673 corr 0.822

###### Windowed train epoch 3 overall metrics
  loss: 0.1010 rmse: 0.312 r2: 0.590 corr: 0.779
***** Epoch 3 Val (windowed) *****
  loss: 0.0312 rmse: 0.288 r2: 0.650 corr: 0.817
********************
***** Epoch 3 Test (windowed) *****
  loss: 0.0350 rmse: 0.317 r2: 0.536 corr: 0.736
********************
  Epoch 3 done in 49.7s
  Saved best model → model/FIM_restoration_0412G_stations_monthly/2023/gat-rnn-v2-windowed_bs-128_lr-0.001_maxepoch-35_testyear-2023_win-3_nwin-10_seed-0/model-3

----- Epoch 4 (windowed) -----
  batch 49 | loss 0.1070 rmse 0.334 r2 0.605 corr 0.791

###### Windowed train epoch 4 overall metrics
  loss: 0.0953 rmse: 0.305 r2: 0.608 corr: 0.790
***** Epoch 4 Val (windowed) *****
  loss: 0.0312 rmse: 0.285 r2: 0.657 corr: 0.823
********************
***** Epoch 4 Test (windowed) *****
  loss: 0.0349 rmse: 0.318 r2: 0.531 corr: 0.735
********************
  Epoch 4 done in 48.8s
  Saved best model → model/FIM_restoration_0412G_stations_monthly/2023/gat-rnn-v2-windowed_bs-128_lr-0.001_maxepoch-35_testyear-2023_win-3_nwin-10_seed-0/model-4

----- Epoch 5 (windowed) -----
  batch 49 | loss 0.1121 rmse 0.317 r2 0.595 corr 0.780

###### Windowed train epoch 5 overall metrics
  loss: 0.0917 rmse: 0.297 r2: 0.629 corr: 0.801
***** Epoch 5 Val (windowed) *****
  loss: 0.0289 rmse: 0.273 r2: 0.685 corr: 0.839
********************
***** Epoch 5 Test (windowed) *****
  loss: 0.0344 rmse: 0.311 r2: 0.551 corr: 0.746
********************
  Epoch 5 done in 48.5s
  Saved best model → model/FIM_restoration_0412G_stations_monthly/2023/gat-rnn-v2-windowed_bs-128_lr-0.001_maxepoch-35_testyear-2023_win-3_nwin-10_seed-0/model-5

----- Epoch 6 (windowed) -----
  batch 49 | loss 0.1005 rmse 0.360 r2 0.601 corr 0.802

###### Windowed train epoch 6 overall metrics
  loss: 0.0886 rmse: 0.294 r2: 0.637 corr: 0.805
***** Epoch 6 Val (windowed) *****
  loss: 0.0288 rmse: 0.269 r2: 0.694 corr: 0.844
********************
***** Epoch 6 Test (windowed) *****
  loss: 0.0345 rmse: 0.315 r2: 0.542 corr: 0.739
********************
  Epoch 6 done in 48.7s
  Saved best model → model/FIM_restoration_0412G_stations_monthly/2023/gat-rnn-v2-windowed_bs-128_lr-0.001_maxepoch-35_testyear-2023_win-3_nwin-10_seed-0/model-6

----- Epoch 7 (windowed) -----
  batch 49 | loss 0.0969 rmse 0.313 r2 0.634 corr 0.809

###### Windowed train epoch 7 overall metrics
  loss: 0.0854 rmse: 0.287 r2: 0.652 corr: 0.814
***** Epoch 7 Val (windowed) *****
  loss: 0.0280 rmse: 0.271 r2: 0.690 corr: 0.849
********************
***** Epoch 7 Test (windowed) *****
  loss: 0.0339 rmse: 0.312 r2: 0.548 corr: 0.746
********************
  Epoch 7 done in 48.9s

----- Epoch 8 (windowed) -----
  batch 49 | loss 0.0912 rmse 0.339 r2 0.630 corr 0.797

###### Windowed train epoch 8 overall metrics
  loss: 0.0833 rmse: 0.285 r2: 0.658 corr: 0.819
***** Epoch 8 Val (windowed) *****
  loss: 0.0272 rmse: 0.263 r2: 0.708 corr: 0.852
********************
***** Epoch 8 Test (windowed) *****
  loss: 0.0331 rmse: 0.310 r2: 0.554 corr: 0.746
********************
  Epoch 8 done in 48.9s
  Saved best model → model/FIM_restoration_0412G_stations_monthly/2023/gat-rnn-v2-windowed_bs-128_lr-0.001_maxepoch-35_testyear-2023_win-3_nwin-10_seed-0/model-8

----- Epoch 9 (windowed) -----
  batch 49 | loss 0.0873 rmse 0.331 r2 0.678 corr 0.847

###### Windowed train epoch 9 overall metrics
  loss: 0.0814 rmse: 0.283 r2: 0.663 corr: 0.820
***** Epoch 9 Val (windowed) *****
  loss: 0.0267 rmse: 0.258 r2: 0.719 corr: 0.855
********************
***** Epoch 9 Test (windowed) *****
  loss: 0.0346 rmse: 0.309 r2: 0.559 corr: 0.748
********************
  Epoch 9 done in 53.5s
  Saved best model → model/FIM_restoration_0412G_stations_monthly/2023/gat-rnn-v2-windowed_bs-128_lr-0.001_maxepoch-35_testyear-2023_win-3_nwin-10_seed-0/model-9

----- Epoch 10 (windowed) -----
  batch 49 | loss 0.0796 rmse 0.261 r2 0.710 corr 0.846

###### Windowed train epoch 10 overall metrics
  loss: 0.0784 rmse: 0.276 r2: 0.678 corr: 0.830
***** Epoch 10 Val (windowed) *****
  loss: 0.0264 rmse: 0.267 r2: 0.698 corr: 0.855
********************
***** Epoch 10 Test (windowed) *****
  loss: 0.0345 rmse: 0.316 r2: 0.536 corr: 0.737
********************
  Epoch 10 done in 50.3s

----- Epoch 11 (windowed) -----
  batch 49 | loss 0.0748 rmse 0.221 r2 0.700 corr 0.846

###### Windowed train epoch 11 overall metrics
  loss: 0.0757 rmse: 0.272 r2: 0.688 corr: 0.836
***** Epoch 11 Val (windowed) *****
  loss: 0.0262 rmse: 0.257 r2: 0.720 corr: 0.861
********************
***** Epoch 11 Test (windowed) *****
  loss: 0.0355 rmse: 0.308 r2: 0.560 corr: 0.750
********************
  Epoch 11 done in 50.1s
  Saved best model → model/FIM_restoration_0412G_stations_monthly/2023/gat-rnn-v2-windowed_bs-128_lr-0.001_maxepoch-35_testyear-2023_win-3_nwin-10_seed-0/model-11

----- Epoch 12 (windowed) -----
  batch 49 | loss 0.0762 rmse 0.205 r2 0.708 corr 0.843

###### Windowed train epoch 12 overall metrics
  loss: 0.0742 rmse: 0.271 r2: 0.691 corr: 0.838
***** Epoch 12 Val (windowed) *****
  loss: 0.0256 rmse: 0.254 r2: 0.728 corr: 0.866
********************
***** Epoch 12 Test (windowed) *****
  loss: 0.0347 rmse: 0.308 r2: 0.561 corr: 0.750
********************
  Epoch 12 done in 50.2s
  Saved best model → model/FIM_restoration_0412G_stations_monthly/2023/gat-rnn-v2-windowed_bs-128_lr-0.001_maxepoch-35_testyear-2023_win-3_nwin-10_seed-0/model-12

----- Epoch 13 (windowed) -----
  batch 49 | loss 0.0737 rmse 0.211 r2 0.734 corr 0.857

###### Windowed train epoch 13 overall metrics
  loss: 0.0722 rmse: 0.267 r2: 0.700 corr: 0.842
***** Epoch 13 Val (windowed) *****
  loss: 0.0249 rmse: 0.246 r2: 0.744 corr: 0.866
********************
***** Epoch 13 Test (windowed) *****
  loss: 0.0361 rmse: 0.316 r2: 0.538 corr: 0.734
********************
  Epoch 13 done in 49.6s
  Saved best model → model/FIM_restoration_0412G_stations_monthly/2023/gat-rnn-v2-windowed_bs-128_lr-0.001_maxepoch-35_testyear-2023_win-3_nwin-10_seed-0/model-13

----- Epoch 14 (windowed) -----
  batch 49 | loss 0.0829 rmse 0.333 r2 0.622 corr 0.800

###### Windowed train epoch 14 overall metrics
  loss: 0.0715 rmse: 0.266 r2: 0.702 corr: 0.843
***** Epoch 14 Val (windowed) *****
  loss: 0.0250 rmse: 0.241 r2: 0.755 corr: 0.870
********************
***** Epoch 14 Test (windowed) *****
  loss: 0.0367 rmse: 0.310 r2: 0.555 corr: 0.746
********************
  Epoch 14 done in 49.9s
  Saved best model → model/FIM_restoration_0412G_stations_monthly/2023/gat-rnn-v2-windowed_bs-128_lr-0.001_maxepoch-35_testyear-2023_win-3_nwin-10_seed-0/model-14

----- Epoch 15 (windowed) -----
  batch 49 | loss 0.0739 rmse 0.176 r2 0.795 corr 0.902

###### Windowed train epoch 15 overall metrics
  loss: 0.0684 rmse: 0.259 r2: 0.718 corr: 0.852
***** Epoch 15 Val (windowed) *****
  loss: 0.0248 rmse: 0.244 r2: 0.748 corr: 0.870
********************
***** Epoch 15 Test (windowed) *****
  loss: 0.0358 rmse: 0.305 r2: 0.570 corr: 0.755
********************
  Epoch 15 done in 49.9s

----- Epoch 16 (windowed) -----
  batch 49 | loss 0.0661 rmse 0.190 r2 0.774 corr 0.880

###### Windowed train epoch 16 overall metrics
  loss: 0.0678 rmse: 0.257 r2: 0.722 corr: 0.854
***** Epoch 16 Val (windowed) *****
  loss: 0.0236 rmse: 0.247 r2: 0.742 corr: 0.879
********************
***** Epoch 16 Test (windowed) *****
  loss: 0.0354 rmse: 0.306 r2: 0.567 corr: 0.754
********************
  Epoch 16 done in 49.1s

----- Epoch 17 (windowed) -----
  batch 49 | loss 0.0702 rmse 0.274 r2 0.754 corr 0.872

###### Windowed train epoch 17 overall metrics
  loss: 0.0661 rmse: 0.255 r2: 0.727 corr: 0.857
***** Epoch 17 Val (windowed) *****
  loss: 0.0241 rmse: 0.257 r2: 0.722 corr: 0.881
********************
***** Epoch 17 Test (windowed) *****
  loss: 0.0349 rmse: 0.309 r2: 0.559 corr: 0.752
********************
  Epoch 17 done in 50.5s

----- Epoch 18 (windowed) -----
  batch 49 | loss 0.0655 rmse 0.261 r2 0.721 corr 0.857

###### Windowed train epoch 18 overall metrics
  loss: 0.0646 rmse: 0.252 r2: 0.732 corr: 0.859
***** Epoch 18 Val (windowed) *****
  loss: 0.0236 rmse: 0.247 r2: 0.743 corr: 0.879
********************
***** Epoch 18 Test (windowed) *****
  loss: 0.0350 rmse: 0.312 r2: 0.550 corr: 0.743
********************
  Epoch 18 done in 52.0s

----- Epoch 19 (windowed) -----
  batch 49 | loss 0.0673 rmse 0.163 r2 0.811 corr 0.901

###### Windowed train epoch 19 overall metrics
  loss: 0.0627 rmse: 0.248 r2: 0.740 corr: 0.864
***** Epoch 19 Val (windowed) *****
  loss: 0.0231 rmse: 0.234 r2: 0.769 corr: 0.885
********************
***** Epoch 19 Test (windowed) *****
  loss: 0.0352 rmse: 0.303 r2: 0.574 corr: 0.758
********************
  Epoch 19 done in 54.9s
  Saved best model → model/FIM_restoration_0412G_stations_monthly/2023/gat-rnn-v2-windowed_bs-128_lr-0.001_maxepoch-35_testyear-2023_win-3_nwin-10_seed-0/model-19

----- Epoch 20 (windowed) -----
  batch 49 | loss 0.0585 rmse 0.229 r2 0.805 corr 0.899

###### Windowed train epoch 20 overall metrics
  loss: 0.0622 rmse: 0.245 r2: 0.747 corr: 0.868
***** Epoch 20 Val (windowed) *****
  loss: 0.0220 rmse: 0.238 r2: 0.761 corr: 0.889
********************
***** Epoch 20 Test (windowed) *****
  loss: 0.0347 rmse: 0.306 r2: 0.566 corr: 0.753
********************
  Epoch 20 done in 54.1s

----- Epoch 21 (windowed) -----
  batch 49 | loss 0.0650 rmse 0.245 r2 0.752 corr 0.867

###### Windowed train epoch 21 overall metrics
  loss: 0.0607 rmse: 0.246 r2: 0.745 corr: 0.868
***** Epoch 21 Val (windowed) *****
  loss: 0.0217 rmse: 0.226 r2: 0.783 corr: 0.892
********************
***** Epoch 21 Test (windowed) *****
  loss: 0.0359 rmse: 0.311 r2: 0.553 corr: 0.748
********************
  Epoch 21 done in 52.6s
  Saved best model → model/FIM_restoration_0412G_stations_monthly/2023/gat-rnn-v2-windowed_bs-128_lr-0.001_maxepoch-35_testyear-2023_win-3_nwin-10_seed-0/model-21

----- Epoch 22 (windowed) -----
  batch 49 | loss 0.0599 rmse 0.215 r2 0.740 corr 0.867

###### Windowed train epoch 22 overall metrics
  loss: 0.0602 rmse: 0.245 r2: 0.747 corr: 0.868
***** Epoch 22 Val (windowed) *****
  loss: 0.0212 rmse: 0.220 r2: 0.796 corr: 0.897
********************
***** Epoch 22 Test (windowed) *****
  loss: 0.0353 rmse: 0.301 r2: 0.580 corr: 0.763
********************
  Epoch 22 done in 52.4s
  Saved best model → model/FIM_restoration_0412G_stations_monthly/2023/gat-rnn-v2-windowed_bs-128_lr-0.001_maxepoch-35_testyear-2023_win-3_nwin-10_seed-0/model-22

----- Epoch 23 (windowed) -----
  batch 49 | loss 0.0721 rmse 0.237 r2 0.799 corr 0.897

###### Windowed train epoch 23 overall metrics
  loss: 0.0577 rmse: 0.240 r2: 0.757 corr: 0.873
***** Epoch 23 Val (windowed) *****
  loss: 0.0216 rmse: 0.215 r2: 0.805 corr: 0.897
********************
***** Epoch 23 Test (windowed) *****
  loss: 0.0376 rmse: 0.312 r2: 0.549 corr: 0.755
********************
  Epoch 23 done in 51.5s
  Saved best model → model/FIM_restoration_0412G_stations_monthly/2023/gat-rnn-v2-windowed_bs-128_lr-0.001_maxepoch-35_testyear-2023_win-3_nwin-10_seed-0/model-23

----- Epoch 24 (windowed) -----
  batch 49 | loss 0.0546 rmse 0.173 r2 0.821 corr 0.906

###### Windowed train epoch 24 overall metrics
  loss: 0.0567 rmse: 0.237 r2: 0.762 corr: 0.877
***** Epoch 24 Val (windowed) *****
  loss: 0.0214 rmse: 0.230 r2: 0.776 corr: 0.900
********************
***** Epoch 24 Test (windowed) *****
  loss: 0.0345 rmse: 0.304 r2: 0.572 corr: 0.758
********************
  Epoch 24 done in 50.7s

----- Epoch 25 (windowed) -----
  batch 49 | loss 0.0545 rmse 0.180 r2 0.803 corr 0.900

###### Windowed train epoch 25 overall metrics
  loss: 0.0563 rmse: 0.237 r2: 0.764 corr: 0.877
***** Epoch 25 Val (windowed) *****
  loss: 0.0203 rmse: 0.216 r2: 0.802 corr: 0.903
********************
***** Epoch 25 Test (windowed) *****
  loss: 0.0359 rmse: 0.305 r2: 0.569 corr: 0.756
********************
  Epoch 25 done in 50.9s

----- Epoch 26 (windowed) -----
  batch 49 | loss 0.0579 rmse 0.238 r2 0.770 corr 0.878

###### Windowed train epoch 26 overall metrics
  loss: 0.0546 rmse: 0.232 r2: 0.773 corr: 0.883
***** Epoch 26 Val (windowed) *****
  loss: 0.0200 rmse: 0.216 r2: 0.802 corr: 0.902
********************
***** Epoch 26 Test (windowed) *****
  loss: 0.0348 rmse: 0.304 r2: 0.573 corr: 0.758
********************
  Epoch 26 done in 51.1s

----- Epoch 27 (windowed) -----
  batch 49 | loss 0.0550 rmse 0.163 r2 0.824 corr 0.912

###### Windowed train epoch 27 overall metrics
  loss: 0.0536 rmse: 0.229 r2: 0.778 corr: 0.885
***** Epoch 27 Val (windowed) *****
  loss: 0.0200 rmse: 0.216 r2: 0.803 corr: 0.904
********************
***** Epoch 27 Test (windowed) *****
  loss: 0.0345 rmse: 0.306 r2: 0.566 corr: 0.753
********************
  Epoch 27 done in 51.4s

----- Epoch 28 (windowed) -----
  batch 49 | loss 0.0649 rmse 0.298 r2 0.717 corr 0.858

###### Windowed train epoch 28 overall metrics
  loss: 0.0538 rmse: 0.232 r2: 0.773 corr: 0.882
***** Epoch 28 Val (windowed) *****
  loss: 0.0198 rmse: 0.214 r2: 0.806 corr: 0.899
********************
***** Epoch 28 Test (windowed) *****
  loss: 0.0350 rmse: 0.309 r2: 0.558 corr: 0.751
********************
  Epoch 28 done in 51.3s
  Saved best model → model/FIM_restoration_0412G_stations_monthly/2023/gat-rnn-v2-windowed_bs-128_lr-0.001_maxepoch-35_testyear-2023_win-3_nwin-10_seed-0/model-28

----- Epoch 29 (windowed) -----
  batch 49 | loss 0.0644 rmse 0.282 r2 0.764 corr 0.880

###### Windowed train epoch 29 overall metrics
  loss: 0.0531 rmse: 0.230 r2: 0.777 corr: 0.884
***** Epoch 29 Val (windowed) *****
  loss: 0.0206 rmse: 0.217 r2: 0.801 corr: 0.902
********************
***** Epoch 29 Test (windowed) *****
  loss: 0.0341 rmse: 0.306 r2: 0.567 corr: 0.754
********************
  Epoch 29 done in 49.7s

----- Epoch 30 (windowed) -----
  batch 49 | loss 0.0609 rmse 0.284 r2 0.687 corr 0.829

###### Windowed train epoch 30 overall metrics
  loss: 0.0515 rmse: 0.227 r2: 0.783 corr: 0.888
***** Epoch 30 Val (windowed) *****
  loss: 0.0198 rmse: 0.213 r2: 0.808 corr: 0.911
********************
***** Epoch 30 Test (windowed) *****
  loss: 0.0342 rmse: 0.305 r2: 0.569 corr: 0.755
********************
  Epoch 30 done in 48.6s
  Saved best model → model/FIM_restoration_0412G_stations_monthly/2023/gat-rnn-v2-windowed_bs-128_lr-0.001_maxepoch-35_testyear-2023_win-3_nwin-10_seed-0/model-30

----- Epoch 31 (windowed) -----
  batch 49 | loss 0.0555 rmse 0.160 r2 0.838 corr 0.916

###### Windowed train epoch 31 overall metrics
  loss: 0.0513 rmse: 0.226 r2: 0.785 corr: 0.889
***** Epoch 31 Val (windowed) *****
  loss: 0.0200 rmse: 0.222 r2: 0.792 corr: 0.907
********************
***** Epoch 31 Test (windowed) *****
  loss: 0.0346 rmse: 0.307 r2: 0.562 corr: 0.750
********************
  Epoch 31 done in 49.7s

----- Epoch 32 (windowed) -----
  batch 49 | loss 0.0488 rmse 0.171 r2 0.839 corr 0.921

###### Windowed train epoch 32 overall metrics
  loss: 0.0518 rmse: 0.226 r2: 0.786 corr: 0.889
***** Epoch 32 Val (windowed) *****
  loss: 0.0189 rmse: 0.206 r2: 0.820 corr: 0.909
********************
***** Epoch 32 Test (windowed) *****
  loss: 0.0362 rmse: 0.307 r2: 0.564 corr: 0.753
********************
  Epoch 32 done in 49.9s
  Saved best model → model/FIM_restoration_0412G_stations_monthly/2023/gat-rnn-v2-windowed_bs-128_lr-0.001_maxepoch-35_testyear-2023_win-3_nwin-10_seed-0/model-32

----- Epoch 33 (windowed) -----
  batch 49 | loss 0.0513 rmse 0.163 r2 0.828 corr 0.922

###### Windowed train epoch 33 overall metrics
  loss: 0.0502 rmse: 0.224 r2: 0.789 corr: 0.891
***** Epoch 33 Val (windowed) *****
  loss: 0.0186 rmse: 0.210 r2: 0.813 corr: 0.913
********************
***** Epoch 33 Test (windowed) *****
  loss: 0.0348 rmse: 0.304 r2: 0.572 corr: 0.757
********************
  Epoch 33 done in 51.5s

----- Epoch 34 (windowed) -----
  batch 49 | loss 0.0528 rmse 0.221 r2 0.819 corr 0.911

###### Windowed train epoch 34 overall metrics
  loss: 0.0492 rmse: 0.220 r2: 0.796 corr: 0.895
***** Epoch 34 Val (windowed) *****
  loss: 0.0188 rmse: 0.214 r2: 0.807 corr: 0.910
********************
***** Epoch 34 Test (windowed) *****
  loss: 0.0354 rmse: 0.309 r2: 0.559 corr: 0.748
********************
  Epoch 34 done in 48.9s
Fold done — best val RMSE=0.2063 test R²=0.5638 corr=0.7534

================================================================
Rolling-windowed  test_year=2024
  Val  : 2023
  Test : 2024
  win_size=3  n_windows=10
================================================================
Initially data (54319, 166)
After filtering (54319, 166)
get_X_Y
X shape (54319, 152)
Y shape (54319, 12)
Y (output) means tensor([[0.1486, 0.0122, 0.2527, 0.1742, 0.0258, 0.0593, 0.1586, 0.0231, 0.0559,
         0.0092, 0.0438, 0.1408]]) stds tensor([[0.4879, 0.1340, 0.6208, 0.6049, 0.1951, 0.2934, 0.5104, 0.1894, 0.3308,
         0.1275, 0.3185, 0.4457]])
Y count-scale means tensor([[0.5192, 0.0330, 0.9431, 0.9560, 0.0743, 0.1913, 0.5655, 0.0678, 0.2580,
         0.0304, 0.3091, 0.4116]]) stds tensor([[3.6066, 0.5663, 5.4464, 7.2647, 1.1048, 3.4634, 3.5706, 0.9239, 3.7718,
         0.6219, 6.5828, 2.5260]])
/Users/liyingnceas/GitHub/GNN-RNN-main/gnn-lstm-v4/utils/data_utils.py:274: RuntimeWarning: Mean of empty slice
  np.nanmean(county_dict[county], axis=0).astype(np.float32)
Filled 138353 missing (node, year) entries from neighbors or year averages
[2D] Station nodes: 596, adj nnz: 2980
[build_year_XY_windowed] data_start=1998, min_pred_year=2009, test_year=2024, win_size=3, n_windows=10
  built windows for T=2009
  built windows for T=2014
  built windows for T=2019
  built windows for T=2024
[build_year_XY_windowed] built windowed XY for 16 prediction years (2009–2024)
  GAT_RNN_V2: edge_feat_dim=3, n_heads=4, n_hidden=64
  [Bayes] Species rarity weights (mean=1): min=0.62 max=1.37  (rarest=Mycteroperca microlepis_SA)

----- Epoch 0 (windowed) -----
  batch 49 | loss 0.1995 rmse 0.503 r2 0.204 corr 0.510

###### Windowed train epoch 0 overall metrics
  loss: 0.1882 rmse: 0.445 r2: 0.160 corr: 0.428
***** Epoch 0 Val (windowed) *****
  loss: 0.0527 rmse: 0.384 r2: 0.318 corr: 0.587
********************
***** Epoch 0 Test (windowed) *****
  loss: 0.0494 rmse: 0.341 r2: 0.367 corr: 0.635
********************
  Epoch 0 done in 54.4s
  Saved best model → model/FIM_restoration_0412G_stations_monthly/2024/gat-rnn-v2-windowed_bs-128_lr-0.001_maxepoch-35_testyear-2024_win-3_nwin-10_seed-0/model-0

----- Epoch 1 (windowed) -----
  batch 49 | loss 0.1191 rmse 0.320 r2 0.523 corr 0.739

###### Windowed train epoch 1 overall metrics
  loss: 0.1339 rmse: 0.368 r2: 0.427 corr: 0.674
***** Epoch 1 Val (windowed) *****
  loss: 0.0394 rmse: 0.334 r2: 0.482 corr: 0.705
********************
***** Epoch 1 Test (windowed) *****
  loss: 0.0356 rmse: 0.282 r2: 0.567 corr: 0.771
********************
  Epoch 1 done in 54.2s
  Saved best model → model/FIM_restoration_0412G_stations_monthly/2024/gat-rnn-v2-windowed_bs-128_lr-0.001_maxepoch-35_testyear-2024_win-3_nwin-10_seed-0/model-1

----- Epoch 2 (windowed) -----
  batch 49 | loss 0.1138 rmse 0.229 r2 0.604 corr 0.777

###### Windowed train epoch 2 overall metrics
  loss: 0.1087 rmse: 0.327 r2: 0.547 corr: 0.753
***** Epoch 2 Val (windowed) *****
  loss: 0.0350 rmse: 0.320 r2: 0.524 corr: 0.738
********************
***** Epoch 2 Test (windowed) *****
  loss: 0.0322 rmse: 0.271 r2: 0.599 corr: 0.796
********************
  Epoch 2 done in 54.4s
  Saved best model → model/FIM_restoration_0412G_stations_monthly/2024/gat-rnn-v2-windowed_bs-128_lr-0.001_maxepoch-35_testyear-2024_win-3_nwin-10_seed-0/model-2

----- Epoch 3 (windowed) -----
  batch 49 | loss 0.1035 rmse 0.344 r2 0.636 corr 0.813

###### Windowed train epoch 3 overall metrics
  loss: 0.0977 rmse: 0.308 r2: 0.599 corr: 0.783
***** Epoch 3 Val (windowed) *****
  loss: 0.0334 rmse: 0.318 r2: 0.531 corr: 0.749
********************
***** Epoch 3 Test (windowed) *****
  loss: 0.0330 rmse: 0.274 r2: 0.590 corr: 0.799
********************
  Epoch 3 done in 54.9s
  Saved best model → model/FIM_restoration_0412G_stations_monthly/2024/gat-rnn-v2-windowed_bs-128_lr-0.001_maxepoch-35_testyear-2024_win-3_nwin-10_seed-0/model-3

----- Epoch 4 (windowed) -----
  batch 49 | loss 0.1110 rmse 0.317 r2 0.640 corr 0.801

###### Windowed train epoch 4 overall metrics
  loss: 0.0935 rmse: 0.301 r2: 0.615 corr: 0.793
***** Epoch 4 Val (windowed) *****
  loss: 0.0323 rmse: 0.311 r2: 0.552 corr: 0.758
********************
***** Epoch 4 Test (windowed) *****
  loss: 0.0325 rmse: 0.265 r2: 0.617 corr: 0.800
********************
  Epoch 4 done in 183.7s
  Saved best model → model/FIM_restoration_0412G_stations_monthly/2024/gat-rnn-v2-windowed_bs-128_lr-0.001_maxepoch-35_testyear-2024_win-3_nwin-10_seed-0/model-4

----- Epoch 5 (windowed) -----
  batch 49 | loss 0.0954 rmse 0.242 r2 0.628 corr 0.798

###### Windowed train epoch 5 overall metrics
  loss: 0.0898 rmse: 0.296 r2: 0.630 corr: 0.801
***** Epoch 5 Val (windowed) *****
  loss: 0.0311 rmse: 0.304 r2: 0.571 corr: 0.762
********************
***** Epoch 5 Test (windowed) *****
  loss: 0.0314 rmse: 0.262 r2: 0.626 corr: 0.801
********************
  Epoch 5 done in 167.0s
  Saved best model → model/FIM_restoration_0412G_stations_monthly/2024/gat-rnn-v2-windowed_bs-128_lr-0.001_maxepoch-35_testyear-2024_win-3_nwin-10_seed-0/model-5

----- Epoch 6 (windowed) -----
  batch 49 | loss 0.0920 rmse 0.322 r2 0.644 corr 0.816

###### Windowed train epoch 6 overall metrics
  loss: 0.0867 rmse: 0.290 r2: 0.643 corr: 0.808
***** Epoch 6 Val (windowed) *****
  loss: 0.0308 rmse: 0.308 r2: 0.561 corr: 0.767
********************
***** Epoch 6 Test (windowed) *****
  loss: 0.0318 rmse: 0.269 r2: 0.606 corr: 0.801
********************
  Epoch 6 done in 53.2s

----- Epoch 7 (windowed) -----
  batch 49 | loss 0.0892 rmse 0.233 r2 0.679 corr 0.838

###### Windowed train epoch 7 overall metrics
  loss: 0.0838 rmse: 0.285 r2: 0.655 corr: 0.816
***** Epoch 7 Val (windowed) *****
  loss: 0.0296 rmse: 0.298 r2: 0.588 corr: 0.771
********************
***** Epoch 7 Test (windowed) *****
  loss: 0.0311 rmse: 0.260 r2: 0.631 corr: 0.800
********************
  Epoch 7 done in 53.9s
  Saved best model → model/FIM_restoration_0412G_stations_monthly/2024/gat-rnn-v2-windowed_bs-128_lr-0.001_maxepoch-35_testyear-2024_win-3_nwin-10_seed-0/model-7

----- Epoch 8 (windowed) -----
  batch 49 | loss 0.0755 rmse 0.311 r2 0.600 corr 0.814

###### Windowed train epoch 8 overall metrics
  loss: 0.0808 rmse: 0.283 r2: 0.660 corr: 0.819
***** Epoch 8 Val (windowed) *****
  loss: 0.0290 rmse: 0.303 r2: 0.574 corr: 0.777
********************
***** Epoch 8 Test (windowed) *****
  loss: 0.0313 rmse: 0.266 r2: 0.614 corr: 0.794
********************
  Epoch 8 done in 53.5s

----- Epoch 9 (windowed) -----
  batch 49 | loss 0.0812 rmse 0.232 r2 0.691 corr 0.839

###### Windowed train epoch 9 overall metrics
  loss: 0.0786 rmse: 0.277 r2: 0.675 corr: 0.828
***** Epoch 9 Val (windowed) *****
  loss: 0.0301 rmse: 0.309 r2: 0.557 corr: 0.765
********************
***** Epoch 9 Test (windowed) *****
  loss: 0.0325 rmse: 0.271 r2: 0.601 corr: 0.797
********************
  Epoch 9 done in 55.0s

----- Epoch 10 (windowed) -----
  batch 49 | loss 0.0845 rmse 0.251 r2 0.655 corr 0.812

###### Windowed train epoch 10 overall metrics
  loss: 0.0762 rmse: 0.272 r2: 0.685 corr: 0.833
***** Epoch 10 Val (windowed) *****
  loss: 0.0281 rmse: 0.296 r2: 0.593 corr: 0.784
********************
***** Epoch 10 Test (windowed) *****
  loss: 0.0317 rmse: 0.270 r2: 0.604 corr: 0.799
********************
  Epoch 10 done in 54.8s
  Saved best model → model/FIM_restoration_0412G_stations_monthly/2024/gat-rnn-v2-windowed_bs-128_lr-0.001_maxepoch-35_testyear-2024_win-3_nwin-10_seed-0/model-10

----- Epoch 11 (windowed) -----
  batch 49 | loss 0.0920 rmse 0.311 r2 0.688 corr 0.832

###### Windowed train epoch 11 overall metrics
  loss: 0.0758 rmse: 0.272 r2: 0.687 corr: 0.834
***** Epoch 11 Val (windowed) *****
  loss: 0.0275 rmse: 0.290 r2: 0.610 corr: 0.790
********************
***** Epoch 11 Test (windowed) *****
  loss: 0.0310 rmse: 0.260 r2: 0.631 corr: 0.802
********************
  Epoch 11 done in 54.6s
  Saved best model → model/FIM_restoration_0412G_stations_monthly/2024/gat-rnn-v2-windowed_bs-128_lr-0.001_maxepoch-35_testyear-2024_win-3_nwin-10_seed-0/model-11

----- Epoch 12 (windowed) -----
  batch 49 | loss 0.0767 rmse 0.298 r2 0.707 corr 0.842

###### Windowed train epoch 12 overall metrics
  loss: 0.0727 rmse: 0.269 r2: 0.693 corr: 0.837
***** Epoch 12 Val (windowed) *****
  loss: 0.0268 rmse: 0.286 r2: 0.621 corr: 0.794
********************
***** Epoch 12 Test (windowed) *****
  loss: 0.0309 rmse: 0.260 r2: 0.632 corr: 0.802
********************
  Epoch 12 done in 56.1s
  Saved best model → model/FIM_restoration_0412G_stations_monthly/2024/gat-rnn-v2-windowed_bs-128_lr-0.001_maxepoch-35_testyear-2024_win-3_nwin-10_seed-0/model-12

----- Epoch 13 (windowed) -----
  batch 49 | loss 0.0725 rmse 0.234 r2 0.788 corr 0.888

###### Windowed train epoch 13 overall metrics
  loss: 0.0708 rmse: 0.266 r2: 0.701 corr: 0.841
***** Epoch 13 Val (windowed) *****
  loss: 0.0262 rmse: 0.284 r2: 0.626 corr: 0.796
********************
***** Epoch 13 Test (windowed) *****
  loss: 0.0312 rmse: 0.257 r2: 0.640 corr: 0.801
********************
  Epoch 13 done in 54.2s
  Saved best model → model/FIM_restoration_0412G_stations_monthly/2024/gat-rnn-v2-windowed_bs-128_lr-0.001_maxepoch-35_testyear-2024_win-3_nwin-10_seed-0/model-13

----- Epoch 14 (windowed) -----
  batch 49 | loss 0.0769 rmse 0.237 r2 0.761 corr 0.875

###### Windowed train epoch 14 overall metrics
  loss: 0.0695 rmse: 0.262 r2: 0.708 corr: 0.846
***** Epoch 14 Val (windowed) *****
  loss: 0.0260 rmse: 0.282 r2: 0.631 corr: 0.808
********************
***** Epoch 14 Test (windowed) *****
  loss: 0.0316 rmse: 0.264 r2: 0.622 corr: 0.795
********************
  Epoch 14 done in 55.2s
  Saved best model → model/FIM_restoration_0412G_stations_monthly/2024/gat-rnn-v2-windowed_bs-128_lr-0.001_maxepoch-35_testyear-2024_win-3_nwin-10_seed-0/model-14

----- Epoch 15 (windowed) -----
  batch 49 | loss 0.0760 rmse 0.312 r2 0.622 corr 0.792

###### Windowed train epoch 15 overall metrics
  loss: 0.0671 rmse: 0.257 r2: 0.720 corr: 0.853
***** Epoch 15 Val (windowed) *****
  loss: 0.0257 rmse: 0.286 r2: 0.620 corr: 0.807
********************
***** Epoch 15 Test (windowed) *****
  loss: 0.0312 rmse: 0.267 r2: 0.611 corr: 0.795
********************
  Epoch 15 done in 54.2s

----- Epoch 16 (windowed) -----
  batch 49 | loss 0.0634 rmse 0.169 r2 0.788 corr 0.888

###### Windowed train epoch 16 overall metrics
  loss: 0.0655 rmse: 0.256 r2: 0.722 corr: 0.854
***** Epoch 16 Val (windowed) *****
  loss: 0.0248 rmse: 0.254 r2: 0.701 corr: 0.837
********************
***** Epoch 16 Test (windowed) *****
  loss: 0.0313 rmse: 0.263 r2: 0.623 corr: 0.795
********************
  Epoch 16 done in 54.0s
  Saved best model → model/FIM_restoration_0412G_stations_monthly/2024/gat-rnn-v2-windowed_bs-128_lr-0.001_maxepoch-35_testyear-2024_win-3_nwin-10_seed-0/model-16

----- Epoch 17 (windowed) -----
  batch 49 | loss 0.0712 rmse 0.271 r2 0.745 corr 0.863

###### Windowed train epoch 17 overall metrics
  loss: 0.0642 rmse: 0.252 r2: 0.731 corr: 0.859
***** Epoch 17 Val (windowed) *****
  loss: 0.0241 rmse: 0.262 r2: 0.681 corr: 0.834
********************
***** Epoch 17 Test (windowed) *****
  loss: 0.0313 rmse: 0.259 r2: 0.634 corr: 0.798
********************
  Epoch 17 done in 60.9s

----- Epoch 18 (windowed) -----
  batch 49 | loss 0.0604 rmse 0.229 r2 0.764 corr 0.878

###### Windowed train epoch 18 overall metrics
  loss: 0.0620 rmse: 0.249 r2: 0.737 corr: 0.862
***** Epoch 18 Val (windowed) *****
  loss: 0.0240 rmse: 0.260 r2: 0.688 corr: 0.844
********************
***** Epoch 18 Test (windowed) *****
  loss: 0.0310 rmse: 0.260 r2: 0.632 corr: 0.799
********************
  Epoch 18 done in 80.4s

----- Epoch 19 (windowed) -----
  batch 49 | loss 0.0610 rmse 0.194 r2 0.817 corr 0.905

###### Windowed train epoch 19 overall metrics
  loss: 0.0613 rmse: 0.244 r2: 0.748 corr: 0.869
***** Epoch 19 Val (windowed) *****
  loss: 0.0228 rmse: 0.250 r2: 0.710 corr: 0.847
********************
***** Epoch 19 Test (windowed) *****
  loss: 0.0317 rmse: 0.263 r2: 0.622 corr: 0.790
********************
  Epoch 19 done in 79.0s
  Saved best model → model/FIM_restoration_0412G_stations_monthly/2024/gat-rnn-v2-windowed_bs-128_lr-0.001_maxepoch-35_testyear-2024_win-3_nwin-10_seed-0/model-19

----- Epoch 20 (windowed) -----
  batch 49 | loss 0.0637 rmse 0.254 r2 0.792 corr 0.891

###### Windowed train epoch 20 overall metrics
  loss: 0.0608 rmse: 0.248 r2: 0.740 corr: 0.863
***** Epoch 20 Val (windowed) *****
  loss: 0.0221 rmse: 0.245 r2: 0.722 corr: 0.855
********************
***** Epoch 20 Test (windowed) *****
  loss: 0.0309 rmse: 0.258 r2: 0.639 corr: 0.800
********************
  Epoch 20 done in 323.3s
  Saved best model → model/FIM_restoration_0412G_stations_monthly/2024/gat-rnn-v2-windowed_bs-128_lr-0.001_maxepoch-35_testyear-2024_win-3_nwin-10_seed-0/model-20

----- Epoch 21 (windowed) -----
  batch 49 | loss 0.0681 rmse 0.284 r2 0.764 corr 0.874

###### Windowed train epoch 21 overall metrics
  loss: 0.0585 rmse: 0.241 r2: 0.753 corr: 0.871
***** Epoch 21 Val (windowed) *****
  loss: 0.0250 rmse: 0.278 r2: 0.643 corr: 0.832
********************
***** Epoch 21 Test (windowed) *****
  loss: 0.0320 rmse: 0.272 r2: 0.598 corr: 0.785
********************
  Epoch 21 done in 960.7s

----- Epoch 22 (windowed) -----
  batch 49 | loss 0.0707 rmse 0.370 r2 0.659 corr 0.830

###### Windowed train epoch 22 overall metrics
  loss: 0.0576 rmse: 0.240 r2: 0.755 corr: 0.873
***** Epoch 22 Val (windowed) *****
  loss: 0.0217 rmse: 0.241 r2: 0.732 corr: 0.867
********************
***** Epoch 22 Test (windowed) *****
  loss: 0.0319 rmse: 0.260 r2: 0.633 corr: 0.797
********************
  Epoch 22 done in 955.2s
  Saved best model → model/FIM_restoration_0412G_stations_monthly/2024/gat-rnn-v2-windowed_bs-128_lr-0.001_maxepoch-35_testyear-2024_win-3_nwin-10_seed-0/model-22

----- Epoch 23 (windowed) -----
  batch 49 | loss 0.0630 rmse 0.218 r2 0.746 corr 0.874

###### Windowed train epoch 23 overall metrics
  loss: 0.0563 rmse: 0.233 r2: 0.769 corr: 0.880
***** Epoch 23 Val (windowed) *****
  loss: 0.0222 rmse: 0.263 r2: 0.680 corr: 0.849
********************
***** Epoch 23 Test (windowed) *****
  loss: 0.0321 rmse: 0.269 r2: 0.607 corr: 0.786
********************
  Epoch 23 done in 53.6s

----- Epoch 24 (windowed) -----
  batch 49 | loss 0.0555 rmse 0.210 r2 0.763 corr 0.874

###### Windowed train epoch 24 overall metrics
  loss: 0.0555 rmse: 0.232 r2: 0.771 corr: 0.881
***** Epoch 24 Val (windowed) *****
  loss: 0.0208 rmse: 0.234 r2: 0.746 corr: 0.870
********************
***** Epoch 24 Test (windowed) *****
  loss: 0.0317 rmse: 0.259 r2: 0.634 corr: 0.797
********************
  Epoch 24 done in 53.7s
  Saved best model → model/FIM_restoration_0412G_stations_monthly/2024/gat-rnn-v2-windowed_bs-128_lr-0.001_maxepoch-35_testyear-2024_win-3_nwin-10_seed-0/model-24

----- Epoch 25 (windowed) -----
  batch 49 | loss 0.0520 rmse 0.194 r2 0.795 corr 0.892

###### Windowed train epoch 25 overall metrics
  loss: 0.0544 rmse: 0.232 r2: 0.772 corr: 0.882
***** Epoch 25 Val (windowed) *****
  loss: 0.0216 rmse: 0.254 r2: 0.702 corr: 0.857
********************
***** Epoch 25 Test (windowed) *****
  loss: 0.0313 rmse: 0.265 r2: 0.619 corr: 0.793
********************
  Epoch 25 done in 466.6s

----- Epoch 26 (windowed) -----
  batch 49 | loss 0.0586 rmse 0.252 r2 0.813 corr 0.902

###### Windowed train epoch 26 overall metrics
  loss: 0.0544 rmse: 0.233 r2: 0.770 corr: 0.880
***** Epoch 26 Val (windowed) *****
  loss: 0.0206 rmse: 0.237 r2: 0.741 corr: 0.868
********************
***** Epoch 26 Test (windowed) *****
  loss: 0.0317 rmse: 0.263 r2: 0.624 corr: 0.791
********************
  Epoch 26 done in 52.8s

----- Epoch 27 (windowed) -----
  batch 49 | loss 0.0543 rmse 0.175 r2 0.819 corr 0.905

###### Windowed train epoch 27 overall metrics
  loss: 0.0532 rmse: 0.230 r2: 0.776 corr: 0.884
***** Epoch 27 Val (windowed) *****
  loss: 0.0211 rmse: 0.234 r2: 0.746 corr: 0.872
********************
***** Epoch 27 Test (windowed) *****
  loss: 0.0322 rmse: 0.266 r2: 0.615 corr: 0.787
********************
  Epoch 27 done in 241.2s

----- Epoch 28 (windowed) -----
  batch 49 | loss 0.0517 rmse 0.201 r2 0.817 corr 0.920

###### Windowed train epoch 28 overall metrics
  loss: 0.0527 rmse: 0.232 r2: 0.773 corr: 0.882
***** Epoch 28 Val (windowed) *****
  loss: 0.0199 rmse: 0.248 r2: 0.715 corr: 0.862
********************
***** Epoch 28 Test (windowed) *****
  loss: 0.0317 rmse: 0.264 r2: 0.620 corr: 0.792
********************
  Epoch 28 done in 54.6s

----- Epoch 29 (windowed) -----
  batch 49 | loss 0.0552 rmse 0.156 r2 0.852 corr 0.924

###### Windowed train epoch 29 overall metrics
  loss: 0.0515 rmse: 0.225 r2: 0.785 corr: 0.889
***** Epoch 29 Val (windowed) *****
  loss: 0.0199 rmse: 0.233 r2: 0.749 corr: 0.871
********************
***** Epoch 29 Test (windowed) *****
  loss: 0.0326 rmse: 0.264 r2: 0.621 corr: 0.791
********************
  Epoch 29 done in 1046.1s
  Saved best model → model/FIM_restoration_0412G_stations_monthly/2024/gat-rnn-v2-windowed_bs-128_lr-0.001_maxepoch-35_testyear-2024_win-3_nwin-10_seed-0/model-29

----- Epoch 30 (windowed) -----
  batch 49 | loss 0.0600 rmse 0.207 r2 0.722 corr 0.854

###### Windowed train epoch 30 overall metrics
  loss: 0.0517 rmse: 0.228 r2: 0.779 corr: 0.885
***** Epoch 30 Val (windowed) *****
  loss: 0.0221 rmse: 0.264 r2: 0.676 corr: 0.833
********************
***** Epoch 30 Test (windowed) *****
  loss: 0.0319 rmse: 0.271 r2: 0.601 corr: 0.777
********************
  Epoch 30 done in 53.9s

----- Epoch 31 (windowed) -----
  batch 49 | loss 0.0563 rmse 0.195 r2 0.801 corr 0.901

###### Windowed train epoch 31 overall metrics
  loss: 0.0505 rmse: 0.227 r2: 0.782 corr: 0.887
***** Epoch 31 Val (windowed) *****
  loss: 0.0199 rmse: 0.228 r2: 0.760 corr: 0.873
********************
***** Epoch 31 Test (windowed) *****
  loss: 0.0311 rmse: 0.264 r2: 0.620 corr: 0.792
********************
  Epoch 31 done in 53.3s
  Saved best model → model/FIM_restoration_0412G_stations_monthly/2024/gat-rnn-v2-windowed_bs-128_lr-0.001_maxepoch-35_testyear-2024_win-3_nwin-10_seed-0/model-31

----- Epoch 32 (windowed) -----
  batch 49 | loss 0.0548 rmse 0.402 r2 0.665 corr 0.828

###### Windowed train epoch 32 overall metrics
  loss: 0.0489 rmse: 0.222 r2: 0.791 corr: 0.892
***** Epoch 32 Val (windowed) *****
  loss: 0.0195 rmse: 0.231 r2: 0.752 corr: 0.875
********************
***** Epoch 32 Test (windowed) *****
  loss: 0.0328 rmse: 0.265 r2: 0.618 corr: 0.787
********************
  Epoch 32 done in 972.0s

----- Epoch 33 (windowed) -----
  batch 49 | loss 0.0482 rmse 0.198 r2 0.835 corr 0.918

###### Windowed train epoch 33 overall metrics
  loss: 0.0485 rmse: 0.222 r2: 0.791 corr: 0.892
***** Epoch 33 Val (windowed) *****
  loss: 0.0195 rmse: 0.240 r2: 0.734 corr: 0.879
********************
***** Epoch 33 Test (windowed) *****
  loss: 0.0316 rmse: 0.259 r2: 0.634 corr: 0.801
********************
  Epoch 33 done in 52.1s

----- Epoch 34 (windowed) -----
  batch 49 | loss 0.0508 rmse 0.267 r2 0.760 corr 0.874

###### Windowed train epoch 34 overall metrics
  loss: 0.0481 rmse: 0.222 r2: 0.791 corr: 0.892
***** Epoch 34 Val (windowed) *****
  loss: 0.0192 rmse: 0.227 r2: 0.762 corr: 0.874
********************
***** Epoch 34 Test (windowed) *****
  loss: 0.0329 rmse: 0.269 r2: 0.607 corr: 0.787
********************
  Epoch 34 done in 954.6s
  Saved best model → model/FIM_restoration_0412G_stations_monthly/2024/gat-rnn-v2-windowed_bs-128_lr-0.001_maxepoch-35_testyear-2024_win-3_nwin-10_seed-0/model-34
Fold done — best val RMSE=0.2267 test R²=0.6071 corr=0.7871

Rolling-windowed CV results saved to results/FIM_restoration_0412G_stations_monthly/rolling_windowed/rolling_windowed_results.csv
 test_year  val_year  win_size  n_windows  test_rmse  test_r2  test_corr
      2010      2009         3         10   0.257435 0.570290   0.755831
      2011      2010         3         10   0.262803 0.568639   0.755919
      2012      2011         3         10   0.245109 0.625161   0.796987
      2013      2012         3         10   0.275958 0.590114   0.769143
      2014      2013         3         10   0.286082 0.621872   0.796855
      2015      2014         3         10   0.304992 0.644214   0.802977
      2016      2015         3         10   0.334388 0.612207   0.788362
      2017      2016         3         10   0.325192 0.620440   0.799975
      2018      2017         3         10   0.330777 0.584115   0.769639
      2019      2018         3         10   0.329435 0.629559   0.795667
      2020      2019         3         10   0.376638 0.569726   0.754964
      2021      2020         3         10   0.353417 0.587135   0.779005
      2022      2021         3         10   0.271991 0.687168   0.830076
      2023      2022         3         10   0.306985 0.563780   0.753448
      2024      2023         3         10   0.268678 0.607096   0.787125
Rolling-windowed metrics plot saved to results/FIM_restoration_0412G_stations_monthly/rolling_windowed/rolling_windowed_metrics.png
