Device cpu
  [prevalence_target_min=0.1] Promoted 20 community species to targets. Total targets: 34. Demoted 72 rare species to input features.
FIM targets: 34 life-stage species (_A/_R/_SA/_J)
FIM forage (input only): []
FIM community species as input features: 72
FIM n_env_feats: 58
HybridEncoder individual_indices: 0 features
HybridEncoder group_slices: [(0, 72, 'other_species'), (72, 78, 'env'), (78, 86, 'restoration'), (86, 93, 'habitat_structured'), (93, 100, 'habitat_open'), (100, 107, 'shoreline'), (107, 110, 'water_effort'), (110, 124, 'bycatch'), (124, 130, 'na_indicators')]
FIM dataset: 34 species, time_intervals=1
Time intervals 1

================================================================
Rolling-windowed  test_year=2010
  Val  : 2009
  Test : 2010
  win_size=3  n_windows=10
================================================================
Initially data (54319, 166)
After filtering (24937, 166)
get_X_Y
X shape (24937, 130)
Y shape (24937, 34)
Y (output) means tensor([[0.1447, 0.0127, 0.2670, 0.1674, 0.0142, 0.0624, 0.1688, 0.6403, 0.8419,
         0.0218, 0.0433, 0.0141, 0.0743, 0.1473, 1.0253, 0.9296, 0.3659, 0.4133,
         0.9961, 0.4017, 0.1961, 0.2287, 0.4237, 0.1708, 0.4009, 0.4735, 0.2990,
         0.6411, 0.5361, 0.1538, 0.2455, 0.0967, 0.1378, 0.1352]]) stds tensor([[0.4759, 0.1425, 0.6450, 0.5957, 0.1432, 0.3048, 0.5325, 1.4282, 1.5683,
         0.1856, 0.2852, 0.1612, 0.4045, 0.4611, 2.1130, 1.6207, 0.8917, 1.2119,
         1.7277, 0.9473, 0.5522, 0.7063, 1.1073, 0.5803, 1.0032, 1.0510, 0.7432,
         1.3859, 1.0639, 0.4535, 0.7875, 0.3237, 0.4091, 0.3811]])
Y count-scale means tensor([[4.7995e-01, 3.8462e-02, 1.0546e+00, 9.2712e-01, 3.8750e-02, 1.9678e-01,
         6.3365e-01, 1.4055e+01, 2.7378e+01, 6.5048e-02, 1.8567e-01, 4.8798e-02,
         5.0606e-01, 4.4933e-01, 2.7225e+02, 2.0047e+01, 3.0278e+00, 1.6869e+01,
         3.3809e+01, 3.3352e+00, 6.7707e-01, 1.6736e+00, 8.3841e+00, 1.6151e+00,
         3.6877e+00, 4.3880e+00, 1.4438e+00, 2.4749e+01, 6.4391e+00, 4.7606e-01,
         2.7440e+00, 1.9995e-01, 3.3154e-01, 2.8462e-01]]) stds tensor([[3.2201e+00, 6.9984e-01, 6.2948e+00, 7.0654e+00, 6.5841e-01, 2.0970e+00,
         4.1402e+00, 7.0738e+01, 1.8693e+02, 8.7345e-01, 2.7362e+00, 8.0355e-01,
         9.2696e+00, 2.7550e+00, 3.1861e+03, 9.3559e+01, 2.1775e+01, 2.0322e+02,
         2.6768e+02, 1.9449e+01, 3.6295e+00, 1.6226e+01, 8.1280e+01, 5.2445e+01,
         1.7698e+01, 2.4202e+01, 7.7699e+00, 4.5895e+02, 7.6858e+01, 5.7896e+00,
         2.6420e+01, 9.0255e-01, 1.5608e+00, 1.1253e+00]])
Loaded per-window (calendar) month weights from analysis/figures/month_weights_per_window.npz: cube.shape=(25, 12, 34)
/Users/liyingnceas/GitHub/GNN-RNN-main/gnn-lstm-v3/utils/data_utils.py:264: RuntimeWarning: Mean of empty slice
  np.nanmean(county_dict[county], axis=0).astype(np.float32)
Filled 62371 missing (node, year) entries from neighbors or year averages
[2D] Station nodes: 586, adj nnz: 2905
[build_year_XY_windowed] data_start=1998, min_pred_year=2009, test_year=2010, win_size=3, n_windows=10
  built windows for T=2009
[build_year_XY_windowed] built windowed XY for 2 prediction years (2009–2010)
  GAT_RNN_V2: edge_feat_dim=3, n_heads=4, n_hidden=64
  [CrossDonor] Ecological cross-donor map (9 recipients):
    Centropomus undecimalis_A  <-  ['Cynoscion nebulosus_R', 'Cynoscion nebulosus_A']
    Centropomus undecimalis_SA  <-  ['Cynoscion nebulosus_R', 'Centropomus undecimalis_A']
    Sciaenops ocellatus_R  <-  ['Cynoscion nebulosus_R', 'Cynoscion nebulosus_A']
    Sciaenops ocellatus_SA  <-  ['Cynoscion nebulosus_R', 'Cynoscion nebulosus_A']
    Cynoscion nebulosus_A  <-  ['Cynoscion nebulosus_R', 'Lagodon rhomboides_A']
    Mycteroperca microlepis_SA  <-  ['Lutjanus griseus_SA', 'Lutjanus griseus_R']
    Lutjanus griseus_R  <-  ['Archosargus probatocephalus_A', 'Lutjanus griseus_SA']
    Lutjanus griseus_SA  <-  ['Archosargus probatocephalus_A']
    Archosargus probatocephalus_R  <-  ['Archosargus probatocephalus_A', 'Lagodon rhomboides_A']
  [BayesTransferMapped] 9 recipient → donor mappings:
    recipient   3 <- donors [6, 5]
    recipient   4 <- donors [6, 3]
    recipient  12 <- donors [6, 5]
    recipient  13 <- donors [6, 5]
    recipient   5 <- donors [6, 7]
    recipient  11 <- donors [10, 9]
    recipient   9 <- donors [0, 10]
    recipient  10 <- donors [0]
    recipient   1 <- donors [0, 7]
  [BayesTransferMapped] transfer_prior_std=0.600  warmstart_alpha=0.25

----- Epoch 0 (windowed) -----

###### Windowed train epoch 0 overall metrics
  loss: 0.1982 rmse: 27.758 r2: 0.002 corr: 0.058
***** Epoch 0 Val (windowed) *****
  loss: 0.0744 rmse: 27.751 r2: 0.003 corr: 0.060
********************
***** Epoch 0 Test (windowed) *****
  loss: 0.0745 rmse: 17.503 r2: 0.006 corr: 0.090
********************
  Epoch 0 done in 8.5s
  Saved best model → model/FIM_restoration_0412_stations_monthly/2010/gat-rnn-v2-windowed_bs-128_lr-0.001_maxepoch-50_testyear-2010_win-3_nwin-10_seed-0/model-0

----- Epoch 1 (windowed) -----

###### Windowed train epoch 1 overall metrics
  loss: 0.1952 rmse: 27.748 r2: 0.003 corr: 0.054
***** Epoch 1 Val (windowed) *****
  loss: 0.0741 rmse: 27.735 r2: 0.004 corr: 0.062
********************
***** Epoch 1 Test (windowed) *****
  loss: 0.0746 rmse: 17.473 r2: 0.010 corr: 0.099
********************
  Epoch 1 done in 8.2s
  Saved best model → model/FIM_restoration_0412_stations_monthly/2010/gat-rnn-v2-windowed_bs-128_lr-0.001_maxepoch-50_testyear-2010_win-3_nwin-10_seed-0/model-1

----- Epoch 2 (windowed) -----

###### Windowed train epoch 2 overall metrics
  loss: 0.1944 rmse: 27.736 r2: 0.004 corr: 0.060
***** Epoch 2 Val (windowed) *****
  loss: 0.0738 rmse: 27.729 r2: 0.004 corr: 0.065
********************
***** Epoch 2 Test (windowed) *****
  loss: 0.0743 rmse: 17.465 r2: 0.010 corr: 0.104
********************
  Epoch 2 done in 8.9s
  Saved best model → model/FIM_restoration_0412_stations_monthly/2010/gat-rnn-v2-windowed_bs-128_lr-0.001_maxepoch-50_testyear-2010_win-3_nwin-10_seed-0/model-2

----- Epoch 3 (windowed) -----

###### Windowed train epoch 3 overall metrics
  loss: 0.1940 rmse: 27.730 r2: 0.004 corr: 0.063
***** Epoch 3 Val (windowed) *****
  loss: 0.0731 rmse: 27.725 r2: 0.004 corr: 0.070
********************
***** Epoch 3 Test (windowed) *****
  loss: 0.0733 rmse: 17.462 r2: 0.011 corr: 0.109
********************
  Epoch 3 done in 8.5s
  Saved best model → model/FIM_restoration_0412_stations_monthly/2010/gat-rnn-v2-windowed_bs-128_lr-0.001_maxepoch-50_testyear-2010_win-3_nwin-10_seed-0/model-3

----- Epoch 4 (windowed) -----

###### Windowed train epoch 4 overall metrics
  loss: 0.1923 rmse: 27.729 r2: 0.004 corr: 0.067
***** Epoch 4 Val (windowed) *****
  loss: 0.0718 rmse: 27.715 r2: 0.005 corr: 0.077
********************
***** Epoch 4 Test (windowed) *****
  loss: 0.0722 rmse: 17.448 r2: 0.012 corr: 0.118
********************
  Epoch 4 done in 8.6s
  Saved best model → model/FIM_restoration_0412_stations_monthly/2010/gat-rnn-v2-windowed_bs-128_lr-0.001_maxepoch-50_testyear-2010_win-3_nwin-10_seed-0/model-4

----- Epoch 5 (windowed) -----

###### Windowed train epoch 5 overall metrics
  loss: 0.1897 rmse: 27.724 r2: 0.004 corr: 0.068
***** Epoch 5 Val (windowed) *****
  loss: 0.0703 rmse: 27.703 r2: 0.006 corr: 0.078
********************
***** Epoch 5 Test (windowed) *****
  loss: 0.0708 rmse: 17.431 r2: 0.014 corr: 0.120
********************
  Epoch 5 done in 8.3s
  Saved best model → model/FIM_restoration_0412_stations_monthly/2010/gat-rnn-v2-windowed_bs-128_lr-0.001_maxepoch-50_testyear-2010_win-3_nwin-10_seed-0/model-5

----- Epoch 6 (windowed) -----

###### Windowed train epoch 6 overall metrics
  loss: 0.1872 rmse: 27.699 r2: 0.006 corr: 0.079
***** Epoch 6 Val (windowed) *****
  loss: 0.0691 rmse: 27.712 r2: 0.005 corr: 0.076
********************
***** Epoch 6 Test (windowed) *****
  loss: 0.0694 rmse: 17.457 r2: 0.011 corr: 0.114
********************
  Epoch 6 done in 8.2s

----- Epoch 7 (windowed) -----

###### Windowed train epoch 7 overall metrics
  loss: 0.1855 rmse: 27.754 r2: 0.002 corr: 0.071
***** Epoch 7 Val (windowed) *****
  loss: 0.0685 rmse: 27.688 r2: 0.007 corr: 0.085
********************
***** Epoch 7 Test (windowed) *****
  loss: 0.0683 rmse: 17.421 r2: 0.015 corr: 0.128
********************
  Epoch 7 done in 8.2s
  Saved best model → model/FIM_restoration_0412_stations_monthly/2010/gat-rnn-v2-windowed_bs-128_lr-0.001_maxepoch-50_testyear-2010_win-3_nwin-10_seed-0/model-7

----- Epoch 8 (windowed) -----

###### Windowed train epoch 8 overall metrics
  loss: 0.1834 rmse: 27.714 r2: 0.005 corr: 0.078
***** Epoch 8 Val (windowed) *****
  loss: 0.0677 rmse: 27.633 r2: 0.011 corr: 0.106
********************
***** Epoch 8 Test (windowed) *****
  loss: 0.0682 rmse: 17.352 r2: 0.023 corr: 0.153
********************
  Epoch 8 done in 8.5s
  Saved best model → model/FIM_restoration_0412_stations_monthly/2010/gat-rnn-v2-windowed_bs-128_lr-0.001_maxepoch-50_testyear-2010_win-3_nwin-10_seed-0/model-8

----- Epoch 9 (windowed) -----

###### Windowed train epoch 9 overall metrics
  loss: 0.1822 rmse: 27.607 r2: 0.013 corr: 0.114
***** Epoch 9 Val (windowed) *****
  loss: 0.0665 rmse: 27.593 r2: 0.014 corr: 0.121
********************
***** Epoch 9 Test (windowed) *****
  loss: 0.0673 rmse: 17.305 r2: 0.028 corr: 0.171
********************
  Epoch 9 done in 8.3s
  Saved best model → model/FIM_restoration_0412_stations_monthly/2010/gat-rnn-v2-windowed_bs-128_lr-0.001_maxepoch-50_testyear-2010_win-3_nwin-10_seed-0/model-9

----- Epoch 10 (windowed) -----

###### Windowed train epoch 10 overall metrics
  loss: 0.1804 rmse: 27.594 r2: 0.014 corr: 0.118
***** Epoch 10 Val (windowed) *****
  loss: 0.0659 rmse: 27.591 r2: 0.014 corr: 0.123
********************
***** Epoch 10 Test (windowed) *****
  loss: 0.0662 rmse: 17.293 r2: 0.030 corr: 0.175
********************
  Epoch 10 done in 8.4s
  Saved best model → model/FIM_restoration_0412_stations_monthly/2010/gat-rnn-v2-windowed_bs-128_lr-0.001_maxepoch-50_testyear-2010_win-3_nwin-10_seed-0/model-10

----- Epoch 11 (windowed) -----

###### Windowed train epoch 11 overall metrics
  loss: 0.1792 rmse: 27.602 r2: 0.013 corr: 0.116
***** Epoch 11 Val (windowed) *****
  loss: 0.0649 rmse: 27.559 r2: 0.016 corr: 0.134
********************
***** Epoch 11 Test (windowed) *****
  loss: 0.0652 rmse: 17.266 r2: 0.033 corr: 0.185
********************
  Epoch 11 done in 8.8s
  Saved best model → model/FIM_restoration_0412_stations_monthly/2010/gat-rnn-v2-windowed_bs-128_lr-0.001_maxepoch-50_testyear-2010_win-3_nwin-10_seed-0/model-11

----- Epoch 12 (windowed) -----

###### Windowed train epoch 12 overall metrics
  loss: 0.1777 rmse: 27.566 r2: 0.016 corr: 0.126
***** Epoch 12 Val (windowed) *****
  loss: 0.0644 rmse: 27.475 r2: 0.022 corr: 0.166
********************
***** Epoch 12 Test (windowed) *****
  loss: 0.0647 rmse: 17.171 r2: 0.043 corr: 0.218
********************
  Epoch 12 done in 9.0s
  Saved best model → model/FIM_restoration_0412_stations_monthly/2010/gat-rnn-v2-windowed_bs-128_lr-0.001_maxepoch-50_testyear-2010_win-3_nwin-10_seed-0/model-12

----- Epoch 13 (windowed) -----

###### Windowed train epoch 13 overall metrics
  loss: 0.1764 rmse: 27.347 r2: 0.031 corr: 0.183
***** Epoch 13 Val (windowed) *****
  loss: 0.0635 rmse: 27.362 r2: 0.030 corr: 0.198
********************
***** Epoch 13 Test (windowed) *****
  loss: 0.0641 rmse: 17.056 r2: 0.056 corr: 0.249
********************
  Epoch 13 done in 8.8s
  Saved best model → model/FIM_restoration_0412_stations_monthly/2010/gat-rnn-v2-windowed_bs-128_lr-0.001_maxepoch-50_testyear-2010_win-3_nwin-10_seed-0/model-13

----- Epoch 14 (windowed) -----

###### Windowed train epoch 14 overall metrics
  loss: 0.1750 rmse: 27.387 r2: 0.029 corr: 0.179
***** Epoch 14 Val (windowed) *****
  loss: 0.0628 rmse: 27.217 r2: 0.041 corr: 0.217
********************
***** Epoch 14 Test (windowed) *****
  loss: 0.0637 rmse: 16.955 r2: 0.067 corr: 0.264
********************
  Epoch 14 done in 8.7s
  Saved best model → model/FIM_restoration_0412_stations_monthly/2010/gat-rnn-v2-windowed_bs-128_lr-0.001_maxepoch-50_testyear-2010_win-3_nwin-10_seed-0/model-14

----- Epoch 15 (windowed) -----

###### Windowed train epoch 15 overall metrics
  loss: 0.1742 rmse: 27.272 r2: 0.037 corr: 0.196
***** Epoch 15 Val (windowed) *****
  loss: 0.0622 rmse: 27.271 r2: 0.037 corr: 0.213
********************
***** Epoch 15 Test (windowed) *****
  loss: 0.0630 rmse: 16.992 r2: 0.063 corr: 0.260
********************
  Epoch 15 done in 8.7s

----- Epoch 16 (windowed) -----

###### Windowed train epoch 16 overall metrics
  loss: 0.1728 rmse: 27.335 r2: 0.032 corr: 0.183
***** Epoch 16 Val (windowed) *****
  loss: 0.0618 rmse: 27.174 r2: 0.044 corr: 0.237
********************
***** Epoch 16 Test (windowed) *****
  loss: 0.0626 rmse: 16.877 r2: 0.076 corr: 0.290
********************
  Epoch 16 done in 8.7s
  Saved best model → model/FIM_restoration_0412_stations_monthly/2010/gat-rnn-v2-windowed_bs-128_lr-0.001_maxepoch-50_testyear-2010_win-3_nwin-10_seed-0/model-16

----- Epoch 17 (windowed) -----

###### Windowed train epoch 17 overall metrics
  loss: 0.1717 rmse: 27.182 r2: 0.043 corr: 0.210
***** Epoch 17 Val (windowed) *****
  loss: 0.0611 rmse: 26.891 r2: 0.063 corr: 0.271
********************
***** Epoch 17 Test (windowed) *****
  loss: 0.0620 rmse: 16.620 r2: 0.104 corr: 0.330
********************
  Epoch 17 done in 8.5s
  Saved best model → model/FIM_restoration_0412_stations_monthly/2010/gat-rnn-v2-windowed_bs-128_lr-0.001_maxepoch-50_testyear-2010_win-3_nwin-10_seed-0/model-17

----- Epoch 18 (windowed) -----

###### Windowed train epoch 18 overall metrics
  loss: 0.1707 rmse: 27.256 r2: 0.038 corr: 0.199
***** Epoch 18 Val (windowed) *****
  loss: 0.0607 rmse: 26.957 r2: 0.059 corr: 0.266
********************
***** Epoch 18 Test (windowed) *****
  loss: 0.0616 rmse: 16.662 r2: 0.099 corr: 0.326
********************
  Epoch 18 done in 8.5s

----- Epoch 19 (windowed) -----

###### Windowed train epoch 19 overall metrics
  loss: 0.1695 rmse: 27.270 r2: 0.037 corr: 0.193
***** Epoch 19 Val (windowed) *****
  loss: 0.0598 rmse: 26.957 r2: 0.059 corr: 0.261
********************
***** Epoch 19 Test (windowed) *****
  loss: 0.0610 rmse: 16.676 r2: 0.098 corr: 0.320
********************
  Epoch 19 done in 8.5s

----- Epoch 20 (windowed) -----

###### Windowed train epoch 20 overall metrics
  loss: 0.1686 rmse: 27.415 r2: 0.027 corr: 0.166
***** Epoch 20 Val (windowed) *****
  loss: 0.0594 rmse: 26.968 r2: 0.058 corr: 0.258
********************
***** Epoch 20 Test (windowed) *****
  loss: 0.0605 rmse: 16.666 r2: 0.099 corr: 0.322
********************
  Epoch 20 done in 8.4s

----- Epoch 21 (windowed) -----

###### Windowed train epoch 21 overall metrics
  loss: 0.1672 rmse: 26.781 r2: 0.071 corr: 0.268
***** Epoch 21 Val (windowed) *****
  loss: 0.0587 rmse: 26.745 r2: 0.074 corr: 0.284
********************
***** Epoch 21 Test (windowed) *****
  loss: 0.0599 rmse: 16.456 r2: 0.121 corr: 0.353
********************
  Epoch 21 done in 8.5s
  Saved best model → model/FIM_restoration_0412_stations_monthly/2010/gat-rnn-v2-windowed_bs-128_lr-0.001_maxepoch-50_testyear-2010_win-3_nwin-10_seed-0/model-21

----- Epoch 22 (windowed) -----

###### Windowed train epoch 22 overall metrics
  loss: 0.1660 rmse: 27.359 r2: 0.031 corr: 0.218
***** Epoch 22 Val (windowed) *****
  loss: 0.0579 rmse: 26.785 r2: 0.071 corr: 0.276
********************
***** Epoch 22 Test (windowed) *****
  loss: 0.0594 rmse: 16.521 r2: 0.115 corr: 0.343
********************
  Epoch 22 done in 8.4s

----- Epoch 23 (windowed) -----

###### Windowed train epoch 23 overall metrics
  loss: 0.1647 rmse: 27.384 r2: 0.029 corr: 0.188
***** Epoch 23 Val (windowed) *****
  loss: 0.0573 rmse: 26.869 r2: 0.065 corr: 0.269
********************
***** Epoch 23 Test (windowed) *****
  loss: 0.0589 rmse: 16.530 r2: 0.114 corr: 0.345
********************
  Epoch 23 done in 8.5s

----- Epoch 24 (windowed) -----

###### Windowed train epoch 24 overall metrics
  loss: 0.1641 rmse: 27.074 r2: 0.051 corr: 0.245
***** Epoch 24 Val (windowed) *****
  loss: 0.0567 rmse: 26.862 r2: 0.065 corr: 0.267
********************
***** Epoch 24 Test (windowed) *****
  loss: 0.0588 rmse: 16.547 r2: 0.112 corr: 0.340
********************
  Epoch 24 done in 8.8s

----- Epoch 25 (windowed) -----

###### Windowed train epoch 25 overall metrics
  loss: 0.1632 rmse: 27.083 r2: 0.050 corr: 0.228
***** Epoch 25 Val (windowed) *****
  loss: 0.0564 rmse: 26.959 r2: 0.059 corr: 0.254
********************
***** Epoch 25 Test (windowed) *****
  loss: 0.0581 rmse: 16.652 r2: 0.100 corr: 0.323
********************
  Epoch 25 done in 8.4s

----- Epoch 26 (windowed) -----

###### Windowed train epoch 26 overall metrics
  loss: 0.1618 rmse: 27.045 r2: 0.053 corr: 0.231
***** Epoch 26 Val (windowed) *****
  loss: 0.0557 rmse: 26.846 r2: 0.067 corr: 0.259
********************
***** Epoch 26 Test (windowed) *****
  loss: 0.0586 rmse: 16.631 r2: 0.103 corr: 0.328
********************
  Epoch 26 done in 8.6s

----- Epoch 27 (windowed) -----

###### Windowed train epoch 27 overall metrics
  loss: 0.1607 rmse: 26.975 r2: 0.058 corr: 0.253
***** Epoch 27 Val (windowed) *****
  loss: 0.0551 rmse: 26.990 r2: 0.056 corr: 0.247
********************
***** Epoch 27 Test (windowed) *****
  loss: 0.0573 rmse: 16.653 r2: 0.100 corr: 0.322
********************
  Epoch 27 done in 8.6s

----- Epoch 28 (windowed) -----

###### Windowed train epoch 28 overall metrics
  loss: 0.1596 rmse: 26.928 r2: 0.061 corr: 0.252
***** Epoch 28 Val (windowed) *****
  loss: 0.0547 rmse: 27.004 r2: 0.055 corr: 0.239
********************
***** Epoch 28 Test (windowed) *****
  loss: 0.0571 rmse: 16.695 r2: 0.096 corr: 0.314
********************
  Epoch 28 done in 8.6s

----- Epoch 29 (windowed) -----

###### Windowed train epoch 29 overall metrics
  loss: 0.1586 rmse: 27.844 r2: -0.004 corr: 0.148
***** Epoch 29 Val (windowed) *****
  loss: 0.0541 rmse: 27.070 r2: 0.051 corr: 0.228
********************
***** Epoch 29 Test (windowed) *****
  loss: 0.0565 rmse: 16.797 r2: 0.085 corr: 0.303
********************
  Epoch 29 done in 8.6s

----- Epoch 30 (windowed) -----

###### Windowed train epoch 30 overall metrics
  loss: 0.1576 rmse: 27.432 r2: 0.025 corr: 0.200
***** Epoch 30 Val (windowed) *****
  loss: 0.0534 rmse: 26.990 r2: 0.056 corr: 0.242
********************
***** Epoch 30 Test (windowed) *****
  loss: 0.0566 rmse: 16.680 r2: 0.097 corr: 0.315
********************
  Epoch 30 done in 8.5s

----- Epoch 31 (windowed) -----

###### Windowed train epoch 31 overall metrics
  loss: 0.1567 rmse: 27.158 r2: 0.045 corr: 0.220
***** Epoch 31 Val (windowed) *****
  loss: 0.0530 rmse: 27.085 r2: 0.050 corr: 0.226
********************
***** Epoch 31 Test (windowed) *****
  loss: 0.0560 rmse: 16.784 r2: 0.086 corr: 0.299
********************
  Epoch 31 done in 8.3s

----- Epoch 32 (windowed) -----

###### Windowed train epoch 32 overall metrics
  loss: 0.1556 rmse: 27.475 r2: 0.022 corr: 0.178
***** Epoch 32 Val (windowed) *****
  loss: 0.0526 rmse: 26.989 r2: 0.057 corr: 0.241
********************
***** Epoch 32 Test (windowed) *****
  loss: 0.0557 rmse: 16.733 r2: 0.092 corr: 0.308
********************
  Epoch 32 done in 8.7s

----- Epoch 33 (windowed) -----

###### Windowed train epoch 33 overall metrics
  loss: 0.1549 rmse: 27.333 r2: 0.032 corr: 0.193
***** Epoch 33 Val (windowed) *****
  loss: 0.0524 rmse: 27.127 r2: 0.047 corr: 0.220
********************
***** Epoch 33 Test (windowed) *****
  loss: 0.0556 rmse: 16.814 r2: 0.083 corr: 0.293
********************
  Epoch 33 done in 8.8s

----- Epoch 34 (windowed) -----

###### Windowed train epoch 34 overall metrics
  loss: 0.1546 rmse: 27.099 r2: 0.049 corr: 0.225
***** Epoch 34 Val (windowed) *****
  loss: 0.0521 rmse: 27.064 r2: 0.051 corr: 0.230
********************
***** Epoch 34 Test (windowed) *****
  loss: 0.0551 rmse: 16.818 r2: 0.082 corr: 0.300
********************
  Epoch 34 done in 8.6s

----- Epoch 35 (windowed) -----

###### Windowed train epoch 35 overall metrics
  loss: 0.1537 rmse: 27.830 r2: -0.003 corr: 0.180
***** Epoch 35 Val (windowed) *****
  loss: 0.0516 rmse: 27.096 r2: 0.049 corr: 0.225
********************
***** Epoch 35 Test (windowed) *****
  loss: 0.0552 rmse: 16.823 r2: 0.082 corr: 0.295
********************
  Epoch 35 done in 8.6s

----- Epoch 36 (windowed) -----

###### Windowed train epoch 36 overall metrics
  loss: 0.1531 rmse: 27.327 r2: 0.033 corr: 0.185
***** Epoch 36 Val (windowed) *****
  loss: 0.0516 rmse: 27.170 r2: 0.044 corr: 0.215
********************
***** Epoch 36 Test (windowed) *****
  loss: 0.0550 rmse: 16.880 r2: 0.076 corr: 0.281
********************
  Epoch 36 done in 8.7s

----- Epoch 37 (windowed) -----

###### Windowed train epoch 37 overall metrics
  loss: 0.1526 rmse: 27.495 r2: 0.021 corr: 0.157
***** Epoch 37 Val (windowed) *****
  loss: 0.0514 rmse: 26.995 r2: 0.056 corr: 0.241
********************
***** Epoch 37 Test (windowed) *****
  loss: 0.0550 rmse: 16.861 r2: 0.078 corr: 0.297
********************
  Epoch 37 done in 8.6s

----- Epoch 38 (windowed) -----

###### Windowed train epoch 38 overall metrics
  loss: 0.1517 rmse: 27.316 r2: 0.034 corr: 0.224
***** Epoch 38 Val (windowed) *****
  loss: 0.0512 rmse: 27.058 r2: 0.052 corr: 0.232
********************
***** Epoch 38 Test (windowed) *****
  loss: 0.0550 rmse: 16.721 r2: 0.093 corr: 0.309
********************
  Epoch 38 done in 8.7s

----- Epoch 39 (windowed) -----

###### Windowed train epoch 39 overall metrics
  loss: 0.1511 rmse: 27.244 r2: 0.039 corr: 0.203
***** Epoch 39 Val (windowed) *****
  loss: 0.0511 rmse: 27.074 r2: 0.051 corr: 0.229
********************
***** Epoch 39 Test (windowed) *****
  loss: 0.0552 rmse: 16.870 r2: 0.077 corr: 0.291
********************
  Epoch 39 done in 8.5s

----- Epoch 40 (windowed) -----

###### Windowed train epoch 40 overall metrics
  loss: 0.1506 rmse: 26.300 r2: 0.104 corr: 0.327
***** Epoch 40 Val (windowed) *****
  loss: 0.0501 rmse: 27.090 r2: 0.049 corr: 0.226
********************
***** Epoch 40 Test (windowed) *****
  loss: 0.0545 rmse: 16.837 r2: 0.080 corr: 0.298
********************
  Epoch 40 done in 9.0s

----- Epoch 41 (windowed) -----

###### Windowed train epoch 41 overall metrics
  loss: 0.1505 rmse: 27.202 r2: 0.042 corr: 0.213
***** Epoch 41 Val (windowed) *****
  loss: 0.0505 rmse: 27.133 r2: 0.046 corr: 0.225
********************
***** Epoch 41 Test (windowed) *****
  loss: 0.0543 rmse: 16.816 r2: 0.083 corr: 0.292
********************
  Epoch 41 done in 8.6s

----- Epoch 42 (windowed) -----

###### Windowed train epoch 42 overall metrics
  loss: 0.1495 rmse: 27.177 r2: 0.043 corr: 0.215
***** Epoch 42 Val (windowed) *****
  loss: 0.0500 rmse: 27.055 r2: 0.052 corr: 0.233
********************
***** Epoch 42 Test (windowed) *****
  loss: 0.0545 rmse: 16.863 r2: 0.077 corr: 0.294
********************
  Epoch 42 done in 8.5s

----- Epoch 43 (windowed) -----

###### Windowed train epoch 43 overall metrics
  loss: 0.1494 rmse: 26.706 r2: 0.076 corr: 0.282
***** Epoch 43 Val (windowed) *****
  loss: 0.0503 rmse: 27.079 r2: 0.050 corr: 0.229
********************
***** Epoch 43 Test (windowed) *****
  loss: 0.0551 rmse: 16.898 r2: 0.074 corr: 0.293
********************
  Epoch 43 done in 8.5s

----- Epoch 44 (windowed) -----

###### Windowed train epoch 44 overall metrics
  loss: 0.1496 rmse: 26.761 r2: 0.072 corr: 0.274
***** Epoch 44 Val (windowed) *****
  loss: 0.0498 rmse: 27.071 r2: 0.051 corr: 0.233
********************
***** Epoch 44 Test (windowed) *****
  loss: 0.0541 rmse: 16.840 r2: 0.080 corr: 0.290
********************
  Epoch 44 done in 9.1s

----- Epoch 45 (windowed) -----

###### Windowed train epoch 45 overall metrics
  loss: 0.1484 rmse: 27.482 r2: 0.022 corr: 0.159
***** Epoch 45 Val (windowed) *****
  loss: 0.0494 rmse: 26.936 r2: 0.060 corr: 0.256
********************
***** Epoch 45 Test (windowed) *****
  loss: 0.0541 rmse: 16.780 r2: 0.087 corr: 0.304
********************
  Epoch 45 done in 9.0s

----- Epoch 46 (windowed) -----

###### Windowed train epoch 46 overall metrics
  loss: 0.1478 rmse: 26.853 r2: 0.066 corr: 0.263
***** Epoch 46 Val (windowed) *****
  loss: 0.0491 rmse: 26.826 r2: 0.068 corr: 0.267
********************
***** Epoch 46 Test (windowed) *****
  loss: 0.0541 rmse: 16.700 r2: 0.095 corr: 0.324
********************
  Epoch 46 done in 8.6s

----- Epoch 47 (windowed) -----

###### Windowed train epoch 47 overall metrics
  loss: 0.1471 rmse: 27.106 r2: 0.048 corr: 0.228
***** Epoch 47 Val (windowed) *****
  loss: 0.0488 rmse: 26.872 r2: 0.065 corr: 0.260
********************
***** Epoch 47 Test (windowed) *****
  loss: 0.0539 rmse: 16.693 r2: 0.096 corr: 0.320
********************
  Epoch 47 done in 8.7s

----- Epoch 48 (windowed) -----

###### Windowed train epoch 48 overall metrics
  loss: 0.1471 rmse: 27.018 r2: 0.055 corr: 0.237
***** Epoch 48 Val (windowed) *****
  loss: 0.0487 rmse: 26.776 r2: 0.071 corr: 0.274
********************
***** Epoch 48 Test (windowed) *****
  loss: 0.0534 rmse: 16.574 r2: 0.109 corr: 0.339
********************
  Epoch 48 done in 8.7s

----- Epoch 49 (windowed) -----

###### Windowed train epoch 49 overall metrics
  loss: 0.1463 rmse: 26.786 r2: 0.071 corr: 0.271
***** Epoch 49 Val (windowed) *****
  loss: 0.0486 rmse: 26.737 r2: 0.074 corr: 0.280
********************
***** Epoch 49 Test (windowed) *****
  loss: 0.0533 rmse: 16.576 r2: 0.109 corr: 0.338
********************
  Epoch 49 done in 8.9s
  Saved best model → model/FIM_restoration_0412_stations_monthly/2010/gat-rnn-v2-windowed_bs-128_lr-0.001_maxepoch-50_testyear-2010_win-3_nwin-10_seed-0/model-49
Fold done — best val RMSE=26.7373 test R²=0.1086 corr=0.3380

================================================================
Rolling-windowed  test_year=2011
  Val  : 2010
  Test : 2011
  win_size=3  n_windows=10
================================================================
Initially data (54319, 166)
After filtering (27035, 166)
get_X_Y
X shape (27035, 130)
Y shape (27035, 34)
Y (output) means tensor([[0.1433, 0.0123, 0.2580, 0.1637, 0.0142, 0.0620, 0.1670, 0.6468, 0.8690,
         0.0225, 0.0438, 0.0141, 0.0728, 0.1453, 1.0233, 0.9476, 0.3614, 0.4128,
         0.9893, 0.3953, 0.1965, 0.2300, 0.4255, 0.1722, 0.4063, 0.4753, 0.2938,
         0.6298, 0.5302, 0.1537, 0.2539, 0.0989, 0.1329, 0.1357]]) stds tensor([[0.4733, 0.1385, 0.6345, 0.5865, 0.1426, 0.3028, 0.5300, 1.4344, 1.5972,
         0.1881, 0.2859, 0.1611, 0.4009, 0.4589, 2.1098, 1.6306, 0.8817, 1.2075,
         1.7242, 0.9377, 0.5496, 0.7061, 1.1105, 0.5819, 1.0044, 1.0518, 0.7346,
         1.3702, 1.0575, 0.4522, 0.8024, 0.3294, 0.4019, 0.3823]])
Y count-scale means tensor([[4.7390e-01, 3.6249e-02, 1.0112e+00, 8.9239e-01, 3.8302e-02, 1.9247e-01,
         6.2641e-01, 1.4104e+01, 2.9596e+01, 6.6515e-02, 1.8295e-01, 4.9089e-02,
         4.9762e-01, 4.4552e-01, 2.6660e+02, 2.0438e+01, 2.9268e+00, 1.6256e+01,
         3.3960e+01, 3.2358e+00, 6.6769e-01, 1.6551e+00, 8.3635e+00, 1.5776e+00,
         3.6536e+00, 4.3682e+00, 1.3987e+00, 2.3759e+01, 6.2606e+00, 4.6910e-01,
         2.8434e+00, 2.0811e-01, 3.1891e-01, 2.8707e-01]]) stds tensor([[3.1711e+00, 6.6853e-01, 6.0830e+00, 6.8677e+00, 6.4214e-01, 2.0271e+00,
         4.0717e+00, 7.0289e+01, 2.1602e+02, 8.7238e-01, 2.6325e+00, 8.1717e-01,
         9.0924e+00, 2.7965e+00, 3.0861e+03, 9.5310e+01, 2.1287e+01, 1.9488e+02,
         2.6721e+02, 1.8929e+01, 3.5348e+00, 1.5795e+01, 7.8964e+01, 5.0309e+01,
         1.7370e+01, 2.3795e+01, 7.5360e+00, 4.4037e+02, 7.4028e+01, 5.5553e+00,
         2.6187e+01, 9.6126e-01, 1.5259e+00, 1.1650e+00]])
Loaded per-window (calendar) month weights from analysis/figures/month_weights_per_window.npz: cube.shape=(25, 12, 34)
/Users/liyingnceas/GitHub/GNN-RNN-main/gnn-lstm-v3/utils/data_utils.py:264: RuntimeWarning: Mean of empty slice
  np.nanmean(county_dict[county], axis=0).astype(np.float32)
Filled 67759 missing (node, year) entries from neighbors or year averages
[2D] Station nodes: 586, adj nnz: 2905
[build_year_XY_windowed] data_start=1998, min_pred_year=2009, test_year=2011, win_size=3, n_windows=10
  built windows for T=2009
[build_year_XY_windowed] built windowed XY for 3 prediction years (2009–2011)
  GAT_RNN_V2: edge_feat_dim=3, n_heads=4, n_hidden=64
  [Bayes] Species rarity weights (mean=1): min=0.72 max=1.61  (rarest=Centropomus undecimalis_SA)
  [CrossDonor] Ecological cross-donor map (9 recipients):
    Centropomus undecimalis_A  <-  ['Cynoscion nebulosus_R', 'Cynoscion nebulosus_A']
    Centropomus undecimalis_SA  <-  ['Cynoscion nebulosus_R', 'Centropomus undecimalis_A']
    Sciaenops ocellatus_R  <-  ['Cynoscion nebulosus_R', 'Cynoscion nebulosus_A']
    Sciaenops ocellatus_SA  <-  ['Cynoscion nebulosus_R', 'Cynoscion nebulosus_A']
    Cynoscion nebulosus_A  <-  ['Cynoscion nebulosus_R', 'Lagodon rhomboides_A']
    Mycteroperca microlepis_SA  <-  ['Lutjanus griseus_SA', 'Lutjanus griseus_R']
    Lutjanus griseus_R  <-  ['Archosargus probatocephalus_A', 'Lutjanus griseus_SA']
    Lutjanus griseus_SA  <-  ['Archosargus probatocephalus_A']
    Archosargus probatocephalus_R  <-  ['Archosargus probatocephalus_A', 'Lagodon rhomboides_A']
  [BayesTransferMapped] 9 recipient → donor mappings:
    recipient   3 <- donors [6, 5]
    recipient   4 <- donors [6, 3]
    recipient  12 <- donors [6, 5]
    recipient  13 <- donors [6, 5]
    recipient   5 <- donors [6, 7]
    recipient  11 <- donors [10, 9]
    recipient   9 <- donors [0, 10]
    recipient  10 <- donors [0]
    recipient   1 <- donors [0, 7]
  [BayesTransferMapped] transfer_prior_std=0.600  warmstart_alpha=0.25

----- Epoch 0 (windowed) -----

###### Windowed train epoch 0 overall metrics
  loss: 0.1960 rmse: 23.202 r2: 0.003 corr: 0.062
***** Epoch 0 Val (windowed) *****
  loss: 0.0741 rmse: 17.471 r2: 0.010 corr: 0.107
********************
***** Epoch 0 Test (windowed) *****
  loss: 0.0728 rmse: 30.211 r2: 0.004 corr: 0.070
********************
  Epoch 0 done in 13.7s
  Saved best model → model/FIM_restoration_0412_stations_monthly/2011/gat-rnn-v2-windowed_bs-128_lr-0.001_maxepoch-50_testyear-2011_win-3_nwin-10_seed-0/model-0

----- Epoch 1 (windowed) -----

###### Windowed train epoch 1 overall metrics
  loss: 0.1930 rmse: 23.182 r2: 0.005 corr: 0.074
***** Epoch 1 Val (windowed) *****
  loss: 0.0731 rmse: 17.479 r2: 0.009 corr: 0.099
********************
***** Epoch 1 Test (windowed) *****
  loss: 0.0718 rmse: 30.214 r2: 0.004 corr: 0.066
********************
  Epoch 1 done in 14.1s

----- Epoch 2 (windowed) -----

###### Windowed train epoch 2 overall metrics
  loss: 0.1898 rmse: 23.184 r2: 0.005 corr: 0.071
***** Epoch 2 Val (windowed) *****
  loss: 0.0708 rmse: 17.460 r2: 0.011 corr: 0.108
********************
***** Epoch 2 Test (windowed) *****
  loss: 0.0699 rmse: 30.204 r2: 0.004 corr: 0.070
********************
  Epoch 2 done in 13.7s
  Saved best model → model/FIM_restoration_0412_stations_monthly/2011/gat-rnn-v2-windowed_bs-128_lr-0.001_maxepoch-50_testyear-2011_win-3_nwin-10_seed-0/model-2

----- Epoch 3 (windowed) -----

###### Windowed train epoch 3 overall metrics
  loss: 0.1865 rmse: 23.175 r2: 0.006 corr: 0.077
***** Epoch 3 Val (windowed) *****
  loss: 0.0693 rmse: 17.422 r2: 0.016 corr: 0.129
********************
***** Epoch 3 Test (windowed) *****
  loss: 0.0687 rmse: 30.175 r2: 0.006 corr: 0.085
********************
  Epoch 3 done in 13.5s
  Saved best model → model/FIM_restoration_0412_stations_monthly/2011/gat-rnn-v2-windowed_bs-128_lr-0.001_maxepoch-50_testyear-2011_win-3_nwin-10_seed-0/model-3

----- Epoch 4 (windowed) -----

###### Windowed train epoch 4 overall metrics
  loss: 0.1836 rmse: 23.141 r2: 0.009 corr: 0.094
***** Epoch 4 Val (windowed) *****
  loss: 0.0674 rmse: 17.399 r2: 0.018 corr: 0.136
********************
***** Epoch 4 Test (windowed) *****
  loss: 0.0671 rmse: 30.153 r2: 0.008 corr: 0.090
********************
  Epoch 4 done in 14.3s
  Saved best model → model/FIM_restoration_0412_stations_monthly/2011/gat-rnn-v2-windowed_bs-128_lr-0.001_maxepoch-50_testyear-2011_win-3_nwin-10_seed-0/model-4

----- Epoch 5 (windowed) -----

###### Windowed train epoch 5 overall metrics
  loss: 0.1804 rmse: 23.121 r2: 0.010 corr: 0.102
***** Epoch 5 Val (windowed) *****
  loss: 0.0658 rmse: 17.361 r2: 0.023 corr: 0.152
********************
***** Epoch 5 Test (windowed) *****
  loss: 0.0661 rmse: 30.127 r2: 0.010 corr: 0.100
********************
  Epoch 5 done in 14.4s
  Saved best model → model/FIM_restoration_0412_stations_monthly/2011/gat-rnn-v2-windowed_bs-128_lr-0.001_maxepoch-50_testyear-2011_win-3_nwin-10_seed-0/model-5

----- Epoch 6 (windowed) -----

###### Windowed train epoch 6 overall metrics
  loss: 0.1774 rmse: 23.100 r2: 0.012 corr: 0.112
***** Epoch 6 Val (windowed) *****
  loss: 0.0642 rmse: 17.292 r2: 0.030 corr: 0.177
********************
***** Epoch 6 Test (windowed) *****
  loss: 0.0644 rmse: 30.081 r2: 0.013 corr: 0.116
********************
  Epoch 6 done in 14.0s
  Saved best model → model/FIM_restoration_0412_stations_monthly/2011/gat-rnn-v2-windowed_bs-128_lr-0.001_maxepoch-50_testyear-2011_win-3_nwin-10_seed-0/model-6

----- Epoch 7 (windowed) -----

###### Windowed train epoch 7 overall metrics
  loss: 0.1747 rmse: 23.053 r2: 0.016 corr: 0.129
***** Epoch 7 Val (windowed) *****
  loss: 0.0628 rmse: 17.210 r2: 0.039 corr: 0.202
********************
***** Epoch 7 Test (windowed) *****
  loss: 0.0634 rmse: 30.026 r2: 0.016 corr: 0.132
********************
  Epoch 7 done in 13.1s
  Saved best model → model/FIM_restoration_0412_stations_monthly/2011/gat-rnn-v2-windowed_bs-128_lr-0.001_maxepoch-50_testyear-2011_win-3_nwin-10_seed-0/model-7

----- Epoch 8 (windowed) -----

###### Windowed train epoch 8 overall metrics
  loss: 0.1720 rmse: 22.941 r2: 0.026 corr: 0.162
***** Epoch 8 Val (windowed) *****
  loss: 0.0612 rmse: 17.113 r2: 0.050 corr: 0.229
********************
***** Epoch 8 Test (windowed) *****
  loss: 0.0624 rmse: 29.947 r2: 0.021 corr: 0.154
********************
  Epoch 8 done in 13.1s
  Saved best model → model/FIM_restoration_0412_stations_monthly/2011/gat-rnn-v2-windowed_bs-128_lr-0.001_maxepoch-50_testyear-2011_win-3_nwin-10_seed-0/model-8

----- Epoch 9 (windowed) -----

###### Windowed train epoch 9 overall metrics
  loss: 0.1698 rmse: 22.875 r2: 0.031 corr: 0.179
***** Epoch 9 Val (windowed) *****
  loss: 0.0603 rmse: 17.100 r2: 0.052 corr: 0.231
********************
***** Epoch 9 Test (windowed) *****
  loss: 0.0619 rmse: 29.903 r2: 0.024 corr: 0.164
********************
  Epoch 9 done in 13.2s
  Saved best model → model/FIM_restoration_0412_stations_monthly/2011/gat-rnn-v2-windowed_bs-128_lr-0.001_maxepoch-50_testyear-2011_win-3_nwin-10_seed-0/model-9

----- Epoch 10 (windowed) -----

###### Windowed train epoch 10 overall metrics
  loss: 0.1679 rmse: 22.731 r2: 0.044 corr: 0.216
***** Epoch 10 Val (windowed) *****
  loss: 0.0591 rmse: 16.843 r2: 0.080 corr: 0.285
********************
***** Epoch 10 Test (windowed) *****
  loss: 0.0613 rmse: 29.693 r2: 0.038 corr: 0.208
********************
  Epoch 10 done in 13.2s
  Saved best model → model/FIM_restoration_0412_stations_monthly/2011/gat-rnn-v2-windowed_bs-128_lr-0.001_maxepoch-50_testyear-2011_win-3_nwin-10_seed-0/model-10

----- Epoch 11 (windowed) -----

###### Windowed train epoch 11 overall metrics
  loss: 0.1656 rmse: 22.868 r2: 0.032 corr: 0.201
***** Epoch 11 Val (windowed) *****
  loss: 0.0584 rmse: 16.884 r2: 0.076 corr: 0.284
********************
***** Epoch 11 Test (windowed) *****
  loss: 0.0603 rmse: 29.671 r2: 0.039 corr: 0.201
********************
  Epoch 11 done in 13.3s

----- Epoch 12 (windowed) -----

###### Windowed train epoch 12 overall metrics
  loss: 0.1636 rmse: 22.670 r2: 0.049 corr: 0.252
***** Epoch 12 Val (windowed) *****
  loss: 0.0574 rmse: 16.986 r2: 0.064 corr: 0.296
********************
***** Epoch 12 Test (windowed) *****
  loss: 0.0595 rmse: 29.476 r2: 0.052 corr: 0.228
********************
  Epoch 12 done in 13.3s

----- Epoch 13 (windowed) -----

###### Windowed train epoch 13 overall metrics
  loss: 0.1618 rmse: 22.822 r2: 0.036 corr: 0.218
***** Epoch 13 Val (windowed) *****
  loss: 0.0561 rmse: 16.819 r2: 0.083 corr: 0.290
********************
***** Epoch 13 Test (windowed) *****
  loss: 0.0630 rmse: 29.733 r2: 0.035 corr: 0.194
********************
  Epoch 13 done in 12.8s
  Saved best model → model/FIM_restoration_0412_stations_monthly/2011/gat-rnn-v2-windowed_bs-128_lr-0.001_maxepoch-50_testyear-2011_win-3_nwin-10_seed-0/model-13

----- Epoch 14 (windowed) -----

###### Windowed train epoch 14 overall metrics
  loss: 0.1602 rmse: 22.647 r2: 0.051 corr: 0.246
***** Epoch 14 Val (windowed) *****
  loss: 0.0557 rmse: 16.938 r2: 0.070 corr: 0.294
********************
***** Epoch 14 Test (windowed) *****
  loss: 0.0671 rmse: 29.704 r2: 0.037 corr: 0.193
********************
  Epoch 14 done in 12.8s

----- Epoch 15 (windowed) -----

###### Windowed train epoch 15 overall metrics
  loss: 0.1588 rmse: 25.081 r2: -0.164 corr: 0.196
***** Epoch 15 Val (windowed) *****
  loss: 0.0555 rmse: 16.721 r2: 0.093 corr: 0.308
********************
***** Epoch 15 Test (windowed) *****
  loss: 0.0674 rmse: 29.666 r2: 0.040 corr: 0.203
********************
  Epoch 15 done in 12.8s
  Saved best model → model/FIM_restoration_0412_stations_monthly/2011/gat-rnn-v2-windowed_bs-128_lr-0.001_maxepoch-50_testyear-2011_win-3_nwin-10_seed-0/model-15

----- Epoch 16 (windowed) -----

###### Windowed train epoch 16 overall metrics
  loss: 0.1579 rmse: 22.615 r2: 0.053 corr: 0.250
***** Epoch 16 Val (windowed) *****
  loss: 0.0543 rmse: 16.739 r2: 0.091 corr: 0.311
********************
***** Epoch 16 Test (windowed) *****
  loss: 0.0621 rmse: 29.610 r2: 0.043 corr: 0.209
********************
  Epoch 16 done in 13.1s

----- Epoch 17 (windowed) -----

###### Windowed train epoch 17 overall metrics
  loss: 0.1562 rmse: 22.545 r2: 0.059 corr: 0.256
***** Epoch 17 Val (windowed) *****
  loss: 0.0538 rmse: 16.785 r2: 0.086 corr: 0.310
********************
***** Epoch 17 Test (windowed) *****
  loss: 0.0599 rmse: 29.600 r2: 0.044 corr: 0.210
********************
  Epoch 17 done in 12.9s

----- Epoch 18 (windowed) -----

###### Windowed train epoch 18 overall metrics
  loss: 0.1548 rmse: 23.465 r2: -0.019 corr: 0.241
***** Epoch 18 Val (windowed) *****
  loss: 0.0531 rmse: 16.795 r2: 0.085 corr: 0.296
********************
***** Epoch 18 Test (windowed) *****
  loss: 0.0631 rmse: 29.718 r2: 0.036 corr: 0.193
********************
  Epoch 18 done in 12.8s

----- Epoch 19 (windowed) -----

###### Windowed train epoch 19 overall metrics
  loss: 0.1537 rmse: 22.433 r2: 0.068 corr: 0.268
***** Epoch 19 Val (windowed) *****
  loss: 0.0531 rmse: 16.964 r2: 0.067 corr: 0.283
********************
***** Epoch 19 Test (windowed) *****
  loss: 0.0679 rmse: 29.865 r2: 0.027 corr: 0.171
********************
  Epoch 19 done in 13.2s

----- Epoch 20 (windowed) -----

###### Windowed train epoch 20 overall metrics
  loss: 0.1527 rmse: 23.085 r2: 0.014 corr: 0.258
***** Epoch 20 Val (windowed) *****
  loss: 0.0521 rmse: 16.762 r2: 0.089 corr: 0.302
********************
***** Epoch 20 Test (windowed) *****
  loss: 0.0653 rmse: 29.730 r2: 0.035 corr: 0.189
********************
  Epoch 20 done in 13.3s

----- Epoch 21 (windowed) -----

###### Windowed train epoch 21 overall metrics
  loss: 0.1511 rmse: 22.503 r2: 0.063 corr: 0.258
***** Epoch 21 Val (windowed) *****
  loss: 0.0513 rmse: 16.644 r2: 0.102 corr: 0.328
********************
***** Epoch 21 Test (windowed) *****
  loss: 0.0634 rmse: 29.585 r2: 0.045 corr: 0.212
********************
  Epoch 21 done in 12.4s
  Saved best model → model/FIM_restoration_0412_stations_monthly/2011/gat-rnn-v2-windowed_bs-128_lr-0.001_maxepoch-50_testyear-2011_win-3_nwin-10_seed-0/model-21

----- Epoch 22 (windowed) -----

###### Windowed train epoch 22 overall metrics
  loss: 0.1502 rmse: 22.727 r2: 0.044 corr: 0.252
***** Epoch 22 Val (windowed) *****
  loss: 0.0513 rmse: 16.699 r2: 0.096 corr: 0.316
********************
***** Epoch 22 Test (windowed) *****
  loss: 0.0664 rmse: 29.668 r2: 0.039 corr: 0.207
********************
  Epoch 22 done in 12.7s

----- Epoch 23 (windowed) -----

###### Windowed train epoch 23 overall metrics
  loss: 0.1489 rmse: 23.439 r2: -0.017 corr: 0.220
***** Epoch 23 Val (windowed) *****
  loss: 0.0509 rmse: 16.709 r2: 0.095 corr: 0.320
********************
***** Epoch 23 Test (windowed) *****
  loss: 0.0642 rmse: 29.685 r2: 0.038 corr: 0.198
********************
  Epoch 23 done in 12.6s

----- Epoch 24 (windowed) -----

###### Windowed train epoch 24 overall metrics
  loss: 0.1480 rmse: 23.920 r2: -0.059 corr: 0.190
***** Epoch 24 Val (windowed) *****
  loss: 0.0499 rmse: 16.699 r2: 0.096 corr: 0.326
********************
***** Epoch 24 Test (windowed) *****
  loss: 0.0656 rmse: 29.665 r2: 0.040 corr: 0.202
********************
  Epoch 24 done in 12.8s

----- Epoch 25 (windowed) -----

###### Windowed train epoch 25 overall metrics
  loss: 0.1474 rmse: 22.228 r2: 0.085 corr: 0.300
***** Epoch 25 Val (windowed) *****
  loss: 0.0510 rmse: 16.922 r2: 0.071 corr: 0.288
********************
***** Epoch 25 Test (windowed) *****
  loss: 0.0723 rmse: 29.830 r2: 0.029 corr: 0.181
********************
  Epoch 25 done in 13.3s

----- Epoch 26 (windowed) -----

###### Windowed train epoch 26 overall metrics
  loss: 0.1463 rmse: 22.900 r2: 0.029 corr: 0.273
***** Epoch 26 Val (windowed) *****
  loss: 0.0493 rmse: 16.559 r2: 0.111 corr: 0.338
********************
***** Epoch 26 Test (windowed) *****
  loss: 0.0674 rmse: 29.528 r2: 0.049 corr: 0.223
********************
  Epoch 26 done in 13.2s
  Saved best model → model/FIM_restoration_0412_stations_monthly/2011/gat-rnn-v2-windowed_bs-128_lr-0.001_maxepoch-50_testyear-2011_win-3_nwin-10_seed-0/model-26

----- Epoch 27 (windowed) -----

###### Windowed train epoch 27 overall metrics
  loss: 0.1454 rmse: 22.609 r2: 0.054 corr: 0.257
***** Epoch 27 Val (windowed) *****
  loss: 0.0488 rmse: 16.528 r2: 0.114 corr: 0.345
********************
***** Epoch 27 Test (windowed) *****
  loss: 0.0662 rmse: 29.588 r2: 0.045 corr: 0.212
********************
  Epoch 27 done in 13.0s
  Saved best model → model/FIM_restoration_0412_stations_monthly/2011/gat-rnn-v2-windowed_bs-128_lr-0.001_maxepoch-50_testyear-2011_win-3_nwin-10_seed-0/model-27

----- Epoch 28 (windowed) -----

###### Windowed train epoch 28 overall metrics
  loss: 0.1444 rmse: 22.417 r2: 0.070 corr: 0.275
***** Epoch 28 Val (windowed) *****
  loss: 0.0485 rmse: 16.472 r2: 0.120 corr: 0.352
********************
***** Epoch 28 Test (windowed) *****
  loss: 0.0663 rmse: 29.526 r2: 0.049 corr: 0.221
********************
  Epoch 28 done in 13.1s
  Saved best model → model/FIM_restoration_0412_stations_monthly/2011/gat-rnn-v2-windowed_bs-128_lr-0.001_maxepoch-50_testyear-2011_win-3_nwin-10_seed-0/model-28

----- Epoch 29 (windowed) -----

###### Windowed train epoch 29 overall metrics
  loss: 0.1439 rmse: 24.808 r2: -0.139 corr: 0.171
***** Epoch 29 Val (windowed) *****
  loss: 0.0499 rmse: 16.652 r2: 0.101 corr: 0.326
********************
***** Epoch 29 Test (windowed) *****
  loss: 0.0624 rmse: 29.543 r2: 0.048 corr: 0.220
********************
  Epoch 29 done in 13.1s

----- Epoch 30 (windowed) -----

###### Windowed train epoch 30 overall metrics
  loss: 0.1434 rmse: 22.813 r2: 0.037 corr: 0.225
***** Epoch 30 Val (windowed) *****
  loss: 0.0482 rmse: 16.481 r2: 0.119 corr: 0.355
********************
***** Epoch 30 Test (windowed) *****
  loss: 0.0641 rmse: 29.450 r2: 0.054 corr: 0.232
********************
  Epoch 30 done in 13.0s

----- Epoch 31 (windowed) -----

###### Windowed train epoch 31 overall metrics
  loss: 0.1424 rmse: 22.227 r2: 0.086 corr: 0.300
***** Epoch 31 Val (windowed) *****
  loss: 0.0481 rmse: 16.520 r2: 0.115 corr: 0.346
********************
***** Epoch 31 Test (windowed) *****
  loss: 0.0663 rmse: 29.563 r2: 0.046 corr: 0.216
********************
  Epoch 31 done in 13.1s

----- Epoch 32 (windowed) -----

###### Windowed train epoch 32 overall metrics
  loss: 0.1416 rmse: 22.093 r2: 0.096 corr: 0.323
***** Epoch 32 Val (windowed) *****
  loss: 0.0478 rmse: 16.594 r2: 0.107 corr: 0.335
********************
***** Epoch 32 Test (windowed) *****
  loss: 0.0675 rmse: 29.567 r2: 0.046 corr: 0.215
********************
  Epoch 32 done in 12.7s

----- Epoch 33 (windowed) -----

###### Windowed train epoch 33 overall metrics
  loss: 0.1408 rmse: 22.631 r2: 0.052 corr: 0.251
***** Epoch 33 Val (windowed) *****
  loss: 0.0475 rmse: 16.505 r2: 0.117 corr: 0.363
********************
***** Epoch 33 Test (windowed) *****
  loss: 0.0682 rmse: 29.832 r2: 0.029 corr: 0.201
********************
  Epoch 33 done in 13.1s

----- Epoch 34 (windowed) -----

###### Windowed train epoch 34 overall metrics
  loss: 0.1404 rmse: 23.010 r2: 0.020 corr: 0.244
***** Epoch 34 Val (windowed) *****
  loss: 0.0470 rmse: 16.123 r2: 0.157 corr: 0.403
********************
***** Epoch 34 Test (windowed) *****
  loss: 0.0704 rmse: 29.475 r2: 0.052 corr: 0.229
********************
  Epoch 34 done in 12.8s
  Saved best model → model/FIM_restoration_0412_stations_monthly/2011/gat-rnn-v2-windowed_bs-128_lr-0.001_maxepoch-50_testyear-2011_win-3_nwin-10_seed-0/model-34

----- Epoch 35 (windowed) -----

###### Windowed train epoch 35 overall metrics
  loss: 0.1403 rmse: 22.740 r2: 0.043 corr: 0.255
***** Epoch 35 Val (windowed) *****
  loss: 0.0467 rmse: 16.254 r2: 0.143 corr: 0.399
********************
***** Epoch 35 Test (windowed) *****
  loss: 0.0697 rmse: 29.660 r2: 0.040 corr: 0.215
********************
  Epoch 35 done in 12.8s

----- Epoch 36 (windowed) -----

###### Windowed train epoch 36 overall metrics
  loss: 0.1399 rmse: 22.731 r2: 0.044 corr: 0.260
***** Epoch 36 Val (windowed) *****
  loss: 0.0477 rmse: 16.386 r2: 0.129 corr: 0.364
********************
***** Epoch 36 Test (windowed) *****
  loss: 0.0701 rmse: 29.571 r2: 0.046 corr: 0.214
********************
  Epoch 36 done in 13.8s

----- Epoch 37 (windowed) -----

###### Windowed train epoch 37 overall metrics
  loss: 0.1394 rmse: 22.516 r2: 0.062 corr: 0.270
***** Epoch 37 Val (windowed) *****
  loss: 0.0470 rmse: 16.131 r2: 0.156 corr: 0.403
********************
***** Epoch 37 Test (windowed) *****
  loss: 0.0662 rmse: 29.233 r2: 0.067 corr: 0.260
********************
  Epoch 37 done in 13.8s

----- Epoch 38 (windowed) -----

###### Windowed train epoch 38 overall metrics
  loss: 0.1388 rmse: 22.551 r2: 0.059 corr: 0.289
***** Epoch 38 Val (windowed) *****
  loss: 0.0488 rmse: 16.461 r2: 0.121 corr: 0.365
********************
***** Epoch 38 Test (windowed) *****
  loss: 0.0584 rmse: 29.100 r2: 0.076 corr: 0.277
********************
  Epoch 38 done in 13.8s

----- Epoch 39 (windowed) -----

###### Windowed train epoch 39 overall metrics
  loss: 0.1386 rmse: 23.273 r2: -0.003 corr: 0.244
***** Epoch 39 Val (windowed) *****
  loss: 0.0496 rmse: 16.618 r2: 0.104 corr: 0.338
********************
***** Epoch 39 Test (windowed) *****
  loss: 0.0591 rmse: 29.101 r2: 0.076 corr: 0.285
********************
  Epoch 39 done in 14.3s

----- Epoch 40 (windowed) -----

###### Windowed train epoch 40 overall metrics
  loss: 0.1382 rmse: 22.418 r2: 0.070 corr: 0.300
***** Epoch 40 Val (windowed) *****
  loss: 0.0474 rmse: 16.248 r2: 0.144 corr: 0.395
********************
***** Epoch 40 Test (windowed) *****
  loss: 0.0596 rmse: 29.122 r2: 0.074 corr: 0.276
********************
  Epoch 40 done in 14.2s

----- Epoch 41 (windowed) -----

###### Windowed train epoch 41 overall metrics
  loss: 0.1375 rmse: 24.062 r2: -0.072 corr: 0.266
***** Epoch 41 Val (windowed) *****
  loss: 0.0461 rmse: 16.006 r2: 0.169 corr: 0.423
********************
***** Epoch 41 Test (windowed) *****
  loss: 0.0654 rmse: 29.207 r2: 0.069 corr: 0.265
********************
  Epoch 41 done in 13.8s
  Saved best model → model/FIM_restoration_0412_stations_monthly/2011/gat-rnn-v2-windowed_bs-128_lr-0.001_maxepoch-50_testyear-2011_win-3_nwin-10_seed-0/model-41

----- Epoch 42 (windowed) -----

###### Windowed train epoch 42 overall metrics
  loss: 0.1367 rmse: 21.825 r2: 0.118 corr: 0.353
***** Epoch 42 Val (windowed) *****
  loss: 0.0460 rmse: 16.079 r2: 0.162 corr: 0.408
********************
***** Epoch 42 Test (windowed) *****
  loss: 0.0672 rmse: 29.353 r2: 0.060 corr: 0.245
********************
  Epoch 42 done in 12.9s

----- Epoch 43 (windowed) -----

###### Windowed train epoch 43 overall metrics
  loss: 0.1357 rmse: 22.713 r2: 0.045 corr: 0.252
***** Epoch 43 Val (windowed) *****
  loss: 0.0455 rmse: 15.813 r2: 0.189 corr: 0.443
********************
***** Epoch 43 Test (windowed) *****
  loss: 0.0683 rmse: 29.206 r2: 0.069 corr: 0.264
********************
  Epoch 43 done in 12.4s
  Saved best model → model/FIM_restoration_0412_stations_monthly/2011/gat-rnn-v2-windowed_bs-128_lr-0.001_maxepoch-50_testyear-2011_win-3_nwin-10_seed-0/model-43

----- Epoch 44 (windowed) -----

###### Windowed train epoch 44 overall metrics
  loss: 0.1353 rmse: 22.929 r2: 0.027 corr: 0.292
***** Epoch 44 Val (windowed) *****
  loss: 0.0452 rmse: 15.604 r2: 0.210 corr: 0.466
********************
***** Epoch 44 Test (windowed) *****
  loss: 0.0665 rmse: 29.109 r2: 0.075 corr: 0.275
********************
  Epoch 44 done in 12.5s
  Saved best model → model/FIM_restoration_0412_stations_monthly/2011/gat-rnn-v2-windowed_bs-128_lr-0.001_maxepoch-50_testyear-2011_win-3_nwin-10_seed-0/model-44

----- Epoch 45 (windowed) -----

###### Windowed train epoch 45 overall metrics
  loss: 0.1349 rmse: 23.040 r2: 0.017 corr: 0.240
***** Epoch 45 Val (windowed) *****
  loss: 0.0458 rmse: 15.851 r2: 0.185 corr: 0.437
********************
***** Epoch 45 Test (windowed) *****
  loss: 0.0729 rmse: 29.336 r2: 0.061 corr: 0.248
********************
  Epoch 45 done in 13.1s

----- Epoch 46 (windowed) -----

###### Windowed train epoch 46 overall metrics
  loss: 0.1346 rmse: 24.704 r2: -0.130 corr: 0.225
***** Epoch 46 Val (windowed) *****
  loss: 0.0452 rmse: 15.978 r2: 0.172 corr: 0.424
********************
***** Epoch 46 Test (windowed) *****
  loss: 0.0688 rmse: 29.262 r2: 0.066 corr: 0.258
********************
  Epoch 46 done in 14.0s

----- Epoch 47 (windowed) -----

###### Windowed train epoch 47 overall metrics
  loss: 0.1343 rmse: 22.148 r2: 0.092 corr: 0.322
***** Epoch 47 Val (windowed) *****
  loss: 0.0451 rmse: 15.987 r2: 0.171 corr: 0.422
********************
***** Epoch 47 Test (windowed) *****
  loss: 0.0706 rmse: 29.333 r2: 0.061 corr: 0.248
********************
  Epoch 47 done in 14.1s

----- Epoch 48 (windowed) -----

###### Windowed train epoch 48 overall metrics
  loss: 0.1338 rmse: 22.039 r2: 0.101 corr: 0.326
***** Epoch 48 Val (windowed) *****
  loss: 0.0455 rmse: 15.782 r2: 0.192 corr: 0.450
********************
***** Epoch 48 Test (windowed) *****
  loss: 0.0650 rmse: 29.177 r2: 0.071 corr: 0.272
********************
  Epoch 48 done in 14.0s

----- Epoch 49 (windowed) -----

###### Windowed train epoch 49 overall metrics
  loss: 0.1336 rmse: 22.223 r2: 0.086 corr: 0.394
***** Epoch 49 Val (windowed) *****
  loss: 0.0448 rmse: 15.833 r2: 0.187 corr: 0.444
********************
***** Epoch 49 Test (windowed) *****
  loss: 0.0660 rmse: 29.194 r2: 0.070 corr: 0.267
********************
  Epoch 49 done in 13.9s
Fold done — best val RMSE=15.6042 test R²=0.0753 corr=0.2752

================================================================
Rolling-windowed  test_year=2012
  Val  : 2011
  Test : 2012
  win_size=3  n_windows=10
================================================================
Initially data (54319, 166)
After filtering (29145, 166)
get_X_Y
X shape (29145, 130)
Y shape (29145, 34)
Y (output) means tensor([[0.1445, 0.0115, 0.2581, 0.1554, 0.0146, 0.0630, 0.1656, 0.6513, 0.9109,
         0.0222, 0.0425, 0.0138, 0.0732, 0.1426, 1.0221, 0.9389, 0.3591, 0.4062,
         0.9683, 0.3839, 0.1927, 0.2282, 0.4301, 0.1739, 0.3965, 0.4640, 0.2930,
         0.6824, 0.5318, 0.1531, 0.2611, 0.1042, 0.1307, 0.1353]]) stds tensor([[0.4769, 0.1333, 0.6350, 0.5701, 0.1436, 0.3081, 0.5275, 1.4423, 1.6438,
         0.1874, 0.2796, 0.1589, 0.4013, 0.4536, 2.1066, 1.6225, 0.8760, 1.1947,
         1.7005, 0.9215, 0.5428, 0.7018, 1.1126, 0.5865, 0.9880, 1.0381, 0.7331,
         1.4359, 1.0674, 0.4507, 0.8114, 0.3417, 0.3983, 0.3825]])
Y count-scale means tensor([[4.8454e-01, 3.3565e-02, 1.0224e+00, 8.3679e-01, 3.8457e-02, 2.1859e-01,
         6.1996e-01, 1.4483e+01, 3.3470e+01, 6.7931e-02, 1.7352e-01, 4.7600e-02,
         4.9084e-01, 4.3297e-01, 2.5806e+02, 1.9894e+01, 2.8693e+00, 1.5708e+01,
         3.2220e+01, 3.0828e+00, 6.4615e-01, 1.6100e+00, 8.2169e+00, 1.6957e+00,
         3.5133e+00, 4.2315e+00, 1.3956e+00, 2.7441e+01, 6.5651e+00, 4.6156e-01,
         2.8870e+00, 2.2372e-01, 3.1267e-01, 2.8648e-01]]) stds tensor([[3.2868e+00, 6.4101e-01, 6.3128e+00, 6.6073e+00, 6.2581e-01, 4.3657e+00,
         4.0478e+00, 7.4698e+01, 2.3456e+02, 1.0171e+00, 2.5300e+00, 7.9834e-01,
         8.7832e+00, 2.7134e+00, 2.9814e+03, 9.2363e+01, 2.0773e+01, 1.8833e+02,
         2.5677e+02, 1.8323e+01, 3.4238e+00, 1.5266e+01, 7.6599e+01, 5.3954e+01,
         1.7193e+01, 2.4070e+01, 7.7127e+00, 4.4328e+02, 7.3728e+01, 5.3479e+00,
         2.6034e+01, 1.0183e+00, 1.5006e+00, 1.1541e+00]])
Loaded per-window (calendar) month weights from analysis/figures/month_weights_per_window.npz: cube.shape=(25, 12, 34)
/Users/liyingnceas/GitHub/GNN-RNN-main/gnn-lstm-v3/utils/data_utils.py:264: RuntimeWarning: Mean of empty slice
  np.nanmean(county_dict[county], axis=0).astype(np.float32)
Filled 73125 missing (node, year) entries from neighbors or year averages
[2D] Station nodes: 587, adj nnz: 2910
[build_year_XY_windowed] data_start=1998, min_pred_year=2009, test_year=2012, win_size=3, n_windows=10
  built windows for T=2009
[build_year_XY_windowed] built windowed XY for 4 prediction years (2009–2012)
  GAT_RNN_V2: edge_feat_dim=3, n_heads=4, n_hidden=64
  [Bayes] Species rarity weights (mean=1): min=0.72 max=1.64  (rarest=Centropomus undecimalis_SA)
  [CrossDonor] Ecological cross-donor map (9 recipients):
    Centropomus undecimalis_A  <-  ['Cynoscion nebulosus_R', 'Cynoscion nebulosus_A']
    Centropomus undecimalis_SA  <-  ['Cynoscion nebulosus_R', 'Centropomus undecimalis_A']
    Sciaenops ocellatus_R  <-  ['Cynoscion nebulosus_R', 'Cynoscion nebulosus_A']
    Sciaenops ocellatus_SA  <-  ['Cynoscion nebulosus_R', 'Cynoscion nebulosus_A']
    Cynoscion nebulosus_A  <-  ['Cynoscion nebulosus_R', 'Lagodon rhomboides_A']
    Mycteroperca microlepis_SA  <-  ['Lutjanus griseus_SA', 'Lutjanus griseus_R']
    Lutjanus griseus_R  <-  ['Archosargus probatocephalus_A', 'Lutjanus griseus_SA']
    Lutjanus griseus_SA  <-  ['Archosargus probatocephalus_A']
    Archosargus probatocephalus_R  <-  ['Archosargus probatocephalus_A', 'Lagodon rhomboides_A']
  [BayesTransferMapped] 9 recipient → donor mappings:
    recipient   3 <- donors [6, 5]
    recipient   4 <- donors [6, 3]
    recipient  12 <- donors [6, 5]
    recipient  13 <- donors [6, 5]
    recipient   5 <- donors [6, 7]
    recipient  11 <- donors [10, 9]
    recipient   9 <- donors [0, 10]
    recipient  10 <- donors [0]
    recipient   1 <- donors [0, 7]
  [BayesTransferMapped] transfer_prior_std=0.600  warmstart_alpha=0.25

----- Epoch 0 (windowed) -----

###### Windowed train epoch 0 overall metrics
  loss: 0.1937 rmse: 25.736 r2: 0.003 corr: 0.056
***** Epoch 0 Val (windowed) *****
  loss: 0.0713 rmse: 30.176 r2: 0.004 corr: 0.068
********************
***** Epoch 0 Test (windowed) *****
  loss: 0.0715 rmse: 12.538 r2: 0.016 corr: 0.125
********************
  Epoch 0 done in 17.7s
  Saved best model → model/FIM_restoration_0412_stations_monthly/2012/gat-rnn-v2-windowed_bs-128_lr-0.001_maxepoch-50_testyear-2012_win-3_nwin-10_seed-0/model-0

----- Epoch 1 (windowed) -----

###### Windowed train epoch 1 overall metrics
  loss: 0.1891 rmse: 25.691 r2: 0.006 corr: 0.080
***** Epoch 1 Val (windowed) *****
  loss: 0.0693 rmse: 30.132 r2: 0.007 corr: 0.088
********************
***** Epoch 1 Test (windowed) *****
  loss: 0.0695 rmse: 12.473 r2: 0.026 corr: 0.161
********************
  Epoch 1 done in 15.8s
  Saved best model → model/FIM_restoration_0412_stations_monthly/2012/gat-rnn-v2-windowed_bs-128_lr-0.001_maxepoch-50_testyear-2012_win-3_nwin-10_seed-0/model-1

----- Epoch 2 (windowed) -----

###### Windowed train epoch 2 overall metrics
  loss: 0.1845 rmse: 25.625 r2: 0.011 corr: 0.108
***** Epoch 2 Val (windowed) *****
  loss: 0.0668 rmse: 30.045 r2: 0.013 corr: 0.128
********************
***** Epoch 2 Test (windowed) *****
  loss: 0.0671 rmse: 12.325 r2: 0.049 corr: 0.231
********************
  Epoch 2 done in 15.9s
  Saved best model → model/FIM_restoration_0412_stations_monthly/2012/gat-rnn-v2-windowed_bs-128_lr-0.001_maxepoch-50_testyear-2012_win-3_nwin-10_seed-0/model-2

----- Epoch 3 (windowed) -----

###### Windowed train epoch 3 overall metrics
  loss: 0.1791 rmse: 25.484 r2: 0.022 corr: 0.151
***** Epoch 3 Val (windowed) *****
  loss: 0.0642 rmse: 29.832 r2: 0.027 corr: 0.178
********************
***** Epoch 3 Test (windowed) *****
  loss: 0.0648 rmse: 12.068 r2: 0.088 corr: 0.301
********************
  Epoch 3 done in 15.8s
  Saved best model → model/FIM_restoration_0412_stations_monthly/2012/gat-rnn-v2-windowed_bs-128_lr-0.001_maxepoch-50_testyear-2012_win-3_nwin-10_seed-0/model-3

----- Epoch 4 (windowed) -----

###### Windowed train epoch 4 overall metrics
  loss: 0.1751 rmse: 25.294 r2: 0.037 corr: 0.193
***** Epoch 4 Val (windowed) *****
  loss: 0.0625 rmse: 29.753 r2: 0.032 corr: 0.192
********************
***** Epoch 4 Test (windowed) *****
  loss: 0.0633 rmse: 12.052 r2: 0.090 corr: 0.303
********************
  Epoch 4 done in 15.8s
  Saved best model → model/FIM_restoration_0412_stations_monthly/2012/gat-rnn-v2-windowed_bs-128_lr-0.001_maxepoch-50_testyear-2012_win-3_nwin-10_seed-0/model-4

----- Epoch 5 (windowed) -----

###### Windowed train epoch 5 overall metrics
  loss: 0.1714 rmse: 25.435 r2: 0.026 corr: 0.168
***** Epoch 5 Val (windowed) *****
  loss: 0.0610 rmse: 29.540 r2: 0.046 corr: 0.219
********************
***** Epoch 5 Test (windowed) *****
  loss: 0.0620 rmse: 12.028 r2: 0.094 corr: 0.321
********************
  Epoch 5 done in 15.8s
  Saved best model → model/FIM_restoration_0412_stations_monthly/2012/gat-rnn-v2-windowed_bs-128_lr-0.001_maxepoch-50_testyear-2012_win-3_nwin-10_seed-0/model-5

----- Epoch 6 (windowed) -----

###### Windowed train epoch 6 overall metrics
  loss: 0.1685 rmse: 25.568 r2: 0.016 corr: 0.176
***** Epoch 6 Val (windowed) *****
  loss: 0.0594 rmse: 29.572 r2: 0.044 corr: 0.211
********************
***** Epoch 6 Test (windowed) *****
  loss: 0.0607 rmse: 12.140 r2: 0.077 corr: 0.316
********************
  Epoch 6 done in 16.8s

----- Epoch 7 (windowed) -----

###### Windowed train epoch 7 overall metrics
  loss: 0.1660 rmse: 25.729 r2: 0.003 corr: 0.181
***** Epoch 7 Val (windowed) *****
  loss: 0.0583 rmse: 29.626 r2: 0.040 corr: 0.202
********************
***** Epoch 7 Test (windowed) *****
  loss: 0.0597 rmse: 12.120 r2: 0.080 corr: 0.318
********************
  Epoch 7 done in 17.8s

----- Epoch 8 (windowed) -----

###### Windowed train epoch 8 overall metrics
  loss: 0.1635 rmse: 26.060 r2: -0.022 corr: 0.168
***** Epoch 8 Val (windowed) *****
  loss: 0.0574 rmse: 29.516 r2: 0.047 corr: 0.220
********************
***** Epoch 8 Test (windowed) *****
  loss: 0.0589 rmse: 12.109 r2: 0.082 corr: 0.332
********************
  Epoch 8 done in 17.9s
  Saved best model → model/FIM_restoration_0412_stations_monthly/2012/gat-rnn-v2-windowed_bs-128_lr-0.001_maxepoch-50_testyear-2012_win-3_nwin-10_seed-0/model-8

----- Epoch 9 (windowed) -----

###### Windowed train epoch 9 overall metrics
  loss: 0.1612 rmse: 26.252 r2: -0.038 corr: 0.145
***** Epoch 9 Val (windowed) *****
  loss: 0.0566 rmse: 29.569 r2: 0.044 corr: 0.219
********************
***** Epoch 9 Test (windowed) *****
  loss: 0.0582 rmse: 11.869 r2: 0.118 corr: 0.352
********************
  Epoch 9 done in 17.3s

----- Epoch 10 (windowed) -----

###### Windowed train epoch 10 overall metrics
  loss: 0.1592 rmse: 25.983 r2: -0.016 corr: 0.189
***** Epoch 10 Val (windowed) *****
  loss: 0.0550 rmse: 29.575 r2: 0.044 corr: 0.211
********************
***** Epoch 10 Test (windowed) *****
  loss: 0.0579 rmse: 12.188 r2: 0.070 corr: 0.332
********************
  Epoch 10 done in 16.4s

----- Epoch 11 (windowed) -----

###### Windowed train epoch 11 overall metrics
  loss: 0.1570 rmse: 25.398 r2: 0.029 corr: 0.207
***** Epoch 11 Val (windowed) *****
  loss: 0.0577 rmse: 29.631 r2: 0.040 corr: 0.210
********************
***** Epoch 11 Test (windowed) *****
  loss: 0.0589 rmse: 11.997 r2: 0.099 corr: 0.333
********************
  Epoch 11 done in 16.3s

----- Epoch 12 (windowed) -----

###### Windowed train epoch 12 overall metrics
  loss: 0.1558 rmse: 25.163 r2: 0.047 corr: 0.227
***** Epoch 12 Val (windowed) *****
  loss: 0.0541 rmse: 29.390 r2: 0.056 corr: 0.245
********************
***** Epoch 12 Test (windowed) *****
  loss: 0.0583 rmse: 11.884 r2: 0.116 corr: 0.357
********************
  Epoch 12 done in 16.5s
  Saved best model → model/FIM_restoration_0412_stations_monthly/2012/gat-rnn-v2-windowed_bs-128_lr-0.001_maxepoch-50_testyear-2012_win-3_nwin-10_seed-0/model-12

----- Epoch 13 (windowed) -----

###### Windowed train epoch 13 overall metrics
  loss: 0.1532 rmse: 25.197 r2: 0.044 corr: 0.223
***** Epoch 13 Val (windowed) *****
  loss: 0.0530 rmse: 29.390 r2: 0.055 corr: 0.241
********************
***** Epoch 13 Test (windowed) *****
  loss: 0.0560 rmse: 12.026 r2: 0.094 corr: 0.357
********************
  Epoch 13 done in 16.3s

----- Epoch 14 (windowed) -----

###### Windowed train epoch 14 overall metrics
  loss: 0.1518 rmse: 25.093 r2: 0.052 corr: 0.236
***** Epoch 14 Val (windowed) *****
  loss: 0.0523 rmse: 29.289 r2: 0.062 corr: 0.256
********************
***** Epoch 14 Test (windowed) *****
  loss: 0.0554 rmse: 11.881 r2: 0.116 corr: 0.376
********************
  Epoch 14 done in 16.6s
  Saved best model → model/FIM_restoration_0412_stations_monthly/2012/gat-rnn-v2-windowed_bs-128_lr-0.001_maxepoch-50_testyear-2012_win-3_nwin-10_seed-0/model-14

----- Epoch 15 (windowed) -----

###### Windowed train epoch 15 overall metrics
  loss: 0.1504 rmse: 25.102 r2: 0.051 corr: 0.231
***** Epoch 15 Val (windowed) *****
  loss: 0.0535 rmse: 29.314 r2: 0.060 corr: 0.253
********************
***** Epoch 15 Test (windowed) *****
  loss: 0.0561 rmse: 11.895 r2: 0.114 corr: 0.377
********************
  Epoch 15 done in 16.2s

----- Epoch 16 (windowed) -----

###### Windowed train epoch 16 overall metrics
  loss: 0.1496 rmse: 24.977 r2: 0.061 corr: 0.252
***** Epoch 16 Val (windowed) *****
  loss: 0.0523 rmse: 29.314 r2: 0.060 corr: 0.254
********************
***** Epoch 16 Test (windowed) *****
  loss: 0.0550 rmse: 11.974 r2: 0.102 corr: 0.368
********************
  Epoch 16 done in 17.0s

----- Epoch 17 (windowed) -----

###### Windowed train epoch 17 overall metrics
  loss: 0.1504 rmse: 24.970 r2: 0.061 corr: 0.255
***** Epoch 17 Val (windowed) *****
  loss: 0.0522 rmse: 29.092 r2: 0.075 corr: 0.302
********************
***** Epoch 17 Test (windowed) *****
  loss: 0.0566 rmse: 11.605 r2: 0.157 corr: 0.400
********************
  Epoch 17 done in 17.6s
  Saved best model → model/FIM_restoration_0412_stations_monthly/2012/gat-rnn-v2-windowed_bs-128_lr-0.001_maxepoch-50_testyear-2012_win-3_nwin-10_seed-0/model-17

----- Epoch 18 (windowed) -----

###### Windowed train epoch 18 overall metrics
  loss: 0.1477 rmse: 24.932 r2: 0.064 corr: 0.257
***** Epoch 18 Val (windowed) *****
  loss: 0.0504 rmse: 29.040 r2: 0.078 corr: 0.289
********************
***** Epoch 18 Test (windowed) *****
  loss: 0.0553 rmse: 11.882 r2: 0.116 corr: 0.388
********************
  Epoch 18 done in 17.7s
  Saved best model → model/FIM_restoration_0412_stations_monthly/2012/gat-rnn-v2-windowed_bs-128_lr-0.001_maxepoch-50_testyear-2012_win-3_nwin-10_seed-0/model-18

----- Epoch 19 (windowed) -----

###### Windowed train epoch 19 overall metrics
  loss: 0.1466 rmse: 24.866 r2: 0.069 corr: 0.279
***** Epoch 19 Val (windowed) *****
  loss: 0.0503 rmse: 28.792 r2: 0.094 corr: 0.314
********************
***** Epoch 19 Test (windowed) *****
  loss: 0.0541 rmse: 12.002 r2: 0.098 corr: 0.411
********************
  Epoch 19 done in 17.7s
  Saved best model → model/FIM_restoration_0412_stations_monthly/2012/gat-rnn-v2-windowed_bs-128_lr-0.001_maxepoch-50_testyear-2012_win-3_nwin-10_seed-0/model-19

----- Epoch 20 (windowed) -----

###### Windowed train epoch 20 overall metrics
  loss: 0.1453 rmse: 25.338 r2: 0.033 corr: 0.235
***** Epoch 20 Val (windowed) *****
  loss: 0.0501 rmse: 28.961 r2: 0.083 corr: 0.302
********************
***** Epoch 20 Test (windowed) *****
  loss: 0.0537 rmse: 11.758 r2: 0.134 corr: 0.407
********************
  Epoch 20 done in 17.6s

----- Epoch 21 (windowed) -----

###### Windowed train epoch 21 overall metrics
  loss: 0.1453 rmse: 26.641 r2: -0.069 corr: 0.256
***** Epoch 21 Val (windowed) *****
  loss: 0.0505 rmse: 29.058 r2: 0.077 corr: 0.294
********************
***** Epoch 21 Test (windowed) *****
  loss: 0.0538 rmse: 11.725 r2: 0.139 corr: 0.401
********************
  Epoch 21 done in 17.8s

----- Epoch 22 (windowed) -----

###### Windowed train epoch 22 overall metrics
  loss: 0.1448 rmse: 24.999 r2: 0.059 corr: 0.249
***** Epoch 22 Val (windowed) *****
  loss: 0.0493 rmse: 29.101 r2: 0.074 corr: 0.290
********************
***** Epoch 22 Test (windowed) *****
  loss: 0.0532 rmse: 11.707 r2: 0.142 corr: 0.395
********************
  Epoch 22 done in 17.8s

----- Epoch 23 (windowed) -----

###### Windowed train epoch 23 overall metrics
  loss: 0.1434 rmse: 24.652 r2: 0.085 corr: 0.299
***** Epoch 23 Val (windowed) *****
  loss: 0.0487 rmse: 28.995 r2: 0.081 corr: 0.300
********************
***** Epoch 23 Test (windowed) *****
  loss: 0.0531 rmse: 11.762 r2: 0.134 corr: 0.397
********************
  Epoch 23 done in 17.5s

----- Epoch 24 (windowed) -----

###### Windowed train epoch 24 overall metrics
  loss: 0.1417 rmse: 24.880 r2: 0.068 corr: 0.310
***** Epoch 24 Val (windowed) *****
  loss: 0.0499 rmse: 28.767 r2: 0.095 corr: 0.312
********************
***** Epoch 24 Test (windowed) *****
  loss: 0.0566 rmse: 12.046 r2: 0.091 corr: 0.414
********************
  Epoch 24 done in 17.4s
  Saved best model → model/FIM_restoration_0412_stations_monthly/2012/gat-rnn-v2-windowed_bs-128_lr-0.001_maxepoch-50_testyear-2012_win-3_nwin-10_seed-0/model-24

----- Epoch 25 (windowed) -----

###### Windowed train epoch 25 overall metrics
  loss: 0.1408 rmse: 24.781 r2: 0.075 corr: 0.292
***** Epoch 25 Val (windowed) *****
  loss: 0.0480 rmse: 28.904 r2: 0.086 corr: 0.312
********************
***** Epoch 25 Test (windowed) *****
  loss: 0.0539 rmse: 11.673 r2: 0.147 corr: 0.406
********************
  Epoch 25 done in 17.3s

----- Epoch 26 (windowed) -----

###### Windowed train epoch 26 overall metrics
  loss: 0.1400 rmse: 24.001 r2: 0.133 corr: 0.368
***** Epoch 26 Val (windowed) *****
  loss: 0.0476 rmse: 28.639 r2: 0.103 corr: 0.333
********************
***** Epoch 26 Test (windowed) *****
  loss: 0.0536 rmse: 11.798 r2: 0.128 corr: 0.419
********************
  Epoch 26 done in 17.6s
  Saved best model → model/FIM_restoration_0412_stations_monthly/2012/gat-rnn-v2-windowed_bs-128_lr-0.001_maxepoch-50_testyear-2012_win-3_nwin-10_seed-0/model-26

----- Epoch 27 (windowed) -----

###### Windowed train epoch 27 overall metrics
  loss: 0.1394 rmse: 25.012 r2: 0.058 corr: 0.269
***** Epoch 27 Val (windowed) *****
  loss: 0.0477 rmse: 28.354 r2: 0.121 corr: 0.356
********************
***** Epoch 27 Test (windowed) *****
  loss: 0.0552 rmse: 12.036 r2: 0.093 corr: 0.429
********************
  Epoch 27 done in 17.6s
  Saved best model → model/FIM_restoration_0412_stations_monthly/2012/gat-rnn-v2-windowed_bs-128_lr-0.001_maxepoch-50_testyear-2012_win-3_nwin-10_seed-0/model-27

----- Epoch 28 (windowed) -----

###### Windowed train epoch 28 overall metrics
  loss: 0.1385 rmse: 24.206 r2: 0.118 corr: 0.354
***** Epoch 28 Val (windowed) *****
  loss: 0.0470 rmse: 28.362 r2: 0.120 corr: 0.361
********************
***** Epoch 28 Test (windowed) *****
  loss: 0.0531 rmse: 11.812 r2: 0.126 corr: 0.431
********************
  Epoch 28 done in 17.7s

----- Epoch 29 (windowed) -----

###### Windowed train epoch 29 overall metrics
  loss: 0.1372 rmse: 25.335 r2: 0.034 corr: 0.329
***** Epoch 29 Val (windowed) *****
  loss: 0.0469 rmse: 28.361 r2: 0.121 corr: 0.352
********************
***** Epoch 29 Test (windowed) *****
  loss: 0.0519 rmse: 12.934 r2: -0.047 corr: 0.413
********************
  Epoch 29 done in 17.6s

----- Epoch 30 (windowed) -----

###### Windowed train epoch 30 overall metrics
  loss: 0.1367 rmse: 23.492 r2: 0.169 corr: 0.420
***** Epoch 30 Val (windowed) *****
  loss: 0.0477 rmse: 28.464 r2: 0.114 corr: 0.347
********************
***** Epoch 30 Test (windowed) *****
  loss: 0.0525 rmse: 12.408 r2: 0.036 corr: 0.417
********************
  Epoch 30 done in 17.9s

----- Epoch 31 (windowed) -----

###### Windowed train epoch 31 overall metrics
  loss: 0.1366 rmse: 24.304 r2: 0.111 corr: 0.347
***** Epoch 31 Val (windowed) *****
  loss: 0.0491 rmse: 27.997 r2: 0.143 corr: 0.385
********************
***** Epoch 31 Test (windowed) *****
  loss: 0.0540 rmse: 13.821 r2: -0.196 corr: 0.443
********************
  Epoch 31 done in 17.5s
  Saved best model → model/FIM_restoration_0412_stations_monthly/2012/gat-rnn-v2-windowed_bs-128_lr-0.001_maxepoch-50_testyear-2012_win-3_nwin-10_seed-0/model-31

----- Epoch 32 (windowed) -----

###### Windowed train epoch 32 overall metrics
  loss: 0.1364 rmse: 22.652 r2: 0.227 corr: 0.483
***** Epoch 32 Val (windowed) *****
  loss: 0.0474 rmse: 28.318 r2: 0.123 corr: 0.356
********************
***** Epoch 32 Test (windowed) *****
  loss: 0.0524 rmse: 13.216 r2: -0.094 corr: 0.408
********************
  Epoch 32 done in 17.7s

----- Epoch 33 (windowed) -----

###### Windowed train epoch 33 overall metrics
  loss: 0.1355 rmse: 24.644 r2: 0.086 corr: 0.362
***** Epoch 33 Val (windowed) *****
  loss: 0.0475 rmse: 28.099 r2: 0.137 corr: 0.376
********************
***** Epoch 33 Test (windowed) *****
  loss: 0.0524 rmse: 13.493 r2: -0.140 corr: 0.418
********************
  Epoch 33 done in 17.8s

----- Epoch 34 (windowed) -----

###### Windowed train epoch 34 overall metrics
  loss: 0.1351 rmse: 29.781 r2: -0.335 corr: 0.301
***** Epoch 34 Val (windowed) *****
  loss: 0.0458 rmse: 29.469 r2: 0.050 corr: 0.232
********************
***** Epoch 34 Test (windowed) *****
  loss: 0.0513 rmse: 11.925 r2: 0.110 corr: 0.358
********************
  Epoch 34 done in 17.8s

----- Epoch 35 (windowed) -----

###### Windowed train epoch 35 overall metrics
  loss: 0.1339 rmse: 24.770 r2: 0.076 corr: 0.285
***** Epoch 35 Val (windowed) *****
  loss: 0.0458 rmse: 29.190 r2: 0.068 corr: 0.267
********************
***** Epoch 35 Test (windowed) *****
  loss: 0.0518 rmse: 12.662 r2: -0.004 corr: 0.376
********************
  Epoch 35 done in 17.7s

----- Epoch 36 (windowed) -----

###### Windowed train epoch 36 overall metrics
  loss: 0.1331 rmse: 25.493 r2: 0.022 corr: 0.226
***** Epoch 36 Val (windowed) *****
  loss: 0.0453 rmse: 29.031 r2: 0.078 corr: 0.287
********************
***** Epoch 36 Test (windowed) *****
  loss: 0.0512 rmse: 12.073 r2: 0.087 corr: 0.386
********************
  Epoch 36 done in 17.6s

----- Epoch 37 (windowed) -----

###### Windowed train epoch 37 overall metrics
  loss: 0.1323 rmse: 24.827 r2: 0.072 corr: 0.293
***** Epoch 37 Val (windowed) *****
  loss: 0.0453 rmse: 28.696 r2: 0.100 corr: 0.318
********************
***** Epoch 37 Test (windowed) *****
  loss: 0.0512 rmse: 13.064 r2: -0.069 corr: 0.384
********************
  Epoch 37 done in 17.3s

----- Epoch 38 (windowed) -----

###### Windowed train epoch 38 overall metrics
  loss: 0.1323 rmse: 23.807 r2: 0.147 corr: 0.408
***** Epoch 38 Val (windowed) *****
  loss: 0.0451 rmse: 28.623 r2: 0.104 corr: 0.328
********************
***** Epoch 38 Test (windowed) *****
  loss: 0.0515 rmse: 12.487 r2: 0.024 corr: 0.403
********************
  Epoch 38 done in 17.7s

----- Epoch 39 (windowed) -----

###### Windowed train epoch 39 overall metrics
  loss: 0.1317 rmse: 24.870 r2: 0.069 corr: 0.329
***** Epoch 39 Val (windowed) *****
  loss: 0.0452 rmse: 28.990 r2: 0.081 corr: 0.290
********************
***** Epoch 39 Test (windowed) *****
  loss: 0.0518 rmse: 12.506 r2: 0.021 corr: 0.389
********************
  Epoch 39 done in 17.7s

----- Epoch 40 (windowed) -----

###### Windowed train epoch 40 overall metrics
  loss: 0.1310 rmse: 24.937 r2: 0.064 corr: 0.272
***** Epoch 40 Val (windowed) *****
  loss: 0.0447 rmse: 28.951 r2: 0.084 corr: 0.294
********************
***** Epoch 40 Test (windowed) *****
  loss: 0.0510 rmse: 12.782 r2: -0.023 corr: 0.395
********************
  Epoch 40 done in 17.5s

----- Epoch 41 (windowed) -----

###### Windowed train epoch 41 overall metrics
  loss: 0.1301 rmse: 25.342 r2: 0.033 corr: 0.321
***** Epoch 41 Val (windowed) *****
  loss: 0.0445 rmse: 28.960 r2: 0.083 corr: 0.293
********************
***** Epoch 41 Test (windowed) *****
  loss: 0.0510 rmse: 12.941 r2: -0.049 corr: 0.383
********************
  Epoch 41 done in 17.5s

----- Epoch 42 (windowed) -----

###### Windowed train epoch 42 overall metrics
  loss: 0.1299 rmse: 24.490 r2: 0.097 corr: 0.337
***** Epoch 42 Val (windowed) *****
  loss: 0.0474 rmse: 29.256 r2: 0.064 corr: 0.261
********************
***** Epoch 42 Test (windowed) *****
  loss: 0.0530 rmse: 13.057 r2: -0.068 corr: 0.367
********************
  Epoch 42 done in 17.6s

----- Epoch 43 (windowed) -----

###### Windowed train epoch 43 overall metrics
  loss: 0.1299 rmse: 25.265 r2: 0.039 corr: 0.256
***** Epoch 43 Val (windowed) *****
  loss: 0.0444 rmse: 28.915 r2: 0.086 corr: 0.306
********************
***** Epoch 43 Test (windowed) *****
  loss: 0.0507 rmse: 13.900 r2: -0.210 corr: 0.385
********************
  Epoch 43 done in 17.4s

----- Epoch 44 (windowed) -----

###### Windowed train epoch 44 overall metrics
  loss: 0.1296 rmse: 24.680 r2: 0.083 corr: 0.314
***** Epoch 44 Val (windowed) *****
  loss: 0.0447 rmse: 28.449 r2: 0.115 corr: 0.345
********************
***** Epoch 44 Test (windowed) *****
  loss: 0.0512 rmse: 12.869 r2: -0.037 corr: 0.403
********************
  Epoch 44 done in 17.4s

----- Epoch 45 (windowed) -----

###### Windowed train epoch 45 overall metrics
  loss: 0.1287 rmse: 23.723 r2: 0.153 corr: 0.402
***** Epoch 45 Val (windowed) *****
  loss: 0.0453 rmse: 28.739 r2: 0.097 corr: 0.317
********************
***** Epoch 45 Test (windowed) *****
  loss: 0.0517 rmse: 13.411 r2: -0.126 corr: 0.387
********************
  Epoch 45 done in 17.6s

----- Epoch 46 (windowed) -----

###### Windowed train epoch 46 overall metrics
  loss: 0.1284 rmse: 24.209 r2: 0.118 corr: 0.377
***** Epoch 46 Val (windowed) *****
  loss: 0.0441 rmse: 28.522 r2: 0.110 corr: 0.336
********************
***** Epoch 46 Test (windowed) *****
  loss: 0.0503 rmse: 13.238 r2: -0.097 corr: 0.399
********************
  Epoch 46 done in 17.6s

----- Epoch 47 (windowed) -----

###### Windowed train epoch 47 overall metrics
  loss: 0.1279 rmse: 23.879 r2: 0.142 corr: 0.389
***** Epoch 47 Val (windowed) *****
  loss: 0.0445 rmse: 28.547 r2: 0.109 corr: 0.342
********************
***** Epoch 47 Test (windowed) *****
  loss: 0.0513 rmse: 14.797 r2: -0.371 corr: 0.390
********************
  Epoch 47 done in 17.5s

----- Epoch 48 (windowed) -----

###### Windowed train epoch 48 overall metrics
  loss: 0.1273 rmse: 24.308 r2: 0.110 corr: 0.343
***** Epoch 48 Val (windowed) *****
  loss: 0.0441 rmse: 28.846 r2: 0.090 corr: 0.308
********************
***** Epoch 48 Test (windowed) *****
  loss: 0.0506 rmse: 14.024 r2: -0.231 corr: 0.380
********************
  Epoch 48 done in 17.4s

----- Epoch 49 (windowed) -----

###### Windowed train epoch 49 overall metrics
  loss: 0.1267 rmse: 25.394 r2: 0.029 corr: 0.282
***** Epoch 49 Val (windowed) *****
  loss: 0.0449 rmse: 28.727 r2: 0.098 corr: 0.318
********************
***** Epoch 49 Test (windowed) *****
  loss: 0.0517 rmse: 14.338 r2: -0.287 corr: 0.377
********************
  Epoch 49 done in 17.4s
Fold done — best val RMSE=27.9965 test R²=-0.1961 corr=0.4428

================================================================
Rolling-windowed  test_year=2013
  Val  : 2012
  Test : 2013
  win_size=3  n_windows=10
================================================================
Initially data (54319, 166)
After filtering (31272, 166)
get_X_Y
X shape (31272, 130)
Y shape (31272, 34)
Y (output) means tensor([[0.1417, 0.0112, 0.2628, 0.1501, 0.0152, 0.0632, 0.1666, 0.6606, 0.9215,
         0.0213, 0.0409, 0.0127, 0.0738, 0.1403, 1.0341, 0.9393, 0.3591, 0.4006,
         0.9528, 0.3792, 0.1915, 0.2270, 0.4408, 0.1813, 0.3923, 0.4544, 0.2896,
         0.7163, 0.5321, 0.1525, 0.2699, 0.1063, 0.1298, 0.1329]]) stds tensor([[0.4722, 0.1316, 0.6428, 0.5588, 0.1458, 0.3083, 0.5297, 1.4511, 1.6531,
         0.1835, 0.2743, 0.1529, 0.4004, 0.4492, 2.1110, 1.6199, 0.8737, 1.1838,
         1.6841, 0.9117, 0.5399, 0.6981, 1.1256, 0.6029, 0.9758, 1.0226, 0.7271,
         1.4816, 1.0698, 0.4482, 0.8235, 0.3442, 0.3966, 0.3776]])
Y count-scale means tensor([[4.7768e-01, 3.2624e-02, 1.0507e+00, 7.9737e-01, 3.9578e-02, 2.1787e-01,
         6.2541e-01, 1.4611e+01, 3.3870e+01, 6.5101e-02, 1.6856e-01, 4.4017e-02,
         4.7901e-01, 4.2290e-01, 2.5241e+02, 1.9589e+01, 2.8240e+00, 1.5088e+01,
         3.1115e+01, 2.9728e+00, 6.3606e-01, 1.5746e+00, 8.3458e+00, 1.8196e+00,
         3.3780e+00, 4.0329e+00, 1.3603e+00, 3.9235e+01, 6.8644e+00, 4.5204e-01,
         2.9534e+00, 2.2741e-01, 3.0934e-01, 2.7908e-01]]) stds tensor([[3.4002e+00, 6.2538e-01, 6.3290e+00, 6.3890e+00, 6.2082e-01, 4.2347e+00,
         4.0371e+00, 7.3905e+01, 2.3217e+02, 9.9105e-01, 2.5418e+00, 7.6718e-01,
         8.4774e+00, 2.6510e+00, 2.8916e+03, 9.0018e+01, 2.0524e+01, 1.8192e+02,
         2.5011e+02, 1.7728e+01, 3.3486e+00, 1.4802e+01, 7.5585e+01, 5.4200e+01,
         1.6659e+01, 2.3203e+01, 7.4829e+00, 1.0125e+03, 8.4400e+01, 5.1513e+00,
         2.5773e+01, 1.0229e+00, 1.4753e+00, 1.1241e+00]])
Loaded per-window (calendar) month weights from analysis/figures/month_weights_per_window.npz: cube.shape=(25, 12, 34)
/Users/liyingnceas/GitHub/GNN-RNN-main/gnn-lstm-v3/utils/data_utils.py:264: RuntimeWarning: Mean of empty slice
  np.nanmean(county_dict[county], axis=0).astype(np.float32)
Filled 78616 missing (node, year) entries from neighbors or year averages
[2D] Station nodes: 587, adj nnz: 2910
[build_year_XY_windowed] data_start=1998, min_pred_year=2009, test_year=2013, win_size=3, n_windows=10
  built windows for T=2009
[build_year_XY_windowed] built windowed XY for 5 prediction years (2009–2013)
  GAT_RNN_V2: edge_feat_dim=3, n_heads=4, n_hidden=64
  [Bayes] Species rarity weights (mean=1): min=0.71 max=1.67  (rarest=Centropomus undecimalis_SA)
  [CrossDonor] Ecological cross-donor map (9 recipients):
    Centropomus undecimalis_A  <-  ['Cynoscion nebulosus_R', 'Cynoscion nebulosus_A']
    Centropomus undecimalis_SA  <-  ['Cynoscion nebulosus_R', 'Centropomus undecimalis_A']
    Sciaenops ocellatus_R  <-  ['Cynoscion nebulosus_R', 'Cynoscion nebulosus_A']
    Sciaenops ocellatus_SA  <-  ['Cynoscion nebulosus_R', 'Cynoscion nebulosus_A']
    Cynoscion nebulosus_A  <-  ['Cynoscion nebulosus_R', 'Lagodon rhomboides_A']
    Mycteroperca microlepis_SA  <-  ['Lutjanus griseus_SA', 'Lutjanus griseus_R']
    Lutjanus griseus_R  <-  ['Archosargus probatocephalus_A', 'Lutjanus griseus_SA']
    Lutjanus griseus_SA  <-  ['Archosargus probatocephalus_A']
    Archosargus probatocephalus_R  <-  ['Archosargus probatocephalus_A', 'Lagodon rhomboides_A']
  [BayesTransferMapped] 9 recipient → donor mappings:
    recipient   3 <- donors [6, 5]
    recipient   4 <- donors [6, 3]
    recipient  12 <- donors [6, 5]
    recipient  13 <- donors [6, 5]
    recipient   5 <- donors [6, 7]
    recipient  11 <- donors [10, 9]
    recipient   9 <- donors [0, 10]
    recipient  10 <- donors [0]
    recipient   1 <- donors [0, 7]
  [BayesTransferMapped] transfer_prior_std=0.600  warmstart_alpha=0.25

----- Epoch 0 (windowed) -----

###### Windowed train epoch 0 overall metrics
  loss: 0.1923 rmse: 23.136 r2: 0.006 corr: 0.077
***** Epoch 0 Val (windowed) *****
  loss: 0.0704 rmse: 12.496 r2: 0.024 corr: 0.155
********************
***** Epoch 0 Test (windowed) *****
  loss: 0.0706 rmse: 9.468 r2: 0.030 corr: 0.176
********************
  Epoch 0 done in 21.7s
  Saved best model → model/FIM_restoration_0412_stations_monthly/2013/gat-rnn-v2-windowed_bs-128_lr-0.001_maxepoch-50_testyear-2013_win-3_nwin-10_seed-0/model-0

----- Epoch 1 (windowed) -----

###### Windowed train epoch 1 overall metrics
  loss: 0.1853 rmse: 23.096 r2: 0.009 corr: 0.096
***** Epoch 1 Val (windowed) *****
  loss: 0.0670 rmse: 12.406 r2: 0.038 corr: 0.196
********************
***** Epoch 1 Test (windowed) *****
  loss: 0.0674 rmse: 9.379 r2: 0.048 corr: 0.222
********************
  Epoch 1 done in 21.9s
  Saved best model → model/FIM_restoration_0412_stations_monthly/2013/gat-rnn-v2-windowed_bs-128_lr-0.001_maxepoch-50_testyear-2013_win-3_nwin-10_seed-0/model-1

----- Epoch 2 (windowed) -----

###### Windowed train epoch 2 overall metrics
  loss: 0.1791 rmse: 22.943 r2: 0.022 corr: 0.151
***** Epoch 2 Val (windowed) *****
  loss: 0.0644 rmse: 12.210 r2: 0.068 corr: 0.264
********************
***** Epoch 2 Test (windowed) *****
  loss: 0.0646 rmse: 9.170 r2: 0.090 corr: 0.305
********************
  Epoch 2 done in 21.7s
  Saved best model → model/FIM_restoration_0412_stations_monthly/2013/gat-rnn-v2-windowed_bs-128_lr-0.001_maxepoch-50_testyear-2013_win-3_nwin-10_seed-0/model-2

----- Epoch 3 (windowed) -----

###### Windowed train epoch 3 overall metrics
  loss: 0.1742 rmse: 22.840 r2: 0.031 corr: 0.193
***** Epoch 3 Val (windowed) *****
  loss: 0.0622 rmse: 11.889 r2: 0.116 corr: 0.345
********************
***** Epoch 3 Test (windowed) *****
  loss: 0.0623 rmse: 8.854 r2: 0.152 corr: 0.402
********************
  Epoch 3 done in 21.8s
  Saved best model → model/FIM_restoration_0412_stations_monthly/2013/gat-rnn-v2-windowed_bs-128_lr-0.001_maxepoch-50_testyear-2013_win-3_nwin-10_seed-0/model-3

----- Epoch 4 (windowed) -----

###### Windowed train epoch 4 overall metrics
  loss: 0.1701 rmse: 23.781 r2: -0.051 corr: 0.198
***** Epoch 4 Val (windowed) *****
  loss: 0.0607 rmse: 12.012 r2: 0.098 corr: 0.353
********************
***** Epoch 4 Test (windowed) *****
  loss: 0.0616 rmse: 9.095 r2: 0.105 corr: 0.408
********************
  Epoch 4 done in 22.3s

----- Epoch 5 (windowed) -----

###### Windowed train epoch 5 overall metrics
  loss: 0.1667 rmse: 23.738 r2: -0.047 corr: 0.199
***** Epoch 5 Val (windowed) *****
  loss: 0.0593 rmse: 11.915 r2: 0.112 corr: 0.350
********************
***** Epoch 5 Test (windowed) *****
  loss: 0.0599 rmse: 8.951 r2: 0.133 corr: 0.403
********************
  Epoch 5 done in 22.0s

----- Epoch 6 (windowed) -----

###### Windowed train epoch 6 overall metrics
  loss: 0.1634 rmse: 24.139 r2: -0.082 corr: 0.176
***** Epoch 6 Val (windowed) *****
  loss: 0.0581 rmse: 12.057 r2: 0.091 corr: 0.325
********************
***** Epoch 6 Test (windowed) *****
  loss: 0.0590 rmse: 9.186 r2: 0.087 corr: 0.364
********************
  Epoch 6 done in 22.0s

----- Epoch 7 (windowed) -----

###### Windowed train epoch 7 overall metrics
  loss: 0.1609 rmse: 23.215 r2: -0.001 corr: 0.217
***** Epoch 7 Val (windowed) *****
  loss: 0.0566 rmse: 12.084 r2: 0.087 corr: 0.370
********************
***** Epoch 7 Test (windowed) *****
  loss: 0.0578 rmse: 9.325 r2: 0.059 corr: 0.412
********************
  Epoch 7 done in 21.9s

----- Epoch 8 (windowed) -----

###### Windowed train epoch 8 overall metrics
  loss: 0.1582 rmse: 24.364 r2: -0.103 corr: 0.165
***** Epoch 8 Val (windowed) *****
  loss: 0.0562 rmse: 12.168 r2: 0.074 corr: 0.369
********************
***** Epoch 8 Test (windowed) *****
  loss: 0.0578 rmse: 9.453 r2: 0.033 corr: 0.403
********************
  Epoch 8 done in 22.0s

----- Epoch 9 (windowed) -----

###### Windowed train epoch 9 overall metrics
  loss: 0.1561 rmse: 23.062 r2: 0.012 corr: 0.207
***** Epoch 9 Val (windowed) *****
  loss: 0.0550 rmse: 12.163 r2: 0.075 corr: 0.336
********************
***** Epoch 9 Test (windowed) *****
  loss: 0.0569 rmse: 9.407 r2: 0.042 corr: 0.358
********************
  Epoch 9 done in 21.8s

----- Epoch 10 (windowed) -----

###### Windowed train epoch 10 overall metrics
  loss: 0.1537 rmse: 23.152 r2: 0.004 corr: 0.234
***** Epoch 10 Val (windowed) *****
  loss: 0.0544 rmse: 11.830 r2: 0.125 corr: 0.392
********************
***** Epoch 10 Test (windowed) *****
  loss: 0.0570 rmse: 9.070 r2: 0.110 corr: 0.420
********************
  Epoch 10 done in 22.1s
  Saved best model → model/FIM_restoration_0412_stations_monthly/2013/gat-rnn-v2-windowed_bs-128_lr-0.001_maxepoch-50_testyear-2013_win-3_nwin-10_seed-0/model-10

----- Epoch 11 (windowed) -----

###### Windowed train epoch 11 overall metrics
  loss: 0.1523 rmse: 24.588 r2: -0.123 corr: 0.180
***** Epoch 11 Val (windowed) *****
  loss: 0.0536 rmse: 12.121 r2: 0.081 corr: 0.352
********************
***** Epoch 11 Test (windowed) *****
  loss: 0.0554 rmse: 9.439 r2: 0.036 corr: 0.366
********************
  Epoch 11 done in 22.0s

----- Epoch 12 (windowed) -----

###### Windowed train epoch 12 overall metrics
  loss: 0.1507 rmse: 23.066 r2: 0.012 corr: 0.197
***** Epoch 12 Val (windowed) *****
  loss: 0.0530 rmse: 12.111 r2: 0.083 corr: 0.381
********************
***** Epoch 12 Test (windowed) *****
  loss: 0.0553 rmse: 9.540 r2: 0.015 corr: 0.393
********************
  Epoch 12 done in 21.8s

----- Epoch 13 (windowed) -----

###### Windowed train epoch 13 overall metrics
  loss: 0.1493 rmse: 23.295 r2: -0.008 corr: 0.226
***** Epoch 13 Val (windowed) *****
  loss: 0.0527 rmse: 11.902 r2: 0.114 corr: 0.360
********************
***** Epoch 13 Test (windowed) *****
  loss: 0.0555 rmse: 9.138 r2: 0.096 corr: 0.377
********************
  Epoch 13 done in 21.4s

----- Epoch 14 (windowed) -----

###### Windowed train epoch 14 overall metrics
  loss: 0.1481 rmse: 23.030 r2: 0.015 corr: 0.207
***** Epoch 14 Val (windowed) *****
  loss: 0.0517 rmse: 12.774 r2: -0.020 corr: 0.351
********************
***** Epoch 14 Test (windowed) *****
  loss: 0.0542 rmse: 10.268 r2: -0.141 corr: 0.364
********************
  Epoch 14 done in 22.0s

----- Epoch 15 (windowed) -----

###### Windowed train epoch 15 overall metrics
  loss: 0.1480 rmse: 23.505 r2: -0.026 corr: 0.229
***** Epoch 15 Val (windowed) *****
  loss: 0.0547 rmse: 12.563 r2: 0.013 corr: 0.322
********************
***** Epoch 15 Test (windowed) *****
  loss: 0.0578 rmse: 10.014 r2: -0.085 corr: 0.325
********************
  Epoch 15 done in 21.7s

----- Epoch 16 (windowed) -----

###### Windowed train epoch 16 overall metrics
  loss: 0.1462 rmse: 23.173 r2: 0.003 corr: 0.210
***** Epoch 16 Val (windowed) *****
  loss: 0.0515 rmse: 12.600 r2: 0.007 corr: 0.346
********************
***** Epoch 16 Test (windowed) *****
  loss: 0.0536 rmse: 9.989 r2: -0.080 corr: 0.362
********************
  Epoch 16 done in 22.0s

----- Epoch 17 (windowed) -----

###### Windowed train epoch 17 overall metrics
  loss: 0.1454 rmse: 23.377 r2: -0.015 corr: 0.207
***** Epoch 17 Val (windowed) *****
  loss: 0.0505 rmse: 12.180 r2: 0.073 corr: 0.361
********************
***** Epoch 17 Test (windowed) *****
  loss: 0.0536 rmse: 9.507 r2: 0.022 corr: 0.383
********************
  Epoch 17 done in 22.1s

----- Epoch 18 (windowed) -----

###### Windowed train epoch 18 overall metrics
  loss: 0.1432 rmse: 23.515 r2: -0.027 corr: 0.213
***** Epoch 18 Val (windowed) *****
  loss: 0.0509 rmse: 12.626 r2: 0.003 corr: 0.333
********************
***** Epoch 18 Test (windowed) *****
  loss: 0.0540 rmse: 10.132 r2: -0.111 corr: 0.342
********************
  Epoch 18 done in 21.9s

----- Epoch 19 (windowed) -----

###### Windowed train epoch 19 overall metrics
  loss: 0.1419 rmse: 25.077 r2: -0.168 corr: 0.191
***** Epoch 19 Val (windowed) *****
  loss: 0.0493 rmse: 12.944 r2: -0.047 corr: 0.322
********************
***** Epoch 19 Test (windowed) *****
  loss: 0.0532 rmse: 10.477 r2: -0.188 corr: 0.329
********************
  Epoch 19 done in 22.0s

----- Epoch 20 (windowed) -----

###### Windowed train epoch 20 overall metrics
  loss: 0.1410 rmse: 22.906 r2: 0.025 corr: 0.237
***** Epoch 20 Val (windowed) *****
  loss: 0.0508 rmse: 12.678 r2: -0.005 corr: 0.337
********************
***** Epoch 20 Test (windowed) *****
  loss: 0.0549 rmse: 10.345 r2: -0.158 corr: 0.341
********************
  Epoch 20 done in 22.0s

----- Epoch 21 (windowed) -----

###### Windowed train epoch 21 overall metrics
  loss: 0.1408 rmse: 23.841 r2: -0.056 corr: 0.233
***** Epoch 21 Val (windowed) *****
  loss: 0.0491 rmse: 12.623 r2: 0.004 corr: 0.343
********************
***** Epoch 21 Test (windowed) *****
  loss: 0.0528 rmse: 10.187 r2: -0.123 corr: 0.352
********************
  Epoch 21 done in 22.3s

----- Epoch 22 (windowed) -----

###### Windowed train epoch 22 overall metrics
  loss: 0.1392 rmse: 23.338 r2: -0.012 corr: 0.215
***** Epoch 22 Val (windowed) *****
  loss: 0.0494 rmse: 12.424 r2: 0.035 corr: 0.381
********************
***** Epoch 22 Test (windowed) *****
  loss: 0.0534 rmse: 10.075 r2: -0.098 corr: 0.392
********************
  Epoch 22 done in 21.9s

----- Epoch 23 (windowed) -----

###### Windowed train epoch 23 overall metrics
  loss: 0.1381 rmse: 23.306 r2: -0.009 corr: 0.203
***** Epoch 23 Val (windowed) *****
  loss: 0.0491 rmse: 13.102 r2: -0.073 corr: 0.367
********************
***** Epoch 23 Test (windowed) *****
  loss: 0.0530 rmse: 10.972 r2: -0.303 corr: 0.376
********************
  Epoch 23 done in 22.0s

----- Epoch 24 (windowed) -----

###### Windowed train epoch 24 overall metrics
  loss: 0.1380 rmse: 24.399 r2: -0.106 corr: 0.175
***** Epoch 24 Val (windowed) *****
  loss: 0.0492 rmse: 12.658 r2: -0.002 corr: 0.333
********************
***** Epoch 24 Test (windowed) *****
  loss: 0.0542 rmse: 10.317 r2: -0.152 corr: 0.329
********************
  Epoch 24 done in 22.1s

----- Epoch 25 (windowed) -----

###### Windowed train epoch 25 overall metrics
  loss: 0.1372 rmse: 23.403 r2: -0.017 corr: 0.197
***** Epoch 25 Val (windowed) *****
  loss: 0.0486 rmse: 12.107 r2: 0.084 corr: 0.377
********************
***** Epoch 25 Test (windowed) *****
  loss: 0.0532 rmse: 9.667 r2: -0.011 corr: 0.379
********************
  Epoch 25 done in 21.7s

----- Epoch 26 (windowed) -----

###### Windowed train epoch 26 overall metrics
  loss: 0.1354 rmse: 24.997 r2: -0.161 corr: 0.236
***** Epoch 26 Val (windowed) *****
  loss: 0.0475 rmse: 12.503 r2: 0.023 corr: 0.360
********************
***** Epoch 26 Test (windowed) *****
  loss: 0.0520 rmse: 10.134 r2: -0.111 corr: 0.372
********************
  Epoch 26 done in 22.2s

----- Epoch 27 (windowed) -----

###### Windowed train epoch 27 overall metrics
  loss: 0.1350 rmse: 23.621 r2: -0.036 corr: 0.198
***** Epoch 27 Val (windowed) *****
  loss: 0.0474 rmse: 12.727 r2: -0.013 corr: 0.364
********************
***** Epoch 27 Test (windowed) *****
  loss: 0.0517 rmse: 10.454 r2: -0.183 corr: 0.374
********************
  Epoch 27 done in 21.5s

----- Epoch 28 (windowed) -----

###### Windowed train epoch 28 overall metrics
  loss: 0.1345 rmse: 23.402 r2: -0.017 corr: 0.227
***** Epoch 28 Val (windowed) *****
  loss: 0.0473 rmse: 12.320 r2: 0.051 corr: 0.383
********************
***** Epoch 28 Test (windowed) *****
  loss: 0.0517 rmse: 9.850 r2: -0.050 corr: 0.404
********************
  Epoch 28 done in 22.0s

----- Epoch 29 (windowed) -----

###### Windowed train epoch 29 overall metrics
  loss: 0.1342 rmse: 23.538 r2: -0.029 corr: 0.226
***** Epoch 29 Val (windowed) *****
  loss: 0.0472 rmse: 13.742 r2: -0.181 corr: 0.364
********************
***** Epoch 29 Test (windowed) *****
  loss: 0.0518 rmse: 11.501 r2: -0.431 corr: 0.362
********************
  Epoch 29 done in 21.8s

----- Epoch 30 (windowed) -----

###### Windowed train epoch 30 overall metrics
  loss: 0.1337 rmse: 24.056 r2: -0.075 corr: 0.211
***** Epoch 30 Val (windowed) *****
  loss: 0.0472 rmse: 13.155 r2: -0.082 corr: 0.373
********************
***** Epoch 30 Test (windowed) *****
  loss: 0.0518 rmse: 10.893 r2: -0.284 corr: 0.384
********************
  Epoch 30 done in 22.4s

----- Epoch 31 (windowed) -----

###### Windowed train epoch 31 overall metrics
  loss: 0.1321 rmse: 23.434 r2: -0.020 corr: 0.223
***** Epoch 31 Val (windowed) *****
  loss: 0.0466 rmse: 12.109 r2: 0.083 corr: 0.373
********************
***** Epoch 31 Test (windowed) *****
  loss: 0.0514 rmse: 9.559 r2: 0.011 corr: 0.394
********************
  Epoch 31 done in 22.1s

----- Epoch 32 (windowed) -----

###### Windowed train epoch 32 overall metrics
  loss: 0.1318 rmse: 23.517 r2: -0.027 corr: 0.226
***** Epoch 32 Val (windowed) *****
  loss: 0.0466 rmse: 12.587 r2: 0.009 corr: 0.378
********************
***** Epoch 32 Test (windowed) *****
  loss: 0.0508 rmse: 10.190 r2: -0.124 corr: 0.385
********************
  Epoch 32 done in 21.9s

----- Epoch 33 (windowed) -----

###### Windowed train epoch 33 overall metrics
  loss: 0.1310 rmse: 23.520 r2: -0.028 corr: 0.217
***** Epoch 33 Val (windowed) *****
  loss: 0.0470 rmse: 13.052 r2: -0.065 corr: 0.381
********************
***** Epoch 33 Test (windowed) *****
  loss: 0.0530 rmse: 10.967 r2: -0.302 corr: 0.389
********************
  Epoch 33 done in 21.8s

----- Epoch 34 (windowed) -----

###### Windowed train epoch 34 overall metrics
  loss: 0.1305 rmse: 22.961 r2: 0.021 corr: 0.261
***** Epoch 34 Val (windowed) *****
  loss: 0.0461 rmse: 12.762 r2: -0.018 corr: 0.395
********************
***** Epoch 34 Test (windowed) *****
  loss: 0.0509 rmse: 10.258 r2: -0.139 corr: 0.421
********************
  Epoch 34 done in 21.6s

----- Epoch 35 (windowed) -----

###### Windowed train epoch 35 overall metrics
  loss: 0.1300 rmse: 24.647 r2: -0.128 corr: 0.194
***** Epoch 35 Val (windowed) *****
  loss: 0.0475 rmse: 12.393 r2: 0.040 corr: 0.339
********************
***** Epoch 35 Test (windowed) *****
  loss: 0.0532 rmse: 9.979 r2: -0.078 corr: 0.343
********************
  Epoch 35 done in 22.0s

----- Epoch 36 (windowed) -----

###### Windowed train epoch 36 overall metrics
  loss: 0.1293 rmse: 25.209 r2: -0.180 corr: 0.190
***** Epoch 36 Val (windowed) *****
  loss: 0.0460 rmse: 12.567 r2: 0.013 corr: 0.343
********************
***** Epoch 36 Test (windowed) *****
  loss: 0.0509 rmse: 10.198 r2: -0.125 corr: 0.346
********************
  Epoch 36 done in 21.9s

----- Epoch 37 (windowed) -----

###### Windowed train epoch 37 overall metrics
  loss: 0.1289 rmse: 23.685 r2: -0.042 corr: 0.226
***** Epoch 37 Val (windowed) *****
  loss: 0.0467 rmse: 13.598 r2: -0.156 corr: 0.359
********************
***** Epoch 37 Test (windowed) *****
  loss: 0.0518 rmse: 11.595 r2: -0.455 corr: 0.370
********************
  Epoch 37 done in 21.8s

----- Epoch 38 (windowed) -----

###### Windowed train epoch 38 overall metrics
  loss: 0.1284 rmse: 23.819 r2: -0.054 corr: 0.201
***** Epoch 38 Val (windowed) *****
  loss: 0.0461 rmse: 12.606 r2: 0.006 corr: 0.375
********************
***** Epoch 38 Test (windowed) *****
  loss: 0.0510 rmse: 10.202 r2: -0.126 corr: 0.395
********************
  Epoch 38 done in 22.0s

----- Epoch 39 (windowed) -----

###### Windowed train epoch 39 overall metrics
  loss: 0.1275 rmse: 23.312 r2: -0.009 corr: 0.235
***** Epoch 39 Val (windowed) *****
  loss: 0.0474 rmse: 13.399 r2: -0.122 corr: 0.343
********************
***** Epoch 39 Test (windowed) *****
  loss: 0.0533 rmse: 11.252 r2: -0.370 corr: 0.346
********************
  Epoch 39 done in 22.2s

----- Epoch 40 (windowed) -----

###### Windowed train epoch 40 overall metrics
  loss: 0.1276 rmse: 25.581 r2: -0.216 corr: 0.172
***** Epoch 40 Val (windowed) *****
  loss: 0.0457 rmse: 12.709 r2: -0.010 corr: 0.329
********************
***** Epoch 40 Test (windowed) *****
  loss: 0.0516 rmse: 10.426 r2: -0.176 corr: 0.328
********************
  Epoch 40 done in 21.7s
  [EarlyStop] No val_rmse improvement for 30 epochs (patience=30). Stopping fold at epoch 40.
Fold done — best val RMSE=11.8303 test R²=0.1097 corr=0.4197

================================================================
Rolling-windowed  test_year=2014
  Val  : 2013
  Test : 2014
  win_size=3  n_windows=10
================================================================
Initially data (54319, 166)
After filtering (33349, 166)
get_X_Y
X shape (33349, 130)
Y shape (33349, 34)
Y (output) means tensor([[0.1413, 0.0112, 0.2588, 0.1486, 0.0158, 0.0633, 0.1654, 0.6729, 0.9097,
         0.0232, 0.0415, 0.0122, 0.0728, 0.1400, 1.0255, 0.9593, 0.3527, 0.3951,
         0.9349, 0.3719, 0.1884, 0.2257, 0.4464, 0.1854, 0.3983, 0.4554, 0.2890,
         0.6964, 0.5309, 0.1508, 0.2793, 0.1060, 0.1302, 0.1330]]) stds tensor([[0.4695, 0.1307, 0.6365, 0.5543, 0.1488, 0.3080, 0.5266, 1.4624, 1.6381,
         0.1933, 0.2753, 0.1486, 0.3957, 0.4479, 2.0993, 1.6309, 0.8633, 1.1749,
         1.6661, 0.9003, 0.5335, 0.6942, 1.1293, 0.6099, 0.9771, 1.0177, 0.7256,
         1.4547, 1.0646, 0.4459, 0.8349, 0.3422, 0.3961, 0.3773]])
Y count-scale means tensor([[4.6989e-01, 3.2253e-02, 1.0255e+00, 7.8010e-01, 4.1311e-02, 2.1462e-01,
         6.1640e-01, 1.4729e+01, 3.2601e+01, 7.2568e-02, 1.6758e-01, 4.1551e-02,
         4.6042e-01, 4.2096e-01, 2.4440e+02, 1.9778e+01, 2.7245e+00, 1.4645e+01,
         2.9753e+01, 2.8720e+00, 6.1722e-01, 1.5432e+00, 8.6217e+00, 1.8001e+00,
         3.3597e+00, 3.9473e+00, 1.3453e+00, 3.6798e+01, 6.6339e+00, 4.4330e-01,
         2.9949e+00, 2.2494e-01, 3.0835e-01, 2.7871e-01]]) stds tensor([[3.3118e+00, 6.2025e-01, 6.2501e+00, 6.2437e+00, 6.3738e-01, 4.0883e+00,
         3.9653e+00, 7.2936e+01, 2.2494e+02, 1.0581e+00, 2.4707e+00, 7.4082e-01,
         8.1820e+00, 2.6878e+00, 2.8060e+03, 8.8625e+01, 1.9914e+01, 1.7619e+02,
         2.4191e+02, 1.7276e+01, 3.2516e+00, 1.4442e+01, 8.8757e+01, 5.2336e+01,
         1.6457e+01, 2.2632e+01, 7.3086e+00, 9.7556e+02, 8.1498e+01, 4.9792e+00,
         2.5509e+01, 1.0046e+00, 1.4564e+00, 1.1145e+00]])
Loaded per-window (calendar) month weights from analysis/figures/month_weights_per_window.npz: cube.shape=(25, 12, 34)
/Users/liyingnceas/GitHub/GNN-RNN-main/gnn-lstm-v3/utils/data_utils.py:264: RuntimeWarning: Mean of empty slice
  np.nanmean(county_dict[county], axis=0).astype(np.float32)
Filled 83815 missing (node, year) entries from neighbors or year averages
[2D] Station nodes: 587, adj nnz: 2910
[build_year_XY_windowed] data_start=1998, min_pred_year=2009, test_year=2014, win_size=3, n_windows=10
  built windows for T=2009
  built windows for T=2014
[build_year_XY_windowed] built windowed XY for 6 prediction years (2009–2014)
  GAT_RNN_V2: edge_feat_dim=3, n_heads=4, n_hidden=64
  [Bayes] Species rarity weights (mean=1): min=0.70 max=1.68  (rarest=Centropomus undecimalis_SA)
  [CrossDonor] Ecological cross-donor map (9 recipients):
    Centropomus undecimalis_A  <-  ['Cynoscion nebulosus_R', 'Cynoscion nebulosus_A']
    Centropomus undecimalis_SA  <-  ['Cynoscion nebulosus_R', 'Centropomus undecimalis_A']
    Sciaenops ocellatus_R  <-  ['Cynoscion nebulosus_R', 'Cynoscion nebulosus_A']
    Sciaenops ocellatus_SA  <-  ['Cynoscion nebulosus_R', 'Cynoscion nebulosus_A']
    Cynoscion nebulosus_A  <-  ['Cynoscion nebulosus_R', 'Lagodon rhomboides_A']
    Mycteroperca microlepis_SA  <-  ['Lutjanus griseus_SA', 'Lutjanus griseus_R']
    Lutjanus griseus_R  <-  ['Archosargus probatocephalus_A', 'Lutjanus griseus_SA']
    Lutjanus griseus_SA  <-  ['Archosargus probatocephalus_A']
    Archosargus probatocephalus_R  <-  ['Archosargus probatocephalus_A', 'Lagodon rhomboides_A']
  [BayesTransferMapped] 9 recipient → donor mappings:
    recipient   3 <- donors [6, 5]
    recipient   4 <- donors [6, 3]
    recipient  12 <- donors [6, 5]
    recipient  13 <- donors [6, 5]
    recipient   5 <- donors [6, 7]
    recipient  11 <- donors [10, 9]
    recipient   9 <- donors [0, 10]
    recipient  10 <- donors [0]
    recipient   1 <- donors [0, 7]
  [BayesTransferMapped] transfer_prior_std=0.600  warmstart_alpha=0.25

----- Epoch 0 (windowed) -----

###### Windowed train epoch 0 overall metrics
  loss: 0.1912 rmse: 21.115 r2: 0.007 corr: 0.084
***** Epoch 0 Val (windowed) *****
  loss: 0.0693 rmse: 9.411 r2: 0.041 corr: 0.206
********************
***** Epoch 0 Test (windowed) *****
  loss: 0.0717 rmse: 7.879 r2: 0.049 corr: 0.224
********************
  Epoch 0 done in 25.5s
  Saved best model → model/FIM_restoration_0412_stations_monthly/2014/gat-rnn-v2-windowed_bs-128_lr-0.001_maxepoch-50_testyear-2014_win-3_nwin-10_seed-0/model-0

----- Epoch 1 (windowed) -----

###### Windowed train epoch 1 overall metrics
  loss: 0.1823 rmse: 21.005 r2: 0.017 corr: 0.133
***** Epoch 1 Val (windowed) *****
  loss: 0.0655 rmse: 9.384 r2: 0.047 corr: 0.223
********************
***** Epoch 1 Test (windowed) *****
  loss: 0.0679 rmse: 7.883 r2: 0.048 corr: 0.239
********************
  Epoch 1 done in 25.6s
  Saved best model → model/FIM_restoration_0412_stations_monthly/2014/gat-rnn-v2-windowed_bs-128_lr-0.001_maxepoch-50_testyear-2014_win-3_nwin-10_seed-0/model-1

----- Epoch 2 (windowed) -----

###### Windowed train epoch 2 overall metrics
  loss: 0.1761 rmse: 21.011 r2: 0.017 corr: 0.135
***** Epoch 2 Val (windowed) *****
  loss: 0.0629 rmse: 9.287 r2: 0.066 corr: 0.277
********************
***** Epoch 2 Test (windowed) *****
  loss: 0.0655 rmse: 7.794 r2: 0.069 corr: 0.305
********************
  Epoch 2 done in 25.5s
  Saved best model → model/FIM_restoration_0412_stations_monthly/2014/gat-rnn-v2-windowed_bs-128_lr-0.001_maxepoch-50_testyear-2014_win-3_nwin-10_seed-0/model-2

----- Epoch 3 (windowed) -----

###### Windowed train epoch 3 overall metrics
  loss: 0.1715 rmse: 20.838 r2: 0.033 corr: 0.188
***** Epoch 3 Val (windowed) *****
  loss: 0.0619 rmse: 9.141 r2: 0.096 corr: 0.328
********************
***** Epoch 3 Test (windowed) *****
  loss: 0.0647 rmse: 7.675 r2: 0.097 corr: 0.354
********************
  Epoch 3 done in 25.7s
  Saved best model → model/FIM_restoration_0412_stations_monthly/2014/gat-rnn-v2-windowed_bs-128_lr-0.001_maxepoch-50_testyear-2014_win-3_nwin-10_seed-0/model-3

----- Epoch 4 (windowed) -----

###### Windowed train epoch 4 overall metrics
  loss: 0.1676 rmse: 20.791 r2: 0.037 corr: 0.207
***** Epoch 4 Val (windowed) *****
  loss: 0.0595 rmse: 8.944 r2: 0.134 corr: 0.389
********************
***** Epoch 4 Test (windowed) *****
  loss: 0.0620 rmse: 7.399 r2: 0.161 corr: 0.429
********************
  Epoch 4 done in 25.3s
  Saved best model → model/FIM_restoration_0412_stations_monthly/2014/gat-rnn-v2-windowed_bs-128_lr-0.001_maxepoch-50_testyear-2014_win-3_nwin-10_seed-0/model-4

----- Epoch 5 (windowed) -----

###### Windowed train epoch 5 overall metrics
  loss: 0.1642 rmse: 20.914 r2: 0.026 corr: 0.206
***** Epoch 5 Val (windowed) *****
  loss: 0.0582 rmse: 9.130 r2: 0.098 corr: 0.353
********************
***** Epoch 5 Test (windowed) *****
  loss: 0.0608 rmse: 7.566 r2: 0.123 corr: 0.388
********************
  Epoch 5 done in 25.5s

----- Epoch 6 (windowed) -----

###### Windowed train epoch 6 overall metrics
  loss: 0.1606 rmse: 20.973 r2: 0.020 corr: 0.201
***** Epoch 6 Val (windowed) *****
  loss: 0.0563 rmse: 9.086 r2: 0.107 corr: 0.381
********************
***** Epoch 6 Test (windowed) *****
  loss: 0.0634 rmse: 7.550 r2: 0.126 corr: 0.409
********************
  Epoch 6 done in 25.4s

----- Epoch 7 (windowed) -----

###### Windowed train epoch 7 overall metrics
  loss: 0.1572 rmse: 20.737 r2: 0.042 corr: 0.238
***** Epoch 7 Val (windowed) *****
  loss: 0.0569 rmse: 9.300 r2: 0.064 corr: 0.381
********************
***** Epoch 7 Test (windowed) *****
  loss: 0.0694 rmse: 7.716 r2: 0.088 corr: 0.410
********************
  Epoch 7 done in 25.9s

----- Epoch 8 (windowed) -----

###### Windowed train epoch 8 overall metrics
  loss: 0.1566 rmse: 20.424 r2: 0.071 corr: 0.288
***** Epoch 8 Val (windowed) *****
  loss: 0.0549 rmse: 9.068 r2: 0.110 corr: 0.366
********************
***** Epoch 8 Test (windowed) *****
  loss: 0.0605 rmse: 7.526 r2: 0.132 corr: 0.392
********************
  Epoch 8 done in 25.7s

----- Epoch 9 (windowed) -----

###### Windowed train epoch 9 overall metrics
  loss: 0.1530 rmse: 20.709 r2: 0.045 corr: 0.246
***** Epoch 9 Val (windowed) *****
  loss: 0.0537 rmse: 9.366 r2: 0.051 corr: 0.360
********************
***** Epoch 9 Test (windowed) *****
  loss: 0.0623 rmse: 7.607 r2: 0.113 corr: 0.405
********************
  Epoch 9 done in 25.4s

----- Epoch 10 (windowed) -----

###### Windowed train epoch 10 overall metrics
  loss: 0.1505 rmse: 20.722 r2: 0.044 corr: 0.251
***** Epoch 10 Val (windowed) *****
  loss: 0.0526 rmse: 9.099 r2: 0.104 corr: 0.413
********************
***** Epoch 10 Test (windowed) *****
  loss: 0.0616 rmse: 7.611 r2: 0.112 corr: 0.425
********************
  Epoch 10 done in 25.1s

----- Epoch 11 (windowed) -----

###### Windowed train epoch 11 overall metrics
  loss: 0.1497 rmse: 20.734 r2: 0.043 corr: 0.244
***** Epoch 11 Val (windowed) *****
  loss: 0.0522 rmse: 9.052 r2: 0.113 corr: 0.427
********************
***** Epoch 11 Test (windowed) *****
  loss: 0.0608 rmse: 7.711 r2: 0.089 corr: 0.422
********************
  Epoch 11 done in 25.7s

----- Epoch 12 (windowed) -----

###### Windowed train epoch 12 overall metrics
  loss: 0.1471 rmse: 20.817 r2: 0.035 corr: 0.257
***** Epoch 12 Val (windowed) *****
  loss: 0.0512 rmse: 9.320 r2: 0.060 corr: 0.429
********************
***** Epoch 12 Test (windowed) *****
  loss: 0.0604 rmse: 7.884 r2: 0.048 corr: 0.423
********************
  Epoch 12 done in 25.6s

----- Epoch 13 (windowed) -----

###### Windowed train epoch 13 overall metrics
  loss: 0.1455 rmse: 20.628 r2: 0.052 corr: 0.267
***** Epoch 13 Val (windowed) *****
  loss: 0.0506 rmse: 9.258 r2: 0.072 corr: 0.419
********************
***** Epoch 13 Test (windowed) *****
  loss: 0.0594 rmse: 7.781 r2: 0.072 corr: 0.419
********************
  Epoch 13 done in 25.5s

----- Epoch 14 (windowed) -----

###### Windowed train epoch 14 overall metrics
  loss: 0.1441 rmse: 20.769 r2: 0.039 corr: 0.264
***** Epoch 14 Val (windowed) *****
  loss: 0.0510 rmse: 9.050 r2: 0.114 corr: 0.402
********************
***** Epoch 14 Test (windowed) *****
  loss: 0.0609 rmse: 7.520 r2: 0.133 corr: 0.414
********************
  Epoch 14 done in 25.8s

----- Epoch 15 (windowed) -----

###### Windowed train epoch 15 overall metrics
  loss: 0.1432 rmse: 20.854 r2: 0.031 corr: 0.258
***** Epoch 15 Val (windowed) *****
  loss: 0.0506 rmse: 9.228 r2: 0.078 corr: 0.404
********************
***** Epoch 15 Test (windowed) *****
  loss: 0.0574 rmse: 7.529 r2: 0.131 corr: 0.425
********************
  Epoch 15 done in 25.5s

----- Epoch 16 (windowed) -----

###### Windowed train epoch 16 overall metrics
  loss: 0.1420 rmse: 20.886 r2: 0.028 corr: 0.264
***** Epoch 16 Val (windowed) *****
  loss: 0.0496 rmse: 9.411 r2: 0.041 corr: 0.411
********************
***** Epoch 16 Test (windowed) *****
  loss: 0.0572 rmse: 7.787 r2: 0.071 corr: 0.419
********************
  Epoch 16 done in 25.5s

----- Epoch 17 (windowed) -----

###### Windowed train epoch 17 overall metrics
  loss: 0.1407 rmse: 20.904 r2: 0.027 corr: 0.251
***** Epoch 17 Val (windowed) *****
  loss: 0.0540 rmse: 9.583 r2: 0.006 corr: 0.381
********************
***** Epoch 17 Test (windowed) *****
  loss: 0.0546 rmse: 7.573 r2: 0.121 corr: 0.428
********************
  Epoch 17 done in 25.7s

----- Epoch 18 (windowed) -----

###### Windowed train epoch 18 overall metrics
  loss: 0.1402 rmse: 20.691 r2: 0.047 corr: 0.263
***** Epoch 18 Val (windowed) *****
  loss: 0.0501 rmse: 9.475 r2: 0.028 corr: 0.428
********************
***** Epoch 18 Test (windowed) *****
  loss: 0.0565 rmse: 7.714 r2: 0.088 corr: 0.429
********************
  Epoch 18 done in 26.0s

----- Epoch 19 (windowed) -----

###### Windowed train epoch 19 overall metrics
  loss: 0.1388 rmse: 20.743 r2: 0.042 corr: 0.313
***** Epoch 19 Val (windowed) *****
  loss: 0.0490 rmse: 8.793 r2: 0.163 corr: 0.461
********************
***** Epoch 19 Test (windowed) *****
  loss: 0.0594 rmse: 7.232 r2: 0.199 corr: 0.471
********************
  Epoch 19 done in 25.7s
  Saved best model → model/FIM_restoration_0412_stations_monthly/2014/gat-rnn-v2-windowed_bs-128_lr-0.001_maxepoch-50_testyear-2014_win-3_nwin-10_seed-0/model-19

----- Epoch 20 (windowed) -----

###### Windowed train epoch 20 overall metrics
  loss: 0.1372 rmse: 20.871 r2: 0.030 corr: 0.269
***** Epoch 20 Val (windowed) *****
  loss: 0.0503 rmse: 9.569 r2: 0.009 corr: 0.428
********************
***** Epoch 20 Test (windowed) *****
  loss: 0.0577 rmse: 7.660 r2: 0.101 corr: 0.449
********************
  Epoch 20 done in 25.6s

----- Epoch 21 (windowed) -----

###### Windowed train epoch 21 overall metrics
  loss: 0.1372 rmse: 20.736 r2: 0.042 corr: 0.270
***** Epoch 21 Val (windowed) *****
  loss: 0.0491 rmse: 9.693 r2: -0.017 corr: 0.478
********************
***** Epoch 21 Test (windowed) *****
  loss: 0.0614 rmse: 7.845 r2: 0.057 corr: 0.474
********************
  Epoch 21 done in 25.5s

----- Epoch 22 (windowed) -----

###### Windowed train epoch 22 overall metrics
  loss: 0.1358 rmse: 20.463 r2: 0.067 corr: 0.310
***** Epoch 22 Val (windowed) *****
  loss: 0.0498 rmse: 9.754 r2: -0.030 corr: 0.449
********************
***** Epoch 22 Test (windowed) *****
  loss: 0.0553 rmse: 7.682 r2: 0.096 corr: 0.474
********************
  Epoch 22 done in 25.4s

----- Epoch 23 (windowed) -----

###### Windowed train epoch 23 overall metrics
  loss: 0.1343 rmse: 20.828 r2: 0.034 corr: 0.278
***** Epoch 23 Val (windowed) *****
  loss: 0.0479 rmse: 9.420 r2: 0.040 corr: 0.427
********************
***** Epoch 23 Test (windowed) *****
  loss: 0.0588 rmse: 7.473 r2: 0.144 corr: 0.448
********************
  Epoch 23 done in 25.9s

----- Epoch 24 (windowed) -----

###### Windowed train epoch 24 overall metrics
  loss: 0.1332 rmse: 20.575 r2: 0.057 corr: 0.314
***** Epoch 24 Val (windowed) *****
  loss: 0.0470 rmse: 9.708 r2: -0.020 corr: 0.456
********************
***** Epoch 24 Test (windowed) *****
  loss: 0.0595 rmse: 7.559 r2: 0.124 corr: 0.471
********************
  Epoch 24 done in 25.6s

----- Epoch 25 (windowed) -----

###### Windowed train epoch 25 overall metrics
  loss: 0.1326 rmse: 21.023 r2: 0.016 corr: 0.251
***** Epoch 25 Val (windowed) *****
  loss: 0.0470 rmse: 9.039 r2: 0.116 corr: 0.444
********************
***** Epoch 25 Test (windowed) *****
  loss: 0.0596 rmse: 7.259 r2: 0.193 corr: 0.475
********************
  Epoch 25 done in 25.7s

----- Epoch 26 (windowed) -----

###### Windowed train epoch 26 overall metrics
  loss: 0.1336 rmse: 20.489 r2: 0.065 corr: 0.293
***** Epoch 26 Val (windowed) *****
  loss: 0.0489 rmse: 10.667 r2: -0.231 corr: 0.483
********************
***** Epoch 26 Test (windowed) *****
  loss: 0.0550 rmse: 8.604 r2: -0.134 corr: 0.480
********************
  Epoch 26 done in 26.0s

----- Epoch 27 (windowed) -----

###### Windowed train epoch 27 overall metrics
  loss: 0.1323 rmse: 22.777 r2: -0.155 corr: 0.193
***** Epoch 27 Val (windowed) *****
  loss: 0.0467 rmse: 9.013 r2: 0.121 corr: 0.448
********************
***** Epoch 27 Test (windowed) *****
  loss: 0.0578 rmse: 7.395 r2: 0.162 corr: 0.461
********************
  Epoch 27 done in 25.6s

----- Epoch 28 (windowed) -----

###### Windowed train epoch 28 overall metrics
  loss: 0.1307 rmse: 20.723 r2: 0.044 corr: 0.284
***** Epoch 28 Val (windowed) *****
  loss: 0.0469 rmse: 9.411 r2: 0.041 corr: 0.471
********************
***** Epoch 28 Test (windowed) *****
  loss: 0.0592 rmse: 7.781 r2: 0.072 corr: 0.451
********************
  Epoch 28 done in 25.5s

----- Epoch 29 (windowed) -----

###### Windowed train epoch 29 overall metrics
  loss: 0.1299 rmse: 20.676 r2: 0.048 corr: 0.300
***** Epoch 29 Val (windowed) *****
  loss: 0.0472 rmse: 9.970 r2: -0.076 corr: 0.451
********************
***** Epoch 29 Test (windowed) *****
  loss: 0.0567 rmse: 7.928 r2: 0.037 corr: 0.451
********************
  Epoch 29 done in 25.9s

----- Epoch 30 (windowed) -----

###### Windowed train epoch 30 overall metrics
  loss: 0.1291 rmse: 21.049 r2: 0.013 corr: 0.259
***** Epoch 30 Val (windowed) *****
  loss: 0.0474 rmse: 9.176 r2: 0.089 corr: 0.450
********************
***** Epoch 30 Test (windowed) *****
  loss: 0.0605 rmse: 7.529 r2: 0.131 corr: 0.456
********************
  Epoch 30 done in 26.2s

----- Epoch 31 (windowed) -----

###### Windowed train epoch 31 overall metrics
  loss: 0.1279 rmse: 20.745 r2: 0.042 corr: 0.302
***** Epoch 31 Val (windowed) *****
  loss: 0.0462 rmse: 9.323 r2: 0.059 corr: 0.442
********************
***** Epoch 31 Test (windowed) *****
  loss: 0.0587 rmse: 7.384 r2: 0.164 corr: 0.460
********************
  Epoch 31 done in 25.6s

----- Epoch 32 (windowed) -----

###### Windowed train epoch 32 overall metrics
  loss: 0.1274 rmse: 21.220 r2: -0.003 corr: 0.279
***** Epoch 32 Val (windowed) *****
  loss: 0.0462 rmse: 9.515 r2: 0.020 corr: 0.453
********************
***** Epoch 32 Test (windowed) *****
  loss: 0.0587 rmse: 7.568 r2: 0.122 corr: 0.470
********************
  Epoch 32 done in 25.8s

----- Epoch 33 (windowed) -----

###### Windowed train epoch 33 overall metrics
  loss: 0.1267 rmse: 21.230 r2: -0.004 corr: 0.251
***** Epoch 33 Val (windowed) *****
  loss: 0.0460 rmse: 9.551 r2: 0.013 corr: 0.485
********************
***** Epoch 33 Test (windowed) *****
  loss: 0.0593 rmse: 7.617 r2: 0.111 corr: 0.480
********************
  Epoch 33 done in 25.9s

----- Epoch 34 (windowed) -----

###### Windowed train epoch 34 overall metrics
  loss: 0.1262 rmse: 20.895 r2: 0.028 corr: 0.287
***** Epoch 34 Val (windowed) *****
  loss: 0.0453 rmse: 9.877 r2: -0.056 corr: 0.483
********************
***** Epoch 34 Test (windowed) *****
  loss: 0.0583 rmse: 7.798 r2: 0.068 corr: 0.480
********************
  Epoch 34 done in 25.7s

----- Epoch 35 (windowed) -----

###### Windowed train epoch 35 overall metrics
  loss: 0.1254 rmse: 20.932 r2: 0.024 corr: 0.285
***** Epoch 35 Val (windowed) *****
  loss: 0.0453 rmse: 10.205 r2: -0.127 corr: 0.458
********************
***** Epoch 35 Test (windowed) *****
  loss: 0.0601 rmse: 7.636 r2: 0.107 corr: 0.474
********************
  Epoch 35 done in 25.6s

----- Epoch 36 (windowed) -----

###### Windowed train epoch 36 overall metrics
  loss: 0.1247 rmse: 21.363 r2: -0.016 corr: 0.268
***** Epoch 36 Val (windowed) *****
  loss: 0.0498 rmse: 9.040 r2: 0.115 corr: 0.479
********************
***** Epoch 36 Test (windowed) *****
  loss: 0.0658 rmse: 7.783 r2: 0.072 corr: 0.441
********************
  Epoch 36 done in 25.0s

----- Epoch 37 (windowed) -----

###### Windowed train epoch 37 overall metrics
  loss: 0.1261 rmse: 20.336 r2: 0.079 corr: 0.359
***** Epoch 37 Val (windowed) *****
  loss: 0.0461 rmse: 11.220 r2: -0.363 corr: 0.493
********************
***** Epoch 37 Test (windowed) *****
  loss: 0.0561 rmse: 8.610 r2: -0.136 corr: 0.482
********************
  Epoch 37 done in 26.0s

----- Epoch 38 (windowed) -----

###### Windowed train epoch 38 overall metrics
  loss: 0.1243 rmse: 20.742 r2: 0.042 corr: 0.290
***** Epoch 38 Val (windowed) *****
  loss: 0.0460 rmse: 10.089 r2: -0.102 corr: 0.481
********************
***** Epoch 38 Test (windowed) *****
  loss: 0.0574 rmse: 7.784 r2: 0.072 corr: 0.483
********************
  Epoch 38 done in 25.5s

----- Epoch 39 (windowed) -----

###### Windowed train epoch 39 overall metrics
  loss: 0.1238 rmse: 20.964 r2: 0.021 corr: 0.307
***** Epoch 39 Val (windowed) *****
  loss: 0.0450 rmse: 9.233 r2: 0.077 corr: 0.459
********************
***** Epoch 39 Test (windowed) *****
  loss: 0.0586 rmse: 7.366 r2: 0.169 corr: 0.488
********************
  Epoch 39 done in 25.5s

----- Epoch 40 (windowed) -----

###### Windowed train epoch 40 overall metrics
  loss: 0.1224 rmse: 21.200 r2: -0.001 corr: 0.284
***** Epoch 40 Val (windowed) *****
  loss: 0.0465 rmse: 10.294 r2: -0.147 corr: 0.440
********************
***** Epoch 40 Test (windowed) *****
  loss: 0.0559 rmse: 7.466 r2: 0.146 corr: 0.468
********************
  Epoch 40 done in 25.4s

----- Epoch 41 (windowed) -----

###### Windowed train epoch 41 overall metrics
  loss: 0.1220 rmse: 20.730 r2: 0.043 corr: 0.317
***** Epoch 41 Val (windowed) *****
  loss: 0.0450 rmse: 10.611 r2: -0.219 corr: 0.475
********************
***** Epoch 41 Test (windowed) *****
  loss: 0.0569 rmse: 8.193 r2: -0.029 corr: 0.481
********************
  Epoch 41 done in 25.3s

----- Epoch 42 (windowed) -----

###### Windowed train epoch 42 overall metrics
  loss: 0.1207 rmse: 21.483 r2: -0.028 corr: 0.247
***** Epoch 42 Val (windowed) *****
  loss: 0.0445 rmse: 9.506 r2: 0.022 corr: 0.489
********************
***** Epoch 42 Test (windowed) *****
  loss: 0.0584 rmse: 7.504 r2: 0.137 corr: 0.495
********************
  Epoch 42 done in 25.5s

----- Epoch 43 (windowed) -----

###### Windowed train epoch 43 overall metrics
  loss: 0.1205 rmse: 21.366 r2: -0.017 corr: 0.271
***** Epoch 43 Val (windowed) *****
  loss: 0.0452 rmse: 10.722 r2: -0.244 corr: 0.456
********************
***** Epoch 43 Test (windowed) *****
  loss: 0.0579 rmse: 7.993 r2: 0.021 corr: 0.465
********************
  Epoch 43 done in 25.6s

----- Epoch 44 (windowed) -----

###### Windowed train epoch 44 overall metrics
  loss: 0.1206 rmse: 21.137 r2: 0.005 corr: 0.278
***** Epoch 44 Val (windowed) *****
  loss: 0.0447 rmse: 10.523 r2: -0.199 corr: 0.468
********************
***** Epoch 44 Test (windowed) *****
  loss: 0.0597 rmse: 7.994 r2: 0.021 corr: 0.468
********************
  Epoch 44 done in 25.5s

----- Epoch 45 (windowed) -----

###### Windowed train epoch 45 overall metrics
  loss: 0.1204 rmse: 24.232 r2: -0.308 corr: 0.199
***** Epoch 45 Val (windowed) *****
  loss: 0.0448 rmse: 9.557 r2: 0.011 corr: 0.393
********************
***** Epoch 45 Test (windowed) *****
  loss: 0.0619 rmse: 7.654 r2: 0.102 corr: 0.417
********************
  Epoch 45 done in 25.8s

----- Epoch 46 (windowed) -----

###### Windowed train epoch 46 overall metrics
  loss: 0.1192 rmse: 21.136 r2: 0.005 corr: 0.289
***** Epoch 46 Val (windowed) *****
  loss: 0.0446 rmse: 10.490 r2: -0.191 corr: 0.426
********************
***** Epoch 46 Test (windowed) *****
  loss: 0.0575 rmse: 8.081 r2: -0.001 corr: 0.435
********************
  Epoch 46 done in 25.8s

----- Epoch 47 (windowed) -----

###### Windowed train epoch 47 overall metrics
  loss: 0.1184 rmse: 21.399 r2: -0.020 corr: 0.319
***** Epoch 47 Val (windowed) *****
  loss: 0.0444 rmse: 9.580 r2: 0.007 corr: 0.448
********************
***** Epoch 47 Test (windowed) *****
  loss: 0.0600 rmse: 7.541 r2: 0.129 corr: 0.464
********************
  Epoch 47 done in 25.7s

----- Epoch 48 (windowed) -----

###### Windowed train epoch 48 overall metrics
  loss: 0.1181 rmse: 21.370 r2: -0.017 corr: 0.266
***** Epoch 48 Val (windowed) *****
  loss: 0.0447 rmse: 9.507 r2: 0.022 corr: 0.452
********************
***** Epoch 48 Test (windowed) *****
  loss: 0.0595 rmse: 7.438 r2: 0.152 corr: 0.462
********************
  Epoch 48 done in 25.3s

----- Epoch 49 (windowed) -----

###### Windowed train epoch 49 overall metrics
  loss: 0.1178 rmse: 21.700 r2: -0.049 corr: 0.278
***** Epoch 49 Val (windowed) *****
  loss: 0.0443 rmse: 9.705 r2: -0.019 corr: 0.461
********************
***** Epoch 49 Test (windowed) *****
  loss: 0.0598 rmse: 7.829 r2: 0.061 corr: 0.463
********************
  Epoch 49 done in 26.0s
  [EarlyStop] No val_rmse improvement for 30 epochs (patience=30). Stopping fold at epoch 49.
Fold done — best val RMSE=8.7931 test R²=0.1986 corr=0.4712

================================================================
Rolling-windowed  test_year=2015
  Val  : 2014
  Test : 2015
  win_size=3  n_windows=10
================================================================
Initially data (54319, 166)
After filtering (35487, 166)
get_X_Y
X shape (35487, 130)
Y shape (35487, 34)
Y (output) means tensor([[0.1446, 0.0115, 0.2573, 0.1496, 0.0167, 0.0630, 0.1633, 0.6705, 0.9133,
         0.0229, 0.0445, 0.0117, 0.0764, 0.1410, 1.0226, 0.9765, 0.3476, 0.3918,
         0.9161, 0.3699, 0.1856, 0.2225, 0.4413, 0.1830, 0.4028, 0.4568, 0.2865,
         0.6753, 0.5261, 0.1492, 0.2806, 0.1060, 0.1301, 0.1328]]) stds tensor([[0.4752, 0.1324, 0.6328, 0.5566, 0.1552, 0.3050, 0.5228, 1.4579, 1.6397,
         0.1922, 0.2882, 0.1460, 0.4122, 0.4493, 2.0963, 1.6418, 0.8550, 1.1702,
         1.6470, 0.8956, 0.5277, 0.6900, 1.1228, 0.6047, 0.9834, 1.0166, 0.7213,
         1.4294, 1.0573, 0.4425, 0.8377, 0.3417, 0.3944, 0.3761]])
Y count-scale means tensor([[4.8216e-01, 3.3097e-02, 1.0077e+00, 7.8546e-01, 4.7551e-02, 2.0872e-01,
         6.0559e-01, 1.4582e+01, 3.2330e+01, 7.1789e-02, 1.8560e-01, 4.0068e-02,
         5.1947e-01, 4.2223e-01, 2.4308e+02, 2.0236e+01, 2.6366e+00, 1.4393e+01,
         2.8591e+01, 2.8189e+00, 6.0083e-01, 1.6085e+00, 8.4691e+00, 1.7329e+00,
         3.4129e+00, 3.9146e+00, 1.3223e+00, 3.4593e+01, 6.4131e+00, 4.3361e-01,
         3.0314e+00, 2.2471e-01, 3.0558e-01, 2.7693e-01]]) stds tensor([[3.3257e+00, 6.2445e-01, 6.1222e+00, 6.1816e+00, 9.6805e-01, 3.9534e+00,
         3.9211e+00, 7.2579e+01, 2.2041e+02, 1.0461e+00, 2.6244e+00, 7.2528e-01,
         9.0659e+00, 2.6515e+00, 2.8611e+03, 8.8809e+01, 1.9329e+01, 1.7185e+02,
         2.3493e+02, 1.6929e+01, 3.1694e+00, 2.3141e+01, 8.6734e+01, 5.0572e+01,
         1.6597e+01, 2.2258e+01, 7.1459e+00, 9.4188e+02, 7.8867e+01, 4.8218e+00,
         2.5615e+01, 1.0072e+00, 1.4308e+00, 1.0981e+00]])
Loaded per-window (calendar) month weights from analysis/figures/month_weights_per_window.npz: cube.shape=(25, 12, 34)
/Users/liyingnceas/GitHub/GNN-RNN-main/gnn-lstm-v3/utils/data_utils.py:264: RuntimeWarning: Mean of empty slice
  np.nanmean(county_dict[county], axis=0).astype(np.float32)
Filled 89145 missing (node, year) entries from neighbors or year averages
[2D] Station nodes: 587, adj nnz: 2910
[build_year_XY_windowed] data_start=1998, min_pred_year=2009, test_year=2015, win_size=3, n_windows=10
  built windows for T=2009
  built windows for T=2014
[build_year_XY_windowed] built windowed XY for 7 prediction years (2009–2015)
  GAT_RNN_V2: edge_feat_dim=3, n_heads=4, n_hidden=64
  [Bayes] Species rarity weights (mean=1): min=0.70 max=1.70  (rarest=Centropomus undecimalis_SA)
  [CrossDonor] Ecological cross-donor map (9 recipients):
    Centropomus undecimalis_A  <-  ['Cynoscion nebulosus_R', 'Cynoscion nebulosus_A']
    Centropomus undecimalis_SA  <-  ['Cynoscion nebulosus_R', 'Centropomus undecimalis_A']
    Sciaenops ocellatus_R  <-  ['Cynoscion nebulosus_R', 'Cynoscion nebulosus_A']
    Sciaenops ocellatus_SA  <-  ['Cynoscion nebulosus_R', 'Cynoscion nebulosus_A']
    Cynoscion nebulosus_A  <-  ['Cynoscion nebulosus_R', 'Lagodon rhomboides_A']
    Mycteroperca microlepis_SA  <-  ['Lutjanus griseus_SA', 'Lutjanus griseus_R']
    Lutjanus griseus_R  <-  ['Archosargus probatocephalus_A', 'Lutjanus griseus_SA']
    Lutjanus griseus_SA  <-  ['Archosargus probatocephalus_A']
    Archosargus probatocephalus_R  <-  ['Archosargus probatocephalus_A', 'Lagodon rhomboides_A']
  [BayesTransferMapped] 9 recipient → donor mappings:
    recipient   3 <- donors [6, 5]
    recipient   4 <- donors [6, 3]
    recipient  12 <- donors [6, 5]
    recipient  13 <- donors [6, 5]
    recipient   5 <- donors [6, 7]
    recipient  11 <- donors [10, 9]
    recipient   9 <- donors [0, 10]
    recipient  10 <- donors [0]
    recipient   1 <- donors [0, 7]
  [BayesTransferMapped] transfer_prior_std=0.600  warmstart_alpha=0.25

----- Epoch 0 (windowed) -----

###### Windowed train epoch 0 overall metrics
  loss: 0.1905 rmse: 19.554 r2: 0.007 corr: 0.084
***** Epoch 0 Val (windowed) *****
  loss: 0.0709 rmse: 7.914 r2: 0.041 corr: 0.207
********************
***** Epoch 0 Test (windowed) *****
  loss: 0.0707 rmse: 15.876 r2: 0.017 corr: 0.131
********************
  Epoch 0 done in 29.3s
  Saved best model → model/FIM_restoration_0412_stations_monthly/2015/gat-rnn-v2-windowed_bs-128_lr-0.001_maxepoch-50_testyear-2015_win-3_nwin-10_seed-0/model-0

----- Epoch 1 (windowed) -----

###### Windowed train epoch 1 overall metrics
  loss: 0.1806 rmse: 19.514 r2: 0.011 corr: 0.111
***** Epoch 1 Val (windowed) *****
  loss: 0.0658 rmse: 7.786 r2: 0.071 corr: 0.279
********************
***** Epoch 1 Test (windowed) *****
  loss: 0.0661 rmse: 15.738 r2: 0.034 corr: 0.186
********************
  Epoch 1 done in 29.2s
  Saved best model → model/FIM_restoration_0412_stations_monthly/2015/gat-rnn-v2-windowed_bs-128_lr-0.001_maxepoch-50_testyear-2015_win-3_nwin-10_seed-0/model-1

----- Epoch 2 (windowed) -----

###### Windowed train epoch 2 overall metrics
  loss: 0.1743 rmse: 19.399 r2: 0.023 corr: 0.156
***** Epoch 2 Val (windowed) *****
  loss: 0.0635 rmse: 7.836 r2: 0.059 corr: 0.301
********************
***** Epoch 2 Test (windowed) *****
  loss: 0.0634 rmse: 15.703 r2: 0.038 corr: 0.201
********************
  Epoch 2 done in 29.7s

----- Epoch 3 (windowed) -----

###### Windowed train epoch 3 overall metrics
  loss: 0.1695 rmse: 19.437 r2: 0.019 corr: 0.165
***** Epoch 3 Val (windowed) *****
  loss: 0.0623 rmse: 7.718 r2: 0.088 corr: 0.329
********************
***** Epoch 3 Test (windowed) *****
  loss: 0.0616 rmse: 15.571 r2: 0.054 corr: 0.237
********************
  Epoch 3 done in 29.6s
  Saved best model → model/FIM_restoration_0412_stations_monthly/2015/gat-rnn-v2-windowed_bs-128_lr-0.001_maxepoch-50_testyear-2015_win-3_nwin-10_seed-0/model-3

----- Epoch 4 (windowed) -----

###### Windowed train epoch 4 overall metrics
  loss: 0.1661 rmse: 19.391 r2: 0.023 corr: 0.196
***** Epoch 4 Val (windowed) *****
  loss: 0.0608 rmse: 7.906 r2: 0.043 corr: 0.331
********************
***** Epoch 4 Test (windowed) *****
  loss: 0.0604 rmse: 15.534 r2: 0.059 corr: 0.247
********************
  Epoch 4 done in 29.5s

----- Epoch 5 (windowed) -----

###### Windowed train epoch 5 overall metrics
  loss: 0.1627 rmse: 19.595 r2: 0.003 corr: 0.170
***** Epoch 5 Val (windowed) *****
  loss: 0.0599 rmse: 8.279 r2: -0.050 corr: 0.318
********************
***** Epoch 5 Test (windowed) *****
  loss: 0.0602 rmse: 15.561 r2: 0.055 corr: 0.250
********************
  Epoch 5 done in 30.1s

----- Epoch 6 (windowed) -----

###### Windowed train epoch 6 overall metrics
  loss: 0.1596 rmse: 19.674 r2: -0.005 corr: 0.181
***** Epoch 6 Val (windowed) *****
  loss: 0.0585 rmse: 8.352 r2: -0.068 corr: 0.351
********************
***** Epoch 6 Test (windowed) *****
  loss: 0.0592 rmse: 15.485 r2: 0.065 corr: 0.273
********************
  Epoch 6 done in 29.8s

----- Epoch 7 (windowed) -----

###### Windowed train epoch 7 overall metrics
  loss: 0.1566 rmse: 19.561 r2: 0.006 corr: 0.199
***** Epoch 7 Val (windowed) *****
  loss: 0.0564 rmse: 7.709 r2: 0.090 corr: 0.387
********************
***** Epoch 7 Test (windowed) *****
  loss: 0.0594 rmse: 15.240 r2: 0.094 corr: 0.310
********************
  Epoch 7 done in 29.8s
  Saved best model → model/FIM_restoration_0412_stations_monthly/2015/gat-rnn-v2-windowed_bs-128_lr-0.001_maxepoch-50_testyear-2015_win-3_nwin-10_seed-0/model-7

----- Epoch 8 (windowed) -----

###### Windowed train epoch 8 overall metrics
  loss: 0.1547 rmse: 19.536 r2: 0.009 corr: 0.184
***** Epoch 8 Val (windowed) *****
  loss: 0.0567 rmse: 8.252 r2: -0.043 corr: 0.356
********************
***** Epoch 8 Test (windowed) *****
  loss: 0.0577 rmse: 15.411 r2: 0.073 corr: 0.281
********************
  Epoch 8 done in 27.1s

----- Epoch 9 (windowed) -----

###### Windowed train epoch 9 overall metrics
  loss: 0.1524 rmse: 19.527 r2: 0.010 corr: 0.200
***** Epoch 9 Val (windowed) *****
  loss: 0.0554 rmse: 7.822 r2: 0.063 corr: 0.348
********************
***** Epoch 9 Test (windowed) *****
  loss: 0.0576 rmse: 15.425 r2: 0.072 corr: 0.270
********************
  Epoch 9 done in 27.4s

----- Epoch 10 (windowed) -----

###### Windowed train epoch 10 overall metrics
  loss: 0.1493 rmse: 19.543 r2: 0.008 corr: 0.211
***** Epoch 10 Val (windowed) *****
  loss: 0.0535 rmse: 8.004 r2: 0.019 corr: 0.344
********************
***** Epoch 10 Test (windowed) *****
  loss: 0.0560 rmse: 15.445 r2: 0.069 corr: 0.268
********************
  Epoch 10 done in 27.4s

----- Epoch 11 (windowed) -----

###### Windowed train epoch 11 overall metrics
  loss: 0.1480 rmse: 19.490 r2: 0.013 corr: 0.205
***** Epoch 11 Val (windowed) *****
  loss: 0.0527 rmse: 7.728 r2: 0.085 corr: 0.403
********************
***** Epoch 11 Test (windowed) *****
  loss: 0.0549 rmse: 15.249 r2: 0.093 corr: 0.310
********************
  Epoch 11 done in 27.4s

----- Epoch 12 (windowed) -----

###### Windowed train epoch 12 overall metrics
  loss: 0.1455 rmse: 19.552 r2: 0.007 corr: 0.237
***** Epoch 12 Val (windowed) *****
  loss: 0.0524 rmse: 8.478 r2: -0.101 corr: 0.357
********************
***** Epoch 12 Test (windowed) *****
  loss: 0.0571 rmse: 15.363 r2: 0.079 corr: 0.296
********************
  Epoch 12 done in 27.1s

----- Epoch 13 (windowed) -----

###### Windowed train epoch 13 overall metrics
  loss: 0.1439 rmse: 19.717 r2: -0.010 corr: 0.216
***** Epoch 13 Val (windowed) *****
  loss: 0.0524 rmse: 7.664 r2: 0.100 corr: 0.400
********************
***** Epoch 13 Test (windowed) *****
  loss: 0.0577 rmse: 15.145 r2: 0.105 corr: 0.327
********************
  Epoch 13 done in 28.1s
  Saved best model → model/FIM_restoration_0412_stations_monthly/2015/gat-rnn-v2-windowed_bs-128_lr-0.001_maxepoch-50_testyear-2015_win-3_nwin-10_seed-0/model-13

----- Epoch 14 (windowed) -----

###### Windowed train epoch 14 overall metrics
  loss: 0.1429 rmse: 19.483 r2: 0.014 corr: 0.228
***** Epoch 14 Val (windowed) *****
  loss: 0.0512 rmse: 8.456 r2: -0.095 corr: 0.372
********************
***** Epoch 14 Test (windowed) *****
  loss: 0.0553 rmse: 15.253 r2: 0.092 corr: 0.322
********************
  Epoch 14 done in 27.6s

----- Epoch 15 (windowed) -----

###### Windowed train epoch 15 overall metrics
  loss: 0.1424 rmse: 19.702 r2: -0.008 corr: 0.218
***** Epoch 15 Val (windowed) *****
  loss: 0.0510 rmse: 8.317 r2: -0.060 corr: 0.385
********************
***** Epoch 15 Test (windowed) *****
  loss: 0.0556 rmse: 15.347 r2: 0.081 corr: 0.304
********************
  Epoch 15 done in 27.4s

----- Epoch 16 (windowed) -----

###### Windowed train epoch 16 overall metrics
  loss: 0.1396 rmse: 19.610 r2: 0.001 corr: 0.220
***** Epoch 16 Val (windowed) *****
  loss: 0.0500 rmse: 7.778 r2: 0.073 corr: 0.412
********************
***** Epoch 16 Test (windowed) *****
  loss: 0.0528 rmse: 15.164 r2: 0.103 corr: 0.326
********************
  Epoch 16 done in 27.4s

----- Epoch 17 (windowed) -----

###### Windowed train epoch 17 overall metrics
  loss: 0.1382 rmse: 19.549 r2: 0.008 corr: 0.228
***** Epoch 17 Val (windowed) *****
  loss: 0.0556 rmse: 8.406 r2: -0.083 corr: 0.345
********************
***** Epoch 17 Test (windowed) *****
  loss: 0.0560 rmse: 15.529 r2: 0.059 corr: 0.275
********************
  Epoch 17 done in 27.6s

----- Epoch 18 (windowed) -----

###### Windowed train epoch 18 overall metrics
  loss: 0.1379 rmse: 19.608 r2: 0.002 corr: 0.220
***** Epoch 18 Val (windowed) *****
  loss: 0.0497 rmse: 7.700 r2: 0.092 corr: 0.404
********************
***** Epoch 18 Test (windowed) *****
  loss: 0.0531 rmse: 15.312 r2: 0.085 corr: 0.298
********************
  Epoch 18 done in 27.7s

----- Epoch 19 (windowed) -----

###### Windowed train epoch 19 overall metrics
  loss: 0.1364 rmse: 19.591 r2: 0.003 corr: 0.226
***** Epoch 19 Val (windowed) *****
  loss: 0.0493 rmse: 7.980 r2: 0.025 corr: 0.384
********************
***** Epoch 19 Test (windowed) *****
  loss: 0.0525 rmse: 15.243 r2: 0.094 corr: 0.314
********************
  Epoch 19 done in 27.6s

----- Epoch 20 (windowed) -----

###### Windowed train epoch 20 overall metrics
  loss: 0.1347 rmse: 19.401 r2: 0.022 corr: 0.245
***** Epoch 20 Val (windowed) *****
  loss: 0.0486 rmse: 8.125 r2: -0.011 corr: 0.395
********************
***** Epoch 20 Test (windowed) *****
  loss: 0.0517 rmse: 15.294 r2: 0.087 corr: 0.311
********************
  Epoch 20 done in 27.9s

----- Epoch 21 (windowed) -----

###### Windowed train epoch 21 overall metrics
  loss: 0.1336 rmse: 19.757 r2: -0.014 corr: 0.237
***** Epoch 21 Val (windowed) *****
  loss: 0.0499 rmse: 8.131 r2: -0.013 corr: 0.402
********************
***** Epoch 21 Test (windowed) *****
  loss: 0.0535 rmse: 15.237 r2: 0.094 corr: 0.319
********************
  Epoch 21 done in 28.6s

----- Epoch 22 (windowed) -----

###### Windowed train epoch 22 overall metrics
  loss: 0.1328 rmse: 19.453 r2: 0.017 corr: 0.243
***** Epoch 22 Val (windowed) *****
  loss: 0.0492 rmse: 8.000 r2: 0.020 corr: 0.389
********************
***** Epoch 22 Test (windowed) *****
  loss: 0.0519 rmse: 15.289 r2: 0.088 corr: 0.309
********************
  Epoch 22 done in 29.5s

----- Epoch 23 (windowed) -----

###### Windowed train epoch 23 overall metrics
  loss: 0.1317 rmse: 19.524 r2: 0.010 corr: 0.226
***** Epoch 23 Val (windowed) *****
  loss: 0.0479 rmse: 8.465 r2: -0.098 corr: 0.388
********************
***** Epoch 23 Test (windowed) *****
  loss: 0.0514 rmse: 15.486 r2: 0.064 corr: 0.294
********************
  Epoch 23 done in 29.7s

----- Epoch 24 (windowed) -----

###### Windowed train epoch 24 overall metrics
  loss: 0.1309 rmse: 19.432 r2: 0.019 corr: 0.244
***** Epoch 24 Val (windowed) *****
  loss: 0.0483 rmse: 7.762 r2: 0.077 corr: 0.385
********************
***** Epoch 24 Test (windowed) *****
  loss: 0.0525 rmse: 15.380 r2: 0.077 corr: 0.283
********************
  Epoch 24 done in 28.5s

----- Epoch 25 (windowed) -----

###### Windowed train epoch 25 overall metrics
  loss: 0.1298 rmse: 20.747 r2: -0.118 corr: 0.195
***** Epoch 25 Val (windowed) *****
  loss: 0.0477 rmse: 8.473 r2: -0.100 corr: 0.358
********************
***** Epoch 25 Test (windowed) *****
  loss: 0.0516 rmse: 15.658 r2: 0.044 corr: 0.261
********************
  Epoch 25 done in 29.0s

----- Epoch 26 (windowed) -----

###### Windowed train epoch 26 overall metrics
  loss: 0.1288 rmse: 19.547 r2: 0.008 corr: 0.220
***** Epoch 26 Val (windowed) *****
  loss: 0.0473 rmse: 8.404 r2: -0.082 corr: 0.351
********************
***** Epoch 26 Test (windowed) *****
  loss: 0.0517 rmse: 15.595 r2: 0.051 corr: 0.266
********************
  Epoch 26 done in 28.6s

----- Epoch 27 (windowed) -----

###### Windowed train epoch 27 overall metrics
  loss: 0.1280 rmse: 19.589 r2: 0.003 corr: 0.223
***** Epoch 27 Val (windowed) *****
  loss: 0.0487 rmse: 8.215 r2: -0.034 corr: 0.387
********************
***** Epoch 27 Test (windowed) *****
  loss: 0.0519 rmse: 15.413 r2: 0.073 corr: 0.297
********************
  Epoch 27 done in 28.4s

----- Epoch 28 (windowed) -----

###### Windowed train epoch 28 overall metrics
  loss: 0.1280 rmse: 19.591 r2: 0.003 corr: 0.237
***** Epoch 28 Val (windowed) *****
  loss: 0.0487 rmse: 8.081 r2: -0.000 corr: 0.395
********************
***** Epoch 28 Test (windowed) *****
  loss: 0.0522 rmse: 15.241 r2: 0.094 corr: 0.315
********************
  Epoch 28 done in 28.9s

----- Epoch 29 (windowed) -----

###### Windowed train epoch 29 overall metrics
  loss: 0.1268 rmse: 19.506 r2: 0.012 corr: 0.227
***** Epoch 29 Val (windowed) *****
  loss: 0.0467 rmse: 8.391 r2: -0.078 corr: 0.374
********************
***** Epoch 29 Test (windowed) *****
  loss: 0.0511 rmse: 15.441 r2: 0.070 corr: 0.290
********************
  Epoch 29 done in 29.1s

----- Epoch 30 (windowed) -----

###### Windowed train epoch 30 overall metrics
  loss: 0.1256 rmse: 19.843 r2: -0.023 corr: 0.237
***** Epoch 30 Val (windowed) *****
  loss: 0.0469 rmse: 8.214 r2: -0.034 corr: 0.374
********************
***** Epoch 30 Test (windowed) *****
  loss: 0.0509 rmse: 15.476 r2: 0.066 corr: 0.279
********************
  Epoch 30 done in 28.2s

----- Epoch 31 (windowed) -----

###### Windowed train epoch 31 overall metrics
  loss: 0.1252 rmse: 20.237 r2: -0.064 corr: 0.197
***** Epoch 31 Val (windowed) *****
  loss: 0.0470 rmse: 9.013 r2: -0.244 corr: 0.349
********************
***** Epoch 31 Test (windowed) *****
  loss: 0.0521 rmse: 15.738 r2: 0.034 corr: 0.269
********************
  Epoch 31 done in 28.5s

----- Epoch 32 (windowed) -----

###### Windowed train epoch 32 overall metrics
  loss: 0.1246 rmse: 19.633 r2: -0.001 corr: 0.230
***** Epoch 32 Val (windowed) *****
  loss: 0.0468 rmse: 7.897 r2: 0.045 corr: 0.398
********************
***** Epoch 32 Test (windowed) *****
  loss: 0.0508 rmse: 15.329 r2: 0.083 corr: 0.298
********************
  Epoch 32 done in 27.8s

----- Epoch 33 (windowed) -----

###### Windowed train epoch 33 overall metrics
  loss: 0.1235 rmse: 20.060 r2: -0.045 corr: 0.207
***** Epoch 33 Val (windowed) *****
  loss: 0.0462 rmse: 8.207 r2: -0.032 corr: 0.385
********************
***** Epoch 33 Test (windowed) *****
  loss: 0.0507 rmse: 15.525 r2: 0.060 corr: 0.282
********************
  Epoch 33 done in 27.6s

----- Epoch 34 (windowed) -----

###### Windowed train epoch 34 overall metrics
  loss: 0.1233 rmse: 19.597 r2: 0.003 corr: 0.235
***** Epoch 34 Val (windowed) *****
  loss: 0.0460 rmse: 8.348 r2: -0.067 corr: 0.402
********************
***** Epoch 34 Test (windowed) *****
  loss: 0.0508 rmse: 15.465 r2: 0.067 corr: 0.298
********************
  Epoch 34 done in 27.7s

----- Epoch 35 (windowed) -----

###### Windowed train epoch 35 overall metrics
  loss: 0.1223 rmse: 19.570 r2: 0.005 corr: 0.234
***** Epoch 35 Val (windowed) *****
  loss: 0.0464 rmse: 8.516 r2: -0.111 corr: 0.379
********************
***** Epoch 35 Test (windowed) *****
  loss: 0.0512 rmse: 15.482 r2: 0.065 corr: 0.292
********************
  Epoch 35 done in 27.7s

----- Epoch 36 (windowed) -----

###### Windowed train epoch 36 overall metrics
  loss: 0.1218 rmse: 20.000 r2: -0.039 corr: 0.214
***** Epoch 36 Val (windowed) *****
  loss: 0.0467 rmse: 8.389 r2: -0.078 corr: 0.373
********************
***** Epoch 36 Test (windowed) *****
  loss: 0.0512 rmse: 15.455 r2: 0.068 corr: 0.287
********************
  Epoch 36 done in 27.8s

----- Epoch 37 (windowed) -----

###### Windowed train epoch 37 overall metrics
  loss: 0.1206 rmse: 19.608 r2: 0.002 corr: 0.248
***** Epoch 37 Val (windowed) *****
  loss: 0.0466 rmse: 8.980 r2: -0.235 corr: 0.338
********************
***** Epoch 37 Test (windowed) *****
  loss: 0.0516 rmse: 15.822 r2: 0.023 corr: 0.255
********************
  Epoch 37 done in 27.7s

----- Epoch 38 (windowed) -----

###### Windowed train epoch 38 overall metrics
  loss: 0.1201 rmse: 19.733 r2: -0.011 corr: 0.236
***** Epoch 38 Val (windowed) *****
  loss: 0.0460 rmse: 8.887 r2: -0.210 corr: 0.351
********************
***** Epoch 38 Test (windowed) *****
  loss: 0.0512 rmse: 15.759 r2: 0.031 corr: 0.267
********************
  Epoch 38 done in 27.8s

----- Epoch 39 (windowed) -----

###### Windowed train epoch 39 overall metrics
  loss: 0.1196 rmse: 19.727 r2: -0.011 corr: 0.240
***** Epoch 39 Val (windowed) *****
  loss: 0.0475 rmse: 8.738 r2: -0.169 corr: 0.384
********************
***** Epoch 39 Test (windowed) *****
  loss: 0.0518 rmse: 15.452 r2: 0.069 corr: 0.304
********************
  Epoch 39 done in 28.1s

----- Epoch 40 (windowed) -----

###### Windowed train epoch 40 overall metrics
  loss: 0.1198 rmse: 19.825 r2: -0.021 corr: 0.208
***** Epoch 40 Val (windowed) *****
  loss: 0.0459 rmse: 9.024 r2: -0.247 corr: 0.381
********************
***** Epoch 40 Test (windowed) *****
  loss: 0.0512 rmse: 15.699 r2: 0.039 corr: 0.289
********************
  Epoch 40 done in 27.3s

----- Epoch 41 (windowed) -----

###### Windowed train epoch 41 overall metrics
  loss: 0.1183 rmse: 20.104 r2: -0.050 corr: 0.222
***** Epoch 41 Val (windowed) *****
  loss: 0.0452 rmse: 8.725 r2: -0.166 corr: 0.401
********************
***** Epoch 41 Test (windowed) *****
  loss: 0.0501 rmse: 15.498 r2: 0.063 corr: 0.308
********************
  Epoch 41 done in 27.8s

----- Epoch 42 (windowed) -----

###### Windowed train epoch 42 overall metrics
  loss: 0.1176 rmse: 19.822 r2: -0.020 corr: 0.227
***** Epoch 42 Val (windowed) *****
  loss: 0.0475 rmse: 9.026 r2: -0.248 corr: 0.376
********************
***** Epoch 42 Test (windowed) *****
  loss: 0.0518 rmse: 15.516 r2: 0.061 corr: 0.312
********************
  Epoch 42 done in 27.7s

----- Epoch 43 (windowed) -----

###### Windowed train epoch 43 overall metrics
  loss: 0.1182 rmse: 19.851 r2: -0.023 corr: 0.233
***** Epoch 43 Val (windowed) *****
  loss: 0.0471 rmse: 8.744 r2: -0.171 corr: 0.360
********************
***** Epoch 43 Test (windowed) *****
  loss: 0.0517 rmse: 15.586 r2: 0.052 corr: 0.282
********************
  Epoch 43 done in 27.9s
  [EarlyStop] No val_rmse improvement for 30 epochs (patience=30). Stopping fold at epoch 43.
Fold done — best val RMSE=7.6641 test R²=0.1052 corr=0.3273

================================================================
Rolling-windowed  test_year=2016
  Val  : 2015
  Test : 2016
  win_size=3  n_windows=10
================================================================
Initially data (54319, 166)
After filtering (37796, 166)
get_X_Y
X shape (37796, 130)
Y shape (37796, 34)
Y (output) means tensor([[0.1462, 0.0125, 0.2567, 0.1512, 0.0174, 0.0629, 0.1632, 0.6640, 0.9154,
         0.0232, 0.0453, 0.0111, 0.0795, 0.1419, 1.0214, 0.9919, 0.3477, 0.3881,
         0.8983, 0.3736, 0.1846, 0.2185, 0.4312, 0.1803, 0.4072, 0.4617, 0.2843,
         0.6617, 0.5230, 0.1493, 0.2824, 0.1074, 0.1294, 0.1327]]) stds tensor([[0.4778, 0.1387, 0.6312, 0.5601, 0.1581, 0.3051, 0.5219, 1.4517, 1.6439,
         0.1927, 0.2901, 0.1418, 0.4227, 0.4495, 2.0968, 1.6538, 0.8553, 1.1631,
         1.6297, 0.9007, 0.5240, 0.6833, 1.1089, 0.6009, 0.9870, 1.0222, 0.7183,
         1.4133, 1.0533, 0.4423, 0.8451, 0.3440, 0.3932, 0.3762]])
Y count-scale means tensor([[4.8859e-01, 3.5833e-02, 9.9997e-01, 7.9858e-01, 4.8727e-02, 2.0843e-01,
         6.0113e-01, 1.4472e+01, 3.3015e+01, 7.1756e-02, 1.8603e-01, 3.7722e-02,
         5.4277e-01, 4.2388e-01, 2.3974e+02, 2.0613e+01, 2.6390e+00, 1.4084e+01,
         2.7483e+01, 2.8620e+00, 5.9036e-01, 1.5705e+00, 8.1430e+00, 1.7214e+00,
         3.4179e+00, 3.9326e+00, 1.3055e+00, 3.3383e+01, 6.3005e+00, 4.2967e-01,
         3.1852e+00, 2.2789e-01, 3.0358e-01, 2.7662e-01]]) stds tensor([[3.3335e+00, 6.3231e-01, 6.0218e+00, 6.3010e+00, 9.4810e-01, 3.8696e+00,
         3.8595e+00, 7.2372e+01, 2.4703e+02, 1.0285e+00, 2.5689e+00, 7.0265e-01,
         8.9316e+00, 2.6903e+00, 2.8009e+03, 8.8395e+01, 1.9210e+01, 1.6780e+02,
         2.2804e+02, 1.7053e+01, 3.1004e+00, 2.2580e+01, 8.4174e+01, 4.9503e+01,
         1.6421e+01, 2.1866e+01, 7.0309e+00, 9.1440e+02, 7.6852e+01, 4.6832e+00,
         2.7588e+01, 1.0161e+00, 1.4205e+00, 1.0908e+00]])
Loaded per-window (calendar) month weights from analysis/figures/month_weights_per_window.npz: cube.shape=(25, 12, 34)
/Users/liyingnceas/GitHub/GNN-RNN-main/gnn-lstm-v3/utils/data_utils.py:264: RuntimeWarning: Mean of empty slice
  np.nanmean(county_dict[county], axis=0).astype(np.float32)
Filled 95850 missing (node, year) entries from neighbors or year averages
[2D] Station nodes: 596, adj nnz: 2980
[build_year_XY_windowed] data_start=1998, min_pred_year=2009, test_year=2016, win_size=3, n_windows=10
  built windows for T=2009
  built windows for T=2014
[build_year_XY_windowed] built windowed XY for 8 prediction years (2009–2016)
  GAT_RNN_V2: edge_feat_dim=3, n_heads=4, n_hidden=64
  [Bayes] Species rarity weights (mean=1): min=0.70 max=1.69  (rarest=Archosargus probatocephalus_R)
  [CrossDonor] Ecological cross-donor map (9 recipients):
    Centropomus undecimalis_A  <-  ['Cynoscion nebulosus_R', 'Cynoscion nebulosus_A']
    Centropomus undecimalis_SA  <-  ['Cynoscion nebulosus_R', 'Centropomus undecimalis_A']
    Sciaenops ocellatus_R  <-  ['Cynoscion nebulosus_R', 'Cynoscion nebulosus_A']
    Sciaenops ocellatus_SA  <-  ['Cynoscion nebulosus_R', 'Cynoscion nebulosus_A']
    Cynoscion nebulosus_A  <-  ['Cynoscion nebulosus_R', 'Lagodon rhomboides_A']
    Mycteroperca microlepis_SA  <-  ['Lutjanus griseus_SA', 'Lutjanus griseus_R']
    Lutjanus griseus_R  <-  ['Archosargus probatocephalus_A', 'Lutjanus griseus_SA']
    Lutjanus griseus_SA  <-  ['Archosargus probatocephalus_A']
    Archosargus probatocephalus_R  <-  ['Archosargus probatocephalus_A', 'Lagodon rhomboides_A']
  [BayesTransferMapped] 9 recipient → donor mappings:
    recipient   3 <- donors [6, 5]
    recipient   4 <- donors [6, 3]
    recipient  12 <- donors [6, 5]
    recipient  13 <- donors [6, 5]
    recipient   5 <- donors [6, 7]
    recipient  11 <- donors [10, 9]
    recipient   9 <- donors [0, 10]
    recipient  10 <- donors [0]
    recipient   1 <- donors [0, 7]
  [BayesTransferMapped] transfer_prior_std=0.600  warmstart_alpha=0.25

----- Epoch 0 (windowed) -----

###### Windowed train epoch 0 overall metrics
  loss: 0.1887 rmse: 18.926 r2: 0.012 corr: 0.110
***** Epoch 0 Val (windowed) *****
  loss: 0.0695 rmse: 15.472 r2: 0.057 corr: 0.253
********************
***** Epoch 0 Test (windowed) *****
  loss: 0.0698 rmse: 15.226 r2: 0.064 corr: 0.266
********************
  Epoch 0 done in 31.9s
  Saved best model → model/FIM_restoration_0412_stations_monthly/2016/gat-rnn-v2-windowed_bs-128_lr-0.001_maxepoch-50_testyear-2016_win-3_nwin-10_seed-0/model-0

----- Epoch 1 (windowed) -----

###### Windowed train epoch 1 overall metrics
  loss: 0.1770 rmse: 18.744 r2: 0.031 corr: 0.181
***** Epoch 1 Val (windowed) *****
  loss: 0.0645 rmse: 15.417 r2: 0.064 corr: 0.260
********************
***** Epoch 1 Test (windowed) *****
  loss: 0.0651 rmse: 15.168 r2: 0.071 corr: 0.274
********************
  Epoch 1 done in 32.1s
  Saved best model → model/FIM_restoration_0412_stations_monthly/2016/gat-rnn-v2-windowed_bs-128_lr-0.001_maxepoch-50_testyear-2016_win-3_nwin-10_seed-0/model-1

----- Epoch 2 (windowed) -----

###### Windowed train epoch 2 overall metrics
  loss: 0.1698 rmse: 19.092 r2: -0.005 corr: 0.166
***** Epoch 2 Val (windowed) *****
  loss: 0.0620 rmse: 15.252 r2: 0.084 corr: 0.303
********************
***** Epoch 2 Test (windowed) *****
  loss: 0.0629 rmse: 14.981 r2: 0.094 corr: 0.319
********************
  Epoch 2 done in 32.0s
  Saved best model → model/FIM_restoration_0412_stations_monthly/2016/gat-rnn-v2-windowed_bs-128_lr-0.001_maxepoch-50_testyear-2016_win-3_nwin-10_seed-0/model-2

----- Epoch 3 (windowed) -----

###### Windowed train epoch 3 overall metrics
  loss: 0.1649 rmse: 19.720 r2: -0.073 corr: 0.151
***** Epoch 3 Val (windowed) *****
  loss: 0.0602 rmse: 15.340 r2: 0.073 corr: 0.275
********************
***** Epoch 3 Test (windowed) *****
  loss: 0.0613 rmse: 15.043 r2: 0.086 corr: 0.298
********************
  Epoch 3 done in 32.1s

----- Epoch 4 (windowed) -----

###### Windowed train epoch 4 overall metrics
  loss: 0.1608 rmse: 19.508 r2: -0.050 corr: 0.175
***** Epoch 4 Val (windowed) *****
  loss: 0.0583 rmse: 15.307 r2: 0.077 corr: 0.283
********************
***** Epoch 4 Test (windowed) *****
  loss: 0.0601 rmse: 14.986 r2: 0.093 corr: 0.309
********************
  Epoch 4 done in 31.8s

----- Epoch 5 (windowed) -----

###### Windowed train epoch 5 overall metrics
  loss: 0.1569 rmse: 19.784 r2: -0.080 corr: 0.163
***** Epoch 5 Val (windowed) *****
  loss: 0.0567 rmse: 15.102 r2: 0.102 corr: 0.325
********************
***** Epoch 5 Test (windowed) *****
  loss: 0.0591 rmse: 14.766 r2: 0.120 corr: 0.351
********************
  Epoch 5 done in 31.7s
  Saved best model → model/FIM_restoration_0412_stations_monthly/2016/gat-rnn-v2-windowed_bs-128_lr-0.001_maxepoch-50_testyear-2016_win-3_nwin-10_seed-0/model-5

----- Epoch 6 (windowed) -----

###### Windowed train epoch 6 overall metrics
  loss: 0.1550 rmse: 19.317 r2: -0.029 corr: 0.199
***** Epoch 6 Val (windowed) *****
  loss: 0.0598 rmse: 15.429 r2: 0.063 corr: 0.264
********************
***** Epoch 6 Test (windowed) *****
  loss: 0.0597 rmse: 15.123 r2: 0.077 corr: 0.285
********************
  Epoch 6 done in 65.0s

----- Epoch 7 (windowed) -----

###### Windowed train epoch 7 overall metrics
  loss: 0.1518 rmse: 19.522 r2: -0.051 corr: 0.202
***** Epoch 7 Val (windowed) *****
  loss: 0.0543 rmse: 15.165 r2: 0.094 corr: 0.327
********************
***** Epoch 7 Test (windowed) *****
  loss: 0.0577 rmse: 14.730 r2: 0.124 corr: 0.367
********************
  Epoch 7 done in 324.9s

----- Epoch 8 (windowed) -----

###### Windowed train epoch 8 overall metrics
  loss: 0.1490 rmse: 19.325 r2: -0.030 corr: 0.207
***** Epoch 8 Val (windowed) *****
  loss: 0.0537 rmse: 15.092 r2: 0.103 corr: 0.327
********************
***** Epoch 8 Test (windowed) *****
  loss: 0.0572 rmse: 14.628 r2: 0.136 corr: 0.374
********************
  Epoch 8 done in 31.9s
  Saved best model → model/FIM_restoration_0412_stations_monthly/2016/gat-rnn-v2-windowed_bs-128_lr-0.001_maxepoch-50_testyear-2016_win-3_nwin-10_seed-0/model-8

----- Epoch 9 (windowed) -----

###### Windowed train epoch 9 overall metrics
  loss: 0.1474 rmse: 19.006 r2: 0.004 corr: 0.228
***** Epoch 9 Val (windowed) *****
  loss: 0.0529 rmse: 14.956 r2: 0.119 corr: 0.357
********************
***** Epoch 9 Test (windowed) *****
  loss: 0.0562 rmse: 14.442 r2: 0.158 corr: 0.404
********************
  Epoch 9 done in 47.0s
  Saved best model → model/FIM_restoration_0412_stations_monthly/2016/gat-rnn-v2-windowed_bs-128_lr-0.001_maxepoch-50_testyear-2016_win-3_nwin-10_seed-0/model-9

----- Epoch 10 (windowed) -----

###### Windowed train epoch 10 overall metrics
  loss: 0.1449 rmse: 19.145 r2: -0.011 corr: 0.219
***** Epoch 10 Val (windowed) *****
  loss: 0.0523 rmse: 14.951 r2: 0.120 corr: 0.362
********************
***** Epoch 10 Test (windowed) *****
  loss: 0.0566 rmse: 14.393 r2: 0.164 corr: 0.414
********************
  Epoch 10 done in 35.2s
  Saved best model → model/FIM_restoration_0412_stations_monthly/2016/gat-rnn-v2-windowed_bs-128_lr-0.001_maxepoch-50_testyear-2016_win-3_nwin-10_seed-0/model-10

----- Epoch 11 (windowed) -----

###### Windowed train epoch 11 overall metrics
  loss: 0.1442 rmse: 19.104 r2: -0.007 corr: 0.238
***** Epoch 11 Val (windowed) *****
  loss: 0.0529 rmse: 14.429 r2: 0.180 corr: 0.430
********************
***** Epoch 11 Test (windowed) *****
  loss: 0.0609 rmse: 14.232 r2: 0.182 corr: 0.433
********************
  Epoch 11 done in 939.6s
  Saved best model → model/FIM_restoration_0412_stations_monthly/2016/gat-rnn-v2-windowed_bs-128_lr-0.001_maxepoch-50_testyear-2016_win-3_nwin-10_seed-0/model-11

----- Epoch 12 (windowed) -----

###### Windowed train epoch 12 overall metrics
  loss: 0.1418 rmse: 19.320 r2: -0.030 corr: 0.231
***** Epoch 12 Val (windowed) *****
  loss: 0.0568 rmse: 15.962 r2: -0.003 corr: 0.255
********************
***** Epoch 12 Test (windowed) *****
  loss: 0.0556 rmse: 15.149 r2: 0.074 corr: 0.312
********************
  Epoch 12 done in 33.2s

----- Epoch 13 (windowed) -----

###### Windowed train epoch 13 overall metrics
  loss: 0.1397 rmse: 18.846 r2: 0.020 corr: 0.263
***** Epoch 13 Val (windowed) *****
  loss: 0.0505 rmse: 15.299 r2: 0.078 corr: 0.320
********************
***** Epoch 13 Test (windowed) *****
  loss: 0.0553 rmse: 14.751 r2: 0.122 corr: 0.366
********************
  Epoch 13 done in 32.4s

----- Epoch 14 (windowed) -----

###### Windowed train epoch 14 overall metrics
  loss: 0.1377 rmse: 19.137 r2: -0.010 corr: 0.264
***** Epoch 14 Val (windowed) *****
  loss: 0.0500 rmse: 15.185 r2: 0.092 corr: 0.315
********************
***** Epoch 14 Test (windowed) *****
  loss: 0.0558 rmse: 14.692 r2: 0.129 corr: 0.363
********************
  Epoch 14 done in 31.5s

----- Epoch 15 (windowed) -----

###### Windowed train epoch 15 overall metrics
  loss: 0.1362 rmse: 19.092 r2: -0.005 corr: 0.243
***** Epoch 15 Val (windowed) *****
  loss: 0.0516 rmse: 14.901 r2: 0.126 corr: 0.360
********************
***** Epoch 15 Test (windowed) *****
  loss: 0.0603 rmse: 14.632 r2: 0.136 corr: 0.372
********************
  Epoch 15 done in 31.5s

----- Epoch 16 (windowed) -----

###### Windowed train epoch 16 overall metrics
  loss: 0.1364 rmse: 18.881 r2: 0.017 corr: 0.261
***** Epoch 16 Val (windowed) *****
  loss: 0.0503 rmse: 14.869 r2: 0.129 corr: 0.371
********************
***** Epoch 16 Test (windowed) *****
  loss: 0.0565 rmse: 14.468 r2: 0.155 corr: 0.400
********************
  Epoch 16 done in 932.5s

----- Epoch 17 (windowed) -----

###### Windowed train epoch 17 overall metrics
  loss: 0.1354 rmse: 19.318 r2: -0.029 corr: 0.214
***** Epoch 17 Val (windowed) *****
  loss: 0.0509 rmse: 15.198 r2: 0.090 corr: 0.358
********************
***** Epoch 17 Test (windowed) *****
  loss: 0.0553 rmse: 14.416 r2: 0.161 corr: 0.420
********************
  Epoch 17 done in 988.6s

----- Epoch 18 (windowed) -----

###### Windowed train epoch 18 overall metrics
  loss: 0.1327 rmse: 19.658 r2: -0.066 corr: 0.215
***** Epoch 18 Val (windowed) *****
  loss: 0.0486 rmse: 15.221 r2: 0.088 corr: 0.319
********************
***** Epoch 18 Test (windowed) *****
  loss: 0.0544 rmse: 14.681 r2: 0.130 corr: 0.367
********************
  Epoch 18 done in 32.1s

----- Epoch 19 (windowed) -----

###### Windowed train epoch 19 overall metrics
  loss: 0.1332 rmse: 19.084 r2: -0.005 corr: 0.255
***** Epoch 19 Val (windowed) *****
  loss: 0.0495 rmse: 14.853 r2: 0.131 corr: 0.369
********************
***** Epoch 19 Test (windowed) *****
  loss: 0.0577 rmse: 14.185 r2: 0.188 corr: 0.439
********************
  Epoch 19 done in 31.8s

----- Epoch 20 (windowed) -----

###### Windowed train epoch 20 overall metrics
  loss: 0.1311 rmse: 19.107 r2: -0.007 corr: 0.268
***** Epoch 20 Val (windowed) *****
  loss: 0.0479 rmse: 15.125 r2: 0.099 corr: 0.335
********************
***** Epoch 20 Test (windowed) *****
  loss: 0.0559 rmse: 14.480 r2: 0.154 corr: 0.397
********************
  Epoch 20 done in 31.8s

----- Epoch 21 (windowed) -----

###### Windowed train epoch 21 overall metrics
  loss: 0.1301 rmse: 19.164 r2: -0.013 corr: 0.271
***** Epoch 21 Val (windowed) *****
  loss: 0.0486 rmse: 15.157 r2: 0.095 corr: 0.355
********************
***** Epoch 21 Test (windowed) *****
  loss: 0.0579 rmse: 14.423 r2: 0.160 corr: 0.414
********************
  Epoch 21 done in 31.7s

----- Epoch 22 (windowed) -----

###### Windowed train epoch 22 overall metrics
  loss: 0.1286 rmse: 19.051 r2: -0.001 corr: 0.252
***** Epoch 22 Val (windowed) *****
  loss: 0.0482 rmse: 15.276 r2: 0.081 corr: 0.347
********************
***** Epoch 22 Test (windowed) *****
  loss: 0.0548 rmse: 14.571 r2: 0.143 corr: 0.406
********************
  Epoch 22 done in 711.0s

----- Epoch 23 (windowed) -----

###### Windowed train epoch 23 overall metrics
  loss: 0.1282 rmse: 19.622 r2: -0.062 corr: 0.225
***** Epoch 23 Val (windowed) *****
  loss: 0.0493 rmse: 15.150 r2: 0.096 corr: 0.351
********************
***** Epoch 23 Test (windowed) *****
  loss: 0.0561 rmse: 14.387 r2: 0.164 corr: 0.417
********************
  Epoch 23 done in 33.8s

----- Epoch 24 (windowed) -----

###### Windowed train epoch 24 overall metrics
  loss: 0.1279 rmse: 19.317 r2: -0.029 corr: 0.231
***** Epoch 24 Val (windowed) *****
  loss: 0.0485 rmse: 15.221 r2: 0.088 corr: 0.333
********************
***** Epoch 24 Test (windowed) *****
  loss: 0.0545 rmse: 14.667 r2: 0.132 corr: 0.379
********************
  Epoch 24 done in 33.9s

----- Epoch 25 (windowed) -----

###### Windowed train epoch 25 overall metrics
  loss: 0.1258 rmse: 19.931 r2: -0.096 corr: 0.226
***** Epoch 25 Val (windowed) *****
  loss: 0.0480 rmse: 15.779 r2: 0.020 corr: 0.293
********************
***** Epoch 25 Test (windowed) *****
  loss: 0.0533 rmse: 14.902 r2: 0.104 corr: 0.355
********************
  Epoch 25 done in 33.5s

----- Epoch 26 (windowed) -----

###### Windowed train epoch 26 overall metrics
  loss: 0.1249 rmse: 19.663 r2: -0.066 corr: 0.220
***** Epoch 26 Val (windowed) *****
  loss: 0.0472 rmse: 15.286 r2: 0.080 corr: 0.326
********************
***** Epoch 26 Test (windowed) *****
  loss: 0.0543 rmse: 14.500 r2: 0.151 corr: 0.397
********************
  Epoch 26 done in 34.7s

----- Epoch 27 (windowed) -----

###### Windowed train epoch 27 overall metrics
  loss: 0.1245 rmse: 19.605 r2: -0.060 corr: 0.252
***** Epoch 27 Val (windowed) *****
  loss: 0.0481 rmse: 15.639 r2: 0.037 corr: 0.286
********************
***** Epoch 27 Test (windowed) *****
  loss: 0.0536 rmse: 14.870 r2: 0.107 corr: 0.350
********************
  Epoch 27 done in 35.2s

----- Epoch 28 (windowed) -----

###### Windowed train epoch 28 overall metrics
  loss: 0.1232 rmse: 19.562 r2: -0.055 corr: 0.250
***** Epoch 28 Val (windowed) *****
  loss: 0.0467 rmse: 15.092 r2: 0.103 corr: 0.342
********************
***** Epoch 28 Test (windowed) *****
  loss: 0.0530 rmse: 14.352 r2: 0.168 corr: 0.417
********************
  Epoch 28 done in 31.6s

----- Epoch 29 (windowed) -----

###### Windowed train epoch 29 overall metrics
  loss: 0.1227 rmse: 20.207 r2: -0.126 corr: 0.261
***** Epoch 29 Val (windowed) *****
  loss: 0.0476 rmse: 15.509 r2: 0.053 corr: 0.314
********************
***** Epoch 29 Test (windowed) *****
  loss: 0.0533 rmse: 14.871 r2: 0.107 corr: 0.360
********************
  Epoch 29 done in 31.8s

----- Epoch 30 (windowed) -----

###### Windowed train epoch 30 overall metrics
  loss: 0.1213 rmse: 19.473 r2: -0.046 corr: 0.240
***** Epoch 30 Val (windowed) *****
  loss: 0.0484 rmse: 16.066 r2: -0.016 corr: 0.275
********************
***** Epoch 30 Test (windowed) *****
  loss: 0.0531 rmse: 15.321 r2: 0.052 corr: 0.327
********************
  Epoch 30 done in 31.8s

----- Epoch 31 (windowed) -----

###### Windowed train epoch 31 overall metrics
  loss: 0.1210 rmse: 19.626 r2: -0.062 corr: 0.249
***** Epoch 31 Val (windowed) *****
  loss: 0.0529 rmse: 15.957 r2: -0.003 corr: 0.275
********************
***** Epoch 31 Test (windowed) *****
  loss: 0.0545 rmse: 15.328 r2: 0.052 corr: 0.320
********************
  Epoch 31 done in 32.1s

----- Epoch 32 (windowed) -----

###### Windowed train epoch 32 overall metrics
  loss: 0.1205 rmse: 19.647 r2: -0.065 corr: 0.289
***** Epoch 32 Val (windowed) *****
  loss: 0.0470 rmse: 15.238 r2: 0.086 corr: 0.337
********************
***** Epoch 32 Test (windowed) *****
  loss: 0.0528 rmse: 14.612 r2: 0.138 corr: 0.394
********************
  Epoch 32 done in 32.7s

----- Epoch 33 (windowed) -----

###### Windowed train epoch 33 overall metrics
  loss: 0.1197 rmse: 20.087 r2: -0.113 corr: 0.271
***** Epoch 33 Val (windowed) *****
  loss: 0.0469 rmse: 15.349 r2: 0.072 corr: 0.327
********************
***** Epoch 33 Test (windowed) *****
  loss: 0.0529 rmse: 14.692 r2: 0.129 corr: 0.386
********************
  Epoch 33 done in 32.3s

----- Epoch 34 (windowed) -----

###### Windowed train epoch 34 overall metrics
  loss: 0.1185 rmse: 20.091 r2: -0.113 corr: 0.224
***** Epoch 34 Val (windowed) *****
  loss: 0.0470 rmse: 16.192 r2: -0.032 corr: 0.323
********************
***** Epoch 34 Test (windowed) *****
  loss: 0.0524 rmse: 15.540 r2: 0.025 corr: 0.381
********************
  Epoch 34 done in 31.9s

----- Epoch 35 (windowed) -----

###### Windowed train epoch 35 overall metrics
  loss: 0.1195 rmse: 20.198 r2: -0.125 corr: 0.228
***** Epoch 35 Val (windowed) *****
  loss: 0.0471 rmse: 15.278 r2: 0.081 corr: 0.337
********************
***** Epoch 35 Test (windowed) *****
  loss: 0.0533 rmse: 14.592 r2: 0.140 corr: 0.396
********************
  Epoch 35 done in 31.9s

----- Epoch 36 (windowed) -----

###### Windowed train epoch 36 overall metrics
  loss: 0.1192 rmse: 19.801 r2: -0.081 corr: 0.228
***** Epoch 36 Val (windowed) *****
  loss: 0.0468 rmse: 15.068 r2: 0.106 corr: 0.336
********************
***** Epoch 36 Test (windowed) *****
  loss: 0.0538 rmse: 14.541 r2: 0.146 corr: 0.387
********************
  Epoch 36 done in 31.6s

----- Epoch 37 (windowed) -----

###### Windowed train epoch 37 overall metrics
  loss: 0.1185 rmse: 19.420 r2: -0.040 corr: 0.259
***** Epoch 37 Val (windowed) *****
  loss: 0.0463 rmse: 15.132 r2: 0.098 corr: 0.367
********************
***** Epoch 37 Test (windowed) *****
  loss: 0.0539 rmse: 14.486 r2: 0.153 corr: 0.426
********************
  Epoch 37 done in 32.3s

----- Epoch 38 (windowed) -----

###### Windowed train epoch 38 overall metrics
  loss: 0.1173 rmse: 20.811 r2: -0.195 corr: 0.231
***** Epoch 38 Val (windowed) *****
  loss: 0.0463 rmse: 15.389 r2: 0.067 corr: 0.311
********************
***** Epoch 38 Test (windowed) *****
  loss: 0.0543 rmse: 14.763 r2: 0.120 corr: 0.368
********************
  Epoch 38 done in 32.5s

----- Epoch 39 (windowed) -----

###### Windowed train epoch 39 overall metrics
  loss: 0.1158 rmse: 20.131 r2: -0.118 corr: 0.243
***** Epoch 39 Val (windowed) *****
  loss: 0.0459 rmse: 15.184 r2: 0.092 corr: 0.349
********************
***** Epoch 39 Test (windowed) *****
  loss: 0.0558 rmse: 14.363 r2: 0.167 corr: 0.425
********************
  Epoch 39 done in 31.7s

----- Epoch 40 (windowed) -----

###### Windowed train epoch 40 overall metrics
  loss: 0.1148 rmse: 20.394 r2: -0.147 corr: 0.221
***** Epoch 40 Val (windowed) *****
  loss: 0.0453 rmse: 15.544 r2: 0.049 corr: 0.314
********************
***** Epoch 40 Test (windowed) *****
  loss: 0.0537 rmse: 14.883 r2: 0.106 corr: 0.373
********************
  Epoch 40 done in 32.1s

----- Epoch 41 (windowed) -----

###### Windowed train epoch 41 overall metrics
  loss: 0.1140 rmse: 19.623 r2: -0.062 corr: 0.290
***** Epoch 41 Val (windowed) *****
  loss: 0.0468 rmse: 15.535 r2: 0.050 corr: 0.313
********************
***** Epoch 41 Test (windowed) *****
  loss: 0.0528 rmse: 14.808 r2: 0.115 corr: 0.376
********************
  Epoch 41 done in 31.9s
  [EarlyStop] No val_rmse improvement for 30 epochs (patience=30). Stopping fold at epoch 41.
Fold done — best val RMSE=14.4290 test R²=0.1823 corr=0.4332

================================================================
Rolling-windowed  test_year=2017
  Val  : 2016
  Test : 2017
  win_size=3  n_windows=10
================================================================
Initially data (54319, 166)
After filtering (40126, 166)
get_X_Y
X shape (40126, 130)
Y shape (40126, 34)
Y (output) means tensor([[0.1478, 0.0119, 0.2544, 0.1549, 0.0175, 0.0615, 0.1639, 0.6646, 0.9137,
         0.0228, 0.0478, 0.0106, 0.0803, 0.1417, 1.0162, 1.0041, 0.3496, 0.3893,
         0.8950, 0.3853, 0.1865, 0.2166, 0.4288, 0.1773, 0.4097, 0.4656, 0.2826,
         0.6457, 0.5169, 0.1488, 0.2837, 0.1087, 0.1293, 0.1308]]) stds tensor([[0.4810, 0.1349, 0.6272, 0.5677, 0.1579, 0.3003, 0.5241, 1.4549, 1.6422,
         0.1910, 0.3016, 0.1381, 0.4258, 0.4486, 2.0955, 1.6625, 0.8585, 1.1663,
         1.6269, 0.9178, 0.5259, 0.6815, 1.1027, 0.5943, 0.9893, 1.0227, 0.7157,
         1.3933, 1.0465, 0.4416, 0.8480, 0.3462, 0.3923, 0.3732]])
Y count-scale means tensor([[4.9452e-01, 3.3984e-02, 9.8194e-01, 8.1968e-01, 4.8356e-02, 2.0072e-01,
         6.0586e-01, 1.4598e+01, 3.2756e+01, 7.0195e-02, 2.0176e-01, 3.5760e-02,
         5.4688e-01, 4.2128e-01, 2.4536e+02, 2.0913e+01, 2.6860e+00, 1.4177e+01,
         2.7182e+01, 3.0460e+00, 5.9642e-01, 1.5640e+00, 7.9609e+00, 1.6553e+00,
         3.4306e+00, 3.9116e+00, 1.2936e+00, 3.1637e+01, 6.1414e+00, 4.2804e-01,
         3.1848e+00, 2.3101e-01, 3.0197e-01, 2.7187e-01]]) stds tensor([[3.3045e+00, 6.1336e-01, 5.8942e+00, 6.2990e+00, 9.2654e-01, 3.7543e+00,
         3.8391e+00, 7.2363e+01, 2.4253e+02, 1.0068e+00, 2.6381e+00, 6.8188e-01,
         8.7474e+00, 2.6550e+00, 2.9254e+03, 8.8294e+01, 1.9692e+01, 1.6555e+02,
         2.2308e+02, 1.9043e+01, 3.1153e+00, 2.2115e+01, 8.2098e+01, 4.8013e+01,
         1.6475e+01, 2.1493e+01, 6.9807e+00, 8.8620e+02, 7.4830e+01, 4.6064e+00,
         2.7164e+01, 1.0217e+00, 1.4031e+00, 1.0747e+00]])
Loaded per-window (calendar) month weights from analysis/figures/month_weights_per_window.npz: cube.shape=(25, 12, 34)
/Users/liyingnceas/GitHub/GNN-RNN-main/gnn-lstm-v3/utils/data_utils.py:264: RuntimeWarning: Mean of empty slice
  np.nanmean(county_dict[county], axis=0).astype(np.float32)
Filled 101494 missing (node, year) entries from neighbors or year averages
[2D] Station nodes: 596, adj nnz: 2980
[build_year_XY_windowed] data_start=1998, min_pred_year=2009, test_year=2017, win_size=3, n_windows=10
  built windows for T=2009
  built windows for T=2014
[build_year_XY_windowed] built windowed XY for 9 prediction years (2009–2017)
  GAT_RNN_V2: edge_feat_dim=3, n_heads=4, n_hidden=64
  [Bayes] Species rarity weights (mean=1): min=0.70 max=1.70  (rarest=Archosargus probatocephalus_R)
  [CrossDonor] Ecological cross-donor map (9 recipients):
    Centropomus undecimalis_A  <-  ['Cynoscion nebulosus_R', 'Cynoscion nebulosus_A']
    Centropomus undecimalis_SA  <-  ['Cynoscion nebulosus_R', 'Centropomus undecimalis_A']
    Sciaenops ocellatus_R  <-  ['Cynoscion nebulosus_R', 'Cynoscion nebulosus_A']
    Sciaenops ocellatus_SA  <-  ['Cynoscion nebulosus_R', 'Cynoscion nebulosus_A']
    Cynoscion nebulosus_A  <-  ['Cynoscion nebulosus_R', 'Lagodon rhomboides_A']
    Mycteroperca microlepis_SA  <-  ['Lutjanus griseus_SA', 'Lutjanus griseus_R']
    Lutjanus griseus_R  <-  ['Archosargus probatocephalus_A', 'Lutjanus griseus_SA']
    Lutjanus griseus_SA  <-  ['Archosargus probatocephalus_A']
    Archosargus probatocephalus_R  <-  ['Archosargus probatocephalus_A', 'Lagodon rhomboides_A']
  [BayesTransferMapped] 9 recipient → donor mappings:
    recipient   3 <- donors [6, 5]
    recipient   4 <- donors [6, 3]
    recipient  12 <- donors [6, 5]
    recipient  13 <- donors [6, 5]
    recipient   5 <- donors [6, 7]
    recipient  11 <- donors [10, 9]
    recipient   9 <- donors [0, 10]
    recipient  10 <- donors [0]
    recipient   1 <- donors [0, 7]
  [BayesTransferMapped] transfer_prior_std=0.600  warmstart_alpha=0.25

----- Epoch 0 (windowed) -----

###### Windowed train epoch 0 overall metrics
  loss: 0.1885 rmse: 18.611 r2: 0.008 corr: 0.091
***** Epoch 0 Val (windowed) *****
  loss: 0.0691 rmse: 15.517 r2: 0.030 corr: 0.176
********************
***** Epoch 0 Test (windowed) *****
  loss: 0.0695 rmse: 23.206 r2: 0.015 corr: 0.126
********************
  Epoch 0 done in 35.7s
  Saved best model → model/FIM_restoration_0412_stations_monthly/2017/gat-rnn-v2-windowed_bs-128_lr-0.001_maxepoch-50_testyear-2017_win-3_nwin-10_seed-0/model-0

----- Epoch 1 (windowed) -----

###### Windowed train epoch 1 overall metrics
  loss: 0.1748 rmse: 18.556 r2: 0.013 corr: 0.150
***** Epoch 1 Val (windowed) *****
  loss: 0.0642 rmse: 15.266 r2: 0.061 corr: 0.252
********************
***** Epoch 1 Test (windowed) *****
  loss: 0.0652 rmse: 23.003 r2: 0.033 corr: 0.185
********************
  Epoch 1 done in 35.7s
  Saved best model → model/FIM_restoration_0412_stations_monthly/2017/gat-rnn-v2-windowed_bs-128_lr-0.001_maxepoch-50_testyear-2017_win-3_nwin-10_seed-0/model-1

----- Epoch 2 (windowed) -----

###### Windowed train epoch 2 overall metrics
  loss: 0.1674 rmse: 18.521 r2: 0.017 corr: 0.185
***** Epoch 2 Val (windowed) *****
  loss: 0.0619 rmse: 15.281 r2: 0.060 corr: 0.257
********************
***** Epoch 2 Test (windowed) *****
  loss: 0.0627 rmse: 22.975 r2: 0.035 corr: 0.193
********************
  Epoch 2 done in 35.8s

----- Epoch 3 (windowed) -----

###### Windowed train epoch 3 overall metrics
  loss: 0.1630 rmse: 18.553 r2: 0.014 corr: 0.186
***** Epoch 3 Val (windowed) *****
  loss: 0.0602 rmse: 15.224 r2: 0.067 corr: 0.262
********************
***** Epoch 3 Test (windowed) *****
  loss: 0.0614 rmse: 22.964 r2: 0.036 corr: 0.192
********************
  Epoch 3 done in 35.5s
  Saved best model → model/FIM_restoration_0412_stations_monthly/2017/gat-rnn-v2-windowed_bs-128_lr-0.001_maxepoch-50_testyear-2017_win-3_nwin-10_seed-0/model-3

----- Epoch 4 (windowed) -----

###### Windowed train epoch 4 overall metrics
  loss: 0.1594 rmse: 18.643 r2: 0.004 corr: 0.195
***** Epoch 4 Val (windowed) *****
  loss: 0.0642 rmse: 15.391 r2: 0.046 corr: 0.269
********************
***** Epoch 4 Test (windowed) *****
  loss: 0.0652 rmse: 23.049 r2: 0.029 corr: 0.201
********************
  Epoch 4 done in 35.3s

----- Epoch 5 (windowed) -----

###### Windowed train epoch 5 overall metrics
  loss: 0.1560 rmse: 18.545 r2: 0.015 corr: 0.209
***** Epoch 5 Val (windowed) *****
  loss: 0.0575 rmse: 15.096 r2: 0.082 corr: 0.293
********************
***** Epoch 5 Test (windowed) *****
  loss: 0.0591 rmse: 22.835 r2: 0.047 corr: 0.220
********************
  Epoch 5 done in 35.6s
  Saved best model → model/FIM_restoration_0412_stations_monthly/2017/gat-rnn-v2-windowed_bs-128_lr-0.001_maxepoch-50_testyear-2017_win-3_nwin-10_seed-0/model-5

----- Epoch 6 (windowed) -----

###### Windowed train epoch 6 overall metrics
  loss: 0.1525 rmse: 18.839 r2: -0.017 corr: 0.193
***** Epoch 6 Val (windowed) *****
  loss: 0.0562 rmse: 15.249 r2: 0.064 corr: 0.261
********************
***** Epoch 6 Test (windowed) *****
  loss: 0.0578 rmse: 22.991 r2: 0.034 corr: 0.188
********************
  Epoch 6 done in 35.5s

----- Epoch 7 (windowed) -----

###### Windowed train epoch 7 overall metrics
  loss: 0.1494 rmse: 18.653 r2: 0.003 corr: 0.209
***** Epoch 7 Val (windowed) *****
  loss: 0.0613 rmse: 15.355 r2: 0.051 corr: 0.253
********************
***** Epoch 7 Test (windowed) *****
  loss: 0.0629 rmse: 22.993 r2: 0.034 corr: 0.195
********************
  Epoch 7 done in 36.1s

----- Epoch 8 (windowed) -----

###### Windowed train epoch 8 overall metrics
  loss: 0.1487 rmse: 18.527 r2: 0.016 corr: 0.228
***** Epoch 8 Val (windowed) *****
  loss: 0.0559 rmse: 15.131 r2: 0.078 corr: 0.299
********************
***** Epoch 8 Test (windowed) *****
  loss: 0.0570 rmse: 22.807 r2: 0.049 corr: 0.230
********************
  Epoch 8 done in 36.7s

----- Epoch 9 (windowed) -----

###### Windowed train epoch 9 overall metrics
  loss: 0.1446 rmse: 18.840 r2: -0.017 corr: 0.214
***** Epoch 9 Val (windowed) *****
  loss: 0.0531 rmse: 14.795 r2: 0.119 corr: 0.351
********************
***** Epoch 9 Test (windowed) *****
  loss: 0.0555 rmse: 22.530 r2: 0.072 corr: 0.275
********************
  Epoch 9 done in 38.2s
  Saved best model → model/FIM_restoration_0412_stations_monthly/2017/gat-rnn-v2-windowed_bs-128_lr-0.001_maxepoch-50_testyear-2017_win-3_nwin-10_seed-0/model-9

----- Epoch 10 (windowed) -----

###### Windowed train epoch 10 overall metrics
  loss: 0.1425 rmse: 18.431 r2: 0.027 corr: 0.244
***** Epoch 10 Val (windowed) *****
  loss: 0.0524 rmse: 14.917 r2: 0.104 corr: 0.338
********************
***** Epoch 10 Test (windowed) *****
  loss: 0.0550 rmse: 22.679 r2: 0.060 corr: 0.251
********************
  Epoch 10 done in 36.0s

----- Epoch 11 (windowed) -----

###### Windowed train epoch 11 overall metrics
  loss: 0.1405 rmse: 18.542 r2: 0.015 corr: 0.271
***** Epoch 11 Val (windowed) *****
  loss: 0.0527 rmse: 14.856 r2: 0.111 corr: 0.352
********************
***** Epoch 11 Test (windowed) *****
  loss: 0.0553 rmse: 22.603 r2: 0.066 corr: 0.264
********************
  Epoch 11 done in 36.6s

----- Epoch 12 (windowed) -----

###### Windowed train epoch 12 overall metrics
  loss: 0.1396 rmse: 18.519 r2: 0.017 corr: 0.245
***** Epoch 12 Val (windowed) *****
  loss: 0.0522 rmse: 14.662 r2: 0.134 corr: 0.377
********************
***** Epoch 12 Test (windowed) *****
  loss: 0.0553 rmse: 22.368 r2: 0.085 corr: 0.296
********************
  Epoch 12 done in 35.6s
  Saved best model → model/FIM_restoration_0412_stations_monthly/2017/gat-rnn-v2-windowed_bs-128_lr-0.001_maxepoch-50_testyear-2017_win-3_nwin-10_seed-0/model-12

----- Epoch 13 (windowed) -----

###### Windowed train epoch 13 overall metrics
  loss: 0.1385 rmse: 18.843 r2: -0.017 corr: 0.249
***** Epoch 13 Val (windowed) *****
  loss: 0.0562 rmse: 14.966 r2: 0.098 corr: 0.341
********************
***** Epoch 13 Test (windowed) *****
  loss: 0.0573 rmse: 22.544 r2: 0.071 corr: 0.274
********************
  Epoch 13 done in 35.5s

----- Epoch 14 (windowed) -----

###### Windowed train epoch 14 overall metrics
  loss: 0.1372 rmse: 18.566 r2: 0.012 corr: 0.245
***** Epoch 14 Val (windowed) *****
  loss: 0.0510 rmse: 14.840 r2: 0.113 corr: 0.365
********************
***** Epoch 14 Test (windowed) *****
  loss: 0.0538 rmse: 22.447 r2: 0.079 corr: 0.289
********************
  Epoch 14 done in 35.7s

----- Epoch 15 (windowed) -----

###### Windowed train epoch 15 overall metrics
  loss: 0.1347 rmse: 18.572 r2: 0.012 corr: 0.253
***** Epoch 15 Val (windowed) *****
  loss: 0.0517 rmse: 15.012 r2: 0.092 corr: 0.351
********************
***** Epoch 15 Test (windowed) *****
  loss: 0.0549 rmse: 22.436 r2: 0.080 corr: 0.291
********************
  Epoch 15 done in 35.9s

----- Epoch 16 (windowed) -----

###### Windowed train epoch 16 overall metrics
  loss: 0.1334 rmse: 18.728 r2: -0.005 corr: 0.243
***** Epoch 16 Val (windowed) *****
  loss: 0.0534 rmse: 14.527 r2: 0.150 corr: 0.417
********************
***** Epoch 16 Test (windowed) *****
  loss: 0.0550 rmse: 22.211 r2: 0.098 corr: 0.322
********************
  Epoch 16 done in 35.3s
  Saved best model → model/FIM_restoration_0412_stations_monthly/2017/gat-rnn-v2-windowed_bs-128_lr-0.001_maxepoch-50_testyear-2017_win-3_nwin-10_seed-0/model-16

----- Epoch 17 (windowed) -----

###### Windowed train epoch 17 overall metrics
  loss: 0.1317 rmse: 19.231 r2: -0.060 corr: 0.235
***** Epoch 17 Val (windowed) *****
  loss: 0.0503 rmse: 14.275 r2: 0.179 corr: 0.435
********************
***** Epoch 17 Test (windowed) *****
  loss: 0.0550 rmse: 21.925 r2: 0.121 corr: 0.353
********************
  Epoch 17 done in 35.9s
  Saved best model → model/FIM_restoration_0412_stations_monthly/2017/gat-rnn-v2-windowed_bs-128_lr-0.001_maxepoch-50_testyear-2017_win-3_nwin-10_seed-0/model-17

----- Epoch 18 (windowed) -----

###### Windowed train epoch 18 overall metrics
  loss: 0.1307 rmse: 18.829 r2: -0.016 corr: 0.269
***** Epoch 18 Val (windowed) *****
  loss: 0.0497 rmse: 14.709 r2: 0.129 corr: 0.393
********************
***** Epoch 18 Test (windowed) *****
  loss: 0.0542 rmse: 22.232 r2: 0.096 corr: 0.318
********************
  Epoch 18 done in 36.3s

----- Epoch 19 (windowed) -----

###### Windowed train epoch 19 overall metrics
  loss: 0.1295 rmse: 18.834 r2: -0.016 corr: 0.258
***** Epoch 19 Val (windowed) *****
  loss: 0.0506 rmse: 14.195 r2: 0.189 corr: 0.442
********************
***** Epoch 19 Test (windowed) *****
  loss: 0.0547 rmse: 22.019 r2: 0.114 corr: 0.344
********************
  Epoch 19 done in 36.3s
  Saved best model → model/FIM_restoration_0412_stations_monthly/2017/gat-rnn-v2-windowed_bs-128_lr-0.001_maxepoch-50_testyear-2017_win-3_nwin-10_seed-0/model-19

----- Epoch 20 (windowed) -----

###### Windowed train epoch 20 overall metrics
  loss: 0.1287 rmse: 20.403 r2: -0.193 corr: 0.190
***** Epoch 20 Val (windowed) *****
  loss: 0.0530 rmse: 14.228 r2: 0.185 corr: 0.434
********************
***** Epoch 20 Test (windowed) *****
  loss: 0.0562 rmse: 22.075 r2: 0.109 corr: 0.335
********************
  Epoch 20 done in 36.5s

----- Epoch 21 (windowed) -----

###### Windowed train epoch 21 overall metrics
  loss: 0.1287 rmse: 18.767 r2: -0.009 corr: 0.257
***** Epoch 21 Val (windowed) *****
  loss: 0.0501 rmse: 13.976 r2: 0.213 corr: 0.467
********************
***** Epoch 21 Test (windowed) *****
  loss: 0.0554 rmse: 21.763 r2: 0.134 corr: 0.373
********************
  Epoch 21 done in 36.5s
  Saved best model → model/FIM_restoration_0412_stations_monthly/2017/gat-rnn-v2-windowed_bs-128_lr-0.001_maxepoch-50_testyear-2017_win-3_nwin-10_seed-0/model-21

----- Epoch 22 (windowed) -----

###### Windowed train epoch 22 overall metrics
  loss: 0.1273 rmse: 18.427 r2: 0.027 corr: 0.279
***** Epoch 22 Val (windowed) *****
  loss: 0.0484 rmse: 14.178 r2: 0.190 corr: 0.446
********************
***** Epoch 22 Test (windowed) *****
  loss: 0.0532 rmse: 22.026 r2: 0.113 corr: 0.341
********************
  Epoch 22 done in 36.9s

----- Epoch 23 (windowed) -----

###### Windowed train epoch 23 overall metrics
  loss: 0.1251 rmse: 20.741 r2: -0.233 corr: 0.230
***** Epoch 23 Val (windowed) *****
  loss: 0.0494 rmse: 14.412 r2: 0.164 corr: 0.427
********************
***** Epoch 23 Test (windowed) *****
  loss: 0.0533 rmse: 22.257 r2: 0.094 corr: 0.314
********************
  Epoch 23 done in 36.6s

----- Epoch 24 (windowed) -----

###### Windowed train epoch 24 overall metrics
  loss: 0.1246 rmse: 18.628 r2: 0.006 corr: 0.276
***** Epoch 24 Val (windowed) *****
  loss: 0.0536 rmse: 14.624 r2: 0.139 corr: 0.457
********************
***** Epoch 24 Test (windowed) *****
  loss: 0.0545 rmse: 21.979 r2: 0.117 corr: 0.357
********************
  Epoch 24 done in 37.3s

----- Epoch 25 (windowed) -----

###### Windowed train epoch 25 overall metrics
  loss: 0.1243 rmse: 18.839 r2: -0.017 corr: 0.279
***** Epoch 25 Val (windowed) *****
  loss: 0.0524 rmse: 14.517 r2: 0.151 corr: 0.448
********************
***** Epoch 25 Test (windowed) *****
  loss: 0.0543 rmse: 22.106 r2: 0.107 corr: 0.340
********************
  Epoch 25 done in 38.3s

----- Epoch 26 (windowed) -----

###### Windowed train epoch 26 overall metrics
  loss: 0.1230 rmse: 19.202 r2: -0.056 corr: 0.261
***** Epoch 26 Val (windowed) *****
  loss: 0.0541 rmse: 14.663 r2: 0.134 corr: 0.406
********************
***** Epoch 26 Test (windowed) *****
  loss: 0.0550 rmse: 22.258 r2: 0.094 corr: 0.316
********************
  Epoch 26 done in 37.4s

----- Epoch 27 (windowed) -----

###### Windowed train epoch 27 overall metrics
  loss: 0.1228 rmse: 19.041 r2: -0.039 corr: 0.277
***** Epoch 27 Val (windowed) *****
  loss: 0.0496 rmse: 14.362 r2: 0.169 corr: 0.447
********************
***** Epoch 27 Test (windowed) *****
  loss: 0.0536 rmse: 22.048 r2: 0.111 corr: 0.341
********************
  Epoch 27 done in 37.1s

----- Epoch 28 (windowed) -----

###### Windowed train epoch 28 overall metrics
  loss: 0.1208 rmse: 19.834 r2: -0.127 corr: 0.239
***** Epoch 28 Val (windowed) *****
  loss: 0.0476 rmse: 14.392 r2: 0.166 corr: 0.416
********************
***** Epoch 28 Test (windowed) *****
  loss: 0.0528 rmse: 22.284 r2: 0.092 corr: 0.313
********************
  Epoch 28 done in 38.5s

----- Epoch 29 (windowed) -----

###### Windowed train epoch 29 overall metrics
  loss: 0.1202 rmse: 18.832 r2: -0.016 corr: 0.257
***** Epoch 29 Val (windowed) *****
  loss: 0.0482 rmse: 14.383 r2: 0.167 corr: 0.445
********************
***** Epoch 29 Test (windowed) *****
  loss: 0.0526 rmse: 22.154 r2: 0.103 corr: 0.329
********************
  Epoch 29 done in 36.9s

----- Epoch 30 (windowed) -----

###### Windowed train epoch 30 overall metrics
  loss: 0.1198 rmse: 22.575 r2: -0.460 corr: 0.173
***** Epoch 30 Val (windowed) *****
  loss: 0.0480 rmse: 14.767 r2: 0.122 corr: 0.378
********************
***** Epoch 30 Test (windowed) *****
  loss: 0.0518 rmse: 22.579 r2: 0.068 corr: 0.270
********************
  Epoch 30 done in 36.6s

----- Epoch 31 (windowed) -----

###### Windowed train epoch 31 overall metrics
  loss: 0.1184 rmse: 18.980 r2: -0.032 corr: 0.264
***** Epoch 31 Val (windowed) *****
  loss: 0.0475 rmse: 14.061 r2: 0.204 corr: 0.472
********************
***** Epoch 31 Test (windowed) *****
  loss: 0.0520 rmse: 21.944 r2: 0.120 corr: 0.350
********************
  Epoch 31 done in 36.4s

----- Epoch 32 (windowed) -----

###### Windowed train epoch 32 overall metrics
  loss: 0.1177 rmse: 19.961 r2: -0.142 corr: 0.262
***** Epoch 32 Val (windowed) *****
  loss: 0.0497 rmse: 14.480 r2: 0.156 corr: 0.440
********************
***** Epoch 32 Test (windowed) *****
  loss: 0.0538 rmse: 22.212 r2: 0.098 corr: 0.323
********************
  Epoch 32 done in 36.9s

----- Epoch 33 (windowed) -----

###### Windowed train epoch 33 overall metrics
  loss: 0.1172 rmse: 19.010 r2: -0.035 corr: 0.292
***** Epoch 33 Val (windowed) *****
  loss: 0.0471 rmse: 14.368 r2: 0.169 corr: 0.473
********************
***** Epoch 33 Test (windowed) *****
  loss: 0.0517 rmse: 22.063 r2: 0.110 corr: 0.346
********************
  Epoch 33 done in 36.4s

----- Epoch 34 (windowed) -----

###### Windowed train epoch 34 overall metrics
  loss: 0.1168 rmse: 18.597 r2: 0.009 corr: 0.322
***** Epoch 34 Val (windowed) *****
  loss: 0.0486 rmse: 13.975 r2: 0.213 corr: 0.480
********************
***** Epoch 34 Test (windowed) *****
  loss: 0.0520 rmse: 21.999 r2: 0.115 corr: 0.344
********************
  Epoch 34 done in 35.7s
  Saved best model → model/FIM_restoration_0412_stations_monthly/2017/gat-rnn-v2-windowed_bs-128_lr-0.001_maxepoch-50_testyear-2017_win-3_nwin-10_seed-0/model-34

----- Epoch 35 (windowed) -----

###### Windowed train epoch 35 overall metrics
  loss: 0.1172 rmse: 19.395 r2: -0.078 corr: 0.290
***** Epoch 35 Val (windowed) *****
  loss: 0.0477 rmse: 14.402 r2: 0.165 corr: 0.466
********************
***** Epoch 35 Test (windowed) *****
  loss: 0.0513 rmse: 21.834 r2: 0.128 corr: 0.366
********************
  Epoch 35 done in 36.6s

----- Epoch 36 (windowed) -----

###### Windowed train epoch 36 overall metrics
  loss: 0.1164 rmse: 18.798 r2: -0.013 corr: 0.259
***** Epoch 36 Val (windowed) *****
  loss: 0.0491 rmse: 13.840 r2: 0.229 corr: 0.511
********************
***** Epoch 36 Test (windowed) *****
  loss: 0.0547 rmse: 21.853 r2: 0.127 corr: 0.360
********************
  Epoch 36 done in 35.7s
  Saved best model → model/FIM_restoration_0412_stations_monthly/2017/gat-rnn-v2-windowed_bs-128_lr-0.001_maxepoch-50_testyear-2017_win-3_nwin-10_seed-0/model-36

----- Epoch 37 (windowed) -----

###### Windowed train epoch 37 overall metrics
  loss: 0.1175 rmse: 23.017 r2: -0.518 corr: 0.210
***** Epoch 37 Val (windowed) *****
  loss: 0.0489 rmse: 14.791 r2: 0.119 corr: 0.366
********************
***** Epoch 37 Test (windowed) *****
  loss: 0.0524 rmse: 22.410 r2: 0.082 corr: 0.292
********************
  Epoch 37 done in 1061.0s

----- Epoch 38 (windowed) -----

###### Windowed train epoch 38 overall metrics
  loss: 0.1153 rmse: 19.335 r2: -0.071 corr: 0.261
***** Epoch 38 Val (windowed) *****
  loss: 0.0478 rmse: 14.608 r2: 0.141 corr: 0.425
********************
***** Epoch 38 Test (windowed) *****
  loss: 0.0526 rmse: 22.017 r2: 0.114 corr: 0.345
********************
  Epoch 38 done in 36.4s

----- Epoch 39 (windowed) -----

###### Windowed train epoch 39 overall metrics
  loss: 0.1141 rmse: 19.616 r2: -0.103 corr: 0.263
***** Epoch 39 Val (windowed) *****
  loss: 0.0482 rmse: 14.362 r2: 0.169 corr: 0.428
********************
***** Epoch 39 Test (windowed) *****
  loss: 0.0538 rmse: 22.284 r2: 0.092 corr: 0.308
********************
  Epoch 39 done in 37.8s

----- Epoch 40 (windowed) -----

###### Windowed train epoch 40 overall metrics
  loss: 0.1125 rmse: 19.511 r2: -0.091 corr: 0.287
***** Epoch 40 Val (windowed) *****
  loss: 0.0477 rmse: 14.772 r2: 0.121 corr: 0.396
********************
***** Epoch 40 Test (windowed) *****
  loss: 0.0527 rmse: 22.292 r2: 0.091 corr: 0.310
********************
  Epoch 40 done in 36.9s

----- Epoch 41 (windowed) -----

###### Windowed train epoch 41 overall metrics
  loss: 0.1124 rmse: 19.438 r2: -0.083 corr: 0.269
***** Epoch 41 Val (windowed) *****
  loss: 0.0469 rmse: 15.051 r2: 0.088 corr: 0.423
********************
***** Epoch 41 Test (windowed) *****
  loss: 0.0524 rmse: 22.426 r2: 0.081 corr: 0.316
********************
  Epoch 41 done in 36.2s

----- Epoch 42 (windowed) -----

###### Windowed train epoch 42 overall metrics
  loss: 0.1107 rmse: 19.444 r2: -0.083 corr: 0.313
***** Epoch 42 Val (windowed) *****
  loss: 0.0462 rmse: 14.499 r2: 0.153 corr: 0.464
********************
***** Epoch 42 Test (windowed) *****
  loss: 0.0508 rmse: 22.019 r2: 0.114 corr: 0.346
********************
  Epoch 42 done in 36.2s

----- Epoch 43 (windowed) -----

###### Windowed train epoch 43 overall metrics
  loss: 0.1097 rmse: 19.798 r2: -0.123 corr: 0.264
***** Epoch 43 Val (windowed) *****
  loss: 0.0457 rmse: 14.887 r2: 0.107 corr: 0.394
********************
***** Epoch 43 Test (windowed) *****
  loss: 0.0510 rmse: 22.405 r2: 0.082 corr: 0.298
********************
  Epoch 43 done in 36.9s

----- Epoch 44 (windowed) -----

###### Windowed train epoch 44 overall metrics
  loss: 0.1091 rmse: 19.240 r2: -0.061 corr: 0.324
***** Epoch 44 Val (windowed) *****
  loss: 0.0455 rmse: 14.116 r2: 0.198 corr: 0.473
********************
***** Epoch 44 Test (windowed) *****
  loss: 0.0511 rmse: 22.038 r2: 0.112 corr: 0.340
********************
  Epoch 44 done in 37.0s

----- Epoch 45 (windowed) -----

###### Windowed train epoch 45 overall metrics
  loss: 0.1083 rmse: 19.676 r2: -0.109 corr: 0.296
***** Epoch 45 Val (windowed) *****
  loss: 0.0472 rmse: 15.022 r2: 0.091 corr: 0.371
********************
***** Epoch 45 Test (windowed) *****
  loss: 0.0518 rmse: 22.675 r2: 0.060 corr: 0.263
********************
  Epoch 45 done in 39.4s

----- Epoch 46 (windowed) -----

###### Windowed train epoch 46 overall metrics
  loss: 0.1079 rmse: 20.809 r2: -0.241 corr: 0.217
***** Epoch 46 Val (windowed) *****
  loss: 0.0471 rmse: 15.061 r2: 0.087 corr: 0.369
********************
***** Epoch 46 Test (windowed) *****
  loss: 0.0517 rmse: 22.645 r2: 0.062 corr: 0.267
********************
  Epoch 46 done in 39.3s

----- Epoch 47 (windowed) -----

###### Windowed train epoch 47 overall metrics
  loss: 0.1071 rmse: 19.510 r2: -0.091 corr: 0.283
***** Epoch 47 Val (windowed) *****
  loss: 0.0451 rmse: 14.711 r2: 0.128 corr: 0.448
********************
***** Epoch 47 Test (windowed) *****
  loss: 0.0510 rmse: 22.333 r2: 0.088 corr: 0.313
********************
  Epoch 47 done in 40.1s

----- Epoch 48 (windowed) -----

###### Windowed train epoch 48 overall metrics
  loss: 0.1061 rmse: 23.839 r2: -0.628 corr: 0.168
***** Epoch 48 Val (windowed) *****
  loss: 0.0460 rmse: 14.761 r2: 0.123 corr: 0.392
********************
***** Epoch 48 Test (windowed) *****
  loss: 0.0511 rmse: 22.623 r2: 0.064 corr: 0.266
********************
  Epoch 48 done in 38.9s

----- Epoch 49 (windowed) -----

###### Windowed train epoch 49 overall metrics
  loss: 0.1060 rmse: 21.279 r2: -0.297 corr: 0.290
***** Epoch 49 Val (windowed) *****
  loss: 0.0474 rmse: 15.217 r2: 0.068 corr: 0.384
********************
***** Epoch 49 Test (windowed) *****
  loss: 0.0523 rmse: 22.797 r2: 0.050 corr: 0.263
********************
  Epoch 49 done in 36.6s
Fold done — best val RMSE=13.8396 test R²=0.1269 corr=0.3604

================================================================
Rolling-windowed  test_year=2018
  Val  : 2017
  Test : 2018
  win_size=3  n_windows=10
================================================================
Initially data (54319, 166)
After filtering (42427, 166)
get_X_Y
X shape (42427, 130)
Y shape (42427, 34)
Y (output) means tensor([[0.1487, 0.0126, 0.2547, 0.1570, 0.0198, 0.0604, 0.1637, 0.6617, 0.9057,
         0.0241, 0.0488, 0.0103, 0.0819, 0.1409, 1.0156, 1.0387, 0.3513, 0.3930,
         0.8966, 0.3924, 0.1867, 0.2145, 0.4259, 0.1723, 0.4169, 0.4829, 0.2802,
         0.6295, 0.5111, 0.1493, 0.2826, 0.1083, 0.1297, 0.1304]]) stds tensor([[0.4849, 0.1385, 0.6257, 0.5736, 0.1681, 0.2968, 0.5216, 1.4569, 1.6352,
         0.1967, 0.3046, 0.1359, 0.4315, 0.4470, 2.0957, 1.6871, 0.8605, 1.1683,
         1.6235, 0.9249, 0.5246, 0.6793, 1.0985, 0.5845, 0.9948, 1.0418, 0.7123,
         1.3721, 1.0424, 0.4423, 0.8477, 0.3453, 0.3924, 0.3722]])
Y count-scale means tensor([[5.0603e-01, 3.5639e-02, 9.7682e-01, 8.4845e-01, 5.4609e-02, 1.9502e-01,
         5.9726e-01, 1.4926e+01, 3.2162e+01, 7.4003e-02, 2.0978e-01, 3.4580e-02,
         5.6144e-01, 4.1634e-01, 2.4204e+02, 2.2044e+01, 2.6912e+00, 1.4052e+01,
         2.6635e+01, 3.0964e+00, 5.9244e-01, 1.5435e+00, 7.8283e+00, 1.5740e+00,
         3.4667e+00, 4.1196e+00, 1.2791e+00, 2.9956e+01, 6.0548e+00, 4.2878e-01,
         3.1856e+00, 2.2955e-01, 3.0294e-01, 2.7043e-01]]) stds tensor([[3.3727e+00, 6.2036e-01, 5.8815e+00, 6.5365e+00, 9.5087e-01, 3.6480e+00,
         3.7599e+00, 7.4741e+01, 2.3762e+02, 1.0155e+00, 3.0043e+00, 6.6787e-01,
         8.6958e+00, 2.6028e+00, 2.8579e+03, 9.1099e+01, 1.9466e+01, 1.6191e+02,
         2.1725e+02, 1.9025e+01, 3.0741e+00, 2.1528e+01, 8.0334e+01, 4.6530e+01,
         1.6549e+01, 2.2026e+01, 6.9235e+00, 8.5877e+02, 7.3317e+01, 4.5117e+00,
         2.7022e+01, 1.0120e+00, 1.4387e+00, 1.0660e+00]])
Loaded per-window (calendar) month weights from analysis/figures/month_weights_per_window.npz: cube.shape=(25, 12, 34)
/Users/liyingnceas/GitHub/GNN-RNN-main/gnn-lstm-v3/utils/data_utils.py:264: RuntimeWarning: Mean of empty slice
  np.nanmean(county_dict[county], axis=0).astype(np.float32)
Filled 106589 missing (node, year) entries from neighbors or year averages
[2D] Station nodes: 596, adj nnz: 2980
[build_year_XY_windowed] data_start=1998, min_pred_year=2009, test_year=2018, win_size=3, n_windows=10
  built windows for T=2009
  built windows for T=2014
[build_year_XY_windowed] built windowed XY for 10 prediction years (2009–2018)
  GAT_RNN_V2: edge_feat_dim=3, n_heads=4, n_hidden=64
  [Bayes] Species rarity weights (mean=1): min=0.70 max=1.71  (rarest=Mycteroperca microlepis_SA)
  [CrossDonor] Ecological cross-donor map (9 recipients):
    Centropomus undecimalis_A  <-  ['Cynoscion nebulosus_R', 'Cynoscion nebulosus_A']
    Centropomus undecimalis_SA  <-  ['Cynoscion nebulosus_R', 'Centropomus undecimalis_A']
    Sciaenops ocellatus_R  <-  ['Cynoscion nebulosus_R', 'Cynoscion nebulosus_A']
    Sciaenops ocellatus_SA  <-  ['Cynoscion nebulosus_R', 'Cynoscion nebulosus_A']
    Cynoscion nebulosus_A  <-  ['Cynoscion nebulosus_R', 'Lagodon rhomboides_A']
    Mycteroperca microlepis_SA  <-  ['Lutjanus griseus_SA', 'Lutjanus griseus_R']
    Lutjanus griseus_R  <-  ['Archosargus probatocephalus_A', 'Lutjanus griseus_SA']
    Lutjanus griseus_SA  <-  ['Archosargus probatocephalus_A']
    Archosargus probatocephalus_R  <-  ['Archosargus probatocephalus_A', 'Lagodon rhomboides_A']
  [BayesTransferMapped] 9 recipient → donor mappings:
    recipient   3 <- donors [6, 5]
    recipient   4 <- donors [6, 3]
    recipient  12 <- donors [6, 5]
    recipient  13 <- donors [6, 5]
    recipient   5 <- donors [6, 7]
    recipient  11 <- donors [10, 9]
    recipient   9 <- donors [0, 10]
    recipient  10 <- donors [0]
    recipient   1 <- donors [0, 7]
  [BayesTransferMapped] transfer_prior_std=0.600  warmstart_alpha=0.25

----- Epoch 0 (windowed) -----

###### Windowed train epoch 0 overall metrics
  loss: 0.1865 rmse: 19.152 r2: 0.011 corr: 0.105
***** Epoch 0 Val (windowed) *****
  loss: 0.0676 rmse: 23.044 r2: 0.029 corr: 0.176
********************
***** Epoch 0 Test (windowed) *****
  loss: 0.0679 rmse: 22.723 r2: 0.034 corr: 0.189
********************
  Epoch 0 done in 40.6s
  Saved best model → model/FIM_restoration_0412_stations_monthly/2018/gat-rnn-v2-windowed_bs-128_lr-0.001_maxepoch-50_testyear-2018_win-3_nwin-10_seed-0/model-0

----- Epoch 1 (windowed) -----

###### Windowed train epoch 1 overall metrics
  loss: 0.1737 rmse: 18.961 r2: 0.031 corr: 0.182
***** Epoch 1 Val (windowed) *****
  loss: 0.0641 rmse: 22.816 r2: 0.049 corr: 0.231
********************
***** Epoch 1 Test (windowed) *****
  loss: 0.0646 rmse: 22.476 r2: 0.054 corr: 0.246
********************
  Epoch 1 done in 40.2s
  Saved best model → model/FIM_restoration_0412_stations_monthly/2018/gat-rnn-v2-windowed_bs-128_lr-0.001_maxepoch-50_testyear-2018_win-3_nwin-10_seed-0/model-1

----- Epoch 2 (windowed) -----

###### Windowed train epoch 2 overall metrics
  loss: 0.1667 rmse: 18.979 r2: 0.029 corr: 0.225
***** Epoch 2 Val (windowed) *****
  loss: 0.0608 rmse: 22.722 r2: 0.056 corr: 0.240
********************
***** Epoch 2 Test (windowed) *****
  loss: 0.0618 rmse: 22.325 r2: 0.067 corr: 0.262
********************
  Epoch 2 done in 39.9s
  Saved best model → model/FIM_restoration_0412_stations_monthly/2018/gat-rnn-v2-windowed_bs-128_lr-0.001_maxepoch-50_testyear-2018_win-3_nwin-10_seed-0/model-2

----- Epoch 3 (windowed) -----

###### Windowed train epoch 3 overall metrics
  loss: 0.1614 rmse: 19.073 r2: 0.019 corr: 0.218
***** Epoch 3 Val (windowed) *****
  loss: 0.0593 rmse: 22.743 r2: 0.055 corr: 0.237
********************
***** Epoch 3 Test (windowed) *****
  loss: 0.0603 rmse: 22.429 r2: 0.058 corr: 0.246
********************
  Epoch 3 done in 40.0s

----- Epoch 4 (windowed) -----

###### Windowed train epoch 4 overall metrics
  loss: 0.1581 rmse: 19.094 r2: 0.017 corr: 0.200
***** Epoch 4 Val (windowed) *****
  loss: 0.0580 rmse: 22.768 r2: 0.053 corr: 0.232
********************
***** Epoch 4 Test (windowed) *****
  loss: 0.0587 rmse: 22.482 r2: 0.054 corr: 0.236
********************
  Epoch 4 done in 39.7s

----- Epoch 5 (windowed) -----

###### Windowed train epoch 5 overall metrics
  loss: 0.1541 rmse: 19.194 r2: 0.007 corr: 0.212
***** Epoch 5 Val (windowed) *****
  loss: 0.0573 rmse: 22.687 r2: 0.059 corr: 0.247
********************
***** Epoch 5 Test (windowed) *****
  loss: 0.0581 rmse: 22.249 r2: 0.073 corr: 0.277
********************
  Epoch 5 done in 41.2s
  Saved best model → model/FIM_restoration_0412_stations_monthly/2018/gat-rnn-v2-windowed_bs-128_lr-0.001_maxepoch-50_testyear-2018_win-3_nwin-10_seed-0/model-5

----- Epoch 6 (windowed) -----

###### Windowed train epoch 6 overall metrics
  loss: 0.1506 rmse: 19.370 r2: -0.012 corr: 0.217
***** Epoch 6 Val (windowed) *****
  loss: 0.0555 rmse: 22.581 r2: 0.068 corr: 0.268
********************
***** Epoch 6 Test (windowed) *****
  loss: 0.0561 rmse: 22.232 r2: 0.075 corr: 0.282
********************
  Epoch 6 done in 39.2s
  Saved best model → model/FIM_restoration_0412_stations_monthly/2018/gat-rnn-v2-windowed_bs-128_lr-0.001_maxepoch-50_testyear-2018_win-3_nwin-10_seed-0/model-6

----- Epoch 7 (windowed) -----

###### Windowed train epoch 7 overall metrics
  loss: 0.1478 rmse: 18.836 r2: 0.043 corr: 0.248
***** Epoch 7 Val (windowed) *****
  loss: 0.0548 rmse: 22.318 r2: 0.090 corr: 0.306
********************
***** Epoch 7 Test (windowed) *****
  loss: 0.0557 rmse: 21.916 r2: 0.101 corr: 0.326
********************
  Epoch 7 done in 39.8s
  Saved best model → model/FIM_restoration_0412_stations_monthly/2018/gat-rnn-v2-windowed_bs-128_lr-0.001_maxepoch-50_testyear-2018_win-3_nwin-10_seed-0/model-7

----- Epoch 8 (windowed) -----

###### Windowed train epoch 8 overall metrics
  loss: 0.1455 rmse: 18.779 r2: 0.049 corr: 0.268
***** Epoch 8 Val (windowed) *****
  loss: 0.0564 rmse: 22.373 r2: 0.085 corr: 0.298
********************
***** Epoch 8 Test (windowed) *****
  loss: 0.0572 rmse: 22.109 r2: 0.085 corr: 0.297
********************
  Epoch 8 done in 41.4s

----- Epoch 9 (windowed) -----

###### Windowed train epoch 9 overall metrics
  loss: 0.1430 rmse: 18.670 r2: 0.060 corr: 0.281
***** Epoch 9 Val (windowed) *****
  loss: 0.0538 rmse: 22.302 r2: 0.091 corr: 0.312
********************
***** Epoch 9 Test (windowed) *****
  loss: 0.0565 rmse: 21.872 r2: 0.105 corr: 0.338
********************
  Epoch 9 done in 39.8s
  Saved best model → model/FIM_restoration_0412_stations_monthly/2018/gat-rnn-v2-windowed_bs-128_lr-0.001_maxepoch-50_testyear-2018_win-3_nwin-10_seed-0/model-9

----- Epoch 10 (windowed) -----

###### Windowed train epoch 10 overall metrics
  loss: 0.1412 rmse: 18.879 r2: 0.039 corr: 0.255
***** Epoch 10 Val (windowed) *****
  loss: 0.0528 rmse: 22.201 r2: 0.099 corr: 0.320
********************
***** Epoch 10 Test (windowed) *****
  loss: 0.0546 rmse: 21.743 r2: 0.115 corr: 0.347
********************
  Epoch 10 done in 40.9s
  Saved best model → model/FIM_restoration_0412_stations_monthly/2018/gat-rnn-v2-windowed_bs-128_lr-0.001_maxepoch-50_testyear-2018_win-3_nwin-10_seed-0/model-10

----- Epoch 11 (windowed) -----

###### Windowed train epoch 11 overall metrics
  loss: 0.1387 rmse: 18.515 r2: 0.076 corr: 0.314
***** Epoch 11 Val (windowed) *****
  loss: 0.0523 rmse: 22.474 r2: 0.077 corr: 0.283
********************
***** Epoch 11 Test (windowed) *****
  loss: 0.0540 rmse: 22.122 r2: 0.084 corr: 0.297
********************
  Epoch 11 done in 42.6s

----- Epoch 12 (windowed) -----

###### Windowed train epoch 12 overall metrics
  loss: 0.1369 rmse: 19.060 r2: 0.020 corr: 0.289
***** Epoch 12 Val (windowed) *****
  loss: 0.0533 rmse: 22.518 r2: 0.073 corr: 0.279
********************
***** Epoch 12 Test (windowed) *****
  loss: 0.0586 rmse: 22.162 r2: 0.081 corr: 0.296
********************
  Epoch 12 done in 42.4s

----- Epoch 13 (windowed) -----

###### Windowed train epoch 13 overall metrics
  loss: 0.1367 rmse: 18.761 r2: 0.051 corr: 0.273
***** Epoch 13 Val (windowed) *****
  loss: 0.0513 rmse: 22.459 r2: 0.078 corr: 0.289
********************
***** Epoch 13 Test (windowed) *****
  loss: 0.0540 rmse: 22.146 r2: 0.082 corr: 0.298
********************
  Epoch 13 done in 43.5s

----- Epoch 14 (windowed) -----

###### Windowed train epoch 14 overall metrics
  loss: 0.1341 rmse: 18.958 r2: 0.031 corr: 0.268
***** Epoch 14 Val (windowed) *****
  loss: 0.0522 rmse: 22.424 r2: 0.081 corr: 0.290
********************
***** Epoch 14 Test (windowed) *****
  loss: 0.0558 rmse: 22.122 r2: 0.084 corr: 0.297
********************
  Epoch 14 done in 42.3s

----- Epoch 15 (windowed) -----

###### Windowed train epoch 15 overall metrics
  loss: 0.1330 rmse: 18.713 r2: 0.056 corr: 0.281
***** Epoch 15 Val (windowed) *****
  loss: 0.0513 rmse: 22.183 r2: 0.101 corr: 0.324
********************
***** Epoch 15 Test (windowed) *****
  loss: 0.0542 rmse: 21.822 r2: 0.109 corr: 0.339
********************
  Epoch 15 done in 43.5s
  Saved best model → model/FIM_restoration_0412_stations_monthly/2018/gat-rnn-v2-windowed_bs-128_lr-0.001_maxepoch-50_testyear-2018_win-3_nwin-10_seed-0/model-15

----- Epoch 16 (windowed) -----

###### Windowed train epoch 16 overall metrics
  loss: 0.1318 rmse: 18.575 r2: 0.070 corr: 0.303
***** Epoch 16 Val (windowed) *****
  loss: 0.0511 rmse: 22.189 r2: 0.100 corr: 0.322
********************
***** Epoch 16 Test (windowed) *****
  loss: 0.0545 rmse: 21.610 r2: 0.126 corr: 0.366
********************
  Epoch 16 done in 42.8s

----- Epoch 17 (windowed) -----

###### Windowed train epoch 17 overall metrics
  loss: 0.1301 rmse: 19.099 r2: 0.016 corr: 0.272
***** Epoch 17 Val (windowed) *****
  loss: 0.0496 rmse: 22.222 r2: 0.097 corr: 0.319
********************
***** Epoch 17 Test (windowed) *****
  loss: 0.0522 rmse: 21.803 r2: 0.110 corr: 0.338
********************
  Epoch 17 done in 44.2s

----- Epoch 18 (windowed) -----

###### Windowed train epoch 18 overall metrics
  loss: 0.1295 rmse: 18.877 r2: 0.039 corr: 0.271
***** Epoch 18 Val (windowed) *****
  loss: 0.0499 rmse: 22.470 r2: 0.077 corr: 0.284
********************
***** Epoch 18 Test (windowed) *****
  loss: 0.0534 rmse: 22.246 r2: 0.074 corr: 0.277
********************
  Epoch 18 done in 41.2s

----- Epoch 19 (windowed) -----

###### Windowed train epoch 19 overall metrics
  loss: 0.1294 rmse: 18.713 r2: 0.056 corr: 0.298
***** Epoch 19 Val (windowed) *****
  loss: 0.0549 rmse: 22.449 r2: 0.079 corr: 0.286
********************
***** Epoch 19 Test (windowed) *****
  loss: 0.0568 rmse: 22.125 r2: 0.084 corr: 0.295
********************
  Epoch 19 done in 39.6s

----- Epoch 20 (windowed) -----

###### Windowed train epoch 20 overall metrics
  loss: 0.1298 rmse: 18.731 r2: 0.054 corr: 0.292
***** Epoch 20 Val (windowed) *****
  loss: 0.0526 rmse: 22.392 r2: 0.084 corr: 0.294
********************
***** Epoch 20 Test (windowed) *****
  loss: 0.0555 rmse: 22.036 r2: 0.091 corr: 0.308
********************
  Epoch 20 done in 41.3s

----- Epoch 21 (windowed) -----

###### Windowed train epoch 21 overall metrics
  loss: 0.1264 rmse: 19.514 r2: -0.027 corr: 0.233
***** Epoch 21 Val (windowed) *****
  loss: 0.0491 rmse: 22.465 r2: 0.078 corr: 0.283
********************
***** Epoch 21 Test (windowed) *****
  loss: 0.0519 rmse: 22.124 r2: 0.084 corr: 0.295
********************
  Epoch 21 done in 41.1s

----- Epoch 22 (windowed) -----

###### Windowed train epoch 22 overall metrics
  loss: 0.1248 rmse: 19.023 r2: 0.024 corr: 0.262
***** Epoch 22 Val (windowed) *****
  loss: 0.0498 rmse: 22.588 r2: 0.067 corr: 0.268
********************
***** Epoch 22 Test (windowed) *****
  loss: 0.0528 rmse: 22.271 r2: 0.072 corr: 0.276
********************
  Epoch 22 done in 41.5s

----- Epoch 23 (windowed) -----

###### Windowed train epoch 23 overall metrics
  loss: 0.1236 rmse: 18.752 r2: 0.052 corr: 0.318
***** Epoch 23 Val (windowed) *****
  loss: 0.0486 rmse: 22.279 r2: 0.093 corr: 0.311
********************
***** Epoch 23 Test (windowed) *****
  loss: 0.0519 rmse: 21.967 r2: 0.097 corr: 0.318
********************
  Epoch 23 done in 42.3s

----- Epoch 24 (windowed) -----

###### Windowed train epoch 24 overall metrics
  loss: 0.1225 rmse: 19.021 r2: 0.024 corr: 0.264
***** Epoch 24 Val (windowed) *****
  loss: 0.0490 rmse: 22.456 r2: 0.078 corr: 0.285
********************
***** Epoch 24 Test (windowed) *****
  loss: 0.0523 rmse: 22.152 r2: 0.082 corr: 0.292
********************
  Epoch 24 done in 42.2s

----- Epoch 25 (windowed) -----

###### Windowed train epoch 25 overall metrics
  loss: 0.1218 rmse: 18.972 r2: 0.029 corr: 0.278
***** Epoch 25 Val (windowed) *****
  loss: 0.0482 rmse: 22.413 r2: 0.082 corr: 0.292
********************
***** Epoch 25 Test (windowed) *****
  loss: 0.0520 rmse: 22.159 r2: 0.081 corr: 0.291
********************
  Epoch 25 done in 41.1s

----- Epoch 26 (windowed) -----

###### Windowed train epoch 26 overall metrics
  loss: 0.1212 rmse: 18.798 r2: 0.047 corr: 0.284
***** Epoch 26 Val (windowed) *****
  loss: 0.0482 rmse: 22.195 r2: 0.100 corr: 0.322
********************
***** Epoch 26 Test (windowed) *****
  loss: 0.0519 rmse: 21.984 r2: 0.095 corr: 0.316
********************
  Epoch 26 done in 42.5s

----- Epoch 27 (windowed) -----

###### Windowed train epoch 27 overall metrics
  loss: 0.1201 rmse: 19.153 r2: 0.011 corr: 0.258
***** Epoch 27 Val (windowed) *****
  loss: 0.0484 rmse: 22.446 r2: 0.079 corr: 0.288
********************
***** Epoch 27 Test (windowed) *****
  loss: 0.0521 rmse: 22.183 r2: 0.079 corr: 0.288
********************
  Epoch 27 done in 42.1s

----- Epoch 28 (windowed) -----

###### Windowed train epoch 28 overall metrics
  loss: 0.1195 rmse: 18.683 r2: 0.059 corr: 0.310
***** Epoch 28 Val (windowed) *****
  loss: 0.0482 rmse: 22.504 r2: 0.074 corr: 0.278
********************
***** Epoch 28 Test (windowed) *****
  loss: 0.0524 rmse: 22.283 r2: 0.071 corr: 0.272
********************
  Epoch 28 done in 41.0s

----- Epoch 29 (windowed) -----

###### Windowed train epoch 29 overall metrics
  loss: 0.1181 rmse: 18.922 r2: 0.035 corr: 0.291
***** Epoch 29 Val (windowed) *****
  loss: 0.0489 rmse: 22.266 r2: 0.094 corr: 0.313
********************
***** Epoch 29 Test (windowed) *****
  loss: 0.0523 rmse: 22.017 r2: 0.093 corr: 0.311
********************
  Epoch 29 done in 40.5s

----- Epoch 30 (windowed) -----

###### Windowed train epoch 30 overall metrics
  loss: 0.1175 rmse: 19.099 r2: 0.016 corr: 0.253
***** Epoch 30 Val (windowed) *****
  loss: 0.0483 rmse: 22.547 r2: 0.071 corr: 0.273
********************
***** Epoch 30 Test (windowed) *****
  loss: 0.0524 rmse: 22.302 r2: 0.069 corr: 0.271
********************
  Epoch 30 done in 40.1s

----- Epoch 31 (windowed) -----

###### Windowed train epoch 31 overall metrics
  loss: 0.1170 rmse: 19.403 r2: -0.015 corr: 0.255
***** Epoch 31 Val (windowed) *****
  loss: 0.0477 rmse: 22.487 r2: 0.076 corr: 0.281
********************
***** Epoch 31 Test (windowed) *****
  loss: 0.0515 rmse: 22.251 r2: 0.073 corr: 0.278
********************
  Epoch 31 done in 40.1s

----- Epoch 32 (windowed) -----

###### Windowed train epoch 32 overall metrics
  loss: 0.1166 rmse: 19.074 r2: 0.019 corr: 0.254
***** Epoch 32 Val (windowed) *****
  loss: 0.0487 rmse: 22.610 r2: 0.066 corr: 0.262
********************
***** Epoch 32 Test (windowed) *****
  loss: 0.0538 rmse: 22.378 r2: 0.063 corr: 0.258
********************
  Epoch 32 done in 39.5s

----- Epoch 33 (windowed) -----

###### Windowed train epoch 33 overall metrics
  loss: 0.1153 rmse: 18.821 r2: 0.045 corr: 0.276
***** Epoch 33 Val (windowed) *****
  loss: 0.0501 rmse: 22.607 r2: 0.066 corr: 0.265
********************
***** Epoch 33 Test (windowed) *****
  loss: 0.0550 rmse: 22.398 r2: 0.061 corr: 0.261
********************
  Epoch 33 done in 40.3s

----- Epoch 34 (windowed) -----

###### Windowed train epoch 34 overall metrics
  loss: 0.1141 rmse: 19.526 r2: -0.028 corr: 0.231
***** Epoch 34 Val (windowed) *****
  loss: 0.0470 rmse: 22.315 r2: 0.090 corr: 0.305
********************
***** Epoch 34 Test (windowed) *****
  loss: 0.0511 rmse: 22.016 r2: 0.093 corr: 0.311
********************
  Epoch 34 done in 39.7s

----- Epoch 35 (windowed) -----

###### Windowed train epoch 35 overall metrics
  loss: 0.1132 rmse: 20.238 r2: -0.104 corr: 0.224
***** Epoch 35 Val (windowed) *****
  loss: 0.0486 rmse: 22.550 r2: 0.071 corr: 0.273
********************
***** Epoch 35 Test (windowed) *****
  loss: 0.0522 rmse: 22.275 r2: 0.071 corr: 0.277
********************
  Epoch 35 done in 39.9s

----- Epoch 36 (windowed) -----

###### Windowed train epoch 36 overall metrics
  loss: 0.1126 rmse: 19.123 r2: 0.014 corr: 0.261
***** Epoch 36 Val (windowed) *****
  loss: 0.0483 rmse: 22.593 r2: 0.067 corr: 0.265
********************
***** Epoch 36 Test (windowed) *****
  loss: 0.0531 rmse: 22.357 r2: 0.064 corr: 0.262
********************
  Epoch 36 done in 40.8s

----- Epoch 37 (windowed) -----

###### Windowed train epoch 37 overall metrics
  loss: 0.1123 rmse: 19.268 r2: -0.001 corr: 0.269
***** Epoch 37 Val (windowed) *****
  loss: 0.0482 rmse: 22.550 r2: 0.071 corr: 0.271
********************
***** Epoch 37 Test (windowed) *****
  loss: 0.0525 rmse: 22.258 r2: 0.073 corr: 0.275
********************
  Epoch 37 done in 42.9s

----- Epoch 38 (windowed) -----

###### Windowed train epoch 38 overall metrics
  loss: 0.1113 rmse: 19.106 r2: 0.016 corr: 0.264
***** Epoch 38 Val (windowed) *****
  loss: 0.0468 rmse: 22.444 r2: 0.079 corr: 0.287
********************
***** Epoch 38 Test (windowed) *****
  loss: 0.0513 rmse: 22.090 r2: 0.087 corr: 0.301
********************
  Epoch 38 done in 41.9s

----- Epoch 39 (windowed) -----

###### Windowed train epoch 39 overall metrics
  loss: 0.1106 rmse: 19.193 r2: 0.007 corr: 0.264
***** Epoch 39 Val (windowed) *****
  loss: 0.0478 rmse: 22.642 r2: 0.063 corr: 0.255
********************
***** Epoch 39 Test (windowed) *****
  loss: 0.0523 rmse: 22.322 r2: 0.067 corr: 0.265
********************
  Epoch 39 done in 41.6s

----- Epoch 40 (windowed) -----

###### Windowed train epoch 40 overall metrics
  loss: 0.1097 rmse: 19.496 r2: -0.025 corr: 0.234
***** Epoch 40 Val (windowed) *****
  loss: 0.0469 rmse: 22.290 r2: 0.092 corr: 0.310
********************
***** Epoch 40 Test (windowed) *****
  loss: 0.0506 rmse: 21.905 r2: 0.102 corr: 0.327
********************
  Epoch 40 done in 41.7s

----- Epoch 41 (windowed) -----

###### Windowed train epoch 41 overall metrics
  loss: 0.1094 rmse: 19.066 r2: 0.020 corr: 0.289
***** Epoch 41 Val (windowed) *****
  loss: 0.0470 rmse: 22.487 r2: 0.076 corr: 0.282
********************
***** Epoch 41 Test (windowed) *****
  loss: 0.0518 rmse: 22.140 r2: 0.083 corr: 0.295
********************
  Epoch 41 done in 41.4s

----- Epoch 42 (windowed) -----

###### Windowed train epoch 42 overall metrics
  loss: 0.1082 rmse: 19.167 r2: 0.009 corr: 0.276
***** Epoch 42 Val (windowed) *****
  loss: 0.0469 rmse: 22.553 r2: 0.070 corr: 0.272
********************
***** Epoch 42 Test (windowed) *****
  loss: 0.0521 rmse: 22.217 r2: 0.076 corr: 0.284
********************
  Epoch 42 done in 41.1s

----- Epoch 43 (windowed) -----

###### Windowed train epoch 43 overall metrics
  loss: 0.1079 rmse: 19.252 r2: 0.001 corr: 0.261
***** Epoch 43 Val (windowed) *****
  loss: 0.0480 rmse: 22.687 r2: 0.059 corr: 0.249
********************
***** Epoch 43 Test (windowed) *****
  loss: 0.0534 rmse: 22.392 r2: 0.062 corr: 0.256
********************
  Epoch 43 done in 40.7s

----- Epoch 44 (windowed) -----

###### Windowed train epoch 44 overall metrics
  loss: 0.1072 rmse: 19.114 r2: 0.015 corr: 0.279
***** Epoch 44 Val (windowed) *****
  loss: 0.0467 rmse: 22.410 r2: 0.082 corr: 0.293
********************
***** Epoch 44 Test (windowed) *****
  loss: 0.0521 rmse: 22.089 r2: 0.087 corr: 0.303
********************
  Epoch 44 done in 40.9s

----- Epoch 45 (windowed) -----

###### Windowed train epoch 45 overall metrics
  loss: 0.1062 rmse: 19.072 r2: 0.019 corr: 0.274
***** Epoch 45 Val (windowed) *****
  loss: 0.0463 rmse: 22.374 r2: 0.085 corr: 0.298
********************
***** Epoch 45 Test (windowed) *****
  loss: 0.0513 rmse: 22.000 r2: 0.094 corr: 0.315
********************
  Epoch 45 done in 41.4s
  [EarlyStop] No val_rmse improvement for 30 epochs (patience=30). Stopping fold at epoch 45.
Fold done — best val RMSE=22.1833 test R²=0.1087 corr=0.3387

================================================================
Rolling-windowed  test_year=2019
  Val  : 2018
  Test : 2019
  win_size=3  n_windows=10
================================================================
Initially data (54319, 166)
After filtering (44769, 166)
get_X_Y
X shape (44769, 130)
Y shape (44769, 34)
Y (output) means tensor([[0.1487, 0.0126, 0.2565, 0.1601, 0.0223, 0.0595, 0.1622, 0.6568, 0.8954,
         0.0239, 0.0511, 0.0102, 0.0841, 0.1385, 1.0186, 1.0679, 0.3501, 0.3970,
         0.9009, 0.3988, 0.1863, 0.2150, 0.4200, 0.1692, 0.4242, 0.5006, 0.2795,
         0.6077, 0.5050, 0.1494, 0.2772, 0.1075, 0.1321, 0.1315]]) stds tensor([[0.4857, 0.1381, 0.6264, 0.5807, 0.1786, 0.2937, 0.5186, 1.4537, 1.6254,
         0.1958, 0.3156, 0.1357, 0.4368, 0.4418, 2.0975, 1.7090, 0.8597, 1.1725,
         1.6233, 0.9322, 0.5226, 0.6806, 1.0903, 0.5773, 1.0047, 1.0604, 0.7113,
         1.3482, 1.0338, 0.4432, 0.8399, 0.3441, 0.3962, 0.3738]])
Y count-scale means tensor([[5.0797e-01, 3.5339e-02, 9.7338e-01, 8.7295e-01, 6.0983e-02, 1.8958e-01,
         5.8790e-01, 1.4899e+01, 3.1298e+01, 7.3070e-02, 2.3778e-01, 3.4716e-02,
         5.6858e-01, 4.0510e-01, 2.3924e+02, 2.3259e+01, 2.6788e+00, 1.4194e+01,
         2.6359e+01, 3.1770e+00, 5.8593e-01, 1.5280e+00, 7.7353e+00, 1.5083e+00,
         3.5676e+00, 4.3447e+00, 1.2704e+00, 2.8370e+01, 5.8598e+00, 4.2885e-01,
         3.1256e+00, 2.2766e-01, 3.0830e-01, 2.7279e-01]]) stds tensor([[3.3576e+00, 6.1114e-01, 5.7694e+00, 6.7201e+00, 9.6033e-01, 3.5449e+00,
         3.6938e+00, 7.4370e+01, 2.3162e+02, 9.9862e-01, 3.7179e+00, 6.8248e-01,
         8.5310e+00, 2.5396e+00, 2.7971e+03, 9.4884e+01, 1.9261e+01, 1.6073e+02,
         2.1245e+02, 1.9317e+01, 3.0229e+00, 2.0954e+01, 8.2804e+01, 4.5170e+01,
         1.6905e+01, 2.3097e+01, 6.8358e+00, 8.3353e+02, 7.1269e+01, 4.4141e+00,
         2.6716e+01, 1.0057e+00, 1.4327e+00, 1.0641e+00]])
Loaded per-window (calendar) month weights from analysis/figures/month_weights_per_window.npz: cube.shape=(25, 12, 34)
/Users/liyingnceas/GitHub/GNN-RNN-main/gnn-lstm-v3/utils/data_utils.py:264: RuntimeWarning: Mean of empty slice
  np.nanmean(county_dict[county], axis=0).astype(np.float32)
Filled 111585 missing (node, year) entries from neighbors or year averages
[2D] Station nodes: 596, adj nnz: 2980
[build_year_XY_windowed] data_start=1998, min_pred_year=2009, test_year=2019, win_size=3, n_windows=10
  built windows for T=2009
  built windows for T=2014
  built windows for T=2019
[build_year_XY_windowed] built windowed XY for 11 prediction years (2009–2019)
  GAT_RNN_V2: edge_feat_dim=3, n_heads=4, n_hidden=64
  [Bayes] Species rarity weights (mean=1): min=0.70 max=1.72  (rarest=Mycteroperca microlepis_SA)
  [CrossDonor] Ecological cross-donor map (9 recipients):
    Centropomus undecimalis_A  <-  ['Cynoscion nebulosus_R', 'Cynoscion nebulosus_A']
    Centropomus undecimalis_SA  <-  ['Cynoscion nebulosus_R', 'Centropomus undecimalis_A']
    Sciaenops ocellatus_R  <-  ['Cynoscion nebulosus_R', 'Cynoscion nebulosus_A']
    Sciaenops ocellatus_SA  <-  ['Cynoscion nebulosus_R', 'Cynoscion nebulosus_A']
    Cynoscion nebulosus_A  <-  ['Cynoscion nebulosus_R', 'Lagodon rhomboides_A']
    Mycteroperca microlepis_SA  <-  ['Lutjanus griseus_SA', 'Lutjanus griseus_R']
    Lutjanus griseus_R  <-  ['Archosargus probatocephalus_A', 'Lutjanus griseus_SA']
    Lutjanus griseus_SA  <-  ['Archosargus probatocephalus_A']
    Archosargus probatocephalus_R  <-  ['Archosargus probatocephalus_A', 'Lagodon rhomboides_A']
  [BayesTransferMapped] 9 recipient → donor mappings:
    recipient   3 <- donors [6, 5]
    recipient   4 <- donors [6, 3]
    recipient  12 <- donors [6, 5]
    recipient  13 <- donors [6, 5]
    recipient   5 <- donors [6, 7]
    recipient  11 <- donors [10, 9]
    recipient   9 <- donors [0, 10]
    recipient  10 <- donors [0]
    recipient   1 <- donors [0, 7]
  [BayesTransferMapped] transfer_prior_std=0.600  warmstart_alpha=0.25

----- Epoch 0 (windowed) -----
  batch 49 | loss 0.1943 rmse 8.460 r2 -0.056 corr 0.252

###### Windowed train epoch 0 overall metrics
  loss: 0.1851 rmse: 19.533 r2: 0.015 corr: 0.123
***** Epoch 0 Val (windowed) *****
  loss: 0.0665 rmse: 22.656 r2: 0.041 corr: 0.205
********************
***** Epoch 0 Test (windowed) *****
  loss: 0.0667 rmse: 35.116 r2: 0.026 corr: 0.172
********************
  Epoch 0 done in 43.6s
  Saved best model → model/FIM_restoration_0412_stations_monthly/2019/gat-rnn-v2-windowed_bs-128_lr-0.001_maxepoch-50_testyear-2019_win-3_nwin-10_seed-0/model-0

----- Epoch 1 (windowed) -----
  batch 49 | loss 0.1853 rmse 12.103 r2 0.051 corr 0.235

###### Windowed train epoch 1 overall metrics
  loss: 0.1723 rmse: 19.867 r2: -0.019 corr: 0.130
***** Epoch 1 Val (windowed) *****
  loss: 0.0634 rmse: 22.296 r2: 0.071 corr: 0.275
********************
***** Epoch 1 Test (windowed) *****
  loss: 0.0635 rmse: 34.729 r2: 0.047 corr: 0.247
********************
  Epoch 1 done in 44.7s
  Saved best model → model/FIM_restoration_0412_stations_monthly/2019/gat-rnn-v2-windowed_bs-128_lr-0.001_maxepoch-50_testyear-2019_win-3_nwin-10_seed-0/model-1

----- Epoch 2 (windowed) -----
  batch 49 | loss 0.1774 rmse 8.490 r2 -0.112 corr 0.444

###### Windowed train epoch 2 overall metrics
  loss: 0.1656 rmse: 19.584 r2: 0.010 corr: 0.199
***** Epoch 2 Val (windowed) *****
  loss: 0.0611 rmse: 22.174 r2: 0.081 corr: 0.289
********************
***** Epoch 2 Test (windowed) *****
  loss: 0.0612 rmse: 34.568 r2: 0.056 corr: 0.260
********************
  Epoch 2 done in 45.3s
  Saved best model → model/FIM_restoration_0412_stations_monthly/2019/gat-rnn-v2-windowed_bs-128_lr-0.001_maxepoch-50_testyear-2019_win-3_nwin-10_seed-0/model-2

----- Epoch 3 (windowed) -----
  batch 49 | loss 0.1782 rmse 33.921 r2 0.101 corr 0.373

###### Windowed train epoch 3 overall metrics
  loss: 0.1616 rmse: 19.483 r2: 0.020 corr: 0.202
***** Epoch 3 Val (windowed) *****
  loss: 0.0590 rmse: 22.263 r2: 0.074 corr: 0.281
********************
***** Epoch 3 Test (windowed) *****
  loss: 0.0598 rmse: 34.771 r2: 0.045 corr: 0.238
********************
  Epoch 3 done in 44.5s

----- Epoch 4 (windowed) -----
  batch 49 | loss 0.1688 rmse 6.532 r2 0.059 corr 0.408

###### Windowed train epoch 4 overall metrics
  loss: 0.1568 rmse: 19.563 r2: 0.012 corr: 0.216
***** Epoch 4 Val (windowed) *****
  loss: 0.0573 rmse: 21.929 r2: 0.101 corr: 0.328
********************
***** Epoch 4 Test (windowed) *****
  loss: 0.0576 rmse: 34.493 r2: 0.060 corr: 0.272
********************
  Epoch 4 done in 44.5s
  Saved best model → model/FIM_restoration_0412_stations_monthly/2019/gat-rnn-v2-windowed_bs-128_lr-0.001_maxepoch-50_testyear-2019_win-3_nwin-10_seed-0/model-4

----- Epoch 5 (windowed) -----
  batch 49 | loss 0.1645 rmse 12.899 r2 0.086 corr 0.313

###### Windowed train epoch 5 overall metrics
  loss: 0.1532 rmse: 19.340 r2: 0.034 corr: 0.232
***** Epoch 5 Val (windowed) *****
  loss: 0.0567 rmse: 22.356 r2: 0.066 corr: 0.262
********************
***** Epoch 5 Test (windowed) *****
  loss: 0.0595 rmse: 34.833 r2: 0.042 corr: 0.218
********************
  Epoch 5 done in 45.5s

----- Epoch 6 (windowed) -----
  batch 49 | loss 0.1687 rmse 23.897 r2 0.146 corr 0.418

###### Windowed train epoch 6 overall metrics
  loss: 0.1494 rmse: 19.467 r2: 0.022 corr: 0.226
***** Epoch 6 Val (windowed) *****
  loss: 0.0555 rmse: 22.320 r2: 0.069 corr: 0.268
********************
***** Epoch 6 Test (windowed) *****
  loss: 0.0568 rmse: 34.819 r2: 0.042 corr: 0.220
********************
  Epoch 6 done in 44.1s

----- Epoch 7 (windowed) -----
  batch 49 | loss 0.1580 rmse 9.491 r2 -0.390 corr 0.392

###### Windowed train epoch 7 overall metrics
  loss: 0.1475 rmse: 19.244 r2: 0.044 corr: 0.245
***** Epoch 7 Val (windowed) *****
  loss: 0.0552 rmse: 22.231 r2: 0.076 corr: 0.286
********************
***** Epoch 7 Test (windowed) *****
  loss: 0.0568 rmse: 34.782 r2: 0.044 corr: 0.232
********************
  Epoch 7 done in 44.4s

----- Epoch 8 (windowed) -----
  batch 49 | loss 0.1569 rmse 5.199 r2 -0.150 corr 0.454

###### Windowed train epoch 8 overall metrics
  loss: 0.1447 rmse: 19.068 r2: 0.061 corr: 0.281
***** Epoch 8 Val (windowed) *****
  loss: 0.0536 rmse: 21.716 r2: 0.119 corr: 0.361
********************
***** Epoch 8 Test (windowed) *****
  loss: 0.0550 rmse: 34.133 r2: 0.080 corr: 0.326
********************
  Epoch 8 done in 44.4s
  Saved best model → model/FIM_restoration_0412_stations_monthly/2019/gat-rnn-v2-windowed_bs-128_lr-0.001_maxepoch-50_testyear-2019_win-3_nwin-10_seed-0/model-8

----- Epoch 9 (windowed) -----
  batch 49 | loss 0.1562 rmse 9.886 r2 -0.192 corr 0.437

###### Windowed train epoch 9 overall metrics
  loss: 0.1426 rmse: 18.863 r2: 0.081 corr: 0.317
***** Epoch 9 Val (windowed) *****
  loss: 0.0549 rmse: 21.278 r2: 0.154 corr: 0.413
********************
***** Epoch 9 Test (windowed) *****
  loss: 0.0570 rmse: 33.656 r2: 0.105 corr: 0.377
********************
  Epoch 9 done in 43.0s
  Saved best model → model/FIM_restoration_0412_stations_monthly/2019/gat-rnn-v2-windowed_bs-128_lr-0.001_maxepoch-50_testyear-2019_win-3_nwin-10_seed-0/model-9

----- Epoch 10 (windowed) -----
  batch 49 | loss 0.1535 rmse 11.171 r2 0.137 corr 0.407

###### Windowed train epoch 10 overall metrics
  loss: 0.1401 rmse: 18.911 r2: 0.077 corr: 0.322
***** Epoch 10 Val (windowed) *****
  loss: 0.0527 rmse: 21.914 r2: 0.102 corr: 0.352
********************
***** Epoch 10 Test (windowed) *****
  loss: 0.0547 rmse: 34.408 r2: 0.065 corr: 0.307
********************
  Epoch 10 done in 42.4s

----- Epoch 11 (windowed) -----
  batch 49 | loss 0.1504 rmse 7.675 r2 -0.121 corr 0.408

###### Windowed train epoch 11 overall metrics
  loss: 0.1384 rmse: 18.888 r2: 0.079 corr: 0.326
***** Epoch 11 Val (windowed) *****
  loss: 0.0523 rmse: 21.246 r2: 0.156 corr: 0.423
********************
***** Epoch 11 Test (windowed) *****
  loss: 0.0544 rmse: 33.662 r2: 0.105 corr: 0.387
********************
  Epoch 11 done in 43.0s
  Saved best model → model/FIM_restoration_0412_stations_monthly/2019/gat-rnn-v2-windowed_bs-128_lr-0.001_maxepoch-50_testyear-2019_win-3_nwin-10_seed-0/model-11

----- Epoch 12 (windowed) -----
  batch 49 | loss 0.1515 rmse 15.720 r2 0.149 corr 0.432

###### Windowed train epoch 12 overall metrics
  loss: 0.1376 rmse: 19.018 r2: 0.066 corr: 0.319
***** Epoch 12 Val (windowed) *****
  loss: 0.0513 rmse: 20.989 r2: 0.177 corr: 0.436
********************
***** Epoch 12 Test (windowed) *****
  loss: 0.0531 rmse: 33.347 r2: 0.122 corr: 0.398
********************
  Epoch 12 done in 43.6s
  Saved best model → model/FIM_restoration_0412_stations_monthly/2019/gat-rnn-v2-windowed_bs-128_lr-0.001_maxepoch-50_testyear-2019_win-3_nwin-10_seed-0/model-12

----- Epoch 13 (windowed) -----
  batch 49 | loss 0.1492 rmse 14.002 r2 0.067 corr 0.296

###### Windowed train epoch 13 overall metrics
  loss: 0.1351 rmse: 19.148 r2: 0.053 corr: 0.333
***** Epoch 13 Val (windowed) *****
  loss: 0.0511 rmse: 21.520 r2: 0.134 corr: 0.392
********************
***** Epoch 13 Test (windowed) *****
  loss: 0.0531 rmse: 33.996 r2: 0.087 corr: 0.347
********************
  Epoch 13 done in 43.6s

----- Epoch 14 (windowed) -----
  batch 49 | loss 0.1433 rmse 26.387 r2 0.246 corr 0.611

###### Windowed train epoch 14 overall metrics
  loss: 0.1331 rmse: 18.951 r2: 0.073 corr: 0.335
***** Epoch 14 Val (windowed) *****
  loss: 0.0510 rmse: 20.892 r2: 0.184 corr: 0.459
********************
***** Epoch 14 Test (windowed) *****
  loss: 0.0524 rmse: 33.158 r2: 0.132 corr: 0.442
********************
  Epoch 14 done in 44.0s
  Saved best model → model/FIM_restoration_0412_stations_monthly/2019/gat-rnn-v2-windowed_bs-128_lr-0.001_maxepoch-50_testyear-2019_win-3_nwin-10_seed-0/model-14

----- Epoch 15 (windowed) -----
  batch 49 | loss 0.1455 rmse 14.515 r2 -0.309 corr 0.311

###### Windowed train epoch 15 overall metrics
  loss: 0.1323 rmse: 18.836 r2: 0.084 corr: 0.388
***** Epoch 15 Val (windowed) *****
  loss: 0.0508 rmse: 20.725 r2: 0.197 corr: 0.458
********************
***** Epoch 15 Test (windowed) *****
  loss: 0.0523 rmse: 33.023 r2: 0.139 corr: 0.424
********************
  Epoch 15 done in 43.6s
  Saved best model → model/FIM_restoration_0412_stations_monthly/2019/gat-rnn-v2-windowed_bs-128_lr-0.001_maxepoch-50_testyear-2019_win-3_nwin-10_seed-0/model-15

----- Epoch 16 (windowed) -----
  batch 49 | loss 0.1406 rmse 21.219 r2 0.152 corr 0.402

###### Windowed train epoch 16 overall metrics
  loss: 0.1306 rmse: 19.053 r2: 0.063 corr: 0.323
***** Epoch 16 Val (windowed) *****
  loss: 0.0520 rmse: 21.363 r2: 0.147 corr: 0.402
********************
***** Epoch 16 Test (windowed) *****
  loss: 0.0534 rmse: 33.607 r2: 0.108 corr: 0.385
********************
  Epoch 16 done in 45.2s

----- Epoch 17 (windowed) -----
  batch 49 | loss 0.1411 rmse 11.760 r2 0.148 corr 0.391

###### Windowed train epoch 17 overall metrics
  loss: 0.1290 rmse: 19.146 r2: 0.054 corr: 0.349
***** Epoch 17 Val (windowed) *****
  loss: 0.0493 rmse: 19.915 r2: 0.259 corr: 0.512
********************
***** Epoch 17 Test (windowed) *****
  loss: 0.0518 rmse: 30.922 r2: 0.245 corr: 0.549
********************
  Epoch 17 done in 45.3s
  Saved best model → model/FIM_restoration_0412_stations_monthly/2019/gat-rnn-v2-windowed_bs-128_lr-0.001_maxepoch-50_testyear-2019_win-3_nwin-10_seed-0/model-17

----- Epoch 18 (windowed) -----
  batch 49 | loss 0.1378 rmse 10.435 r2 0.086 corr 0.403

###### Windowed train epoch 18 overall metrics
  loss: 0.1276 rmse: 18.962 r2: 0.072 corr: 0.340
***** Epoch 18 Val (windowed) *****
  loss: 0.0498 rmse: 21.023 r2: 0.174 corr: 0.434
********************
***** Epoch 18 Test (windowed) *****
  loss: 0.0515 rmse: 33.208 r2: 0.129 corr: 0.421
********************
  Epoch 18 done in 45.0s

----- Epoch 19 (windowed) -----
  batch 49 | loss 0.1337 rmse 9.407 r2 0.050 corr 0.523

###### Windowed train epoch 19 overall metrics
  loss: 0.1274 rmse: 18.888 r2: 0.079 corr: 0.352
***** Epoch 19 Val (windowed) *****
  loss: 0.0542 rmse: 19.849 r2: 0.264 corr: 0.516
********************
***** Epoch 19 Test (windowed) *****
  loss: 0.0541 rmse: 31.140 r2: 0.234 corr: 0.535
********************
  Epoch 19 done in 44.6s
  Saved best model → model/FIM_restoration_0412_stations_monthly/2019/gat-rnn-v2-windowed_bs-128_lr-0.001_maxepoch-50_testyear-2019_win-3_nwin-10_seed-0/model-19

----- Epoch 20 (windowed) -----
  batch 49 | loss 0.1346 rmse 12.313 r2 -0.039 corr 0.551

###### Windowed train epoch 20 overall metrics
  loss: 0.1257 rmse: 19.624 r2: 0.006 corr: 0.322
***** Epoch 20 Val (windowed) *****
  loss: 0.0549 rmse: 20.928 r2: 0.181 corr: 0.439
********************
***** Epoch 20 Test (windowed) *****
  loss: 0.0581 rmse: 32.265 r2: 0.178 corr: 0.454
********************
  Epoch 20 done in 45.0s

----- Epoch 21 (windowed) -----
  batch 49 | loss 0.1359 rmse 21.330 r2 -0.004 corr 0.455

###### Windowed train epoch 21 overall metrics
  loss: 0.1253 rmse: 19.099 r2: 0.058 corr: 0.347
***** Epoch 21 Val (windowed) *****
  loss: 0.0496 rmse: 20.724 r2: 0.197 corr: 0.456
********************
***** Epoch 21 Test (windowed) *****
  loss: 0.0534 rmse: 32.527 r2: 0.164 corr: 0.470
********************
  Epoch 21 done in 44.2s

----- Epoch 22 (windowed) -----
  batch 49 | loss 0.1329 rmse 25.733 r2 0.404 corr 0.659

###### Windowed train epoch 22 overall metrics
  loss: 0.1232 rmse: 18.943 r2: 0.073 corr: 0.372
***** Epoch 22 Val (windowed) *****
  loss: 0.0499 rmse: 20.809 r2: 0.191 corr: 0.445
********************
***** Epoch 22 Test (windowed) *****
  loss: 0.0522 rmse: 32.832 r2: 0.149 corr: 0.436
********************
  Epoch 22 done in 43.6s

----- Epoch 23 (windowed) -----
  batch 49 | loss 0.1297 rmse 12.155 r2 -0.590 corr 0.463

###### Windowed train epoch 23 overall metrics
  loss: 0.1221 rmse: 20.992 r2: -0.138 corr: 0.265
***** Epoch 23 Val (windowed) *****
  loss: 0.0498 rmse: 20.858 r2: 0.187 corr: 0.445
********************
***** Epoch 23 Test (windowed) *****
  loss: 0.0518 rmse: 32.605 r2: 0.160 corr: 0.473
********************
  Epoch 23 done in 44.1s

----- Epoch 24 (windowed) -----
  batch 49 | loss 0.1319 rmse 15.226 r2 -0.018 corr 0.305

###### Windowed train epoch 24 overall metrics
  loss: 0.1212 rmse: 19.881 r2: -0.021 corr: 0.308
***** Epoch 24 Val (windowed) *****
  loss: 0.0499 rmse: 21.805 r2: 0.111 corr: 0.351
********************
***** Epoch 24 Test (windowed) *****
  loss: 0.0518 rmse: 33.992 r2: 0.087 corr: 0.356
********************
  Epoch 24 done in 45.3s

----- Epoch 25 (windowed) -----
  batch 49 | loss 0.1286 rmse 11.040 r2 0.116 corr 0.524

###### Windowed train epoch 25 overall metrics
  loss: 0.1204 rmse: 18.786 r2: 0.089 corr: 0.363
***** Epoch 25 Val (windowed) *****
  loss: 0.0485 rmse: 21.181 r2: 0.161 corr: 0.415
********************
***** Epoch 25 Test (windowed) *****
  loss: 0.0513 rmse: 32.795 r2: 0.150 corr: 0.458
********************
  Epoch 25 done in 44.7s

----- Epoch 26 (windowed) -----
  batch 49 | loss 0.1265 rmse 7.701 r2 0.042 corr 0.447

###### Windowed train epoch 26 overall metrics
  loss: 0.1190 rmse: 19.676 r2: 0.000 corr: 0.330
***** Epoch 26 Val (windowed) *****
  loss: 0.0490 rmse: 21.188 r2: 0.161 corr: 0.409
********************
***** Epoch 26 Test (windowed) *****
  loss: 0.0526 rmse: 32.806 r2: 0.150 corr: 0.425
********************
  Epoch 26 done in 44.3s

----- Epoch 27 (windowed) -----
  batch 49 | loss 0.1308 rmse 14.674 r2 0.132 corr 0.370

###### Windowed train epoch 27 overall metrics
  loss: 0.1183 rmse: 19.609 r2: 0.007 corr: 0.301
***** Epoch 27 Val (windowed) *****
  loss: 0.0476 rmse: 20.533 r2: 0.212 corr: 0.466
********************
***** Epoch 27 Test (windowed) *****
  loss: 0.0507 rmse: 32.147 r2: 0.184 corr: 0.473
********************
  Epoch 27 done in 44.2s

----- Epoch 28 (windowed) -----
  batch 49 | loss 0.1213 rmse 9.240 r2 -0.225 corr 0.312

###### Windowed train epoch 28 overall metrics
  loss: 0.1176 rmse: 19.456 r2: 0.023 corr: 0.314
***** Epoch 28 Val (windowed) *****
  loss: 0.0484 rmse: 20.426 r2: 0.220 corr: 0.474
********************
***** Epoch 28 Test (windowed) *****
  loss: 0.0510 rmse: 31.978 r2: 0.192 corr: 0.489
********************
  Epoch 28 done in 44.1s

----- Epoch 29 (windowed) -----
  batch 49 | loss 0.1234 rmse 28.038 r2 0.207 corr 0.459

###### Windowed train epoch 29 overall metrics
  loss: 0.1162 rmse: 20.333 r2: -0.067 corr: 0.298
***** Epoch 29 Val (windowed) *****
  loss: 0.0482 rmse: 20.934 r2: 0.181 corr: 0.432
********************
***** Epoch 29 Test (windowed) *****
  loss: 0.0519 rmse: 32.477 r2: 0.167 corr: 0.459
********************
  Epoch 29 done in 45.1s

----- Epoch 30 (windowed) -----
  batch 49 | loss 0.1188 rmse 11.261 r2 -0.354 corr 0.317

###### Windowed train epoch 30 overall metrics
  loss: 0.1151 rmse: 19.197 r2: 0.048 corr: 0.344
***** Epoch 30 Val (windowed) *****
  loss: 0.0481 rmse: 20.607 r2: 0.206 corr: 0.458
********************
***** Epoch 30 Test (windowed) *****
  loss: 0.0517 rmse: 31.840 r2: 0.199 corr: 0.490
********************
  Epoch 30 done in 44.0s

----- Epoch 31 (windowed) -----
  batch 49 | loss 0.1176 rmse 17.094 r2 -0.502 corr 0.258

###### Windowed train epoch 31 overall metrics
  loss: 0.1141 rmse: 19.918 r2: -0.024 corr: 0.270
***** Epoch 31 Val (windowed) *****
  loss: 0.0494 rmse: 20.275 r2: 0.232 corr: 0.490
********************
***** Epoch 31 Test (windowed) *****
  loss: 0.0515 rmse: 32.143 r2: 0.184 corr: 0.493
********************
  Epoch 31 done in 45.3s

----- Epoch 32 (windowed) -----
  batch 49 | loss 0.1211 rmse 9.322 r2 -0.257 corr 0.446

###### Windowed train epoch 32 overall metrics
  loss: 0.1139 rmse: 19.367 r2: 0.032 corr: 0.338
***** Epoch 32 Val (windowed) *****
  loss: 0.0480 rmse: 20.672 r2: 0.201 corr: 0.454
********************
***** Epoch 32 Test (windowed) *****
  loss: 0.0508 rmse: 32.089 r2: 0.187 corr: 0.492
********************
  Epoch 32 done in 44.9s

----- Epoch 33 (windowed) -----
  batch 49 | loss 0.1182 rmse 63.086 r2 0.035 corr 0.196

###### Windowed train epoch 33 overall metrics
  loss: 0.1126 rmse: 21.393 r2: -0.182 corr: 0.305
***** Epoch 33 Val (windowed) *****
  loss: 0.0484 rmse: 22.571 r2: 0.048 corr: 0.233
********************
***** Epoch 33 Test (windowed) *****
  loss: 0.0522 rmse: 34.857 r2: 0.040 corr: 0.206
********************
  Epoch 33 done in 45.0s

----- Epoch 34 (windowed) -----
  batch 49 | loss 0.1171 rmse 8.773 r2 -0.349 corr 0.306

###### Windowed train epoch 34 overall metrics
  loss: 0.1115 rmse: 19.697 r2: -0.002 corr: 0.270
***** Epoch 34 Val (windowed) *****
  loss: 0.0501 rmse: 21.377 r2: 0.146 corr: 0.396
********************
***** Epoch 34 Test (windowed) *****
  loss: 0.0525 rmse: 33.497 r2: 0.114 corr: 0.399
********************
  Epoch 34 done in 45.1s

----- Epoch 35 (windowed) -----
  batch 49 | loss 0.1193 rmse 16.713 r2 0.096 corr 0.317

###### Windowed train epoch 35 overall metrics
  loss: 0.1115 rmse: 19.181 r2: 0.050 corr: 0.344
***** Epoch 35 Val (windowed) *****
  loss: 0.0481 rmse: 21.998 r2: 0.095 corr: 0.319
********************
***** Epoch 35 Test (windowed) *****
  loss: 0.0509 rmse: 34.042 r2: 0.085 corr: 0.339
********************
  Epoch 35 done in 45.5s

----- Epoch 36 (windowed) -----
  batch 49 | loss 0.1147 rmse 29.621 r2 0.031 corr 0.189

###### Windowed train epoch 36 overall metrics
  loss: 0.1114 rmse: 19.562 r2: 0.012 corr: 0.294
***** Epoch 36 Val (windowed) *****
  loss: 0.0498 rmse: 21.747 r2: 0.116 corr: 0.350
********************
***** Epoch 36 Test (windowed) *****
  loss: 0.0545 rmse: 33.646 r2: 0.106 corr: 0.353
********************
  Epoch 36 done in 44.8s

----- Epoch 37 (windowed) -----
  batch 49 | loss 0.1160 rmse 11.274 r2 0.068 corr 0.475

###### Windowed train epoch 37 overall metrics
  loss: 0.1095 rmse: 19.825 r2: -0.015 corr: 0.308
***** Epoch 37 Val (windowed) *****
  loss: 0.0462 rmse: 20.503 r2: 0.214 corr: 0.473
********************
***** Epoch 37 Test (windowed) *****
  loss: 0.0504 rmse: 32.253 r2: 0.178 corr: 0.476
********************
  Epoch 37 done in 44.6s

----- Epoch 38 (windowed) -----
  batch 49 | loss 0.1168 rmse 8.820 r2 -0.476 corr 0.327

###### Windowed train epoch 38 overall metrics
  loss: 0.1084 rmse: 21.077 r2: -0.147 corr: 0.304
***** Epoch 38 Val (windowed) *****
  loss: 0.0482 rmse: 21.274 r2: 0.154 corr: 0.398
********************
***** Epoch 38 Test (windowed) *****
  loss: 0.0508 rmse: 33.276 r2: 0.125 corr: 0.393
********************
  Epoch 38 done in 45.8s

----- Epoch 39 (windowed) -----
  batch 49 | loss 0.1164 rmse 26.076 r2 0.180 corr 0.466

###### Windowed train epoch 39 overall metrics
  loss: 0.1084 rmse: 22.076 r2: -0.258 corr: 0.276
***** Epoch 39 Val (windowed) *****
  loss: 0.0481 rmse: 21.297 r2: 0.152 corr: 0.394
********************
***** Epoch 39 Test (windowed) *****
  loss: 0.0505 rmse: 33.062 r2: 0.137 corr: 0.409
********************
  Epoch 39 done in 43.3s

----- Epoch 40 (windowed) -----
  batch 49 | loss 0.1216 rmse 10.566 r2 0.160 corr 0.409

###### Windowed train epoch 40 overall metrics
  loss: 0.1084 rmse: 19.939 r2: -0.027 corr: 0.289
***** Epoch 40 Val (windowed) *****
  loss: 0.0477 rmse: 21.621 r2: 0.126 corr: 0.379
********************
***** Epoch 40 Test (windowed) *****
  loss: 0.0504 rmse: 33.916 r2: 0.091 corr: 0.366
********************
  Epoch 40 done in 44.5s

----- Epoch 41 (windowed) -----
  batch 49 | loss 0.1174 rmse 50.285 r2 0.148 corr 0.451

###### Windowed train epoch 41 overall metrics
  loss: 0.1073 rmse: 19.868 r2: -0.019 corr: 0.280
***** Epoch 41 Val (windowed) *****
  loss: 0.0468 rmse: 21.267 r2: 0.155 corr: 0.401
********************
***** Epoch 41 Test (windowed) *****
  loss: 0.0504 rmse: 33.316 r2: 0.123 corr: 0.387
********************
  Epoch 41 done in 45.1s

----- Epoch 42 (windowed) -----
  batch 49 | loss 0.1075 rmse 12.195 r2 -0.850 corr 0.367

###### Windowed train epoch 42 overall metrics
  loss: 0.1054 rmse: 19.947 r2: -0.027 corr: 0.279
***** Epoch 42 Val (windowed) *****
  loss: 0.0467 rmse: 20.988 r2: 0.177 corr: 0.434
********************
***** Epoch 42 Test (windowed) *****
  loss: 0.0498 rmse: 33.093 r2: 0.135 corr: 0.422
********************
  Epoch 42 done in 43.3s

----- Epoch 43 (windowed) -----
  batch 49 | loss 0.1092 rmse 24.562 r2 -0.009 corr 0.203

###### Windowed train epoch 43 overall metrics
  loss: 0.1043 rmse: 20.540 r2: -0.089 corr: 0.293
***** Epoch 43 Val (windowed) *****
  loss: 0.0454 rmse: 20.481 r2: 0.216 corr: 0.478
********************
***** Epoch 43 Test (windowed) *****
  loss: 0.0501 rmse: 32.773 r2: 0.152 corr: 0.436
********************
  Epoch 43 done in 821.5s

----- Epoch 44 (windowed) -----
  batch 49 | loss 0.1052 rmse 14.998 r2 0.068 corr 0.346

###### Windowed train epoch 44 overall metrics
  loss: 0.1041 rmse: 20.715 r2: -0.108 corr: 0.321
***** Epoch 44 Val (windowed) *****
  loss: 0.0468 rmse: 21.496 r2: 0.136 corr: 0.378
********************
***** Epoch 44 Test (windowed) *****
  loss: 0.0520 rmse: 33.696 r2: 0.103 corr: 0.356
********************
  Epoch 44 done in 44.4s

----- Epoch 45 (windowed) -----
  batch 49 | loss 0.1034 rmse 9.572 r2 -0.307 corr 0.418

###### Windowed train epoch 45 overall metrics
  loss: 0.1036 rmse: 19.564 r2: 0.012 corr: 0.317
***** Epoch 45 Val (windowed) *****
  loss: 0.0468 rmse: 20.821 r2: 0.190 corr: 0.444
********************
***** Epoch 45 Test (windowed) *****
  loss: 0.0519 rmse: 32.335 r2: 0.174 corr: 0.443
********************
  Epoch 45 done in 42.8s

----- Epoch 46 (windowed) -----
  batch 49 | loss 0.1072 rmse 21.839 r2 -1.903 corr 0.320

###### Windowed train epoch 46 overall metrics
  loss: 0.1025 rmse: 20.721 r2: -0.109 corr: 0.275
***** Epoch 46 Val (windowed) *****
  loss: 0.0452 rmse: 20.445 r2: 0.219 corr: 0.475
********************
***** Epoch 46 Test (windowed) *****
  loss: 0.0496 rmse: 32.646 r2: 0.158 corr: 0.436
********************
  Epoch 46 done in 353.5s

----- Epoch 47 (windowed) -----
  batch 49 | loss 0.1068 rmse 5.597 r2 -0.266 corr 0.435

###### Windowed train epoch 47 overall metrics
  loss: 0.1024 rmse: 21.082 r2: -0.148 corr: 0.285
***** Epoch 47 Val (windowed) *****
  loss: 0.0477 rmse: 22.097 r2: 0.087 corr: 0.306
********************
***** Epoch 47 Test (windowed) *****
  loss: 0.0533 rmse: 34.342 r2: 0.068 corr: 0.301
********************
  Epoch 47 done in 45.7s

----- Epoch 48 (windowed) -----
  batch 49 | loss 0.1054 rmse 8.726 r2 -0.079 corr 0.309

###### Windowed train epoch 48 overall metrics
  loss: 0.1016 rmse: 20.340 r2: -0.068 corr: 0.259
***** Epoch 48 Val (windowed) *****
  loss: 0.0493 rmse: 22.397 r2: 0.062 corr: 0.273
********************
***** Epoch 48 Test (windowed) *****
  loss: 0.0558 rmse: 34.168 r2: 0.078 corr: 0.292
********************
  Epoch 48 done in 46.2s

----- Epoch 49 (windowed) -----
  batch 49 | loss 0.1080 rmse 31.048 r2 0.079 corr 0.301

###### Windowed train epoch 49 overall metrics
  loss: 0.1014 rmse: 21.759 r2: -0.222 corr: 0.253
***** Epoch 49 Val (windowed) *****
  loss: 0.0453 rmse: 21.117 r2: 0.166 corr: 0.419
********************
***** Epoch 49 Test (windowed) *****
  loss: 0.0502 rmse: 33.369 r2: 0.120 corr: 0.384
********************
  Epoch 49 done in 43.2s
  [EarlyStop] No val_rmse improvement for 30 epochs (patience=30). Stopping fold at epoch 49.
Fold done — best val RMSE=19.8495 test R²=0.2341 corr=0.5347

================================================================
Rolling-windowed  test_year=2020
  Val  : 2019
  Test : 2020
  win_size=3  n_windows=10
================================================================
Initially data (54319, 166)
After filtering (46810, 166)
get_X_Y
X shape (46810, 130)
Y shape (46810, 34)
Y (output) means tensor([[0.1501, 0.0124, 0.2598, 0.1633, 0.0240, 0.0595, 0.1601, 0.6481, 0.8917,
         0.0237, 0.0516, 0.0097, 0.0847, 0.1378, 1.0257, 1.0650, 0.3451, 0.3997,
         0.9021, 0.4057, 0.1847, 0.2167, 0.4152, 0.1667, 0.4221, 0.5072, 0.2772,
         0.5999, 0.5027, 0.1490, 0.2747, 0.1065, 0.1322, 0.1305]]) stds tensor([[0.4897, 0.1366, 0.6288, 0.5874, 0.1864, 0.2944, 0.5151, 1.4456, 1.6213,
         0.1947, 0.3166, 0.1321, 0.4383, 0.4406, 2.1104, 1.7037, 0.8520, 1.1751,
         1.6203, 0.9391, 0.5207, 0.6854, 1.0838, 0.5724, 1.0008, 1.0685, 0.7082,
         1.3364, 1.0320, 0.4426, 0.8371, 0.3429, 0.3963, 0.3723]])
Y count-scale means tensor([[5.2306e-01, 3.4459e-02, 9.7627e-01, 9.0699e-01, 6.7080e-02, 1.9318e-01,
         5.7897e-01, 1.4624e+01, 3.0762e+01, 7.2053e-02, 2.4230e-01, 3.2880e-02,
         5.7195e-01, 4.0116e-01, 2.4809e+02, 2.3033e+01, 2.6086e+00, 1.4056e+01,
         2.6004e+01, 3.2454e+00, 5.8305e-01, 1.5505e+00, 7.5498e+00, 1.4555e+00,
         3.5312e+00, 4.4644e+00, 1.2569e+00, 2.7275e+01, 5.8145e+00, 4.3088e-01,
         3.0806e+00, 2.2596e-01, 3.0782e-01, 2.7023e-01]]) stds tensor([[3.6564e+00, 5.9747e-01, 5.6698e+00, 7.3423e+00, 1.0232e+00, 3.5733e+00,
         3.6405e+00, 7.3182e+01, 2.2645e+02, 9.8378e-01, 3.9375e+00, 6.6388e-01,
         8.4443e+00, 2.4975e+00, 2.8523e+03, 9.4136e+01, 1.8833e+01, 1.5722e+02,
         2.0800e+02, 1.9863e+01, 3.0578e+00, 2.0574e+01, 8.0812e+01, 4.3937e+01,
         1.6920e+01, 2.3929e+01, 6.8072e+00, 8.1078e+02, 6.9924e+01, 4.4925e+00,
         2.6229e+01, 1.0028e+00, 1.4198e+00, 1.0551e+00]])
Loaded per-window (calendar) month weights from analysis/figures/month_weights_per_window.npz: cube.shape=(25, 12, 34)
/Users/liyingnceas/GitHub/GNN-RNN-main/gnn-lstm-v3/utils/data_utils.py:264: RuntimeWarning: Mean of empty slice
  np.nanmean(county_dict[county], axis=0).astype(np.float32)
Filled 116835 missing (node, year) entries from neighbors or year averages
[2D] Station nodes: 596, adj nnz: 2980
[build_year_XY_windowed] data_start=1998, min_pred_year=2009, test_year=2020, win_size=3, n_windows=10
  built windows for T=2009
  built windows for T=2014
  built windows for T=2019
[build_year_XY_windowed] built windowed XY for 12 prediction years (2009–2020)
  GAT_RNN_V2: edge_feat_dim=3, n_heads=4, n_hidden=64
  [Bayes] Species rarity weights (mean=1): min=0.70 max=1.74  (rarest=Mycteroperca microlepis_SA)
  [CrossDonor] Ecological cross-donor map (9 recipients):
    Centropomus undecimalis_A  <-  ['Cynoscion nebulosus_R', 'Cynoscion nebulosus_A']
    Centropomus undecimalis_SA  <-  ['Cynoscion nebulosus_R', 'Centropomus undecimalis_A']
    Sciaenops ocellatus_R  <-  ['Cynoscion nebulosus_R', 'Cynoscion nebulosus_A']
    Sciaenops ocellatus_SA  <-  ['Cynoscion nebulosus_R', 'Cynoscion nebulosus_A']
    Cynoscion nebulosus_A  <-  ['Cynoscion nebulosus_R', 'Lagodon rhomboides_A']
    Mycteroperca microlepis_SA  <-  ['Lutjanus griseus_SA', 'Lutjanus griseus_R']
    Lutjanus griseus_R  <-  ['Archosargus probatocephalus_A', 'Lutjanus griseus_SA']
    Lutjanus griseus_SA  <-  ['Archosargus probatocephalus_A']
    Archosargus probatocephalus_R  <-  ['Archosargus probatocephalus_A', 'Lagodon rhomboides_A']
  [BayesTransferMapped] 9 recipient → donor mappings:
    recipient   3 <- donors [6, 5]
    recipient   4 <- donors [6, 3]
    recipient  12 <- donors [6, 5]
    recipient  13 <- donors [6, 5]
    recipient   5 <- donors [6, 7]
    recipient  11 <- donors [10, 9]
    recipient   9 <- donors [0, 10]
    recipient  10 <- donors [0]
    recipient   1 <- donors [0, 7]
  [BayesTransferMapped] transfer_prior_std=0.600  warmstart_alpha=0.25

----- Epoch 0 (windowed) -----
  batch 49 | loss 0.1877 rmse 7.001 r2 0.061 corr 0.340

###### Windowed train epoch 0 overall metrics
  loss: 0.1844 rmse: 21.483 r2: 0.012 corr: 0.111
***** Epoch 0 Val (windowed) *****
  loss: 0.0663 rmse: 35.106 r2: 0.026 corr: 0.182
********************
***** Epoch 0 Test (windowed) *****
  loss: 0.0666 rmse: 40.363 r2: 0.020 corr: 0.157
********************
  Epoch 0 done in 47.4s
  Saved best model → model/FIM_restoration_0412_stations_monthly/2020/gat-rnn-v2-windowed_bs-128_lr-0.001_maxepoch-50_testyear-2020_win-3_nwin-10_seed-0/model-0

----- Epoch 1 (windowed) -----
  batch 49 | loss 0.1850 rmse 23.953 r2 0.120 corr 0.403

###### Windowed train epoch 1 overall metrics
  loss: 0.1710 rmse: 21.224 r2: 0.036 corr: 0.196
***** Epoch 1 Val (windowed) *****
  loss: 0.0622 rmse: 34.519 r2: 0.059 corr: 0.285
********************
***** Epoch 1 Test (windowed) *****
  loss: 0.0634 rmse: 39.816 r2: 0.046 corr: 0.256
********************
  Epoch 1 done in 47.4s
  Saved best model → model/FIM_restoration_0412_stations_monthly/2020/gat-rnn-v2-windowed_bs-128_lr-0.001_maxepoch-50_testyear-2020_win-3_nwin-10_seed-0/model-1

----- Epoch 2 (windowed) -----
  batch 49 | loss 0.1794 rmse 20.738 r2 0.024 corr 0.220

###### Windowed train epoch 2 overall metrics
  loss: 0.1647 rmse: 21.726 r2: -0.010 corr: 0.188
***** Epoch 2 Val (windowed) *****
  loss: 0.0643 rmse: 35.138 r2: 0.025 corr: 0.163
********************
***** Epoch 2 Test (windowed) *****
run_train.sh: line 46: 64434 Terminated: 15          PYTHONUNBUFFERED=1 /Users/liyingnceas/anaconda3/envs/gnnrnn/bin/python -u main.py -dataset FIM_restoration_0412_stations_monthly -dd ../data/FIM_restoration_0412_stations_monthly.npz -adj ../map/FIM_restoration_0412_v2_adj.pkl -fid_map ../map/FIM_restoration_0412_v2_fid_dict.pkl --dist_weights_path ../map/FIM_restoration_0412_v2_dist_weights.pkl --no_soil --max_epoch 50 --encoder_type mlp --rolling_windowed --rolling_start 2010 --rolling_end 2024 --win_size 3 --n_windows 10 --prevalence_target_min 0.10 --bce_weight 0.1 --use_cross_donors --transfer_prior_std 0.6 --transfer_warmstart_alpha 0.25 --early_stop_patience 30 --month_weight_path analysis/figures/month_weights_per_window.npz
