bay,species,year,pred_total,obs_total,pred_mean,obs_mean,pred_median,obs_median,n,month
AP,Archosargus probatocephalus_A,2010.0,242.82662271437584,94.00000252499652,0.1466344340062656,0.05676328654891094,0.06412489339709279,0.0,1656,
AP,Archosargus probatocephalus_A,2011.0,197.39060010716634,64.00000108238658,0.11919722228693619,0.038647343648784166,0.04192646779119965,0.0,1656,
AP,Archosargus probatocephalus_A,2012.0,255.6059394212789,101.00000123623043,0.15435141269400898,0.06099033891076717,0.07175460830330846,0.0,1656,
AP,Archosargus probatocephalus_A,2013.0,197.68617280506072,125.00000165886095,0.11937570821561638,0.07548309278916725,0.0314837154000997,0.0,1656,
AP,Archosargus probatocephalus_A,2014.0,215.7068871884257,130.0000018473242,0.13025778211861455,0.07850241657447113,0.0513051617890596,0.0,1656,
AP,Archosargus probatocephalus_A,2015.0,279.16431197753263,112.00000209736238,0.16857748307822018,0.06763285150806907,0.07307052612304685,0.0,1656,
AP,Archosargus probatocephalus_A,2016.0,355.5622660157096,90.00000171108019,0.21471151329451063,0.054347827120217504,0.0971453636884689,0.0,1656,
AP,Archosargus probatocephalus_A,2017.0,308.4055607088667,70.00000088247063,0.1862352419739533,0.042270531933859073,0.09086617827415461,0.0,1656,
AP,Archosargus probatocephalus_A,2018.0,207.3098257503588,81.00000101437456,0.12518709284441956,0.04891304409080589,0.0639518834650516,0.0,1656,
AP,Archosargus probatocephalus_A,2019.0,208.65566924144508,87.00000151203915,0.12599980026657312,0.05253623279712509,0.0601701401174068,0.0,1656,
AP,Archosargus probatocephalus_A,2020.0,194.7850969775463,59.000000026901326,0.11762385083185162,0.03562801933991626,0.061578985303640296,0.0,1656,
AP,Archosargus probatocephalus_A,2021.0,211.86943744868034,63.00000151227107,0.12794048155113547,0.03804347917407673,0.0631037503480911,0.0,1656,
AP,Archosargus probatocephalus_A,2022.0,133.29009872511955,83.99999946472997,0.08048919005140069,0.050724637357928724,0.0403308439999818,0.0,1656,
AP,Archosargus probatocephalus_A,2023.0,206.70468528306077,93.00000067315378,0.12482166985692075,0.0561594206963489,0.06653602793812745,0.0,1656,
AP,Archosargus probatocephalus_A,2024.0,137.07725748908337,106.00000201966367,0.08277612167215179,0.06400966305535245,0.0362023133784532,0.0,1656,
AP,Archosargus probatocephalus_A,,125.47145233325492,53.00000171575285,0.060614228180316386,0.02560386556316563,0.0334933903068304,0.0,2070,1.0
AP,Archosargus probatocephalus_A,,168.41448276925797,73.00000187136276,0.08135965351171882,0.03526570138713177,0.0389357097446918,0.0,2070,2.0
AP,Archosargus probatocephalus_A,,213.38548363428703,82.00000116915058,0.10308477470255412,0.03961352713485535,0.04179330356419085,0.0,2070,3.0
AP,Archosargus probatocephalus_A,,252.67148146862743,124.00000207421107,0.1220635176176944,0.05990338264454641,0.06821960210800165,0.0,2070,4.0
AP,Archosargus probatocephalus_A,,446.4544827871141,196.00000452583743,0.21567849410005513,0.09468599252455914,0.0910299606621265,0.0,2070,5.0
AP,Archosargus probatocephalus_A,,396.01297865618835,152.0000014495355,0.19131061770830354,0.07342995239107995,0.08446499705314635,0.0,2070,6.0
AP,Archosargus probatocephalus_A,,290.48035972361686,112.00000151850452,0.140328676194984,0.05410628092681378,0.0742777958512306,0.0,2070,7.0
AP,Archosargus probatocephalus_A,,280.47633400489576,111.00000088655713,0.13549581352893514,0.053623188834085574,0.0711113959550857,0.0,2070,8.0
AP,Archosargus probatocephalus_A,,308.87838739543804,118.00000043628823,0.14921661226832755,0.05700483112864166,0.0792058482766151,0.0,2070,9.0
AP,Archosargus probatocephalus_A,,344.97758615080966,129.0000005124992,0.1666558387201979,0.0623188408272943,0.0838527455925941,0.0,2070,10.0
AP,Archosargus probatocephalus_A,,315.1210432843509,124.00000183122825,0.1522323880600729,0.0599033825271634,0.05137169919908045,0.0,2070,11.0
AP,Archosargus probatocephalus_A,,209.69635964586993,85.00000127291788,0.10130258920090335,0.04106280254730332,0.04545670747756955,0.0,2070,12.0
AP,Archosargus probatocephalus_R,2010.0,2.671998035834782,0.0,0.0016135253839582018,0.0,0.0,0.0,1656,
AP,Archosargus probatocephalus_R,2011.0,9.707975256489508,0.0,0.005862303898846321,0.0,0.005707312840968299,0.0,1656,
AP,Archosargus probatocephalus_R,2012.0,0.7937432416583688,0.0,0.00047931355172606814,0.0,0.0,0.0,1656,
AP,Archosargus probatocephalus_R,2013.0,8.120624261209741e-05,0.0,4.903758611841631e-08,0.0,0.0,0.0,1656,
AP,Archosargus probatocephalus_R,2014.0,0.21801656965830768,0.0,0.00013165251790960608,0.0,0.0,0.0,1656,
AP,Archosargus probatocephalus_R,2015.0,0.10246821643363063,0.0,6.187694229083976e-05,0.0,0.0,0.0,1656,
AP,Archosargus probatocephalus_R,2016.0,5.100785219914459,0.0,0.003080184311542548,0.0,0.00310739013366395,0.0,1656,
AP,Archosargus probatocephalus_R,2017.0,5.21588220429104,0.0,0.0031496873214317874,0.0,0.0029873691964894,0.0,1656,
AP,Archosargus probatocephalus_R,2018.0,0.2421417947942755,0.0,0.00014622089057625333,0.0,0.0,0.0,1656,
AP,Archosargus probatocephalus_R,2019.0,0.9053069286800973,0.0,0.0005466829279469187,0.0,0.00042937505349980004,0.0,1656,
AP,Archosargus probatocephalus_R,2020.0,1.558149775139929,0.0,0.0009409116999637252,0.0,0.00081240865983995,0.0,1656,
AP,Archosargus probatocephalus_R,2021.0,4.1263278267578345,0.0,0.002491743856737823,0.0,0.0024977407883852,0.0,1656,
AP,Archosargus probatocephalus_R,2022.0,1.710883350651027,0.0,0.0010331421199583496,0.0,0.00078280764864755,0.0,1656,
AP,Archosargus probatocephalus_R,2023.0,4.609499494079418,0.0,0.002783514187246025,0.0,0.00247563002631065,0.0,1656,
AP,Archosargus probatocephalus_R,2024.0,4.6311608016839365,0.0,0.002796594687007208,0.0,0.00239222496747965,0.0,1656,
AP,Archosargus probatocephalus_R,,3.050034553004191,0.0,0.0014734466439633772,0.0,0.0004461732169147,0.0,2070,1.0
AP,Archosargus probatocephalus_R,,2.937329630757687,0.0,0.001418999821622071,0.0,0.00044229114428155,0.0,2070,2.0
AP,Archosargus probatocephalus_R,,2.9869604447503058,0.0,0.0014429760602658482,0.0,0.0005510435148607499,0.0,2070,3.0
AP,Archosargus probatocephalus_R,,3.476665345851935,0.0,0.0016795484762569736,0.0,0.0008689930546097,0.0,2070,4.0
AP,Archosargus probatocephalus_R,,3.8143572402786328,0.0,0.0018426846571394362,0.0,0.00081340319593435,0.0,2070,5.0
AP,Archosargus probatocephalus_R,,4.372515748712361,0.0,0.0021123264486533145,0.0,0.001128943869844,0.0,2070,6.0
AP,Archosargus probatocephalus_R,,3.428247444359091,0.0,0.0016561581856807204,0.0,0.00101737567456435,0.0,2070,7.0
AP,Archosargus probatocephalus_R,,4.600144287107856,0.0,0.0022222919261390608,0.0,0.0010801702155731501,0.0,2070,8.0
AP,Archosargus probatocephalus_R,,3.615467627850155,0.0,0.001746602718768191,0.0,0.0010403149644844,0.0,2070,9.0
AP,Archosargus probatocephalus_R,,3.4468797423150366,0.0,0.0016651592958043654,0.0,0.0010072186705656,0.0,2070,10.0
AP,Archosargus probatocephalus_R,,2.861909551622083,0.0,0.001382565000783615,0.0,0.0007161262328736,0.0,2070,11.0
AP,Archosargus probatocephalus_R,,3.0039083056998894,0.0,0.0014511634327052606,0.0,0.00066344739752815,0.0,2070,12.0
AP,Callinectes sapidus_R,2010.0,1199.3135004788637,406.0000033090396,0.7242231283084926,0.24516908412381616,0.29108884930610657,0.0,1656,
AP,Callinectes sapidus_R,2011.0,951.3768396416563,529.0000043602367,0.5745029224889229,0.31944444707743763,0.23037943989038465,0.0,1656,
AP,Callinectes sapidus_R,2012.0,1238.370577480644,381.9999998229755,0.7478083197346884,0.2306763283955166,0.324540451169014,0.0,1656,
AP,Callinectes sapidus_R,2013.0,731.9448652653955,359.0000023092015,0.44199569158538377,0.2167874410079719,0.15524999797344205,0.0,1656,
AP,Callinectes sapidus_R,2014.0,564.1908639697504,524.0000025225588,0.3406949661653082,0.31642512229623115,0.11165130510926241,0.0,1656,
AP,Callinectes sapidus_R,2015.0,678.1113732287777,493.00000405655976,0.4094875442202764,0.2977053164592752,0.11907978355884545,0.0,1656,
AP,Callinectes sapidus_R,2016.0,889.4651614576578,452.00000541963664,0.5371166433923055,0.27294686317610906,0.2271252498030662,0.0,1656,
AP,Callinectes sapidus_R,2017.0,774.2985622491688,473.00000801982287,0.46757159556109223,0.2856280241665597,0.15261134505271906,0.0,1656,
AP,Callinectes sapidus_R,2018.0,795.4503811331597,472.0000073716668,0.48034443305142493,0.2850241590408616,0.1762272790074348,0.0,1656,
AP,Callinectes sapidus_R,2019.0,904.1779616214335,569.0000073221836,0.5460011845540057,0.34359903823803356,0.2625851631164551,0.0,1656,
AP,Callinectes sapidus_R,2020.0,1151.0522985979915,436.0000006769164,0.6950798904577243,0.2632850245633553,0.3118954449892044,0.0,1656,
AP,Callinectes sapidus_R,2021.0,1153.4678021781147,429.00000172039813,0.696538527885335,0.2590579720533805,0.35192400217056274,0.0,1656,
AP,Callinectes sapidus_R,2022.0,970.8936437603552,546.0000010966411,0.5862884322224368,0.3297101455897591,0.2070177793502807,0.0,1656,
AP,Callinectes sapidus_R,2023.0,1250.462669717148,446.0000044268654,0.7551103078002102,0.26932367417081243,0.26060324907302856,0.0,1656,
AP,Callinectes sapidus_R,2024.0,1129.9008175637573,449.0000063179085,0.6823072569829453,0.27113526951564526,0.2054112777113914,0.0,1656,
AP,Callinectes sapidus_R,,2083.1866186428815,873.0000087601268,1.0063703471704741,0.4217391346667279,0.5430206060409546,0.0,2070,1.0
AP,Callinectes sapidus_R,,1632.6996394476155,830.0000080956727,0.7887437871727611,0.40096618748583224,0.43364633619785303,0.0,2070,2.0
AP,Callinectes sapidus_R,,1384.4105971292593,634.0000060605546,0.6687973899175166,0.3062801961645191,0.3243572413921356,0.0,2070,3.0
AP,Callinectes sapidus_R,,795.8384689094964,346.00000443549754,0.38446302845869396,0.1671497605968587,0.2028233185410499,0.0,2070,4.0
AP,Callinectes sapidus_R,,590.7084560077055,182.0000011005567,0.2853664038684568,0.08792270584567956,0.12132421508431429,0.0,2070,5.0
AP,Callinectes sapidus_R,,662.8568910616159,369.0000062954024,0.32022072031962123,0.17826087260647458,0.1065595522522926,0.0,2070,6.0
AP,Callinectes sapidus_R,,1081.9883801143005,564.0000007395704,0.5226997005383094,0.2724637684732224,0.1135575175285339,0.0,2070,7.0
AP,Callinectes sapidus_R,,1109.6168296706746,571.0000044912053,0.5360467776186834,0.27584541279768376,0.189972884953022,0.0,2070,8.0
AP,Callinectes sapidus_R,,992.156368717202,588.0000021098633,0.4793025935831894,0.2840579720337504,0.20875872671604156,0.0,2070,9.0
AP,Callinectes sapidus_R,,868.7934450227767,467.000004581937,0.4197069782718728,0.22560386694779566,0.16815795004367826,0.0,2070,10.0
AP,Callinectes sapidus_R,,1301.1541606653482,604.0000101500107,0.6285768892103131,0.29178744451691335,0.18384274840354914,0.0,2070,11.0
AP,Callinectes sapidus_R,,1879.0674629549976,937.0000019322138,0.9077620593985496,0.45265700576435447,0.3694207966327667,0.0,2070,12.0
AP,Centropomus undecimalis_A,2010.0,1.9279346124967525,0.0,0.0011642117225221936,0.0,0.0,0.0,1656,
AP,Centropomus undecimalis_A,2011.0,9.835338291944907,0.0,0.005939213944411176,0.0,0.0,0.0,1656,
AP,Centropomus undecimalis_A,2012.0,7.181556065593632,0.0,0.004336688445406783,0.0,0.0,0.0,1656,
AP,Centropomus undecimalis_A,2013.0,4.513999420807498,0.0,0.0027258450608740933,0.0,0.0,0.0,1656,
AP,Centropomus undecimalis_A,2014.0,12.02212767313171,0.0,0.007259738933050549,0.0,0.0035169880138710002,0.0,1656,
AP,Centropomus undecimalis_A,2015.0,43.82846528546352,0.0,0.02646646454436203,0.0,0.02443028613924975,0.0,1656,
AP,Centropomus undecimalis_A,2016.0,48.50974777701768,0.0,0.02929332595230536,0.0,0.02544714044779535,0.0,1656,
AP,Centropomus undecimalis_A,2017.0,54.9182421872537,0.0,0.033163189726602475,0.0,0.0232353759929537,0.0,1656,
AP,Centropomus undecimalis_A,2018.0,29.615281541659364,0.0,0.01788362411935952,0.0,0.015184479299932649,0.0,1656,
AP,Centropomus undecimalis_A,2019.0,8.674472384387602,0.0,0.0052382079615867164,0.0,0.0,0.0,1656,
AP,Centropomus undecimalis_A,2020.0,49.58160046277036,0.0,0.02994057998959563,0.0,0.021055394783616,0.0,1656,
AP,Centropomus undecimalis_A,2021.0,65.5608207313343,0.0,0.03958986759138545,0.0,0.03125747479498385,0.0,1656,
AP,Centropomus undecimalis_A,2022.0,12.688528365189963,0.0,0.007662154809897321,0.0,0.0,0.0,1656,
AP,Centropomus undecimalis_A,2023.0,23.324756782071677,0.0,0.014084998056806568,0.0,0.00866460381075735,0.0,1656,
AP,Centropomus undecimalis_A,2024.0,89.03824727050953,0.0,0.05376705753050092,0.0,0.0432731360197067,0.0,1656,
AP,Centropomus undecimalis_A,,35.41733946282323,0.0,0.017109825827450836,0.0,0.01198152219876645,0.0,2070,1.0
AP,Centropomus undecimalis_A,,34.2241823814092,0.0,0.0165334214402943,0.0,0.01057959953323,0.0,2070,2.0
AP,Centropomus undecimalis_A,,32.48175250721209,0.0,0.015691667877880237,0.0,0.010284814517945,0.0,2070,3.0
AP,Centropomus undecimalis_A,,40.28444950578699,0.0,0.01946108671777149,0.0,0.0144516159780323,0.0,2070,4.0
AP,Centropomus undecimalis_A,,35.626450565661735,0.0,0.017210845683894558,0.0,0.011997476685792149,0.0,2070,5.0
AP,Centropomus undecimalis_A,,39.05229089721472,0.0,0.018865841013147207,0.0,0.01154949795454735,0.0,2070,6.0
AP,Centropomus undecimalis_A,,45.336920815418054,0.0,0.021901894113728528,0.0,0.01353029021993275,0.0,2070,7.0
AP,Centropomus undecimalis_A,,47.25628596730523,0.0,0.02282912365570301,0.0,0.0143194454722106,0.0,2070,8.0
AP,Centropomus undecimalis_A,,40.56942917354165,0.0,0.019598758054851038,0.0,0.01285756379365915,0.0,2070,9.0
AP,Centropomus undecimalis_A,,49.31779442444524,0.0,0.023825021461084655,0.0,0.0119618810713291,0.0,2070,10.0
AP,Centropomus undecimalis_A,,30.2247400443702,0.0,0.014601323692932464,0.0,0.008799809496849699,0.0,2070,11.0
AP,Centropomus undecimalis_A,,31.429483106443904,0.0,0.015183325172195122,0.0,0.0098393685184419,0.0,2070,12.0
AP,Centropomus undecimalis_SA,2010.0,0.8715227935417549,0.0,0.0005262818801580646,0.0,0.0,0.0,1656,
AP,Centropomus undecimalis_SA,2011.0,2.9017906324142437,0.0,0.0017522890292356545,0.0,0.0016312903026117999,0.0,1656,
AP,Centropomus undecimalis_SA,2012.0,9.361583433695989,0.0,0.0056531300928115875,0.0,0.0057369759306311,0.0,1656,
AP,Centropomus undecimalis_SA,2013.0,24.428530166041956,0.0,0.01475152787804466,0.0,0.014307259581983,0.0,1656,
AP,Centropomus undecimalis_SA,2014.0,10.117459473665722,0.0,0.0061095769768512815,0.0,0.00608372106216845,0.0,1656,
AP,Centropomus undecimalis_SA,2015.0,1.027501730095252,0.0,0.0006204720592362633,0.0,0.00046334622311405,0.0,1656,
AP,Centropomus undecimalis_SA,2016.0,1.3604996805742946,0.0,0.000821557778124574,0.0,0.000548368669115,0.0,1656,
AP,Centropomus undecimalis_SA,2017.0,4.877744956846673,0.0,0.0029454981623470247,0.0,0.0029843767406418,0.0,1656,
AP,Centropomus undecimalis_SA,2018.0,0.25504282940528267,0.0,0.00015401137041381804,0.0,0.0,0.0,1656,
AP,Centropomus undecimalis_SA,2019.0,5.7577815915227895,0.0,0.003476921250919559,0.0,0.00339894497301425,0.0,1656,
AP,Centropomus undecimalis_SA,2020.0,4.25091625918859,0.0,0.002566978417384414,0.0,0.002542883856222,0.0,1656,
AP,Centropomus undecimalis_SA,2021.0,13.878793416079056,0.0,0.008380913898598463,0.0,0.00826911069452755,0.0,1656,
AP,Centropomus undecimalis_SA,2022.0,15.092209414578893,0.0,0.00911365302812735,0.0,0.008333161938935501,0.0,1656,
AP,Centropomus undecimalis_SA,2023.0,0.43397886826872256,0.0,0.0002620645339786972,0.0,0.0,0.0,1656,
AP,Centropomus undecimalis_SA,2024.0,2.023134189386848,0.0,0.0012216993897263577,0.0,0.0010821328032761001,0.0,1656,
AP,Centropomus undecimalis_SA,,8.7565931043645,0.0,0.004230238214668841,0.0,0.00290373479947445,0.0,2070,1.0
AP,Centropomus undecimalis_SA,,8.456696498460508,0.0,0.004085360627275608,0.0,0.0028646847931667998,0.0,2070,2.0
AP,Centropomus undecimalis_SA,,8.468804073858314,0.0,0.004091209697516094,0.0,0.00268787122331555,0.0,2070,3.0
AP,Centropomus undecimalis_SA,,8.357922051514752,0.0,0.004037643503147223,0.0,0.0026049592997878,0.0,2070,4.0
AP,Centropomus undecimalis_SA,,8.076091706122188,0.0,0.003901493577836806,0.0,0.00254889868665485,0.0,2070,5.0
AP,Centropomus undecimalis_SA,,7.649395391890646,0.0,0.0036953600927007954,0.0,0.0024852608330547003,0.0,2070,6.0
AP,Centropomus undecimalis_SA,,8.069340208260577,0.0,0.0038982319846669455,0.0,0.00253499310929325,0.0,2070,7.0
AP,Centropomus undecimalis_SA,,8.20952202136258,0.0,0.003965952667324918,0.0,0.0024921651929616503,0.0,2070,8.0
AP,Centropomus undecimalis_SA,,7.7983694123711675,0.0,0.0037673282185367958,0.0,0.00227825564797965,0.0,2070,9.0
AP,Centropomus undecimalis_SA,,7.550527534940482,0.0,0.0036475978429664165,0.0,0.0023010231088846497,0.0,2070,10.0
AP,Centropomus undecimalis_SA,,7.484913062428326,0.0,0.0036159000301586117,0.0,0.0023673003306612,0.0,2070,11.0
AP,Centropomus undecimalis_SA,,7.760314369732022,0.0,0.0037489441399671604,0.0,0.00236051040701565,0.0,2070,12.0
AP,Cynoscion nebulosus_A,2010.0,284.7541289206747,167.00000627141154,0.1719529764013736,0.10084541441510358,0.04424937255680555,0.0,1656,
AP,Cynoscion nebulosus_A,2011.0,286.8848673339162,115.00000304974442,0.17323965418714746,0.06944444628607754,0.0350757539272308,0.0,1656,
AP,Cynoscion nebulosus_A,2012.0,238.8010041102134,148.00000455648745,0.14420350489747186,0.08937198342783059,0.02209128160029645,0.0,1656,
AP,Cynoscion nebulosus_A,2013.0,282.54240757930893,77.00000085872364,0.1706173958812252,0.04649758505961572,0.044213883578777244,0.0,1656,
AP,Cynoscion nebulosus_A,2014.0,194.93845171629795,99.00000245167513,0.11771645635042147,0.059782610176132324,0.0388498324900865,0.0,1656,
AP,Cynoscion nebulosus_A,2015.0,148.48304980918323,44.00000023239265,0.08966367742100437,0.02657004844951247,0.023669645190238897,0.0,1656,
AP,Cynoscion nebulosus_A,2016.0,145.08561212457602,41.00000109343364,0.08761208461628986,0.024758454766566206,0.0281190806999802,0.0,1656,
AP,Cynoscion nebulosus_A,2017.0,70.5897995701161,70.00000063363021,0.042626690561664314,0.04227053178359312,0.0075254463590681,0.0,1656,
AP,Cynoscion nebulosus_A,2018.0,123.08762069696235,101.00000332736538,0.07432827336773089,0.06099034017352982,0.01789887621998785,0.0,1656,
AP,Cynoscion nebulosus_A,2019.0,278.0454650847241,110.00000330559064,0.16790185089657253,0.06642512276907647,0.0484388973563909,0.0,1656,
AP,Cynoscion nebulosus_A,2020.0,210.09538414550474,82.0000036037869,0.12686919332458016,0.0495169103887602,0.029723577201366348,0.0,1656,
AP,Cynoscion nebulosus_A,2021.0,212.41690657602152,48.00000153516797,0.12827107885025454,0.02898550817341061,0.0244744615629315,0.0,1656,
AP,Cynoscion nebulosus_A,2022.0,169.28371823721676,61.00000123422821,0.10222446753455118,0.03683574953757742,0.01424776576459405,0.0,1656,
AP,Cynoscion nebulosus_A,2023.0,148.4712179694033,123.00000426518912,0.0896565325902194,0.07427536489443787,0.011838401202112402,0.0,1656,
AP,Cynoscion nebulosus_A,2024.0,236.20437413796026,124.00000191418295,0.14263549162920305,0.07487922820904767,0.02461136877536765,0.0,1656,
AP,Cynoscion nebulosus_A,,304.10979316870726,169.00000587105401,0.14691294355976195,0.08164251491355266,0.019461530260741648,0.0,2070,1.0
AP,Cynoscion nebulosus_A,,200.09231779559553,96.00000193122727,0.09666295545680943,0.046376812527162935,0.0255986014381051,0.0,2070,2.0
AP,Cynoscion nebulosus_A,,244.1768544414735,80.00000216088614,0.11795983306351376,0.03864734403907543,0.0182630373165011,0.0,2070,3.0
AP,Cynoscion nebulosus_A,,241.04642322054494,100.00000205767441,0.11644754744953861,0.04830917973800696,0.02893232926726335,0.0,2070,4.0
AP,Cynoscion nebulosus_A,,137.8141327867924,42.0000011133551,0.06657687574241179,0.020289855610316473,0.0203724261373281,0.0,2070,5.0
AP,Cynoscion nebulosus_A,,172.0632076286292,78.00000163184735,0.08312232252590782,0.03768116020862191,0.0278320740908384,0.0,2070,6.0
AP,Cynoscion nebulosus_A,,215.93160859073572,111.00000344002328,0.10431478675880952,0.05362319006764409,0.0289189806208014,0.0,2070,7.0
AP,Cynoscion nebulosus_A,,247.1966039762483,94.00000152936067,0.11941864926388807,0.045410628758145256,0.03216586261987685,0.0,2070,8.0
AP,Cynoscion nebulosus_A,,339.05737834466163,153.00000344279678,0.1637958349491119,0.07391304514144773,0.04532752744853495,0.0,2070,9.0
AP,Cynoscion nebulosus_A,,360.3300242534733,188.00000602359722,0.17407247548476973,0.09082125894859769,0.038343658670783,0.0,2070,10.0
AP,Cynoscion nebulosus_A,,272.90169896129555,103.00000230878999,0.1318365695465196,0.049758455221637674,0.025775126181542797,0.0,2070,11.0
AP,Cynoscion nebulosus_A,,294.96396484392244,196.00000682239755,0.1424946690067258,0.09468599363400848,0.02366033662110565,0.0,2070,12.0
AP,Cynoscion nebulosus_R,2010.0,179.31723121739924,155.00000029487563,0.10828335218441983,0.09359903399449011,0.027775448746979202,0.0,1656,
AP,Cynoscion nebulosus_R,2011.0,259.2003686647731,164.00000091677128,0.15652196175409006,0.09903381697872662,0.019173205830156748,0.0,1656,
AP,Cynoscion nebulosus_R,2012.0,238.7763785953575,98.00000068259621,0.14418863441748642,0.059178744373548434,0.02975695021450515,0.0,1656,
AP,Cynoscion nebulosus_R,2013.0,201.9308835594638,130.0000021860552,0.1219389393475023,0.07850241677901885,0.013506352901458699,0.0,1656,
AP,Cynoscion nebulosus_R,2014.0,233.42341434587792,181.00000502225998,0.14095616808325961,0.10929951994097825,0.0168407317250967,0.0,1656,
AP,Cynoscion nebulosus_R,2015.0,306.968585060793,226.00000394298218,0.18536750305603442,0.1364734323327187,0.0461187977343797,0.0,1656,
AP,Cynoscion nebulosus_R,2016.0,315.02253181102515,169.00000208693262,0.19023099747042582,0.10205314135684337,0.00896796677261585,0.0,1656,
AP,Cynoscion nebulosus_R,2017.0,300.32160180679057,95.00000194080059,0.18135362427946292,0.05736715093043514,0.0257917940616607,0.0,1656,
AP,Cynoscion nebulosus_R,2018.0,219.68459208949932,146.00000108136018,0.13265977783182326,0.08816425186072475,0.0237553538754582,0.0,1656,
AP,Cynoscion nebulosus_R,2019.0,171.5007267578148,200.00000388252727,0.10356324079578187,0.12077294920442468,0.013029674533754549,0.0,1656,
AP,Cynoscion nebulosus_R,2020.0,331.35356484627846,100.00000220141959,0.2000927323950957,0.060386474759311345,0.027333100326359203,0.0,1656,
AP,Cynoscion nebulosus_R,2021.0,224.51050346981538,170.99999946307548,0.13557397552525083,0.10326086924098761,0.0049869825597852,0.0,1656,
AP,Cynoscion nebulosus_R,2022.0,249.8464782524079,305.000002835445,0.15087347720556032,0.1841787456735779,0.0227949181571602,0.0,1656,
AP,Cynoscion nebulosus_R,2023.0,395.805868238589,211.00000462570716,0.23901320545808516,0.1274154617304995,0.0259376130998134,0.0,1656,
AP,Cynoscion nebulosus_R,2024.0,428.8755368341226,119.00000294876791,0.25898281209790014,0.07185990516229947,0.04721437208354465,0.0,1656,
AP,Cynoscion nebulosus_R,,32.53187643528227,3.000000011427926,0.015715882335885153,0.001449275367839578,0.012202237732708399,0.0,2070,1.0
AP,Cynoscion nebulosus_R,,25.482735706513186,2.000000059502263,0.012310500341310718,0.0009661836036242817,0.00847326312214135,0.0,2070,2.0
AP,Cynoscion nebulosus_R,,24.617008089598954,0.0,0.011892274439419785,0.0,0.00924713397398585,0.0,2070,3.0
AP,Cynoscion nebulosus_R,,39.726783951180465,1.0000000038093086,0.019191683068203125,0.00048309178927985924,0.015128637664020051,0.0,2070,4.0
AP,Cynoscion nebulosus_R,,73.11516214299982,43.00000098449405,0.035321334368598946,0.02077294733550437,0.01914268825203175,0.0,2070,5.0
AP,Cynoscion nebulosus_R,,426.94551682972815,237.00000135681,0.20625387286460298,0.11449275427865217,0.04747976362705225,0.0,2070,6.0
AP,Cynoscion nebulosus_R,,602.473901126079,402.00000781945795,0.2910501937807145,0.19420290232824056,0.09303548187017435,0.0,2070,7.0
AP,Cynoscion nebulosus_R,,1220.543021741585,724.0000064486978,0.5896343100200894,0.34975845722159316,0.2387243658304214,0.0,2070,8.0
AP,Cynoscion nebulosus_R,,974.554373386869,704.0000114669741,0.47079921419655507,0.34009662389708895,0.20530215650796885,0.0,2070,9.0
AP,Cynoscion nebulosus_R,,432.4628912911103,282.0000059159427,0.20891927115512574,0.13623188691591437,0.0936016142368316,0.0,2070,10.0
AP,Cynoscion nebulosus_R,,162.02970806176012,66.99999992164632,0.07827522128587446,0.03236714972060209,0.03220499679446215,0.0,2070,11.0
AP,Cynoscion nebulosus_R,,42.05528678730107,5.000000122813835,0.020316563665362837,0.0024154589965284224,0.014913122169673401,0.0,2070,12.0
AP,Lutjanus griseus_R,2010.0,9.497354093224184,41.99999832609286,0.005735117206053251,0.02536231782976622,0.0,0.0,1656,
AP,Lutjanus griseus_R,2011.0,79.39158915334792,34.9999996110222,0.04794178088970285,0.021135265465593113,0.0,0.0,1656,
AP,Lutjanus griseus_R,2012.0,87.3973107376368,43.000000590281154,0.052776153827075366,0.025966183931329198,0.01129064150154585,0.0,1656,
AP,Lutjanus griseus_R,2013.0,94.22052585757041,19.000000287530064,0.05689645281254252,0.011473430125320087,0.00570918596349655,0.0,1656,
AP,Lutjanus griseus_R,2014.0,45.675689829820435,60.999999517504754,0.027581938303031663,0.03683574850090867,8.105442611849867e-05,0.0,1656,
AP,Lutjanus griseus_R,2015.0,129.670599428201,17.999998990559998,0.07830350207016969,0.010869564607826086,0.0047946502454578495,0.0,1656,
AP,Lutjanus griseus_R,2016.0,74.77283877972505,32.999999999680625,0.04515268042253928,0.0199275362316912,0.00674127950333055,0.0,1656,
AP,Lutjanus griseus_R,2017.0,52.48005689753016,16.000000266995805,0.03169085561445058,0.009661835910021621,0.00442077079787845,0.0,1656,
AP,Lutjanus griseus_R,2018.0,34.02034816026563,7.000000082358115,0.02054368850257586,0.004227053189829779,0.0052018221467733,0.0,1656,
AP,Lutjanus griseus_R,2019.0,26.210410739407454,38.999998127664604,0.015827542717033488,0.023550723507043844,0.00115538027603175,0.0,1656,
AP,Lutjanus griseus_R,2020.0,55.574738818795524,23.999999200416177,0.033559624890577004,0.014492753140347934,0.0028147507691755,0.0,1656,
AP,Lutjanus griseus_R,2021.0,51.65766250994048,42.000000446670946,0.031194240646099325,0.02536231911030854,0.00907778646796935,0.0,1656,
AP,Lutjanus griseus_R,2022.0,71.66484109903098,12.000000101404659,0.04327587022888344,0.0072463768728289,0.00555972056463355,0.0,1656,
AP,Lutjanus griseus_R,2023.0,53.6356090960616,34.0000001057695,0.03238865283578599,0.020531401030054047,0.004613795550539999,0.0,1656,
AP,Lutjanus griseus_R,2024.0,74.28057411871845,30.999998710329173,0.04485541915381549,0.018719805984498294,0.0049019760917872,0.0,1656,
AP,Lutjanus griseus_R,,8.585431800172875,0.0,0.004147551594286413,0.0,0.0035706353373825,0.0,2070,1.0
AP,Lutjanus griseus_R,,8.585751155934277,0.0,0.004147705872432018,0.0,0.00402989750728005,0.0,2070,2.0
AP,Lutjanus griseus_R,,7.780417307988415,0.0,0.0037586557043422296,0.0,0.0033774931216612,0.0,2070,3.0
AP,Lutjanus griseus_R,,9.391215275121713,0.0,0.00453681897348875,0.0,0.0043991706334054,0.0,2070,4.0
AP,Lutjanus griseus_R,,9.217926484798603,0.0,0.00445310458202831,0.0,0.00415770616382355,0.0,2070,5.0
AP,Lutjanus griseus_R,,13.030132954421706,0.0,0.0062947502195273945,0.0,0.00459532858803865,0.0,2070,6.0
AP,Lutjanus griseus_R,,70.33520940467557,29.999999915834792,0.033978362031244234,0.014492753582528885,0.0062976889312266505,0.0,2070,7.0
AP,Lutjanus griseus_R,,292.1293172056219,140.99999820202544,0.1411252740123777,0.06811594116039876,0.01341149164363735,0.0,2070,8.0
AP,Lutjanus griseus_R,,371.258819088569,207.99999480321094,0.1793520865162169,0.1004830892769135,0.027004604227840852,0.0,2070,9.0
AP,Lutjanus griseus_R,,108.44365123304571,64.00000134180482,0.0523882373106501,0.030917875044350153,0.008972513955086449,0.0,2070,10.0
AP,Lutjanus griseus_R,,30.401624220502896,12.00000009759535,0.014686774985750191,0.005797101496422875,0.00558409164659675,0.0,2070,11.0
AP,Lutjanus griseus_R,,10.990653188423494,1.0000000038093086,0.005309494293924393,0.00048309178927985924,0.00434098928235465,0.0,2070,12.0
AP,Lutjanus griseus_SA,2010.0,9.368098776725859,0.0,0.00565706447869919,0.0,0.0012383822468109,0.0,1656,
AP,Lutjanus griseus_SA,2011.0,1.4611528346504095,0.0,0.0008823386682671555,0.0,0.0,0.0,1656,
AP,Lutjanus griseus_SA,2012.0,8.884540564550594,0.0,0.0053650607273856244,0.0,0.00393324159085745,0.0,1656,
AP,Lutjanus griseus_SA,2013.0,8.455519927339925,0.0,0.005105990294287394,0.0,0.0040857791900634505,0.0,1656,
AP,Lutjanus griseus_SA,2014.0,5.271211174049704,0.0,0.003183098535054169,0.0,0.0027162823826074,0.0,1656,
AP,Lutjanus griseus_SA,2015.0,7.623781877520663,0.0,0.004603733017826487,0.0,0.004024171037599399,0.0,1656,
AP,Lutjanus griseus_SA,2016.0,14.4306745703797,0.0,0.008714175465205132,0.0,0.0086993719451129,0.0,1656,
AP,Lutjanus griseus_SA,2017.0,10.775314010806973,0.0,0.006506832132129815,0.0,0.00430255010724065,0.0,1656,
AP,Lutjanus griseus_SA,2018.0,11.10092712397446,0.0,0.006703458408197137,0.0,0.006471259519457749,0.0,1656,
AP,Lutjanus griseus_SA,2019.0,8.086015730438627,0.0,0.004882859740603035,0.0,0.004032582975923999,0.0,1656,
AP,Lutjanus griseus_SA,2020.0,0.24950624777602395,0.0,0.00015066802401933813,0.0,0.0,0.0,1656,
AP,Lutjanus griseus_SA,2021.0,17.59325708402313,0.0,0.01062394751450672,0.0,0.0101419384591281,0.0,1656,
AP,Lutjanus griseus_SA,2022.0,8.28682637161721,0.0,0.005004122205082856,0.0,0.00424848031252615,0.0,1656,
AP,Lutjanus griseus_SA,2023.0,19.668728198157545,0.0,0.011877251327389822,0.0,0.01129281008616085,0.0,1656,
AP,Lutjanus griseus_SA,2024.0,1.4793233226555256,0.0,0.0008933111851784575,0.0,0.0,0.0,1656,
AP,Lutjanus griseus_SA,,10.874856146595372,0.0,0.0052535536940074255,0.0,0.004792389459908,0.0,2070,1.0
AP,Lutjanus griseus_SA,,9.469426996138889,0.0,0.004574602413593666,0.0,0.00377852446399625,0.0,2070,2.0
AP,Lutjanus griseus_SA,,8.729447778307001,0.0,0.004217124530583092,0.0,0.0034860364394262,0.0,2070,3.0
AP,Lutjanus griseus_SA,,9.521620597333749,0.0,0.004599816713687801,0.0,0.0038508090656250004,0.0,2070,4.0
AP,Lutjanus griseus_SA,,10.28972011283069,0.0,0.004970879281560719,0.0,0.0036892585922032,0.0,2070,5.0
AP,Lutjanus griseus_SA,,10.652807324529853,0.0,0.005146283731656934,0.0,0.00419887434691185,0.0,2070,6.0
AP,Lutjanus griseus_SA,,12.573092683117846,0.0,0.0060739578179313265,0.0,0.00492183770984405,0.0,2070,7.0
AP,Lutjanus griseus_SA,,16.041375392064687,0.0,0.007749456711142361,0.0,0.0057983722072094,0.0,2070,8.0
AP,Lutjanus griseus_SA,,14.320543182291583,0.0,0.006918136803039412,0.0,0.00584203563630575,0.0,2070,9.0
AP,Lutjanus griseus_SA,,11.739831539262395,0.0,0.00567141620254222,0.0,0.0045028897002339,0.0,2070,10.0
AP,Lutjanus griseus_SA,,9.408031139107985,0.0,0.00454494257927922,0.0,0.00360861641820515,0.0,2070,11.0
AP,Lutjanus griseus_SA,,9.114124923086294,0.0,0.004402958900041688,0.0,0.0029718411387875,0.0,2070,12.0
AP,Mycteroperca microlepis_SA,2010.0,16.105892444029372,0.0,0.009725780461370393,0.0,0.0098652844317257,0.0,1656,
AP,Mycteroperca microlepis_SA,2011.0,6.759187815363395,0.0,0.004081635154204949,0.0,0.0037226496497168504,0.0,1656,
AP,Mycteroperca microlepis_SA,2012.0,1.1339382713531356,0.0,0.0006847453329427148,0.0,0.0,0.0,1656,
AP,Mycteroperca microlepis_SA,2013.0,0.18172740669978804,0.0,0.00010973877216170775,0.0,0.0,0.0,1656,
AP,Mycteroperca microlepis_SA,2014.0,10.869276036915753,0.0,0.006563572486060237,0.0,0.00656417477875945,0.0,1656,
AP,Mycteroperca microlepis_SA,2015.0,0.6900563918239746,0.0,0.0004167007197004678,0.0,0.0,0.0,1656,
AP,Mycteroperca microlepis_SA,2016.0,3.1979757051212028,0.0,0.0019311447494693254,0.0,0.0019989482825621503,0.0,1656,
AP,Mycteroperca microlepis_SA,2017.0,2.646715781614975,0.0,0.001598258322231265,0.0,0.0016272697830572499,0.0,1656,
AP,Mycteroperca microlepis_SA,2018.0,2.6292258815591683,0.0,0.0015876967883811403,0.0,0.00161179271526625,0.0,1656,
AP,Mycteroperca microlepis_SA,2019.0,0.003182805223346173,0.0,1.9219838305230513e-06,0.0,0.0,0.0,1656,
AP,Mycteroperca microlepis_SA,2020.0,0.03369985899189361,0.0,2.035015639607102e-05,0.0,0.0,0.0,1656,
AP,Mycteroperca microlepis_SA,2021.0,2.4511113576590198,0.0,0.001480139708731292,0.0,0.00147112668491895,0.0,1656,
AP,Mycteroperca microlepis_SA,2022.0,5.567400799525703,0.0,0.0033619570045445063,0.0,0.00343359448015685,0.0,1656,
AP,Mycteroperca microlepis_SA,2023.0,0.0,0.0,0.0,0.0,0.0,0.0,1656,
AP,Mycteroperca microlepis_SA,2024.0,1.1696670500095108,0.0,0.000706320682372893,0.0,0.00069315062137315,0.0,1656,
AP,Mycteroperca microlepis_SA,,4.666016756856088,0.0,0.002254114375292796,0.0,0.0013848307426086999,0.0,2070,1.0
AP,Mycteroperca microlepis_SA,,4.669881995723636,0.0,0.002255981640446201,0.0,0.0012774429051205,0.0,2070,2.0
AP,Mycteroperca microlepis_SA,,4.448984120143842,0.0,0.0021492676908907446,0.0,0.0009024068131111001,0.0,2070,3.0
AP,Mycteroperca microlepis_SA,,4.300552310742144,0.0,0.0020775615027739825,0.0,0.0010943543165921501,0.0,2070,4.0
AP,Mycteroperca microlepis_SA,,4.159002184573123,0.0,0.0020091797993106873,0.0,0.0007988707802723499,0.0,2070,5.0
AP,Mycteroperca microlepis_SA,,3.7497509646906906,0.0,0.001811473895985841,0.0,0.00074683298589655,0.0,2070,6.0
AP,Mycteroperca microlepis_SA,,3.697046315710335,0.0,0.0017860127129035435,0.0,0.00079098597052505,0.0,2070,7.0
AP,Mycteroperca microlepis_SA,,5.516688516960063,0.0,0.0026650669164058273,0.0,0.0010995213524438,0.0,2070,8.0
AP,Mycteroperca microlepis_SA,,4.903109146024621,0.0,0.002368651761364551,0.0,0.0013633393100462,0.0,2070,9.0
AP,Mycteroperca microlepis_SA,,4.8507869448730565,0.0,0.002343375335687467,0.0,0.0011089661275036,0.0,2070,10.0
AP,Mycteroperca microlepis_SA,,4.359053696134588,0.0,0.002105823041610912,0.0,0.0009237997001036501,0.0,2070,11.0
AP,Mycteroperca microlepis_SA,,4.118184653458053,0.0,0.0019894611852454363,0.0,0.0008731457346584,0.0,2070,12.0
AP,Sciaenops ocellatus_R,2010.0,12.6508229886335,0.0,0.007639385862701389,0.0,0.0,0.0,1656,
AP,Sciaenops ocellatus_R,2011.0,16.25906401762761,0.0,0.009818275372963533,0.0,0.00699295848608015,0.0,1656,
AP,Sciaenops ocellatus_R,2012.0,0.5259294929928693,0.0,0.00031759027354641867,0.0,0.0,0.0,1656,
AP,Sciaenops ocellatus_R,2013.0,9.769699190336086,0.0,0.005899576805758506,0.0,0.0062275596428662,0.0,1656,
AP,Sciaenops ocellatus_R,2014.0,22.60866554640225,0.0,0.013652575813044836,0.0,0.01221690652891985,0.0,1656,
AP,Sciaenops ocellatus_R,2015.0,9.358300118299585,0.0,0.005651147414432117,0.0,0.005663538118824351,0.0,1656,
AP,Sciaenops ocellatus_R,2016.0,10.4940080791711,0.0,0.00633696140046564,0.0,0.006071655079722351,0.0,1656,
AP,Sciaenops ocellatus_R,2017.0,3.105361898509437,0.0,0.0018752185377472444,0.0,0.001563225465361,0.0,1656,
AP,Sciaenops ocellatus_R,2018.0,0.35903769014565823,0.0,0.00021681019936332018,0.0,0.0,0.0,1656,
AP,Sciaenops ocellatus_R,2019.0,1.6083315083933147,0.0,0.0009712146789814702,0.0,0.0,0.0,1656,
AP,Sciaenops ocellatus_R,2020.0,18.031158057259667,0.0,0.010888380469359702,0.0,0.0100286537781357,0.0,1656,
AP,Sciaenops ocellatus_R,2021.0,13.874741955776615,0.0,0.008378467364599405,0.0,0.0047894604504107995,0.0,1656,
AP,Sciaenops ocellatus_R,2022.0,7.013310970156372,0.0,0.004235091165553364,0.0,0.0037389834178611003,0.0,1656,
AP,Sciaenops ocellatus_R,2023.0,7.6540725952362765,0.0,0.004622024514031568,0.0,0.0039786079432815,0.0,1656,
AP,Sciaenops ocellatus_R,2024.0,21.833702196367007,0.0,0.013184602775583941,0.0,0.012792915571480951,0.0,1656,
AP,Sciaenops ocellatus_R,,16.847390971106424,0.0,0.00813883621792581,0.0,0.00510280951857565,0.0,2070,1.0
AP,Sciaenops ocellatus_R,,13.028106821808622,0.0,0.00629377141150175,0.0,0.00481346924789245,0.0,2070,2.0
AP,Sciaenops ocellatus_R,,11.66877794773601,0.0,0.005637090796007734,0.0,0.0043276397045701,0.0,2070,3.0
AP,Sciaenops ocellatus_R,,12.37517216152984,0.0,0.005978344039386396,0.0,0.00444047013297675,0.0,2070,4.0
AP,Sciaenops ocellatus_R,,10.975448956376944,0.0,0.0053021492542883785,0.0,0.00422399863600725,0.0,2070,5.0
AP,Sciaenops ocellatus_R,,10.394537901814981,0.0,0.005021515894596609,0.0,0.0037422421155497,0.0,2070,6.0
AP,Sciaenops ocellatus_R,,11.393758783892093,0.0,0.005504231296566228,0.0,0.004161886638030399,0.0,2070,7.0
AP,Sciaenops ocellatus_R,,13.162883240654006,0.0,0.006358880792586476,0.0,0.004174154484644499,0.0,2070,8.0
AP,Sciaenops ocellatus_R,,11.54470252019648,0.0,0.005577150975940329,0.0,0.0039325570687651495,0.0,2070,9.0
AP,Sciaenops ocellatus_R,,13.408117977817632,0.0,0.006477351680105136,0.0,0.00451170234009615,0.0,2070,10.0
AP,Sciaenops ocellatus_R,,14.615292580759762,0.0,0.007060527816792156,0.0,0.00452824262902135,0.0,2070,11.0
AP,Sciaenops ocellatus_R,,15.732016441614553,0.0,0.007600007942808963,0.0,0.00493965740315615,0.0,2070,12.0
AP,Sciaenops ocellatus_SA,2010.0,608.7597976723919,263.000004798223,0.3676085734736666,0.1588164280182506,0.2163993641734123,0.0,1656,
AP,Sciaenops ocellatus_SA,2011.0,454.5841398764169,233.00000436738594,0.2745073308432469,0.1407004857290978,0.08905092626810071,0.0,1656,
AP,Sciaenops ocellatus_SA,2012.0,545.947224974967,327.00000365733723,0.329678275951067,0.197463770324479,0.14594846218824387,0.0,1656,
AP,Sciaenops ocellatus_SA,2013.0,565.6414633243112,337.0000060297855,0.34157093195912513,0.203502419100112,0.1713951528072357,0.0,1656,
AP,Sciaenops ocellatus_SA,2014.0,527.6889885840937,293.00000559318187,0.3186527708841146,0.17693237052728375,0.1925649344921112,0.0,1656,
AP,Sciaenops ocellatus_SA,2015.0,571.8101871280232,216.00000327725223,0.3452960067198208,0.1304347845877127,0.2129733934998512,0.0,1656,
AP,Sciaenops ocellatus_SA,2016.0,556.8681162068387,254.0000031220585,0.3362730170331152,0.1533816443973783,0.17344187200069425,0.0,1656,
AP,Sciaenops ocellatus_SA,2017.0,540.887766240834,200.00000426570404,0.32662304724688046,0.12077294943581161,0.19242258369922635,0.0,1656,
AP,Sciaenops ocellatus_SA,2018.0,401.1837335592136,302.00000566427184,0.2422607086710227,0.18236715317890811,0.12039765343070025,0.0,1656,
AP,Sciaenops ocellatus_SA,2019.0,474.431979737099,379.00000803891203,0.2864927413871371,0.22886473915393238,0.1715331822633743,0.0,1656,
AP,Sciaenops ocellatus_SA,2020.0,552.4217173683573,227.00000376888846,0.3335879935799259,0.13707729696188917,0.19796225428581235,0.0,1656,
AP,Sciaenops ocellatus_SA,2021.0,464.2731346201617,278.0000054146386,0.2803581730798078,0.167874399404975,0.14513077586889267,0.0,1656,
AP,Sciaenops ocellatus_SA,2022.0,441.39460800838424,293.0000052843236,0.2665426376862224,0.17693237034077514,0.11288884282112119,0.0,1656,
AP,Sciaenops ocellatus_SA,2023.0,455.3280091835186,397.0000074555684,0.27495652728473347,0.23973430401906304,0.12508385255932805,0.0,1656,
AP,Sciaenops ocellatus_SA,2024.0,561.5620759557933,355.0000056624073,0.33910753378973024,0.21437198409565658,0.1430941522121429,0.0,1656,
AP,Sciaenops ocellatus_SA,,469.0441648478736,256.0000053625704,0.22659138398448,0.12367150017515478,0.06308391317725175,0.0,2070,1.0
AP,Sciaenops ocellatus_SA,,597.609640044102,331.0000063612083,0.28870030920004924,0.15990338471555957,0.1303932592272758,0.0,2070,2.0
AP,Sciaenops ocellatus_SA,,727.1665416951291,453.0000091458771,0.3512881843937822,0.21884058412844304,0.16991338878870005,0.0,2070,3.0
AP,Sciaenops ocellatus_SA,,707.7170426827506,397.00000737273706,0.34189229115108727,0.1917874431752353,0.2112873643636703,0.0,2070,4.0
AP,Sciaenops ocellatus_SA,,633.8926076101197,455.00000799610655,0.3062283128551303,0.21980676714787756,0.16174151003360746,0.0,2070,5.0
AP,Sciaenops ocellatus_SA,,571.0595272594655,352.000006363917,0.2758741677581959,0.1700483122531,0.1304497569799423,0.0,2070,6.0
AP,Sciaenops ocellatus_SA,,577.5840990858851,220.00000241642368,0.2790261348240991,0.10628019440406941,0.15549303591251368,0.0,2070,7.0
AP,Sciaenops ocellatus_SA,,494.53897726756986,287.00000320102924,0.23890771848674872,0.13864734454156002,0.16733270883560175,0.0,2070,8.0
AP,Sciaenops ocellatus_SA,,635.6316339503101,348.0000045785645,0.3070684221982174,0.16811594424085244,0.19570899009704584,0.0,2070,9.0
AP,Sciaenops ocellatus_SA,,863.5434945910092,436.00000852446243,0.4171707703338209,0.21062802344176929,0.21544891595840449,0.0,2070,10.0
AP,Sciaenops ocellatus_SA,,795.5571090996673,445.0000076653687,0.3843271058452499,0.21497584911370468,0.21242853999137873,0.0,2070,11.0
AP,Sciaenops ocellatus_SA,,649.4381043065223,374.0000074116738,0.313738214640832,0.18067633208293418,0.1750150993466377,0.0,2070,12.0
CH,Archosargus probatocephalus_A,2010.0,566.1312005562213,397.0000075910047,0.26504269688961674,0.18586142677481493,0.08996436744928354,0.0,2136,
CH,Archosargus probatocephalus_A,2011.0,631.1178135189693,232.00000494088417,0.29546714116056616,0.10861423452288585,0.1005652286112308,0.0,2136,
CH,Archosargus probatocephalus_A,2012.0,561.8167386366986,221.0000030866402,0.26155341649753194,0.10288640739601498,0.13086797297000885,0.0,2148,
CH,Archosargus probatocephalus_A,2013.0,629.2845192860113,366.0000008614645,0.29296299780540563,0.1703910618535682,0.1345185339450836,0.0,2148,
CH,Archosargus probatocephalus_A,2014.0,451.09536267101066,271.00000594508936,0.2100071520814761,0.12616387613830976,0.0914433784782886,0.0,2148,
CH,Archosargus probatocephalus_A,2015.0,584.267621963576,342.0000075363594,0.27200541059756794,0.1592178806035193,0.1139660291373729,0.0,2148,
CH,Archosargus probatocephalus_A,2016.0,633.501834521594,486.0000114884903,0.28691206273622916,0.22010870085529452,0.1030257642269134,0.0,2208,
CH,Archosargus probatocephalus_A,2017.0,665.5004415590993,454.00001086244066,0.3014041854887225,0.20561594694856913,0.1124099493026733,0.0,2208,
CH,Archosargus probatocephalus_A,2018.0,606.331863058891,487.00001535174465,0.2746068220375412,0.22056160115568146,0.07772210240364069,0.0,2208,
CH,Archosargus probatocephalus_A,2019.0,542.5715716452687,305.0000078050052,0.2457298784625311,0.13813406150589005,0.1175019331276416,0.0,2208,
CH,Archosargus probatocephalus_A,2020.0,508.28840023482917,281.00000680848655,0.2302030798164987,0.1272644958371769,0.0852607041597366,0.0,2208,
CH,Archosargus probatocephalus_A,2021.0,516.4215468900511,280.00000423924945,0.23388657014947967,0.12681159612284848,0.0768723674118518,0.0,2208,
CH,Archosargus probatocephalus_A,2022.0,439.19890820013825,309.00000875328806,0.1989125490036858,0.1399456561382645,0.06018170341849325,0.0,2208,
CH,Archosargus probatocephalus_A,2023.0,587.1123464094708,285.0000067412635,0.26590233080139075,0.12907609000963022,0.1021502129733562,0.0,2208,
CH,Archosargus probatocephalus_A,2024.0,523.207190773508,434.00000925728926,0.23695977843003083,0.19655797520710563,0.07861305773258205,0.0,2208,
CH,Archosargus probatocephalus_A,,599.3329799187886,415.0000110670634,0.21969684014618351,0.1521261037635863,0.06925942748785016,0.0,2728,1.0
CH,Archosargus probatocephalus_A,,947.2028680362273,569.0000121214616,0.3472151275792622,0.2085777170533217,0.071192666888237,0.0,2728,2.0
CH,Archosargus probatocephalus_A,,668.2772234592849,342.00000889002035,0.24496965669328624,0.12536657217376113,0.09292197227478025,0.0,2728,3.0
CH,Archosargus probatocephalus_A,,597.4348071072745,363.0000089669276,0.2190010289982678,0.13306451941602918,0.0757884010672569,0.0,2728,4.0
CH,Archosargus probatocephalus_A,,638.4092837523203,404.0000111380185,0.23402099844293267,0.1480938457250801,0.10150498151779169,0.0,2728,5.0
CH,Archosargus probatocephalus_A,,532.4177313016262,314.00000642772966,0.19516779006657853,0.11510264165239358,0.09582668170332904,0.0,2728,6.0
CH,Archosargus probatocephalus_A,,622.4796414973825,280.00000777031795,0.2281816867659027,0.1026392990360403,0.09443825855851165,0.0,2728,7.0
CH,Archosargus probatocephalus_A,,606.5271886263799,358.0000069377961,0.22233401342609235,0.13123167409743258,0.10435673967003815,0.0,2728,8.0
CH,Archosargus probatocephalus_A,,680.5149228245136,478.0000050408946,0.24945561687115603,0.1752199431968089,0.1110577434301376,0.0,2728,9.0
CH,Archosargus probatocephalus_A,,900.4788240883499,550.0000081287197,0.3300875454869318,0.20161290620554242,0.13314518332481384,0.0,2728,10.0
CH,Archosargus probatocephalus_A,,835.9839886900154,537.0000119119318,0.30644574365469773,0.1968475116979222,0.1411101296544075,0.0,2728,11.0
CH,Archosargus probatocephalus_A,,816.7879006231742,540.0000128678187,0.2994090544806357,0.19794721879318866,0.09860767051577565,0.0,2728,12.0
CH,Archosargus probatocephalus_R,2010.0,127.8480514094644,7.000000078548807,0.059853956652370977,0.0032771535948262205,0.0081622726283967,0.0,2136,
CH,Archosargus probatocephalus_R,2011.0,137.9487205226323,41.00000095978846,0.06458273432707505,0.01919475700364628,0.008143515791743949,0.0,2136,
CH,Archosargus probatocephalus_R,2012.0,27.357842992133516,44.0000011491266,0.012736425973991395,0.02048417185713529,0.0,0.0,2148,
CH,Archosargus probatocephalus_R,2013.0,44.61102209182718,78.00000289841304,0.02076863225876498,0.03631285051136548,0.0,0.0,2148,
CH,Archosargus probatocephalus_R,2014.0,98.64671877550956,150.00000376655134,0.04592491563105659,0.0698324039881524,0.00128866155864665,0.0,2148,
CH,Archosargus probatocephalus_R,2015.0,167.1185025790357,11.000000093786042,0.07780190995299613,0.005121042874202068,0.00013766221672990002,0.0,2148,
CH,Archosargus probatocephalus_R,2016.0,143.90326015662856,123.000002741598,0.06517357796948757,0.055706522980796196,0.00419979402795425,0.0,2208,
CH,Archosargus probatocephalus_R,2017.0,151.7172048357369,66.0000016100411,0.06871250219009824,0.029891305077011366,0.00458761537447565,0.0,2208,
CH,Archosargus probatocephalus_R,2018.0,88.29159325719223,44.00000088719589,0.03998713462735155,0.01992753663369379,0.0011114862281829002,0.0,2208,
CH,Archosargus probatocephalus_R,2019.0,118.27881531062022,4.00000006712088,0.05356830403560698,0.0018115942332975002,0.00227871024981135,0.0,2208,
CH,Archosargus probatocephalus_R,2020.0,82.47176192942962,84.00000281567317,0.03735134145354602,0.03804347953608386,0.0028238277882336998,0.0,2208,
CH,Archosargus probatocephalus_R,2021.0,82.43797123206595,81.00000171064207,0.03733603769568204,0.03668478338344296,0.00285975332371885,0.0,2208,
CH,Archosargus probatocephalus_R,2022.0,85.61663975164983,40.000001057662146,0.03877565206143561,0.01811594250799916,0.0017588743357919,0.0,2208,
CH,Archosargus probatocephalus_R,2023.0,160.2146164906589,67.00000050931246,0.07256096761352306,0.0303442031292176,0.00367979274597015,0.0,2208,
CH,Archosargus probatocephalus_R,2024.0,98.05593719333399,86.00000264850686,0.04440939184480706,0.03894927656182376,0.00691787223331625,0.0,2208,
CH,Archosargus probatocephalus_R,,9.724051102081507,1.0000000038093086,0.0035645348614668283,0.00036656891635238585,0.0017026696586981,0.0,2728,1.0
CH,Archosargus probatocephalus_R,,11.670000949446052,3.0000000152372346,0.004277859585574066,0.0010997067504535318,0.0022120154462753998,0.0,2728,2.0
CH,Archosargus probatocephalus_R,,34.77487532098747,21.000000187572084,0.012747388314144967,0.007697947282834342,0.00303175603039555,0.0,2728,3.0
CH,Archosargus probatocephalus_R,,147.77528824377794,89.00000201345041,0.054169827068833554,0.03262463416915338,0.005307052982971,0.0,2728,4.0
CH,Archosargus probatocephalus_R,,541.6099107721343,314.00001064135165,0.1985373573211636,0.11510264319697641,0.0614293217658996,0.0,2728,5.0
CH,Archosargus probatocephalus_R,,492.3839505553192,317.0000061715655,0.1804926504968179,0.11620234830335978,0.04116895794868465,0.0,2728,6.0
CH,Archosargus probatocephalus_R,,285.65886560513616,149.00000316989247,0.10471366041243994,0.05461876949042979,0.0089049437083303,0.0,2728,7.0
CH,Archosargus probatocephalus_R,,52.7706555154108,26.000000716348755,0.019344081933801615,0.00953079205144749,0.0037566055543720002,0.0,2728,8.0
CH,Archosargus probatocephalus_R,,15.13723966088845,6.000000074739498,0.005548841517920986,0.002199413517133247,0.00290194712579245,0.0,2728,9.0
CH,Archosargus probatocephalus_R,,7.656360182549085,0.0,0.0028065836446294298,0.0,0.0019226927543058501,0.0,2728,10.0
CH,Archosargus probatocephalus_R,,7.834579621615278,0.0,0.0028719133510319936,0.0,0.00194036186439915,0.0,2728,11.0
CH,Archosargus probatocephalus_R,,7.5228809985726635,0.0,0.0027576543249899794,0.0,0.0017463694675824998,0.0,2728,12.0
CH,Callinectes sapidus_R,2010.0,402.60609584581107,192.0000021066383,0.18848599992781417,0.08988764143569208,0.14671398699283594,0.0,2136,
CH,Callinectes sapidus_R,2011.0,247.7718066455272,326.0000012871852,0.11599803681906704,0.15262172344905675,0.048606704920530305,0.0,2136,
CH,Callinectes sapidus_R,2012.0,567.2941946646897,161.00000363570337,0.2641034425813267,0.07495344675777624,0.1276363134384155,0.0,2148,
CH,Callinectes sapidus_R,2013.0,409.0257203640067,290.0000010441358,0.19042165752514278,0.13500931147306136,0.07124956324696535,0.0,2148,
CH,Callinectes sapidus_R,2014.0,275.68053444714315,224.00000114733803,0.1283428931318171,0.10428305453786686,0.0400327388197183,0.0,2148,
CH,Callinectes sapidus_R,2015.0,339.10616090258554,201.00000324294228,0.15787065218928564,0.09357542050416308,0.04337697289884085,0.0,2148,
CH,Callinectes sapidus_R,2016.0,380.8616858388377,335.0000046544883,0.17249170554295185,0.15172101660076462,0.06569590419530866,0.0,2208,
CH,Callinectes sapidus_R,2017.0,424.0150272243336,542.0000047287022,0.1920357913153685,0.24547101663437598,0.08812326565384859,0.0,2208,
CH,Callinectes sapidus_R,2018.0,614.4568054262854,635.0000031387447,0.27828659666045535,0.28759058113167785,0.09977501258254046,0.0,2208,
CH,Callinectes sapidus_R,2019.0,767.310291910544,414.00000377400573,0.34751371916238405,0.18750000170924172,0.1744408383965492,0.0,2208,
CH,Callinectes sapidus_R,2020.0,906.3623458705842,264.00000479437733,0.4104901928761704,0.1195652195626709,0.23307575285434715,0.0,2208,
CH,Callinectes sapidus_R,2021.0,580.8678743806668,149.00000231953297,0.26307421846950485,0.06748188510848413,0.11236899718642235,0.0,2208,
CH,Callinectes sapidus_R,2022.0,240.41066402307467,99.00000149159479,0.10888164131479831,0.044836957197280244,0.037120621651411,0.0,2208,
CH,Callinectes sapidus_R,2023.0,307.7083388790487,91.00000126906752,0.13936066072420683,0.04121376869070087,0.07008889317512505,0.0,2208,
CH,Callinectes sapidus_R,2024.0,200.6290705098071,157.00000096803103,0.09086461526712278,0.07110507290218797,0.04174461215734475,0.0,2208,
CH,Callinectes sapidus_R,,1228.6208431127598,828.0000055854446,0.45037420935218464,0.30351906363102804,0.23660650104284286,0.0,2728,1.0
CH,Callinectes sapidus_R,,861.7280095673632,476.0000050298468,0.315882701454312,0.17448680536284708,0.1987859085202217,0.0,2728,2.0
CH,Callinectes sapidus_R,,792.603917582157,522.0000024047272,0.29054395805797545,0.19134897448853636,0.155124120414257,0.0,2728,3.0
CH,Callinectes sapidus_R,,419.9531219208437,225.00000129546268,0.15394176023491338,0.08247800633997898,0.09813473373651499,0.0,2728,4.0
CH,Callinectes sapidus_R,,251.7083228921473,110.00000165828921,0.09226844680797189,0.040322581253038565,0.05448448471724985,0.0,2728,5.0
CH,Callinectes sapidus_R,,186.9202784408552,46.00000062926537,0.06851916365133989,0.016862170318645665,0.04198563657701015,0.0,2728,6.0
CH,Callinectes sapidus_R,,194.65345667322242,59.00000060317197,0.07135390640514018,0.021627566203508787,0.042019393295049653,0.0,2728,7.0
CH,Callinectes sapidus_R,,210.71872698541836,71.00000075202195,0.07724293511195687,0.0260263932375447,0.05264207720756525,0.0,2728,8.0
CH,Callinectes sapidus_R,,291.2755940659189,146.0000020122701,0.10677257846991162,0.05351906232121338,0.06162190623581405,0.0,2728,9.0
CH,Callinectes sapidus_R,,430.5596496030048,310.0000016980066,0.15782978357881408,0.11363636425880007,0.08598720282316205,0.0,2728,10.0
CH,Callinectes sapidus_R,,808.2836068775687,616.0000099360338,0.2962916447498419,0.22580645525514437,0.13353139907121653,0.0,2728,11.0
CH,Callinectes sapidus_R,,987.081089211686,671.0000079979471,0.36183324384592597,0.24596774486728268,0.1738854125142097,0.0,2728,12.0
CH,Centropomus undecimalis_A,2010.0,514.0777792235167,112.0000034896157,0.24067311761400595,0.052434458562554166,0.09849523380398745,0.0,2136,
CH,Centropomus undecimalis_A,2011.0,394.3671180542806,357.0000065850147,0.18462880058721,0.16713483454354622,0.0486305076628923,0.0,2136,
CH,Centropomus undecimalis_A,2012.0,384.18047132276115,554.0000102591165,0.1788549680273562,0.2579143436960505,0.06611858680844304,0.0,2148,
CH,Centropomus undecimalis_A,2013.0,562.648374311746,633.0000117946372,0.2619405839440158,0.2946927429211533,0.0976794324815273,0.0,2148,
CH,Centropomus undecimalis_A,2014.0,695.1190311031241,594.0000160397026,0.3236122118729628,0.2765363203164351,0.12782682478427881,0.0,2148,
CH,Centropomus undecimalis_A,2015.0,1055.9299692260101,703.0000129352259,0.4915875089506565,0.32728119782831744,0.22448571026325226,0.0,2148,
CH,Centropomus undecimalis_A,2016.0,886.0180693669245,790.0000133978164,0.40127629953212157,0.35778986114031536,0.2145263999700546,0.0,2208,
CH,Centropomus undecimalis_A,2017.0,1086.0359360608854,993.0000281135731,0.4918641014768503,0.4497282736021617,0.22900300472974774,0.0,2208,
CH,Centropomus undecimalis_A,2018.0,915.3049698482937,773.000027466678,0.4145402943153504,0.3500905921497636,0.14386648684740067,0.0,2208,
CH,Centropomus undecimalis_A,2019.0,751.1830717424455,763.0000074828588,0.3402097245210351,0.34556159759187444,0.14394216239452357,0.0,2208,
CH,Centropomus undecimalis_A,2020.0,806.3535946311677,880.0000184307773,0.3651963743800578,0.3985507329849535,0.1325018480420112,0.0,2208,
CH,Centropomus undecimalis_A,2021.0,907.360665617045,789.0000140019933,0.4109423304425023,0.35733696286322164,0.15165635943412775,0.0,2208,
CH,Centropomus undecimalis_A,2022.0,846.2986362402751,845.0000216450269,0.38328742583345793,0.38269928516532015,0.1059211231768131,0.0,2208,
CH,Centropomus undecimalis_A,2023.0,905.5120887180092,585.0000070755018,0.4101051126440259,0.26494565537839754,0.17185831069946286,0.0,2208,
CH,Centropomus undecimalis_A,2024.0,1186.6204615831375,712.0000174788386,0.5374186873112036,0.3224637760320827,0.2741162776947021,0.0,2208,
CH,Centropomus undecimalis_A,,491.6276375965499,502.00000891213887,0.18021540967615465,0.18401759857483097,0.06728743016719815,0.0,2728,1.0
CH,Centropomus undecimalis_A,,782.9196124866739,753.0000159585619,0.28699399284702126,0.27602639881178953,0.11026531457900995,0.0,2728,2.0
CH,Centropomus undecimalis_A,,1048.8496736190955,903.0000131046429,0.38447568681051886,0.3310117350090333,0.1602394953370094,0.0,2728,3.0
CH,Centropomus undecimalis_A,,859.7414477025595,717.0000128999216,0.31515448962703796,0.26282991675217066,0.14261401444673535,0.0,2728,4.0
CH,Centropomus undecimalis_A,,831.3979050027265,661.0000207604243,0.30476462793355075,0.24230206039604996,0.1400719434022903,0.0,2728,5.0
CH,Centropomus undecimalis_A,,878.5298631763726,903.0000267873212,0.3220417387010163,0.33101174002467787,0.1396879181265831,0.0,2728,6.0
CH,Centropomus undecimalis_A,,1005.4851280445,684.0000121108437,0.36857959239167887,0.2507331422693709,0.14414186775684357,0.0,2728,7.0
CH,Centropomus undecimalis_A,,975.8588078389112,842.0000207037621,0.35771950433977684,0.30865103398231747,0.1725244000554084,0.0,2728,8.0
CH,Centropomus undecimalis_A,,1148.8489731840746,992.0000210703859,0.42113232154841446,0.3636363713601121,0.1720153614878654,0.0,2728,9.0
CH,Centropomus undecimalis_A,,1379.2590473821344,1050.0000128157487,0.5055934924421314,0.3848973654016674,0.20550416409969324,0.0,2728,10.0
CH,Centropomus undecimalis_A,,1078.767243166396,924.000015344063,0.3954425378175938,0.33870968304401133,0.1864442527294159,0.0,2728,11.0
CH,Centropomus undecimalis_A,,1415.7248978496282,1152.0000357285628,0.5189607396809487,0.422287403126306,0.1361733675003051,0.0,2728,12.0
CH,Centropomus undecimalis_SA,2010.0,5.406814165509741,4.000000019046543,0.0025312800400326503,0.0018726591849468834,0.0,0.0,2136,
CH,Centropomus undecimalis_SA,2011.0,8.254025177973217,1.0000000038093086,0.0038642439971784725,0.00046816479579087485,0.00186728604603555,0.0,2136,
CH,Centropomus undecimalis_SA,2012.0,19.531809036296075,1.0000000038093086,0.009093020966618284,0.0004655493500043336,0.0071224828716367,0.0,2148,
CH,Centropomus undecimalis_SA,2013.0,26.68121719708041,3.000000011427926,0.012421423276108198,0.001396648050013001,0.0105376169085502,0.0,2148,
CH,Centropomus undecimalis_SA,2014.0,15.28190737310786,0.0,0.00711448201727554,0.0,0.00624604499898845,0.0,2148,
CH,Centropomus undecimalis_SA,2015.0,4.115519154221609,0.0,0.0019159772598797062,0.0,0.0008226522477343501,0.0,2148,
CH,Centropomus undecimalis_SA,2016.0,4.185816607501632,146.20000331999734,0.0018957502751366087,0.06621376961956402,0.00042099424172185,0.0,2208,
CH,Centropomus undecimalis_SA,2017.0,45.76846979762185,202.6000060465065,0.020728473640227285,0.09175724911526563,0.004667806206271,0.0,2208,
CH,Centropomus undecimalis_SA,2018.0,185.960892767649,130.0000037243405,0.08422141882592799,0.05887681328095131,0.01464563468471165,0.0,2208,
CH,Centropomus undecimalis_SA,2019.0,213.65161568138853,99.20000147370217,0.09676250710207814,0.044927536899321635,0.00915516633540385,0.0,2208,
CH,Centropomus undecimalis_SA,2020.0,201.43958937702692,110.20000325873016,0.09123169808742161,0.04990942176572924,0.008580702822655401,0.0,2208,
CH,Centropomus undecimalis_SA,2021.0,127.52419630344946,155.20000261856643,0.05775552368815646,0.07028985625840871,0.01058885361999265,0.0,2208,
CH,Centropomus undecimalis_SA,2022.0,163.4648218587971,0.0,0.07403298091431028,0.0,0.013598961289972001,0.0,2208,
CH,Centropomus undecimalis_SA,2023.0,87.38940110843672,0.0,0.039578533110705034,0.0,0.00142239796696225,0.0,2208,
CH,Centropomus undecimalis_SA,2024.0,32.34332733207897,0.0,0.014648246074311129,0.0,0.0026559041580185,0.0,2208,
CH,Centropomus undecimalis_SA,,221.28605242305497,143.8000052395263,0.08111658813161839,0.05271261189132196,0.00620232312940055,0.0,2728,1.0
CH,Centropomus undecimalis_SA,,121.10991435561016,103.60000299898003,0.04439512989575153,0.03797654068877567,0.005987436510622449,0.0,2728,2.0
CH,Centropomus undecimalis_SA,,113.123767962138,72.40000156888792,0.04146765687761657,0.02653959001792079,0.006060244049876901,0.0,2728,3.0
CH,Centropomus undecimalis_SA,,55.41271400664061,46.999999924883866,0.02031257844818204,0.017228738975397312,0.00577087071724235,0.0,2728,4.0
CH,Centropomus undecimalis_SA,,65.83608073869561,44.40000088009546,0.024133460681340035,0.016275660146662558,0.00516357808373865,0.0,2728,5.0
CH,Centropomus undecimalis_SA,,64.11791463130477,39.00000108581502,0.02350363439563958,0.014296188081310493,0.00496406829915935,0.0,2728,6.0
CH,Centropomus undecimalis_SA,,68.09479842197369,56.399999954151525,0.024961436371691237,0.020674486786712437,0.0048432305920868505,0.0,2728,7.0
CH,Centropomus undecimalis_SA,,74.19821859984575,48.000001010009726,0.02719876048381442,0.01759530828812673,0.005143204936757651,0.0,2728,8.0
CH,Centropomus undecimalis_SA,,57.983484348815075,41.00000101618167,0.02125494294311403,0.015029325885697093,0.0050421236082911,0.0,2728,9.0
CH,Centropomus undecimalis_SA,,68.41949159658895,54.40000142791868,0.025080458796403575,0.01994134949703764,0.00558467092923815,0.0,2728,10.0
CH,Centropomus undecimalis_SA,,120.12897500950214,111.80000199812652,0.04403554802401105,0.04098240542453318,0.0060452744364738,0.0,2728,11.0
CH,Centropomus undecimalis_SA,,111.28801084396943,90.60000337535953,0.04079472538268674,0.03321114493231655,0.00614827987737945,0.0,2728,12.0
CH,Cynoscion nebulosus_A,2010.0,72.90680693759796,50.00000073299162,0.03413240025168444,0.023408240043535405,0.01149691641330715,0.0,2136,
CH,Cynoscion nebulosus_A,2011.0,74.59306576156033,52.000001335936034,0.03492184726664809,0.024344569913827732,0.01413807226344935,0.0,2136,
CH,Cynoscion nebulosus_A,2012.0,81.16916815690266,27.000000453121217,0.03778825333189137,0.012569832613184924,0.014042826835066,0.0,2148,
CH,Cynoscion nebulosus_A,2013.0,88.91773809417091,33.00000050032063,0.04139559501590825,0.015363128724544055,0.016215262934565502,0.0,2148,
CH,Cynoscion nebulosus_A,2014.0,78.54266094126788,49.000001017803,0.03656548460952881,0.022811918537152236,0.015757654793560498,0.0,2148,
CH,Cynoscion nebulosus_A,2015.0,71.09221895794613,37.000001125657946,0.03309693620016114,0.017225326408593086,0.012909754179418049,0.0,2148,
CH,Cynoscion nebulosus_A,2016.0,94.19652148985178,25.000000386000337,0.04266146806605606,0.011322463942934935,0.02024313341826195,0.0,2208,
CH,Cynoscion nebulosus_A,2017.0,54.40865192374069,39.00000063307468,0.024641599603143428,0.017663043764979472,0.0048224884085356495,0.0,2208,
CH,Cynoscion nebulosus_A,2018.0,62.81725216402982,35.99999998208075,0.028449842465593213,0.016304347817971354,0.0138730150647461,0.0,2208,
CH,Cynoscion nebulosus_A,2019.0,108.43384283129114,15.000000192256309,0.0491095302677949,0.0067934783479421685,0.022712528705596903,0.0,2208,
CH,Cynoscion nebulosus_A,2020.0,47.94041920837106,91.00000189926374,0.021712146380602836,0.041213768976115825,0.011077935341745601,0.0,2208,
CH,Cynoscion nebulosus_A,2021.0,106.88742247070641,47.0000011948383,0.048409158727675004,0.021286232425198504,0.012675663921982001,0.0,2208,
CH,Cynoscion nebulosus_A,2022.0,117.65342616833357,40.0000006011125,0.05328506619942643,0.018115942301228486,0.011450411286205,0.0,2208,
CH,Cynoscion nebulosus_A,2023.0,113.31780732430332,60.000001375666685,0.05132147070847071,0.027173913666515708,0.0104562751948833,0.0,2208,
CH,Cynoscion nebulosus_A,2024.0,102.29329200531345,81.00000125107059,0.04632848369805863,0.03668478317530371,0.0154415001161396,0.0,2208,
CH,Cynoscion nebulosus_A,,167.67115519176866,83.00000166862739,0.06146303342806769,0.030425220553015907,0.017149059101939153,0.0,2728,1.0
CH,Cynoscion nebulosus_A,,168.0767880063844,109.00000211266712,0.061611725808791935,0.039956012504643375,0.01745835784822695,0.0,2728,2.0
CH,Cynoscion nebulosus_A,,106.45189452957845,41.00000046599581,0.039021955472719375,0.01502932568401606,0.01555180968716735,0.0,2728,3.0
CH,Cynoscion nebulosus_A,,75.51897651546267,40.00000035373499,0.02768290927986168,0.01466275672790872,0.0128725455142557,0.0,2728,4.0
CH,Cynoscion nebulosus_A,,60.07159683390534,37.00000077287559,0.02202038007107967,0.0135630501366846,0.0098587316460907,0.0,2728,5.0
CH,Cynoscion nebulosus_A,,82.47599805966536,30.00000054839497,0.03023313711864566,0.0109970676497049,0.01154817314818495,0.0,2728,6.0
CH,Cynoscion nebulosus_A,,88.98647766144029,34.00000140561043,0.032619676562111545,0.01246334362375749,0.0117824762128293,0.0,2728,7.0
CH,Cynoscion nebulosus_A,,60.21379832554146,22.00000034935392,0.02207250671757385,0.008064516257094544,0.012339948676526501,0.0,2728,8.0
CH,Cynoscion nebulosus_A,,80.13248204100557,52.00000103623675,0.02937407699450351,0.01906158395756479,0.01248518517240875,0.0,2728,9.0
CH,Cynoscion nebulosus_A,,117.08550223521831,53.000000778744365,0.042919905511443666,0.019428152778132098,0.0151796308346092,0.0,2728,10.0
CH,Cynoscion nebulosus_A,,136.7198137728991,91.00000112571944,0.05011723378771961,0.03335777167365082,0.017297378741204697,0.0,2728,11.0
CH,Cynoscion nebulosus_A,,131.76581126251756,90.00000206323355,0.04830125046279969,0.03299120310235834,0.01770142745226615,0.0,2728,12.0
CH,Cynoscion nebulosus_R,2010.0,551.7463315202695,318.0000081255455,0.2583082076405756,0.14887640829847634,0.05993384495377535,0.0,2136,
CH,Cynoscion nebulosus_R,2011.0,626.7612531184714,405.00000492237393,0.29342755295808587,0.1896067438775159,0.0660744309425354,0.0,2136,
CH,Cynoscion nebulosus_R,2012.0,445.2639636435779,352.00000440288875,0.2072923480649804,0.16387337262704318,0.05805934406816955,0.0,2148,
CH,Cynoscion nebulosus_R,2013.0,498.05188227108465,374.00000501668137,0.2318677291764826,0.174115458573874,0.04727012291550635,0.0,2148,
CH,Cynoscion nebulosus_R,2014.0,624.3789149450604,346.00000663157397,0.2906791969017972,0.16108007757522066,0.07786775380372996,0.0,2148,
CH,Cynoscion nebulosus_R,2015.0,786.0796798993833,375.0000042967441,0.3659588826347222,0.1745810075869386,0.13284657150506968,0.0,2148,
CH,Cynoscion nebulosus_R,2016.0,653.8397588883477,352.0000076678542,0.2961230792066792,0.15942029332783253,0.09125599637627596,0.0,2208,
CH,Cynoscion nebulosus_R,2017.0,487.4919617334126,401.0000049016544,0.2207844029589731,0.18161232106053188,0.0864299982786178,0.0,2208,
CH,Cynoscion nebulosus_R,2018.0,423.7247628365585,221.9999990644824,0.19190433099481816,0.100543477837175,0.06316095218062401,0.0,2208,
CH,Cynoscion nebulosus_R,2019.0,322.7138963294037,307.00000400271455,0.1461566559462879,0.1390398568852874,0.0458906069397926,0.0,2208,
CH,Cynoscion nebulosus_R,2020.0,470.8294770161083,315.0000078237765,0.21323798777903455,0.1426630470216379,0.08201966807246205,0.0,2208,
CH,Cynoscion nebulosus_R,2021.0,387.51587111535264,350.0000028612784,0.1755053764109387,0.15851449404949203,0.06008473411202429,0.0,2208,
CH,Cynoscion nebulosus_R,2022.0,500.2166561149643,308.0000047189495,0.2265473986027918,0.1394927557603938,0.0684784837067127,0.0,2208,
CH,Cynoscion nebulosus_R,2023.0,510.54803785297554,300.00000416610504,0.23122646641892008,0.13586956710421424,0.07510938495397565,0.0,2208,
CH,Cynoscion nebulosus_R,2024.0,561.1921833986416,228.0000024916377,0.2541631265392399,0.1032608706936765,0.1162347421050071,0.0,2208,
CH,Cynoscion nebulosus_R,,57.13800108109797,12.000000049521013,0.020945015059053506,0.004398826997625005,0.0146612431854009,0.0,2728,1.0
CH,Cynoscion nebulosus_R,,52.18011788195134,5.000000070930189,0.01912760919426369,0.001832844600780861,0.01329556759446855,0.0,2728,2.0
CH,Cynoscion nebulosus_R,,65.9569959448603,7.000000138051069,0.024177784437265506,0.002565982455297313,0.0152594689279794,0.0,2728,3.0
CH,Cynoscion nebulosus_R,,172.8737796335189,101.00000209033684,0.0633701538246037,0.03702346117680969,0.032213734462857205,0.0,2728,4.0
CH,Cynoscion nebulosus_R,,501.91585418311297,331.0000055897434,0.18398675006712353,0.12133431289946606,0.1041965633630752,0.0,2728,5.0
CH,Cynoscion nebulosus_R,,925.6616883609095,589.0000094885953,0.33931880071880843,0.215909094387315,0.19785489141941065,0.0,2728,6.0
CH,Cynoscion nebulosus_R,,1576.1940013521817,996.0000076903436,0.5777837248358437,0.3651026421152286,0.3879096210002899,0.0,2728,7.0
CH,Cynoscion nebulosus_R,,1403.0166182852518,921.0000124282634,0.5143022794300777,0.33760997523030184,0.311466783285141,0.0,2728,8.0
CH,Cynoscion nebulosus_R,,1650.3680274239741,1001.0000175663098,0.6049736170908996,0.36693549031023087,0.3649442493915558,0.0,2728,9.0
CH,Cynoscion nebulosus_R,,872.7316594844451,634.0000141379379,0.3199162974649726,0.23240469726464,0.17543491721153254,0.0,2728,10.0
CH,Cynoscion nebulosus_R,,389.2437504412955,279.0000006619246,0.14268465925267432,0.10227272751536826,0.08332818001508704,0.0,2728,11.0
CH,Cynoscion nebulosus_R,,183.07413661101225,77.00000118230352,0.06710928761400742,0.02822580688500862,0.04449222236871715,0.0,2728,12.0
CH,Lutjanus griseus_R,2010.0,138.72650131533732,43.00000066442407,0.06494686391167477,0.020131086453382057,0.013393018860369851,0.0,2136,
CH,Lutjanus griseus_R,2011.0,151.18253339073107,18.99999983496439,0.07077833960240218,0.008895131008878461,0.0025590638397260997,0.0,2136,
CH,Lutjanus griseus_R,2012.0,110.77875986634162,227.9999971223424,0.051572979453604104,0.10614525005695642,0.012340679764747599,0.0,2148,
CH,Lutjanus griseus_R,2013.0,183.87829538684372,84.99999603227906,0.08560442057115629,0.039571692752457664,0.0062864853534846995,0.0,2148,
CH,Lutjanus griseus_R,2014.0,250.9904666791221,79.00000020823794,0.11684844817463785,0.036778398607187124,0.0024890168569982,0.0,2148,
CH,Lutjanus griseus_R,2015.0,264.8908328110883,75.00000272120309,0.12331975456754575,0.03491620238417276,0.0054056677035986996,0.0,2148,
CH,Lutjanus griseus_R,2016.0,153.03144405852063,234.99999273608148,0.06930771922940246,0.10643115613047169,0.00840086769312615,0.0,2208,
CH,Lutjanus griseus_R,2017.0,186.86753310861957,109.00000047710233,0.08463203492238205,0.049365942245064465,0.0073057189583778,0.0,2208,
CH,Lutjanus griseus_R,2018.0,211.48475468573218,110.00000068030113,0.09578113889752364,0.04981884088781754,0.0066436266060918,0.0,2208,
CH,Lutjanus griseus_R,2019.0,258.23155161665727,61.99999954421095,0.11695269547855855,0.028079709938501337,0.00354482361581175,0.0,2208,
CH,Lutjanus griseus_R,2020.0,217.45493350911232,144.00000060654,0.09848502423419943,0.0652173915790489,0.0063349471893161,0.0,2208,
CH,Lutjanus griseus_R,2021.0,222.24416528362775,26.00000026231158,0.10065406036396185,0.011775362437641114,0.01066353404894465,0.0,2208,
CH,Lutjanus griseus_R,2022.0,127.99773370485798,28.000000449311905,0.05796998809096829,0.012681159623782566,0.0059706792235374,0.0,2208,
CH,Lutjanus griseus_R,2023.0,122.41331739004806,60.999999490839585,0.055440814035347855,0.027626811363604883,0.00499436375685035,0.0,2208,
CH,Lutjanus griseus_R,2024.0,114.59106366976619,39.000000133922384,0.051898126662031786,0.017663043538914125,0.01035417243838305,0.0,2208,
CH,Lutjanus griseus_R,,34.86912393532555,13.000000153288305,0.012781936926438984,0.00476539595061888,0.00531658041290935,0.0,2728,1.0
CH,Lutjanus griseus_R,,23.573060552483977,7.000000138051069,0.008641151228916413,0.002565982455297313,0.0048281147610396,0.0,2728,2.0
CH,Lutjanus griseus_R,,22.575699194148793,9.000000189934717,0.008275549557972432,0.0032991203042282684,0.00512468582019205,0.0,2728,3.0
CH,Lutjanus griseus_R,,20.17746638836786,5.000000019046544,0.007396431960545404,0.0018328445817619296,0.0045450776815413995,0.0,2728,4.0
CH,Lutjanus griseus_R,,16.18405350407682,0.0,0.00593257093257948,0.0,0.0043521050829439505,0.0,2728,5.0
CH,Lutjanus griseus_R,,27.961657659971365,0.0,0.010249874508787157,0.0,0.00510837254114445,0.0,2728,6.0
CH,Lutjanus griseus_R,,176.41201099719717,56.00000082931496,0.06466715945645057,0.020527859541537744,0.0103577435947954,0.0,2728,7.0
CH,Lutjanus griseus_R,,510.99781092631747,267.9999969979137,0.18731591309615744,0.09824046810773962,0.03053569514304395,0.0,2728,8.0
CH,Lutjanus griseus_R,,856.507175946932,480.9999942560867,0.31396890613890466,0.17631964598830158,0.08737696707248685,0.0,2728,9.0
CH,Lutjanus griseus_R,,629.5196515583739,320.00000005887557,0.2307623356152397,0.1173020528075057,0.04341471567749975,0.0,2728,10.0
CH,Lutjanus griseus_R,,254.36932563050266,123.99999975870827,0.09324388769446579,0.04545454536609541,0.0144513482227921,0.0,2728,11.0
CH,Lutjanus griseus_R,,141.61685018270862,59.9999985628524,0.05191233511096357,0.021994134370547067,0.00916183786466715,0.0,2728,12.0
CH,Lutjanus griseus_SA,2010.0,534.6530912330581,117.00000302409777,0.2503057543225928,0.054775282314652514,0.027317464351654,0.0,2136,
CH,Lutjanus griseus_SA,2011.0,298.61683702941446,109.00000200230508,0.13980188999504423,0.05102996348422523,0.0084527260623872,0.0,2136,
CH,Lutjanus griseus_SA,2012.0,228.09197982238032,188.0000048918159,0.1061880725430076,0.08752327974479325,0.0153660573996603,0.0,2148,
CH,Lutjanus griseus_SA,2013.0,289.0299287013586,405.00001326661936,0.13455769492614458,0.18854749220978556,0.02117350231856105,0.0,2148,
CH,Lutjanus griseus_SA,2014.0,342.1165851012993,194.000003371513,0.15927215321289537,0.0903165751264027,0.0173201682046055,0.0,2148,
CH,Lutjanus griseus_SA,2015.0,421.1250926202483,525.0000231593273,0.19605451239303925,0.24441341860303878,0.03614511899650095,0.0,2148,
CH,Lutjanus griseus_SA,2016.0,591.045522760367,370.0000103740067,0.26768366067045607,0.16757246846648854,0.04184328950941555,0.0,2208,
CH,Lutjanus griseus_SA,2017.0,678.1760289717859,607.000026898152,0.3071449406575117,0.2749094324719891,0.02431394718587395,0.0,2208,
CH,Lutjanus griseus_SA,2018.0,737.225691941152,293.00000782085283,0.33388844743711593,0.13269927890437175,0.0364765357226133,0.0,2208,
CH,Lutjanus griseus_SA,2019.0,502.8064825757101,547.0000191101313,0.2277203272534919,0.2477355159013276,0.03386108763515945,0.0,2208,
CH,Lutjanus griseus_SA,2020.0,424.4463117326254,465.00001402271874,0.19223111944412383,0.2105978324378255,0.01372945401817555,0.0,2208,
CH,Lutjanus griseus_SA,2021.0,574.716236059583,528.0000145940601,0.2602881503893039,0.23913044139223735,0.030088084749877397,0.0,2208,
CH,Lutjanus griseus_SA,2022.0,580.2654148916336,273.00000834993915,0.26280136544005145,0.12364130812950143,0.0255810413509607,0.0,2208,
CH,Lutjanus griseus_SA,2023.0,418.9444543197751,132.0000033876542,0.1897393361955503,0.05978261022991585,0.02490806393325325,0.0,2208,
CH,Lutjanus griseus_SA,2024.0,281.184117822153,191.00000322676289,0.12734787944843884,0.08650362464980203,0.0170294204726815,0.0,2208,
CH,Lutjanus griseus_SA,,97.49882491638152,107.00000416537739,0.035740038459084134,0.03922287542719113,0.0095596392638981,0.0,2728,1.0
CH,Lutjanus griseus_SA,,99.27587182270179,53.99999936828878,0.036391448615359895,0.01979472117605894,0.00901697995141145,0.0,2728,2.0
CH,Lutjanus griseus_SA,,97.95450889891242,107.00000157754162,0.03590707804212332,0.03922287447857098,0.010162359103560399,0.0,2728,3.0
CH,Lutjanus griseus_SA,,212.2638710332957,232.00000900788467,0.077809336889038,0.08504399157180523,0.0134572223760187,0.0,2728,4.0
CH,Lutjanus griseus_SA,,356.84749521217225,225.00000613111516,0.13080919912469657,0.08247800811257887,0.0232959538698196,0.0,2728,5.0
CH,Lutjanus griseus_SA,,666.6420813845434,581.000015677932,0.24437026443714935,0.21297654533648533,0.038041295483708354,0.0,2728,6.0
CH,Lutjanus griseus_SA,,1100.5904275053326,664.0000175837504,0.40344223882160285,0.24340176597644808,0.12041828036308286,0.0,2728,7.0
CH,Lutjanus griseus_SA,,976.037132029247,705.000015896554,0.3577848724447386,0.25843109087117083,0.11371494829654691,0.0,2728,8.0
CH,Lutjanus griseus_SA,,1202.769430081069,864.0000278384895,0.4408978849270781,0.31671555272671903,0.09256349503993985,0.0,2728,9.0
CH,Lutjanus griseus_SA,,1159.1316055439893,714.0000303863915,0.42490161493547995,0.26173021641729893,0.07519048079848285,0.0,2728,10.0
CH,Lutjanus griseus_SA,,539.0823207583053,377.00001529017476,0.19761082139234065,0.1381964865433192,0.025889210402965497,0.0,2728,11.0
CH,Lutjanus griseus_SA,,394.35020639659336,314.0000145764567,0.1445565272714785,0.1151026446394636,0.01600210275501005,0.0,2728,12.0
CH,Mycteroperca microlepis_SA,2010.0,214.71687488851234,55.90000094463325,0.10052288150211251,0.026170412427262757,0.0128015312366187,0.0,2136,
CH,Mycteroperca microlepis_SA,2011.0,121.4910749586277,3.0000000152372346,0.056877844081754544,0.0014044943891560087,0.0051416489295660495,0.0,2136,
CH,Mycteroperca microlepis_SA,2012.0,52.357085643371164,21.00000015854429,0.02437480709654151,0.009776536386659353,0.0,0.0,2148,
CH,Mycteroperca microlepis_SA,2013.0,40.60804022932322,35.8000002870047,0.0189050466616961,0.016666666800281518,0.0,0.0,2148,
CH,Mycteroperca microlepis_SA,2014.0,83.74350475733799,5.000000022855852,0.03898673405835102,0.0023277467517950896,0.0070044640451669,0.0,2148,
CH,Mycteroperca microlepis_SA,2015.0,62.386357572639504,11.000000180828383,0.029043928106442973,0.005121042914724573,0.00031244887213685004,0.0,2148,
CH,Mycteroperca microlepis_SA,2016.0,47.152953569427055,31.900000083840396,0.021355504333979643,0.014447463806087135,0.0030137308640405,0.0,2208,
CH,Mycteroperca microlepis_SA,2017.0,53.71111761569723,56.90000085058509,0.024325687325949835,0.02576992792146064,0.00191408157115795,0.0,2208,
CH,Mycteroperca microlepis_SA,2018.0,65.0247895405573,2.0000000076186173,0.029449632944092977,0.0009057971048997361,0.00259891583118585,0.0,2208,
CH,Mycteroperca microlepis_SA,2019.0,59.63912233828269,40.99999983490714,0.027010472073497594,0.01856884050493983,0.0,0.0,2208,
CH,Mycteroperca microlepis_SA,2020.0,55.182850333846176,73.70000107985356,0.024992232941053523,0.03337862367746991,0.0,0.0,2208,
CH,Mycteroperca microlepis_SA,2021.0,92.9988730701806,24.00000008440137,0.04211905483250933,0.010869565255616564,0.0022562603699043003,0.0,2208,
CH,Mycteroperca microlepis_SA,2022.0,62.81733400491055,4.000000015237235,0.028449879531209487,0.0018115942097994722,0.00538837630301705,0.0,2208,
CH,Mycteroperca microlepis_SA,2023.0,17.6256636949373,56.00000011013435,0.007982637542996964,0.0253623188904594,0.0,0.0,2208,
CH,Mycteroperca microlepis_SA,2024.0,87.64267107317563,7.000000130432452,0.03969323871067737,0.0031702899141451326,0.0034430818632245003,0.0,2208,
CH,Mycteroperca microlepis_SA,,20.78199715897236,9.000000053330321,0.007618034149183417,0.0032991202541533438,0.00166083336807785,0.0,2728,1.0
CH,Mycteroperca microlepis_SA,,13.77724107624206,4.000000019046543,0.005050308312405447,0.0014662756668059175,0.0018010618514381,0.0,2728,2.0
CH,Mycteroperca microlepis_SA,,18.39528150527795,2.000000059502263,0.006743138381700128,0.0007331378517237035,0.00190978788305065,0.0,2728,3.0
CH,Mycteroperca microlepis_SA,,25.487282066996073,8.000000038093086,0.009342845332476566,0.002932551333611835,0.0015672807348891499,0.0,2728,4.0
CH,Mycteroperca microlepis_SA,,42.63026617185167,10.000000225093412,0.015626930414901638,0.0036656892320723654,0.0017531632329337,0.0,2728,5.0
CH,Mycteroperca microlepis_SA,,96.29781693032274,36.90000049975966,0.035299786264781065,0.01352639314507319,0.0027615546714514,0.0,2728,6.0
CH,Mycteroperca microlepis_SA,,140.3435214433762,69.80000104143032,0.05144557237660418,0.025586510645685602,0.00386800849810235,0.0,2728,7.0
CH,Mycteroperca microlepis_SA,,158.34436195997569,66.80000096141,0.058044120953070266,0.024486803871484608,0.0042898517567664,0.0,2728,8.0
CH,Mycteroperca microlepis_SA,,165.79653253581677,95.80000140454999,0.06077585503512345,0.03511730256765029,0.00479661463759835,0.0,2728,9.0
CH,Mycteroperca microlepis_SA,,188.8459610929531,45.99999978976719,0.06922505905166902,0.016862170010911726,0.0038295856211334,0.0,2728,10.0
CH,Mycteroperca microlepis_SA,,127.1009443339007,57.900000408834536,0.046591255254362425,0.021224340325819113,0.00347776489797975,0.0,2728,11.0
CH,Mycteroperca microlepis_SA,,119.29710701514125,21.99999930529659,0.04373061107593154,0.008064515874375584,0.0027741621015593,0.0,2728,12.0
CH,Sciaenops ocellatus_R,2010.0,31.803935425001274,171.50000283786176,0.014889482876873255,0.08029026350087161,0.00137146655470125,0.0,2136,
CH,Sciaenops ocellatus_R,2011.0,86.85273931939213,70.49999780265314,0.0406613948124495,0.03300561694880765,0.00668416381813585,0.0,2136,
CH,Sciaenops ocellatus_R,2012.0,83.7131931952109,47.00000156944091,0.038972622530358894,0.02188082009750508,0.0,0.0,2148,
CH,Sciaenops ocellatus_R,2013.0,77.56365175425154,126.49999664727518,0.036109707520601275,0.05889199099035158,0.0068964748643338,0.0,2148,
CH,Sciaenops ocellatus_R,2014.0,64.25204875483168,174.9999944256247,0.0299124994203127,0.08147113334526289,0.012090388219803551,0.0,2148,
CH,Sciaenops ocellatus_R,2015.0,263.48613000813924,111.50000083239323,0.1226657960931747,0.05190875271526686,0.0072170633357018,0.0,2148,
CH,Sciaenops ocellatus_R,2016.0,291.2208456904917,411.99999900237174,0.13189349895402705,0.18659420244672634,0.00734892813488835,0.0,2208,
CH,Sciaenops ocellatus_R,2017.0,255.99761128193535,394.9999958658794,0.11594094713855768,0.17889492566389464,0.0041930028237402005,0.0,2208,
CH,Sciaenops ocellatus_R,2018.0,278.3172977712038,203.99999938662177,0.12604950080217564,0.09239130407002798,0.0,0.0,2208,
CH,Sciaenops ocellatus_R,2019.0,198.6466562037458,182.9999974113668,0.08996678270097183,0.08288043361022046,0.00162205944070585,0.0,2208,
CH,Sciaenops ocellatus_R,2020.0,213.31094185348766,555.499988306809,0.09660821641915202,0.251585139631707,0.013094114139676049,0.0,2208,
CH,Sciaenops ocellatus_R,2021.0,319.0312588581496,331.50000733422894,0.14448879477271268,0.15013587288687905,0.00601269467733795,0.0,2208,
CH,Sciaenops ocellatus_R,2022.0,293.53306806345057,0.0,0.1329407011156932,0.0,0.0040530315600335,0.0,2208,
CH,Sciaenops ocellatus_R,2023.0,143.41891254601057,0.0,0.06495421763859174,0.0,0.005649528466165,0.0,2208,
CH,Sciaenops ocellatus_R,2024.0,56.4896593056618,0.0,0.02558408483046277,0.0,0.01261103898286815,0.0,2208,
CH,Sciaenops ocellatus_R,,370.30048156607694,287.50000535329946,0.13574064573536546,0.10538856501220654,0.010611827485263299,0.0,2728,1.0
CH,Sciaenops ocellatus_R,,51.967550894701965,25.00000080971288,0.019049688744392217,0.009164223170715866,0.00682286266237495,0.0,2728,2.0
CH,Sciaenops ocellatus_R,,22.184207710584822,1.0000000038093086,0.008132040949627868,0.00036656891635238585,0.0053953903261572,0.0,2728,3.0
CH,Sciaenops ocellatus_R,,18.213066003450766,0.0,0.006676343842907172,0.0,0.0050349426455795,0.0,2728,4.0
CH,Sciaenops ocellatus_R,,18.076690753419264,0.0,0.00662635291547627,0.0,0.00476712360978125,0.0,2728,5.0
CH,Sciaenops ocellatus_R,,18.99845214881578,0.0,0.00696424199003511,0.0,0.00476054917089635,0.0,2728,6.0
CH,Sciaenops ocellatus_R,,19.465887189129628,0.0,0.007135589145575377,0.0,0.00523896701633925,0.0,2728,7.0
CH,Sciaenops ocellatus_R,,21.367357934637717,0.0,0.007832609213576876,0.0,0.0053031907882541,0.0,2728,8.0
CH,Sciaenops ocellatus_R,,26.445143728961177,5.000000074739498,0.009693967642581076,0.0018328446021772353,0.0062647189479320495,0.0,2728,9.0
CH,Sciaenops ocellatus_R,,175.39103447803052,281.0000000852338,0.06429290120162409,0.10300586513388336,0.00903102289885275,0.0,2728,10.0
CH,Sciaenops ocellatus_R,,836.2308263619184,1159.9999716950306,0.3065362266722575,0.42521993097325167,0.01281442865729325,0.0,2728,11.0
CH,Sciaenops ocellatus_R,,1078.9972512612367,1023.5000034007013,0.3955268516353507,0.3751832857040694,0.012477155774831751,0.0,2728,12.0
CH,Sciaenops ocellatus_SA,2010.0,293.55973800839996,66.00000094346059,0.1374343342735955,0.030898876846189416,0.0772100798785686,0.0,2136,
CH,Sciaenops ocellatus_SA,2011.0,168.77423547957727,108.0000018022415,0.07901415518706802,0.05056179859655501,0.03200121782720085,0.0,2136,
CH,Sciaenops ocellatus_SA,2012.0,191.79112748923754,108.00000154687847,0.08928823439908638,0.05027933032908681,0.050310518592596,0.0,2148,
CH,Sciaenops ocellatus_SA,2013.0,273.9698704651819,152.0000024446684,0.12754649462997295,0.07076350206921247,0.0624350737780332,0.0,2148,
CH,Sciaenops ocellatus_SA,2014.0,298.2970957746729,98.00000080056438,0.13887201851707306,0.045623836499331646,0.0731196030974388,0.0,2148,
CH,Sciaenops ocellatus_SA,2015.0,296.0051144672615,116.00000264783813,0.13780498811325023,0.054003725627485163,0.07387734204530716,0.0,2148,
CH,Sciaenops ocellatus_SA,2016.0,213.47823921537827,90.00000103399287,0.09668398515189233,0.04076087003351127,0.03330228105187415,0.0,2208,
CH,Sciaenops ocellatus_SA,2017.0,240.9150654843324,85.00000149124276,0.10911008400558532,0.03849637748697589,0.045253945514559704,0.0,2208,
CH,Sciaenops ocellatus_SA,2018.0,208.7130388049408,66.00000042756713,0.09452583279209276,0.02989130454147062,0.0454667247831821,0.0,2208,
CH,Sciaenops ocellatus_SA,2019.0,127.10335314836985,119.00000287189684,0.05756492443313852,0.0538949288369098,0.02239318192005155,0.0,2208,
CH,Sciaenops ocellatus_SA,2020.0,136.71434136427695,138.00000281253816,0.06191772706715441,0.06250000127379446,0.0252077588811516,0.0,2208,
CH,Sciaenops ocellatus_SA,2021.0,133.38348735169248,145.00000276286383,0.06040918811217957,0.06567029110636949,0.015509714838117299,0.0,2208,
CH,Sciaenops ocellatus_SA,2022.0,164.5840798682692,144.00000274660184,0.07453989124468714,0.06521739254827982,0.02075836341828105,0.0,2208,
CH,Sciaenops ocellatus_SA,2023.0,265.8129856414088,175.0000039150371,0.12038631596078296,0.07925724814992623,0.04794110916554925,0.0,2208,
CH,Sciaenops ocellatus_SA,2024.0,273.167950907722,153.00000378111469,0.12371736907052627,0.06929347997333092,0.058594474568962995,0.0,2208,
CH,Sciaenops ocellatus_SA,,208.68074529723515,141.00000178751873,0.07649587437581934,0.051686217664046456,0.0404199101030826,0.0,2728,1.0
CH,Sciaenops ocellatus_SA,,266.1969367429991,130.00000160816188,0.09757952226649529,0.04765395953378368,0.03769474476575845,0.0,2728,2.0
CH,Sciaenops ocellatus_SA,,299.9043406466516,161.00000110531766,0.10993560874144119,0.059017595713092987,0.0511871967464685,0.0,2728,3.0
CH,Sciaenops ocellatus_SA,,218.92437095121193,85.00000161260994,0.08025086911701317,0.03115835836239367,0.03862869367003435,0.0,2728,4.0
CH,Sciaenops ocellatus_SA,,223.380706793905,99.00000181629417,0.08188442331154876,0.036290323246442144,0.0344260782003402,0.0,2728,5.0
CH,Sciaenops ocellatus_SA,,230.60196899423943,104.0000018696245,0.0845315135609382,0.038123167840771445,0.0333203040063381,0.0,2728,6.0
CH,Sciaenops ocellatus_SA,,235.17670796546724,114.00000228381873,0.08620847066182817,0.041788857142162295,0.040039371699094745,0.0,2728,7.0
CH,Sciaenops ocellatus_SA,,286.9298058417643,140.00000365536647,0.10517954759595464,0.051319649433785364,0.04404900968074795,0.0,2728,8.0
CH,Sciaenops ocellatus_SA,,321.44859502789757,172.00000412727212,0.11783306269351083,0.06304985488536367,0.04702738299965855,0.0,2728,9.0
CH,Sciaenops ocellatus_SA,,320.26480145369976,203.00000480932087,0.11739912076748525,0.07441349149901791,0.05823041498661035,0.0,2728,10.0
CH,Sciaenops ocellatus_SA,,349.6253857392875,231.0000026526667,0.12816179829152766,0.08467742032722386,0.062063727527856744,0.0,2728,11.0
CH,Sciaenops ocellatus_SA,,325.13535801636306,183.00000470053487,0.11918451540189262,0.06708211316002012,0.0503276754170656,0.0,2728,12.0
CK,Archosargus probatocephalus_A,2010.0,117.98313029133715,98.00000095479884,0.12768737044517006,0.10606060709393814,0.059194272384047494,0.0,924,
CK,Archosargus probatocephalus_A,2011.0,103.49919340576159,99.00000276655277,0.11201211407549956,0.10714286013696186,0.042429428547620704,0.0,924,
CK,Archosargus probatocephalus_A,2012.0,172.70132826082408,123.00000201145244,0.1869061994164763,0.13311688529377969,0.0829180032014846,0.0,924,
CK,Archosargus probatocephalus_A,2013.0,126.45236826490145,124.00000245993941,0.136853212407902,0.13419913686140628,0.04466947913169855,0.0,924,
CK,Archosargus probatocephalus_A,2014.0,111.58539951418058,117.00000198861281,0.12076341938764132,0.126623378775555,0.05247842706739895,0.0,924,
CK,Archosargus probatocephalus_A,2015.0,140.78189061284502,137.00000260176603,0.152361353477105,0.14826840108416237,0.05295262113213535,0.0,924,
CK,Archosargus probatocephalus_A,2016.0,185.5612628615927,60.00000062369001,0.20082387755583625,0.06493506561005413,0.0639453753829002,0.0,924,
CK,Archosargus probatocephalus_A,2017.0,157.02567040902795,73.00000162026959,0.16994120174137226,0.07900433075786752,0.0529157351702451,0.0,924,
CK,Archosargus probatocephalus_A,2018.0,106.61549334297885,142.00000202322374,0.11538473305517191,0.15367965586928978,0.04872590117156505,0.0,924,
CK,Archosargus probatocephalus_A,2019.0,88.14039268228223,127.00000110373738,0.0953900353704353,0.1374458886404084,0.038715861737728105,0.0,924,
CK,Archosargus probatocephalus_A,2020.0,146.81213484366162,136.00000304692878,0.15888759182214462,0.14718615048368916,0.061478247866034494,0.0,924,
CK,Archosargus probatocephalus_A,2021.0,149.17350094392896,84.00000204379126,0.16144318283974995,0.0909090931209862,0.0643902830779552,0.0,924,
CK,Archosargus probatocephalus_A,2022.0,100.55791845812925,65.00000021771095,0.10882891608022646,0.07034632058193825,0.03091618977487085,0.0,924,
CK,Archosargus probatocephalus_A,2023.0,106.52763748168942,62.00000136846998,0.11528965095420933,0.06709956858059522,0.0473058838397264,0.0,924,
CK,Archosargus probatocephalus_A,2024.0,53.2324436249946,37.000000471292836,0.05761086972402013,0.040043290553347224,0.0199136212468147,0.0,924,
CK,Archosargus probatocephalus_A,,45.56676201662043,25.000000544585667,0.039451742005731975,0.021645022116524387,0.0256695318967103,0.0,1155,1.0
CK,Archosargus probatocephalus_A,,55.9367679066126,33.99999953248323,0.04843010208364727,0.02943722903245301,0.0255924966186285,0.0,1155,2.0
CK,Archosargus probatocephalus_A,,131.38315607939506,101.00000270234653,0.11375165028519053,0.08744588978558142,0.0400985665619373,0.0,1155,3.0
CK,Archosargus probatocephalus_A,,134.90187968430104,89.0000015361206,0.11679816422883206,0.0770562783862516,0.0518790446221828,0.0,1155,4.0
CK,Archosargus probatocephalus_A,,186.7695999315619,155.00000271612737,0.16170528132602763,0.13419913655075963,0.0648648291826248,0.0,1155,5.0
CK,Archosargus probatocephalus_A,,178.7542380455415,143.00000116027314,0.1547655740654039,0.1238095248140893,0.0620292946696281,0.0,1155,6.0
CK,Archosargus probatocephalus_A,,179.51046211976785,156.00000187365376,0.15542031352360852,0.13506493668714611,0.0608131475746631,0.0,1155,7.0
CK,Archosargus probatocephalus_A,,177.7666447940282,162.00000249174798,0.1539105149731846,0.14025974241709782,0.0566928423941135,0.0,1155,8.0
CK,Archosargus probatocephalus_A,,203.26383635552338,175.00000466093385,0.17598600550261764,0.15151515555059208,0.0691153481602668,0.0,1155,9.0
CK,Archosargus probatocephalus_A,,219.83589754786223,177.0000032907958,0.19033411043104956,0.1532467560959271,0.0853746607899665,0.0,1155,10.0
CK,Archosargus probatocephalus_A,,230.3452797520149,164.00000357663032,0.19943314264243714,0.14199134508799163,0.0832502990961074,0.0,1155,11.0
CK,Archosargus probatocephalus_A,,122.61524076490599,103.00000121653866,0.10616038161463723,0.0891774902307694,0.0487513467669487,0.0,1155,12.0
CK,Archosargus probatocephalus_R,2010.0,0.7987224475445962,0.0,0.0008644182332733726,0.0,0.0,0.0,924,
CK,Archosargus probatocephalus_R,2011.0,4.2178108107681975,0.0,0.004564730314684197,0.0,0.00456941034644835,0.0,924,
CK,Archosargus probatocephalus_R,2012.0,0.17103516427595883,0.0,0.00018510299164064807,0.0,0.0,0.0,924,
CK,Archosargus probatocephalus_R,2013.0,0.0,0.0,0.0,0.0,0.0,0.0,924,
CK,Archosargus probatocephalus_R,2014.0,0.1642942712955949,0.0,0.0001778076529173105,0.0,0.0,0.0,924,
CK,Archosargus probatocephalus_R,2015.0,0.016419247972407076,0.0,1.7769748887886446e-05,0.0,0.0,0.0,924,
CK,Archosargus probatocephalus_R,2016.0,2.554216462267459,0.0,0.002764303530592488,0.0,0.0028221713146194,0.0,924,
CK,Archosargus probatocephalus_R,2017.0,2.7639418210600977,0.0,0.0029912790271213177,0.0,0.0029083199333399,0.0,924,
CK,Archosargus probatocephalus_R,2018.0,0.1405249479319248,0.0,0.00015208327698260259,0.0,0.0,0.0,924,
CK,Archosargus probatocephalus_R,2019.0,0.5979192089326333,0.0,0.0006470987109660533,0.0,0.0005194925179238499,0.0,924,
CK,Archosargus probatocephalus_R,2020.0,0.720396531289635,0.0,0.0007796499256381331,0.0,0.0007132324099074501,0.0,924,
CK,Archosargus probatocephalus_R,2021.0,2.1728135201846728,0.0,0.0023515297837496457,0.0,0.0023734570713713,0.0,924,
CK,Archosargus probatocephalus_R,2022.0,0.8611519190405491,0.0,0.0009319825963642306,0.0,0.00080106762470675,0.0,924,
CK,Archosargus probatocephalus_R,2023.0,2.6721672932616904,0.0,0.0028919559450884097,0.0,0.00261164503172035,0.0,924,
CK,Archosargus probatocephalus_R,2024.0,2.8459844393655205,0.0,0.003080069739573074,0.0,0.0027072360971941998,0.0,924,
CK,Archosargus probatocephalus_R,,1.5944858334459808,0.0,0.0013805072151047452,0.0,0.0005222068866714,0.0,1155,1.0
CK,Archosargus probatocephalus_R,,1.4840366326686443,0.0,0.0012848802014447137,0.0,0.0004074052849318,0.0,1155,2.0
CK,Archosargus probatocephalus_R,,1.5792872677739593,0.0,0.0013673482837869779,0.0,0.0005765775567851,0.0,1155,3.0
CK,Archosargus probatocephalus_R,,1.7173913933447347,0.0,0.0014869189552768267,0.0,0.000747243524529,0.0,1155,4.0
CK,Archosargus probatocephalus_R,,1.8154792359745993,0.0,0.0015718434943503023,0.0,0.0007316975970752,0.0,1155,5.0
CK,Archosargus probatocephalus_R,,1.7897704532317282,0.0,0.0015495848079928383,0.0,0.0010309108765795,0.0,1155,6.0
CK,Archosargus probatocephalus_R,,1.9384696524520744,0.0,0.0016783287034217093,0.0,0.0009694278705865,0.0,1155,7.0
CK,Archosargus probatocephalus_R,,2.0788272476347256,0.0,0.0017998504308525762,0.0,0.001060604583472,0.0,1155,8.0
CK,Archosargus probatocephalus_R,,1.7797262357825792,0.0,0.0015408885158290728,0.0,0.0009422482689842,0.0,1155,9.0
CK,Archosargus probatocephalus_R,,1.552598872563941,0.0,0.0013442414481073083,0.0,0.0008660754538141,0.0,1155,10.0
CK,Archosargus probatocephalus_R,,1.7378213766528101,0.0,0.0015046072525132556,0.0,0.001110264332965,0.0,1155,11.0
CK,Archosargus probatocephalus_R,,1.6295038836651599,0.0,0.0014108258733031688,0.0,0.000834640872199,0.0,1155,12.0
CK,Callinectes sapidus_R,2010.0,518.4751896746457,526.0000083641279,0.5611203351457205,0.5692640783161558,0.29923215508460993,0.0,924,
CK,Callinectes sapidus_R,2011.0,490.4266552552581,677.0000051280115,0.5307647784147814,0.7326839882337787,0.24252779036760325,0.0,924,
CK,Callinectes sapidus_R,2012.0,893.9171561021358,387.0000047003617,0.967442809634346,0.4188311739181404,0.4556496143341064,0.0,924,
CK,Callinectes sapidus_R,2013.0,703.47759555839,384.0000034554694,0.7613393891324567,0.4155844193241011,0.28074638545513153,0.0,924,
CK,Callinectes sapidus_R,2014.0,347.77738179426524,418.0000044170181,0.37638244782929137,0.45238095716127497,0.17017842829227445,0.0,924,
CK,Callinectes sapidus_R,2015.0,453.76725168619305,301.0000042626916,0.49109009922748165,0.3257575803708784,0.19266813993453974,0.0,924,
CK,Callinectes sapidus_R,2016.0,492.2772428460885,569.0000037808522,0.532767578837758,0.6158008698926972,0.2901325225830078,0.0,924,
CK,Callinectes sapidus_R,2017.0,428.22892427485203,582.0000034044167,0.46345121674767537,0.6298701335545636,0.21736850589513773,0.0,924,
CK,Callinectes sapidus_R,2018.0,513.0863141964073,544.0000048082122,0.5552882188272806,0.5887445939482816,0.2581420391798019,0.0,924,
CK,Callinectes sapidus_R,2019.0,716.7241987213492,447.99999996963174,0.77567553974172,0.48484848481561876,0.4289966970682144,0.0,924,
CK,Callinectes sapidus_R,2020.0,705.1787274107337,571.0000001579889,0.7631804409207075,0.6179653681363516,0.45757184922695154,0.0,924,
CK,Callinectes sapidus_R,2021.0,687.848130883649,363.00000401564057,0.7444243840732132,0.3928571472030742,0.3260800987482071,0.0,924,
CK,Callinectes sapidus_R,2022.0,488.26919819018804,248.00000335699096,0.5284298681711992,0.2683982720313755,0.1810083463788032,0.0,924,
CK,Callinectes sapidus_R,2023.0,452.77283594198525,369.0000059444334,0.49001389171210524,0.3993506557840188,0.21587245911359781,0.0,924,
CK,Callinectes sapidus_R,2024.0,374.4422473348677,486.00000269593465,0.405240527418688,0.5259740288917042,0.1808727383613586,0.0,924,
CK,Callinectes sapidus_R,,1232.8191385641694,1001.0000099564509,1.0673758775447355,0.8666666752869705,0.5149521231651306,0.0,1155,1.0
CK,Callinectes sapidus_R,,1187.101412344724,1006.0000065158241,1.0277934306014926,0.8709956766370771,0.667843222618103,0.0,1155,2.0
CK,Callinectes sapidus_R,,833.7275959081016,716.0000055754767,0.7218420743793088,0.6199134247406725,0.4566578567028045,0.0,1155,3.0
CK,Callinectes sapidus_R,,441.7887880867347,420.00000370523276,0.3825011152266101,0.36363636684435735,0.2538344264030456,0.0,1155,4.0
CK,Callinectes sapidus_R,,233.93659768346697,184.0000013964751,0.2025425088168545,0.15930736051642866,0.1401252299547195,0.0,1155,5.0
CK,Callinectes sapidus_R,,309.6928339197475,196.00000281127933,0.26813232374004115,0.16969697213097779,0.1297717094421386,0.0,1155,6.0
CK,Callinectes sapidus_R,,491.7746024071239,409.00000330572806,0.4257788765429644,0.3541125569746563,0.2062897831201553,0.0,1155,7.0
CK,Callinectes sapidus_R,,379.46282849198906,369.0000062473589,0.3285392454476096,0.31948052488948825,0.1967262625694275,0.0,1155,8.0
CK,Callinectes sapidus_R,,453.20692479773425,310.0000020052146,0.3923869478768262,0.26839827013438494,0.1851239949464798,0.0,1155,9.0
CK,Callinectes sapidus_R,,589.93254418578,429.0000068792292,0.5107641075201559,0.37142857738461404,0.2202348858118057,0.0,1155,10.0
CK,Callinectes sapidus_R,,1064.6264095673687,805.0000034027144,0.921754467157895,0.69696969991577,0.3391714096069336,0.0,1155,11.0
CK,Callinectes sapidus_R,,1048.5993739140686,1028.0000066607981,0.9078782458130463,0.8900432958102148,0.4833697378635406,0.0,1155,12.0
CK,Centropomus undecimalis_A,2010.0,2.489294359431366,9.000000173209767,0.0026940415145361107,0.009740259927716198,0.0,0.0,924,
CK,Centropomus undecimalis_A,2011.0,5.077566322346673,10.000000153288305,0.005495201647561334,0.010822510988407256,0.0,0.0,924,
CK,Centropomus undecimalis_A,2012.0,5.709401676678669,4.000000015237235,0.006179006143591633,0.004329004345494843,0.0,0.0,924,
CK,Centropomus undecimalis_A,2013.0,3.4587976694092415,18.99999894248566,0.0037432875210056727,0.020562769418274524,0.0,0.0,924,
CK,Centropomus undecimalis_A,2014.0,11.69783854508566,52.00000100469649,0.01265999842541738,0.05627705736439014,0.00371547148097305,0.0,924,
CK,Centropomus undecimalis_A,2015.0,34.03763401364672,44.999999784582656,0.036837266248535415,0.04870129846816305,0.0158884963020682,0.0,924,
CK,Centropomus undecimalis_A,2016.0,70.27303683583156,52.999999426653105,0.07605307016864887,0.05735930673880206,0.0235268864780664,0.0,924,
CK,Centropomus undecimalis_A,2017.0,97.2962832691264,120.00000468298694,0.10529900786701991,0.12987013493829755,0.02399117033928625,0.0,924,
CK,Centropomus undecimalis_A,2018.0,92.74180534460172,219.00000691480352,0.10036991920411441,0.23701299449654062,0.021785408258438048,0.0,924,
CK,Centropomus undecimalis_A,2019.0,97.80660098923545,304.00000674896023,0.10585129977189983,0.32900433630839854,0.0,0.0,924,
CK,Centropomus undecimalis_A,2020.0,208.5408063218929,354.00001416247324,0.2256935133353819,0.3831168984442351,0.0370005276054143,0.0,924,
CK,Centropomus undecimalis_A,2021.0,282.42322678864,411.000011897195,0.3056528428448485,0.444805207680947,0.08586808666586876,0.0,924,
CK,Centropomus undecimalis_A,2022.0,230.58030805629824,249.0000066551293,0.2495457879397167,0.2694805266830404,0.012878672685474098,0.0,924,
CK,Centropomus undecimalis_A,2023.0,196.9257389471495,258.00000520820015,0.21312309409864666,0.27922078485735946,0.023020986467599848,0.0,924,
CK,Centropomus undecimalis_A,2024.0,206.42579193040729,80.00000121722493,0.22340453672122002,0.08658008789742959,0.0745546072721481,0.0,924,
CK,Centropomus undecimalis_A,,31.76973082124092,125.00000584882605,0.02750626045129084,0.10822511328902688,0.0114401327446103,0.0,1155,1.0
CK,Centropomus undecimalis_A,,20.693201216374256,24.00000086540584,0.01791619152932836,0.020779221528489905,0.0080881463363766,0.0,1155,2.0
CK,Centropomus undecimalis_A,,60.79893074286515,114.00000213114123,0.052639766876939525,0.09870130054644262,0.0128273265436291,0.0,1155,3.0
CK,Centropomus undecimalis_A,,134.30995554076117,176.0000046288221,0.1162856757928668,0.15238095638859056,0.0198301970958709,0.0,1155,4.0
CK,Centropomus undecimalis_A,,150.0999558161311,128.00000105185282,0.129956671702278,0.11082251173320591,0.0178450010716915,0.0,1155,5.0
CK,Centropomus undecimalis_A,,168.75777104578444,200.00000467195875,0.14611062428206445,0.17316017720515908,0.0195943415164947,0.0,1155,6.0
CK,Centropomus undecimalis_A,,164.8293434412917,191.00000279692986,0.14270938826085863,0.16536796778954965,0.0162147860974073,0.0,1155,7.0
CK,Centropomus undecimalis_A,,185.02557471298493,294.00001198841017,0.16019530278180513,0.25454546492503044,0.0185023415833711,0.0,1155,8.0
CK,Centropomus undecimalis_A,,246.80101323343843,378.00001449713403,0.21368053093804193,0.32727273982435845,0.0190016161650419,0.0,1155,9.0
CK,Centropomus undecimalis_A,,204.67160579831398,298.00000357476006,0.17720485350503373,0.25800866110368836,0.0154438875615596,0.0,1155,10.0
CK,Centropomus undecimalis_A,,143.94326844930038,204.00000473459647,0.12462620644961071,0.17662338072259434,0.0183841977268457,0.0,1155,11.0
CK,Centropomus undecimalis_A,,33.78378025129492,55.00000019728918,0.029250026191597334,0.047619047789860765,0.0083327740430831,0.0,1155,12.0
CK,Centropomus undecimalis_SA,2010.0,1.2645026927025174,0.0,0.001368509407686707,0.0,0.0,0.0,924,
CK,Centropomus undecimalis_SA,2011.0,1.9975693919577262,0.0,0.0021618716363178856,0.0,0.0019584610126912,0.0,924,
CK,Centropomus undecimalis_SA,2012.0,5.0727430951228145,0.0,0.005489981704678371,0.0,0.00562929315492505,0.0,924,
CK,Centropomus undecimalis_SA,2013.0,11.641213125782041,0.0,0.012598715504093118,0.0,0.0123020461760461,0.0,924,
CK,Centropomus undecimalis_SA,2014.0,5.506731459405226,0.0,0.005959666081607387,0.0,0.006178623298183,0.0,924,
CK,Centropomus undecimalis_SA,2015.0,0.23831550248798866,0.0,0.0002579172104848362,0.0,0.0,0.0,924,
CK,Centropomus undecimalis_SA,2016.0,0.6794004821376521,0.0,0.0007352819070753811,0.0,0.0004080099606653,0.0,924,
CK,Centropomus undecimalis_SA,2017.0,2.702780928957464,0.0,0.002925087585451801,0.0,0.0029150996124371496,0.0,924,
CK,Centropomus undecimalis_SA,2018.0,0.021608416820526354,0.0,2.3385732489747135e-05,0.0,0.0,0.0,924,
CK,Centropomus undecimalis_SA,2019.0,2.861154478565322,0.0,0.0030964875309148505,0.0,0.0031792166410014,0.0,924,
CK,Centropomus undecimalis_SA,2020.0,2.566794314188837,0.0,0.002777915924446793,0.0,0.0026404433883726,0.0,924,
CK,Centropomus undecimalis_SA,2021.0,8.355496123898728,0.0,0.00904274472283412,0.0,0.008726785890758,0.0,924,
CK,Centropomus undecimalis_SA,2022.0,7.920290260575667,0.0,0.008571742706250721,0.0,0.00811511790379875,0.0,924,
CK,Centropomus undecimalis_SA,2023.0,0.34570080172907125,0.0,0.00037413506680635417,0.0,0.00011493367128415,0.0,924,
CK,Centropomus undecimalis_SA,2024.0,1.7047252050214872,0.0,0.0018449406980752027,0.0,0.0017085554427467,0.0,924,
CK,Centropomus undecimalis_SA,,4.5433506664784975,0.0,0.003933636940674024,0.0,0.0028018632438033,0.0,1155,1.0
CK,Centropomus undecimalis_SA,,4.370385851352419,0.0,0.0037838838539847788,0.0,0.0027408935129642,0.0,1155,2.0
CK,Centropomus undecimalis_SA,,4.206077535016487,0.0,0.0036416255714428456,0.0,0.0025912511628121,0.0,1155,3.0
CK,Centropomus undecimalis_SA,,4.735962410097227,0.0,0.004100400355062535,0.0,0.0027333290781825,0.0,1155,4.0
CK,Centropomus undecimalis_SA,,4.441029495503655,0.0,0.003845047182254247,0.0,0.0025822778698056,0.0,1155,5.0
CK,Centropomus undecimalis_SA,,4.2937051317967,0.0,0.0037174936206032035,0.0,0.0025806457269936,0.0,1155,6.0
CK,Centropomus undecimalis_SA,,4.100406447498997,0.0,0.003550135452380084,0.0,0.0024732842575758,0.0,1155,7.0
CK,Centropomus undecimalis_SA,,4.377038933866697,0.0,0.0037896440985858847,0.0,0.0025378437712788,0.0,1155,8.0
CK,Centropomus undecimalis_SA,,4.410109239190618,0.0,0.0038182763975676344,0.0,0.0026892551686614,0.0,1155,9.0
CK,Centropomus undecimalis_SA,,4.2343453050793425,0.0,0.0036660998312375258,0.0,0.002632132731378,0.0,1155,10.0
CK,Centropomus undecimalis_SA,,4.6142085650507845,0.0,0.003994985770606739,0.0,0.0024775266647338,0.0,1155,11.0
CK,Centropomus undecimalis_SA,,4.552406698421645,0.0,0.003941477660971121,0.0,0.0025752300862222,0.0,1155,12.0
CK,Cynoscion nebulosus_A,2010.0,66.77316795340082,47.00000117198245,0.07226533328290131,0.05086580213418014,0.02338938973844045,0.0,924,
CK,Cynoscion nebulosus_A,2011.0,52.87679136928996,51.000001191028986,0.057225964685378744,0.055194806483797605,0.01303955866023895,0.0,924,
CK,Cynoscion nebulosus_A,2012.0,78.26761216149677,54.000000984178435,0.08470520796698784,0.05844155950668662,0.014918887987732849,0.0,924,
CK,Cynoscion nebulosus_A,2013.0,59.915152185094456,69.00000068871037,0.06484323829555677,0.07467532542068223,0.019370120950043153,0.0,924,
CK,Cynoscion nebulosus_A,2014.0,62.65415252126692,63.00000102264703,0.0678075243736655,0.06818181928857903,0.0318844690918922,0.0,924,
CK,Cynoscion nebulosus_A,2015.0,62.77386086039766,39.00000018580603,0.06793707885324422,0.042207792408880986,0.01703812275081865,0.0,924,
CK,Cynoscion nebulosus_A,2016.0,80.51312327603225,89.00000240520077,0.0871354148009007,0.09632034892337746,0.02652496751397845,0.0,924,
CK,Cynoscion nebulosus_A,2017.0,67.73436816205137,69.00000122573468,0.07330559324897334,0.07467532600187736,0.0089966407977044,0.0,924,
CK,Cynoscion nebulosus_A,2018.0,76.71811730909391,84.00000210112177,0.08302826548603237,0.09090909318303221,0.02063100598752495,0.0,924,
CK,Cynoscion nebulosus_A,2019.0,145.70265116821975,127.00000462773701,0.15768685191365772,0.13744589245426084,0.0547588169574737,0.0,924,
CK,Cynoscion nebulosus_A,2020.0,124.84422081068624,112.00000235260201,0.13511279308515828,0.12121212375822728,0.0242503127083182,0.0,924,
CK,Cynoscion nebulosus_A,2021.0,169.92073601752054,94.00000277554196,0.18389690045186205,0.10173160473543502,0.03808359242975705,0.0,924,
CK,Cynoscion nebulosus_A,2022.0,156.68855457310565,73.00000178456389,0.16957635776310134,0.0790043309356752,0.01703192014247175,0.0,924,
CK,Cynoscion nebulosus_A,2023.0,105.80270805256438,56.00000109556434,0.1145050952949831,0.060606061791736304,0.01411032583564515,0.0,924,
CK,Cynoscion nebulosus_A,2024.0,86.56304450125023,75.0000013152733,0.09368294859442666,0.08116883259228712,0.024060064926743452,0.0,924,
CK,Cynoscion nebulosus_A,,123.79738115800498,139.00000297849488,0.1071838797904805,0.12034632292510379,0.0243406295776367,0.0,1155,1.0
CK,Cynoscion nebulosus_A,,186.11193933631873,172.0000050145388,0.16113587821326297,0.14891775325934095,0.0310653019696474,0.0,1155,2.0
CK,Cynoscion nebulosus_A,,159.85873645318497,111.00000304914784,0.13840583242699997,0.09610389874385095,0.0281695313751697,0.0,1155,3.0
CK,Cynoscion nebulosus_A,,68.39724654119341,46.00000059261896,0.05921839527376053,0.039826840339929837,0.0191140882670879,0.0,1155,4.0
CK,Cynoscion nebulosus_A,,55.88895613455674,26.00000030657661,0.04838870661000584,0.022510822776256805,0.0182265285402536,0.0,1155,5.0
CK,Cynoscion nebulosus_A,,90.77952624996392,77.0000015918546,0.07859699242421118,0.06666666804489575,0.0219206567853689,0.0,1155,6.0
CK,Cynoscion nebulosus_A,,56.307610677860744,39.00000056744152,0.048751178076069906,0.033766234257525125,0.0161925572901964,0.0,1155,7.0
CK,Cynoscion nebulosus_A,,46.05277298188589,25.000000258502272,0.039872530720247525,0.021645021868833134,0.0132608814164996,0.0,1155,8.0
CK,Cynoscion nebulosus_A,,91.62421194270422,79.00000202638228,0.07932832202831534,0.06839827015271192,0.0230223760008811,0.0,1155,9.0
CK,Cynoscion nebulosus_A,,150.0688167955704,121.00000252302722,0.12992971151131635,0.10476190694634391,0.0348216891288757,0.0,1155,10.0
CK,Cynoscion nebulosus_A,,151.30536219062193,121.0000040124522,0.13100031358495406,0.10476190823588935,0.0337028056383132,0.0,1155,11.0
CK,Cynoscion nebulosus_A,,217.55570045960482,146.00000200665593,0.18835991381783967,0.12640692814429086,0.0526756197214126,0.0,1155,12.0
CK,Cynoscion nebulosus_R,2010.0,59.86425881664034,48.00000024294566,0.0647881588924679,0.05194805221098015,0.0225595142692327,0.0,924,
CK,Cynoscion nebulosus_R,2011.0,52.1503320905758,78.00000048501508,0.056439753344779006,0.0844155849404925,0.0201784493401646,0.0,924,
CK,Cynoscion nebulosus_R,2012.0,59.63347258490782,80.99999962147781,0.06453839024340673,0.08766233725268162,0.020116989500820602,0.0,924,
CK,Cynoscion nebulosus_R,2013.0,54.24562342522583,19.000000366953792,0.05870738465933532,0.0205627709599067,0.01201509777456515,0.0,924,
CK,Cynoscion nebulosus_R,2014.0,47.27722879179233,40.00000098124405,0.05116583202574928,0.043290044351995724,0.01790587604045865,0.0,924,
CK,Cynoscion nebulosus_R,2015.0,58.01789770152933,89.00000037982,0.0627899325774127,0.09632034673140692,0.033947264775633756,0.0,924,
CK,Cynoscion nebulosus_R,2016.0,68.75319687691443,110.00000152820014,0.07440822172826236,0.11904762070151531,0.00213823758531355,0.0,924,
CK,Cynoscion nebulosus_R,2017.0,121.92036389870917,50.99999985307876,0.13194844577782378,0.05519480503579953,0.0198814636096358,0.0,924,
CK,Cynoscion nebulosus_R,2018.0,111.30098945950155,87.00000095753728,0.12045561629816186,0.09415584519213992,0.03463465161621565,0.0,924,
CK,Cynoscion nebulosus_R,2019.0,63.69597252804667,77.00000065091965,0.06893503520351371,0.08333333403779182,0.01535454345867035,0.0,924,
CK,Cynoscion nebulosus_R,2020.0,97.19297097038358,54.00000074356946,0.10518719801989565,0.05844155924628729,0.02441296167671675,0.0,924,
CK,Cynoscion nebulosus_R,2021.0,52.464933684963384,44.000000695073204,0.05678023126078288,0.04761904837129135,0.0,0.0,924,
CK,Cynoscion nebulosus_R,2022.0,48.879583399468146,126.00000142586332,0.052899982034056436,0.1363636379067785,0.0133109311573207,0.0,924,
CK,Cynoscion nebulosus_R,2023.0,81.38207695828166,30.000000019602084,0.08807584086394118,0.03246753248874684,0.0282272351905703,0.0,924,
CK,Cynoscion nebulosus_R,2024.0,93.65232225507495,74.00000070101584,0.10135532711588198,0.08008658084525523,0.040427325293421704,0.0,924,
CK,Cynoscion nebulosus_R,,12.727921878587905,1.0000000038093086,0.011019845782327191,0.0008658008690989685,0.0090191094204783,0.0,1155,1.0
CK,Cynoscion nebulosus_R,,9.540456638760547,2.000000059502263,0.0082601356179745,0.0017316017831188425,0.0054977159015834,0.0,1155,2.0
CK,Cynoscion nebulosus_R,,11.876175660880065,1.0000000038093086,0.01028240316959313,0.0008658008690989685,0.0084986370056867,0.0,1155,3.0
CK,Cynoscion nebulosus_R,,17.913907320733365,0.0,0.015509876468167415,0.0,0.0132758626714348,0.0,1155,4.0
CK,Cynoscion nebulosus_R,,26.451760495301592,9.000000034283778,0.02290195713878926,0.007792207821890717,0.017697375267744,0.0,1155,5.0
CK,Cynoscion nebulosus_R,,99.07972954832071,84.0000006793257,0.0857833156262517,0.07272727331543351,0.0386438630521297,0.0,1155,6.0
CK,Cynoscion nebulosus_R,,255.8623582139553,301.000000268201,0.22152585126749377,0.26060606083826926,0.0982977896928787,0.0,1155,7.0
CK,Cynoscion nebulosus_R,,278.89000010391464,257.00000257220324,0.24146320355317286,0.22251082473783831,0.1144236549735069,0.0,1155,8.0
CK,Cynoscion nebulosus_R,,186.73344405216628,225.00000303201568,0.1616739775343431,0.1948051974303166,0.0836216062307357,0.0,1155,9.0
CK,Cynoscion nebulosus_R,,104.01091151390752,94.00000160261247,0.09005273724147837,0.08138528277282465,0.0416952781379222,0.0,1155,10.0
CK,Cynoscion nebulosus_R,,49.54774204775453,30.000000381316106,0.04289847796342384,0.025974026304169787,0.0230072997510433,0.0,1155,11.0
CK,Cynoscion nebulosus_R,,17.796815967732485,4.000000015237235,0.015408498673361458,0.003463203476395874,0.0112124858424067,0.0,1155,12.0
CK,Lutjanus griseus_R,2010.0,0.5597017437921707,0.0,0.0006057378179568948,0.0,0.0,0.0,924,
CK,Lutjanus griseus_R,2011.0,0.08676041043326904,0.0,9.38965480879535e-05,0.0,0.0,0.0,924,
CK,Lutjanus griseus_R,2012.0,6.887945770926266,0.0,0.007454486765071717,0.0,0.00773453037254505,0.0,924,
CK,Lutjanus griseus_R,2013.0,4.557484002867524,0.0,0.004932341994445372,0.0,0.00483557046391065,0.0,924,
CK,Lutjanus griseus_R,2014.0,0.33300300682615663,0.0,0.00036039286453047256,0.0,0.0,0.0,924,
CK,Lutjanus griseus_R,2015.0,2.488174382165154,0.0,0.002692829417927656,0.0,0.0025372938252985,0.0,924,
CK,Lutjanus griseus_R,2016.0,5.6138637419789585,0.0,0.0060756101103668384,0.0,0.00613056914880865,0.0,924,
CK,Lutjanus griseus_R,2017.0,2.4483777599673004,0.0,0.0026497594804840915,0.0,0.00236995948944235,0.0,924,
CK,Lutjanus griseus_R,2018.0,4.164748397074572,0.0,0.004507303460037415,0.0,0.0044447295367717,0.0,924,
CK,Lutjanus griseus_R,2019.0,0.7092979846440628,0.0,0.0007676385115195485,0.0,0.0,0.0,924,
CK,Lutjanus griseus_R,2020.0,2.720636063656411,0.0,0.002944411324303475,0.0,0.0018963956390506999,0.0,924,
CK,Lutjanus griseus_R,2021.0,7.521695017814592,0.0,0.008140362573392415,0.0,0.00804348755627865,0.0,924,
CK,Lutjanus griseus_R,2022.0,3.886119830014603,0.0,0.004205757391790696,0.0,0.0039189944509416,0.0,924,
CK,Lutjanus griseus_R,2023.0,3.80690204634443,0.0,0.004120023859680119,0.0,0.0041133342310786004,0.0,924,
CK,Lutjanus griseus_R,2024.0,4.391121192369564,0.0,0.004752295662737624,0.0,0.00470286863856015,0.0,924,
CK,Lutjanus griseus_R,,3.9276070822645153,0.0,0.0034005256123502297,0.0,0.0035344185307621,0.0,1155,1.0
CK,Lutjanus griseus_R,,3.872866807554332,0.0,0.0033531314351119756,0.0,0.0035536603536456,0.0,1155,2.0
CK,Lutjanus griseus_R,,4.0905805169840725,0.0,0.0035416281532329634,0.0,0.0033262341748923,0.0,1155,3.0
CK,Lutjanus griseus_R,,4.336958076190012,0.0,0.0037549420573073696,0.0,0.0034877019934356,0.0,1155,4.0
CK,Lutjanus griseus_R,,3.681902945493862,0.0,0.0031877947580033436,0.0,0.0030263841617852,0.0,1155,5.0
CK,Lutjanus griseus_R,,3.919003947321426,0.0,0.0033930770106679014,0.0,0.003135802457109,0.0,1155,6.0
CK,Lutjanus griseus_R,,4.7607458008314545,0.0,0.004121857836217709,0.0,0.0038271038793027,0.0,1155,7.0
CK,Lutjanus griseus_R,,4.55780526653775,0.0,0.00394615174592013,0.0,0.0038217711262404,0.0,1155,8.0
CK,Lutjanus griseus_R,,4.5677413281836845,0.0,0.003954754396695831,0.0,0.0038561043329536,0.0,1155,9.0
CK,Lutjanus griseus_R,,4.42771361437367,0.0,0.0038335182808430044,0.0,0.0037268365267664,0.0,1155,10.0
CK,Lutjanus griseus_R,,4.128707982586956,0.0,0.0035746389459627324,0.0,0.0034422585740685,0.0,1155,11.0
CK,Lutjanus griseus_R,,3.904197982553297,0.0,0.003380257993552638,0.0,0.00333261070773,0.0,1155,12.0
CK,Lutjanus griseus_SA,2010.0,4.251228665149006,0.0,0.004600896823754336,0.0,0.00025110677233895003,0.0,924,
CK,Lutjanus griseus_SA,2011.0,0.6074971341367879,0.0,0.0006574644308839695,0.0,0.0,0.0,924,
CK,Lutjanus griseus_SA,2012.0,3.452635614911708,0.0,0.003736618630856827,0.0,0.00297168618999415,0.0,924,
CK,Lutjanus griseus_SA,2013.0,2.878658441150004,0.0,0.003115431213365805,0.0,0.00256720208562905,0.0,924,
CK,Lutjanus griseus_SA,2014.0,3.144752381050202,0.0,0.003403411667803249,0.0,0.0025239796377717503,0.0,924,
CK,Lutjanus griseus_SA,2015.0,3.7130577200113786,0.0,0.00401846073594305,0.0,0.0038677983684465,0.0,924,
CK,Lutjanus griseus_SA,2016.0,7.599085409863576,0.0,0.008224118408943264,0.0,0.007534828037023499,0.0,924,
CK,Lutjanus griseus_SA,2017.0,2.9060298927715467,0.0,0.003145053996506003,0.0,0.0023351096315308998,0.0,924,
CK,Lutjanus griseus_SA,2018.0,6.055653020186536,0.0,0.006553737034833914,0.0,0.0062925792299210505,0.0,924,
CK,Lutjanus griseus_SA,2019.0,4.758317081518684,0.0,0.005149693811167407,0.0,0.00494133448228235,0.0,924,
CK,Lutjanus griseus_SA,2020.0,0.2864143964834499,0.0,0.0003099722905665042,0.0,0.0,0.0,924,
CK,Lutjanus griseus_SA,2021.0,10.164027181453958,0.0,0.011000029417157964,0.0,0.01051971223205325,0.0,924,
CK,Lutjanus griseus_SA,2022.0,3.150534785253474,0.0,0.0034096696810102536,0.0,0.00280492193996905,0.0,924,
CK,Lutjanus griseus_SA,2023.0,9.989883812610014,0.0,0.010811562567759754,0.0,0.009835525881499,0.0,924,
CK,Lutjanus griseus_SA,2024.0,0.9361159763038628,0.0,0.001013112528467384,0.0,0.0,0.0,924,
CK,Lutjanus griseus_SA,,4.93824645205855,0.0,0.004275538053730346,0.0,0.0037367099430412,0.0,1155,1.0
CK,Lutjanus griseus_SA,,3.644188784585789,0.0,0.003155141804836181,0.0,0.0016936308238655,0.0,1155,2.0
CK,Lutjanus griseus_SA,,4.16006859509249,0.0,0.003601790991422069,0.0,0.0023278601001948,0.0,1155,3.0
CK,Lutjanus griseus_SA,,4.919042790268536,0.0,0.0042589115067260055,0.0,0.0034100234042853,0.0,1155,4.0
CK,Lutjanus griseus_SA,,4.672651876426203,0.0,0.004045586040195847,0.0,0.0031560512725263,0.0,1155,5.0
CK,Lutjanus griseus_SA,,5.066062355421267,0.0,0.004386201173524906,0.0,0.0035291379317641,0.0,1155,6.0
CK,Lutjanus griseus_SA,,5.938824052464,0.0,0.005141839006462337,0.0,0.0045347725972533,0.0,1155,7.0
CK,Lutjanus griseus_SA,,6.597188078450881,0.0,0.005711851150173923,0.0,0.0046917730942368,0.0,1155,8.0
CK,Lutjanus griseus_SA,,6.647443303489991,0.0,0.005755362167523802,0.0,0.0049159037880599,0.0,1155,9.0
CK,Lutjanus griseus_SA,,6.657991882006128,0.0,0.005764495135936042,0.0,0.0043492186814546,0.0,1155,10.0
CK,Lutjanus griseus_SA,,6.153080689749871,0.0,0.005327342588528026,0.0,0.0038045004475861,0.0,1155,11.0
CK,Lutjanus griseus_SA,,4.499102652840483,0.0,0.003895326972156262,0.0,0.0023479489609599,0.0,1155,12.0
CK,Mycteroperca microlepis_SA,2010.0,8.080173819205767,0.0,0.008744776860612301,0.0,0.0084291798993945,0.0,924,
CK,Mycteroperca microlepis_SA,2011.0,3.125060044243539,0.0,0.003382099614982185,0.0,0.0034869897644966502,0.0,924,
CK,Mycteroperca microlepis_SA,2012.0,0.13079617213406414,0.0,0.00014155429884638975,0.0,0.0,0.0,924,
CK,Mycteroperca microlepis_SA,2013.0,0.0010329309006918564,0.0,1.1178905851643468e-06,0.0,0.0,0.0,924,
CK,Mycteroperca microlepis_SA,2014.0,6.140891649760261,0.0,0.006645986633939676,0.0,0.0066612940281629,0.0,924,
CK,Mycteroperca microlepis_SA,2015.0,0.0069213078171227625,0.0,7.490592875673985e-06,0.0,0.0,0.0,924,
CK,Mycteroperca microlepis_SA,2016.0,1.670461914236469,0.0,0.0018078592145416331,0.0,0.0019613389158620997,0.0,924,
CK,Mycteroperca microlepis_SA,2017.0,1.1763106216053092,0.0,0.0012730634432957892,0.0,0.00124911166494705,0.0,924,
CK,Mycteroperca microlepis_SA,2018.0,1.6795197913160798,0.0,0.0018176621118139392,0.0,0.0018210431444458,0.0,924,
CK,Mycteroperca microlepis_SA,2019.0,0.0005275941457511179,0.0,5.709893352284826e-07,0.0,0.0,0.0,924,
CK,Mycteroperca microlepis_SA,2020.0,0.0011615219991654,0.0,1.2570584406551948e-06,0.0,0.0,0.0,924,
CK,Mycteroperca microlepis_SA,2021.0,1.5994574261130308,0.0,0.001731014530425358,0.0,0.00170729414094235,0.0,924,
CK,Mycteroperca microlepis_SA,2022.0,3.3352354648813627,0.0,0.003609562191430046,0.0,0.00363874738104635,0.0,924,
CK,Mycteroperca microlepis_SA,2023.0,0.0,0.0,0.0,0.0,0.0,0.0,924,
CK,Mycteroperca microlepis_SA,2024.0,0.6901579654949701,0.0,0.0007469242050811365,0.0,0.00069818232441315,0.0,924,
CK,Mycteroperca microlepis_SA,,2.383646419737454,0.0,0.0020637631339718216,0.0,0.0011813722085207,0.0,1155,1.0
CK,Mycteroperca microlepis_SA,,2.3606420910048715,0.0,0.002043845966237984,0.0,0.0010663924040272,0.0,1155,2.0
CK,Mycteroperca microlepis_SA,,2.505611474436556,0.0,0.002169360583927754,0.0,0.0009391207131557,0.0,1155,3.0
CK,Mycteroperca microlepis_SA,,2.5120107863148986,0.0,0.002174901113692553,0.0,0.0010397853329777,0.0,1155,4.0
CK,Mycteroperca microlepis_SA,,2.360428863878007,0.0,0.0020436613540069327,0.0,0.0010691026691347,0.0,1155,5.0
CK,Mycteroperca microlepis_SA,,2.2759553123723535,0.0,0.0019705240799760635,0.0,0.0009763598791323,0.0,1155,6.0
CK,Mycteroperca microlepis_SA,,2.338464821252238,0.0,0.0020246448668850545,0.0,0.0012259923387318,0.0,1155,7.0
CK,Mycteroperca microlepis_SA,,2.2440552530396984,0.0,0.001942904980986752,0.0,0.0010599528905004,0.0,1155,8.0
CK,Mycteroperca microlepis_SA,,2.1677768821636727,0.0,0.0018768631014404093,0.0,0.0010244568111374,0.0,1155,9.0
CK,Mycteroperca microlepis_SA,,2.078276809570948,0.0,0.0017993738611003878,0.0,0.0008418431971222,0.0,1155,10.0
CK,Mycteroperca microlepis_SA,,2.2823773022809863,0.0,0.0019760842443991224,0.0,0.000847939227242,0.0,1155,11.0
CK,Mycteroperca microlepis_SA,,2.128462207801897,0.0,0.0018428244223393047,0.0,0.0007152310572564,0.0,1155,12.0
CK,Sciaenops ocellatus_R,2010.0,39.57467839246782,26.000000528735633,0.04282973851998682,0.02813852871075285,0.0,0.0,924,
CK,Sciaenops ocellatus_R,2011.0,46.28263429975047,48.00000117853526,0.050089431060336004,0.05194805322352301,0.0114522059448063,0.0,924,
CK,Sciaenops ocellatus_R,2012.0,36.93039837798278,70.0000035107151,0.03996796361253548,0.07575757955705098,0.0,0.0,924,
CK,Sciaenops ocellatus_R,2013.0,49.50750300470096,79.99999738754043,0.053579548706386315,0.08658008375274938,0.009749358054250451,0.0,924,
CK,Sciaenops ocellatus_R,2014.0,61.911458336748154,26.000000191977975,0.06700374278868848,0.02813852834629651,0.0133550916798412,0.0,924,
CK,Sciaenops ocellatus_R,2015.0,77.26167771613832,3.000000063311572,0.08361653432482502,0.0032467533152722643,0.0067393959034234,0.0,924,
CK,Sciaenops ocellatus_R,2016.0,41.67684959946196,8.000000169400458,0.04510481558383329,0.008658008841342487,0.008259676862508,0.0,924,
CK,Sciaenops ocellatus_R,2017.0,16.629257541186202,20.000000358460255,0.017997031970980737,0.021645022032965644,0.0018450239440426,0.0,924,
CK,Sciaenops ocellatus_R,2018.0,6.492661499056327,165.49999789581335,0.007026689934043644,0.17911255183529584,0.0,0.0,924,
CK,Sciaenops ocellatus_R,2019.0,33.897526882446506,38.000000956025566,0.036685635154162885,0.041125542160200826,0.00064752157777545,0.0,924,
CK,Sciaenops ocellatus_R,2020.0,57.32332498475441,86.49999997171919,0.06203823050298096,0.09361471858411168,0.01189951645210385,0.0,924,
CK,Sciaenops ocellatus_R,2021.0,63.10200303918096,10.000000253246288,0.06829221108136467,0.010822511096586891,0.0054222957696765,0.0,924,
CK,Sciaenops ocellatus_R,2022.0,24.625107095460365,96.00000266280057,0.026650548804610784,0.10389610677792269,0.0039162922184914,0.0,924,
CK,Sciaenops ocellatus_R,2023.0,24.617635482922154,9.999999645029677,0.026642462643855145,0.010822510438343806,0.00464504212141035,0.0,924,
CK,Sciaenops ocellatus_R,2024.0,29.797948557883462,37.000000159974746,0.032248862075631456,0.04004329021642289,0.01284237159416075,0.0,924,
CK,Sciaenops ocellatus_R,,48.69900922785105,36.00000093443634,0.04216364435311779,0.031168831977866965,0.0089442310854792,0.0,1155,1.0
CK,Sciaenops ocellatus_R,,20.049149528058436,16.00000038748805,0.017358571019964013,0.013852814188301343,0.006818254943937,0.0,1155,2.0
CK,Sciaenops ocellatus_R,,9.26909116844804,2.0000000076186173,0.008025187158829472,0.001731601738197937,0.0051165586337447,0.0,1155,3.0
CK,Sciaenops ocellatus_R,,7.0958357483413685,0.0,0.006143580734494692,0.0,0.0047303955070674,0.0,1155,4.0
CK,Sciaenops ocellatus_R,,6.418259053845716,0.0,0.005556934245753867,0.0,0.004410333931446,0.0,1155,5.0
CK,Sciaenops ocellatus_R,,7.011703214305227,0.0,0.006070738713684179,0.0,0.0044976435601711,0.0,1155,6.0
CK,Sciaenops ocellatus_R,,7.619367769415433,0.0,0.006596855211615094,0.0,0.0047262148000299,0.0,1155,7.0
CK,Sciaenops ocellatus_R,,8.419511162336631,0.0,0.007289620053971109,0.0,0.0048012477345764,0.0,1155,8.0
CK,Sciaenops ocellatus_R,,19.466806617048814,8.000000217474796,0.016854378023418888,0.006926407114696793,0.0065471730194985,0.0,1155,9.0
CK,Sciaenops ocellatus_R,,70.27019042223397,57.00000122131257,0.06083999170756187,0.049350650408062836,0.0084749851375818,0.0,1155,10.0
CK,Sciaenops ocellatus_R,,250.91529994649136,415.00000069991404,0.21724268393635615,0.3593073599133455,0.0128297787159681,0.0,1155,11.0
CK,Sciaenops ocellatus_R,,154.3964409517648,190.00000146504158,0.1336765722526102,0.16450216577059876,0.0124496361240744,0.0,1155,12.0
CK,Sciaenops ocellatus_SA,2010.0,220.27837482467294,94.00000207041535,0.23839650955051184,0.10173160397231099,0.1278785318136215,0.0,924,
CK,Sciaenops ocellatus_SA,2011.0,108.2507061413489,82.00000118057852,0.11715444387591872,0.08874459002227113,0.034377476200461346,0.0,924,
CK,Sciaenops ocellatus_SA,2012.0,177.42469980409078,111.0000022105259,0.19201807338105062,0.12012987252221419,0.10082212090492246,0.0,924,
CK,Sciaenops ocellatus_SA,2013.0,121.03520768358791,106.00000168103278,0.13099048450604753,0.11471861653791426,0.053143884986638995,0.0,924,
CK,Sciaenops ocellatus_SA,2014.0,133.64611736615188,176.00000373992765,0.14463865515817304,0.1904761945237312,0.06969792395830149,0.0,924,
CK,Sciaenops ocellatus_SA,2015.0,171.01012432947755,235.00000481548844,0.18507589213146922,0.2543290095405719,0.07498535513877864,0.0,924,
CK,Sciaenops ocellatus_SA,2016.0,201.18495069793744,241.00000462790015,0.2177326306254734,0.26082251583106075,0.048658788204193046,0.0,924,
CK,Sciaenops ocellatus_SA,2017.0,277.11404639389366,133.00000183970553,0.299906976616768,0.14393939593041724,0.1269729658961296,0.0,924,
CK,Sciaenops ocellatus_SA,2018.0,201.77651541121304,188.0000038254412,0.2183728521766375,0.20346320760329137,0.0928203985095024,0.0,924,
CK,Sciaenops ocellatus_SA,2019.0,167.45876315573696,230.00000476530823,0.181232427657724,0.2489177540750089,0.0809538662433624,0.0,924,
CK,Sciaenops ocellatus_SA,2020.0,187.95497817127034,230.00000283499145,0.20341447854033587,0.24891775198592148,0.1171929985284805,0.0,924,
CK,Sciaenops ocellatus_SA,2021.0,172.03538955631666,270.0000046874337,0.18618548653281022,0.2922077972807724,0.08364405855536455,0.0,924,
CK,Sciaenops ocellatus_SA,2022.0,225.19970960274804,171.00000325204348,0.2437226294402035,0.18506493858446266,0.0816143602132797,0.0,924,
CK,Sciaenops ocellatus_SA,2023.0,221.7439516885206,144.00000249655204,0.23998263169753312,0.155844158546052,0.1053552478551864,0.0,924,
CK,Sciaenops ocellatus_SA,2024.0,198.227701398544,152.00000353209964,0.21453214437071863,0.16450216832478315,0.0921154506504535,0.0,924,
CK,Sciaenops ocellatus_SA,,127.19757822254903,138.0000027682483,0.1101277733528563,0.11948052187727125,0.0487303584814071,0.0,1155,1.0
CK,Sciaenops ocellatus_SA,,180.4332639786007,180.00000395228005,0.15621927617194867,0.15584415926604334,0.0636668279767036,0.0,1155,2.0
CK,Sciaenops ocellatus_SA,,241.04657931195106,218.00000411796515,0.2086983370666243,0.18874459230992655,0.1028896868228912,0.0,1155,3.0
CK,Sciaenops ocellatus_SA,,225.66134489045362,175.00000439137455,0.19537778778394252,0.1515151553172074,0.0965561270713806,0.0,1155,4.0
CK,Sciaenops ocellatus_SA,,273.5891303233657,210.00000364368066,0.23687370590767592,0.18181818497288368,0.0923744067549705,0.0,1155,5.0
CK,Sciaenops ocellatus_SA,,207.7550662502763,190.0000026820549,0.17987451623400544,0.16450216682428997,0.0671982318162918,0.0,1155,6.0
CK,Sciaenops ocellatus_SA,,192.09568432718834,179.00000387469362,0.16631660980708948,0.15497835833306806,0.0591793656349182,0.0,1155,7.0
CK,Sciaenops ocellatus_SA,,200.94458009500522,202.0000026125714,0.17397799142424694,0.17489177715374146,0.0693915039300918,0.0,1155,8.0
CK,Sciaenops ocellatus_SA,,232.36748319753676,246.00000486757162,0.20118396813639547,0.2129870172013607,0.0849981009960174,0.0,1155,9.0
CK,Sciaenops ocellatus_SA,,281.9376241216851,271.0000038230202,0.24410183906639402,0.23463203794200885,0.1156928092241287,0.0,1155,10.0
CK,Sciaenops ocellatus_SA,,293.3078492815839,271.0000053120246,0.2539461898541852,0.23463203923119014,0.1283461302518844,0.0,1155,11.0
CK,Sciaenops ocellatus_SA,,328.005052225315,283.00000551395897,0.28398705820373593,0.24502164979563548,0.1403348892927169,0.0,1155,12.0
TB,Archosargus probatocephalus_A,2010.0,495.43463757451536,376.0000057999574,0.21391823729469575,0.1623488798790835,0.07122540101408956,0.0,2316,
TB,Archosargus probatocephalus_A,2011.0,645.4632618154574,215.00000431688247,0.27869743601703684,0.09283247163941384,0.07488269358873359,0.0,2316,
TB,Archosargus probatocephalus_A,2012.0,621.1167490287189,286.0000064070423,0.26818512479651074,0.12348877651426697,0.09812637791037555,0.0,2316,
TB,Archosargus probatocephalus_A,2013.0,569.1412192348216,543.0000154319112,0.2457431861981095,0.23445596521239687,0.0626185834407806,0.0,2316,
TB,Archosargus probatocephalus_A,2014.0,572.1402314739007,466.0000131496339,0.24703809649132155,0.20120898667946197,0.0942714065313339,0.0,2316,
TB,Archosargus probatocephalus_A,2015.0,710.6469494298653,520.0000122560486,0.3068423788557277,0.22452504846979648,0.1230959445238113,0.0,2316,
TB,Archosargus probatocephalus_A,2016.0,1070.9507164225652,534.0000139670909,0.45302483774220187,0.22588833078134135,0.2022372484207153,0.0,2364,
TB,Archosargus probatocephalus_A,2017.0,1070.801380854267,458.0000124617505,0.45296166702803176,0.19373942997535976,0.1942015364766121,0.0,2364,
TB,Archosargus probatocephalus_A,2018.0,1076.1581152901053,521.0000133378329,0.4552276291413305,0.2203891765388464,0.1224671564996242,0.0,2364,
TB,Archosargus probatocephalus_A,2019.0,897.9207799711203,438.00000458841913,0.37983112519928947,0.18527918975821453,0.14840047806501386,0.0,2364,
TB,Archosargus probatocephalus_A,2020.0,875.1354080414894,350.00000507175724,0.3701926429955539,0.14805414766148783,0.1146020255982875,0.0,2364,
TB,Archosargus probatocephalus_A,2021.0,896.4091798090667,453.0000158473192,0.3791917004268472,0.19162437218583722,0.10879828780889506,0.0,2364,
TB,Archosargus probatocephalus_A,2022.0,760.2195380023186,296.00000878237955,0.32158186886730905,0.1252115096372164,0.0612673889845609,0.0,2364,
TB,Archosargus probatocephalus_A,2023.0,750.2683710132842,249.00000636419708,0.31737240736602546,0.10532995193070942,0.10458063334226606,0.0,2364,
TB,Archosargus probatocephalus_A,2024.0,514.2105455110213,212.00000570483914,0.2175171512313965,0.08967851341152248,0.07780434936285016,0.0,2364,
TB,Archosargus probatocephalus_A,,1082.5606813527008,656.0000139401388,0.36934857773889485,0.22381440257254823,0.0897644907236099,0.0,2931,1.0
TB,Archosargus probatocephalus_A,,1151.6274267445333,536.0000160200725,0.3929128033928807,0.18287274514502644,0.099401831626892,0.0,2931,2.0
TB,Archosargus probatocephalus_A,,797.5952334399772,454.00000729273177,0.27212392816102937,0.1548959424403725,0.0844021737575531,0.0,2931,3.0
TB,Archosargus probatocephalus_A,,846.8919088720722,377.00001221999514,0.2889429917680219,0.1286250468167844,0.0829960778355598,0.0,2931,4.0
TB,Archosargus probatocephalus_A,,855.8217777150057,419.0000078911262,0.29198968874616366,0.1429546256878629,0.1117947772145271,0.0,2931,5.0
TB,Archosargus probatocephalus_A,,920.3187379214287,499.00001439914166,0.31399479287663895,0.17024906666637382,0.1049935445189476,0.0,2931,6.0
TB,Archosargus probatocephalus_A,,1013.2758759861663,430.00000725281177,0.3457099542770953,0.14670761079932165,0.1018620058894157,0.0,2931,7.0
TB,Archosargus probatocephalus_A,,788.5703289546145,451.00001274181443,0.2690448068763612,0.1538724028460643,0.0904399678111076,0.0,2931,8.0
TB,Archosargus probatocephalus_A,,926.1305195836394,483.0000141312062,0.31597765935982236,0.16479017882333888,0.1060073301196098,0.0,2931,9.0
TB,Archosargus probatocephalus_A,,1264.9749831864647,505.00001275840805,0.4315847776139422,0.17229614901344525,0.1519308090209961,0.0,2931,10.0
TB,Archosargus probatocephalus_A,,970.7075114970048,564.0000101312055,0.33118645905731997,0.192425796701196,0.1415499597787857,0.0,2931,11.0
TB,Archosargus probatocephalus_A,,907.5420982189098,543.0000147084093,0.30963565275295457,0.18526100808884655,0.1027197018265724,0.0,2931,12.0
TB,Archosargus probatocephalus_R,2010.0,5.762621972029564,0.0,0.002488178744399639,0.0,0.0,0.0,2316,
TB,Archosargus probatocephalus_R,2011.0,7.890638408015009,0.0,0.003407011402424443,0.0,0.0029905651463195,0.0,2316,
TB,Archosargus probatocephalus_R,2012.0,1.7882868054566428,0.0,0.0007721445619415556,0.0,0.0,0.0,2316,
TB,Archosargus probatocephalus_R,2013.0,0.003383766428669068,0.0,1.461039045193898e-06,0.0,0.0,0.0,2316,
TB,Archosargus probatocephalus_R,2014.0,2.9705355609675737,0.0,0.0012826146636302131,0.0,0.0,0.0,2316,
TB,Archosargus probatocephalus_R,2015.0,0.9915296806993762,0.0,0.00042812162379074963,0.0,0.0,0.0,2316,
TB,Archosargus probatocephalus_R,2016.0,5.760249628286953,0.0,0.002436653819072315,0.0,0.00266783707775175,0.0,2364,
TB,Archosargus probatocephalus_R,2017.0,9.118236576885355,0.0,0.0038571220714405056,0.0,0.00281066377647215,0.0,2364,
TB,Archosargus probatocephalus_R,2018.0,2.204673182843695,0.0,0.0009326028692232212,0.0,0.0,0.0,2364,
TB,Archosargus probatocephalus_R,2019.0,3.7411592660050967,0.0,0.0015825546810512253,0.0,0.0011317638563923,0.0,2364,
TB,Archosargus probatocephalus_R,2020.0,3.3441937829430453,0.0,0.001414633579925146,0.0,0.0006439923890866001,0.0,2364,
TB,Archosargus probatocephalus_R,2021.0,6.347425972737138,0.0,0.0026850363674860993,0.0,0.0026647195918485,0.0,2364,
TB,Archosargus probatocephalus_R,2022.0,4.544330616867111,0.0,0.0019223056754937016,0.0,0.00154497858602545,0.0,2364,
TB,Archosargus probatocephalus_R,2023.0,8.747176305820062,0.0,0.003700159181818977,0.0,0.002839027903974,0.0,2364,
TB,Archosargus probatocephalus_R,2024.0,10.203783793724025,0.0,0.0043163214017445115,0.0,0.0027340840315445997,0.0,2364,
TB,Archosargus probatocephalus_R,,4.422891589017949,0.0,0.001509004295127243,0.0,0.000773906125687,0.0,2931,1.0
TB,Archosargus probatocephalus_R,,4.123498639324538,0.0,0.00140685726350206,0.0,0.0005900895921513,0.0,2931,2.0
TB,Archosargus probatocephalus_R,,5.186748587692278,0.0,0.0017696173960055537,0.0,0.0007055682362988,0.0,2931,3.0
TB,Archosargus probatocephalus_R,,7.7683749147057775,0.0,0.0026504179169927595,0.0,0.0012930098455399,0.0,2931,4.0
TB,Archosargus probatocephalus_R,,7.5818412797942925,0.0,0.002586776281062536,0.0,0.0014316199813038,0.0,2931,5.0
TB,Archosargus probatocephalus_R,,10.453658383500972,0.0,0.003566584231832471,0.0,0.001978262560442,0.0,2931,6.0
TB,Archosargus probatocephalus_R,,7.757187805429581,0.0,0.0026466010936300175,0.0,0.0017227442003786,0.0,2931,7.0
TB,Archosargus probatocephalus_R,,5.960248594405032,0.0,0.002033520503038223,0.0,0.0013451814884319,0.0,2931,8.0
TB,Archosargus probatocephalus_R,,5.37867857954202,0.0,0.0018351001636103788,0.0,0.0011128218611702,0.0,2931,9.0
TB,Archosargus probatocephalus_R,,5.438328982253911,0.0,0.0018554517169068275,0.0,0.0012315815547481,0.0,2931,10.0
TB,Archosargus probatocephalus_R,,4.8491348987236265,0.0,0.0016544301940374024,0.0,0.0010507164988666,0.0,2931,11.0
TB,Archosargus probatocephalus_R,,4.497633065319334,0.0,0.0015345046282222226,0.0,0.0008377289050258,0.0,2931,12.0
TB,Callinectes sapidus_R,2010.0,529.5624736361206,346.00000161797533,0.22865391780488797,0.1493955101977441,0.1571808084845543,0.0,2316,
TB,Callinectes sapidus_R,2011.0,293.2976034384346,479.0000030843121,0.12663972514612892,0.2068221084129154,0.0505882389843463,0.0,2316,
TB,Callinectes sapidus_R,2012.0,649.1475524986163,234.0000010626339,0.28028823510302947,0.10103626988887475,0.12210315838456151,0.0,2316,
TB,Callinectes sapidus_R,2013.0,513.5187998457113,311.0000028459719,0.2217265975154194,0.1342832482063782,0.07250260934233665,0.0,2316,
TB,Callinectes sapidus_R,2014.0,338.4624035690576,274.000004154048,0.1461409341835309,0.11830742839121243,0.0470403637737035,0.0,2316,
TB,Callinectes sapidus_R,2015.0,332.91535381053103,252.0000019404373,0.14374583497864035,0.10880829099328035,0.057806719094514805,0.0,2316,
TB,Callinectes sapidus_R,2016.0,416.7237637325543,269.00000327142783,0.1762790878733309,0.11379018750906422,0.07451492175459859,0.0,2364,
TB,Callinectes sapidus_R,2017.0,371.4254052807736,291.000003177641,0.15711734571944738,0.1230964480446874,0.07065955549478525,0.0,2364,
TB,Callinectes sapidus_R,2018.0,468.0131261032948,468.0000032514656,0.19797509564437174,0.1979695445226166,0.07308650016784665,0.0,2364,
TB,Callinectes sapidus_R,2019.0,646.7350274901837,251.0000020204914,0.27357657677249736,0.10617597378193375,0.14258083701133725,0.0,2364,
TB,Callinectes sapidus_R,2020.0,610.0474713332951,222.00000212205651,0.25805730597855125,0.0939086303392794,0.1546229422092437,0.0,2364,
TB,Callinectes sapidus_R,2021.0,399.950078136986,88.00000098447185,0.16918362019331049,0.037225042717627686,0.08685909956693645,0.0,2364,
TB,Callinectes sapidus_R,2022.0,150.09788873606874,27.00000039742826,0.06349318474452992,0.011421319965071175,0.0261595826596021,0.0,2364,
TB,Callinectes sapidus_R,2023.0,183.30770093016315,38.00000029423273,0.07754132865066123,0.016074450209066296,0.0380932074040174,0.0,2364,
TB,Callinectes sapidus_R,2024.0,132.11952018551517,62.00000056418775,0.05588812190588628,0.02622673458721986,0.03223623707890505,0.0,2364,
TB,Callinectes sapidus_R,,883.3156937079038,595.0000092215598,0.30137007632477103,0.20300239140960757,0.1493246704339981,0.0,2931,1.0
TB,Callinectes sapidus_R,,874.3285126333067,601.0000049484961,0.29830382553166385,0.20504947285857936,0.1618180125951767,0.0,2931,2.0
TB,Callinectes sapidus_R,,799.6536989288579,510.0000024771899,0.27282623641380344,0.17400204792807572,0.14011150598526,0.0,2931,3.0
TB,Callinectes sapidus_R,,471.30104062432656,246.00000452538228,0.16079871737438642,0.08393040072513895,0.0902136638760566,0.0,2931,4.0
TB,Callinectes sapidus_R,,251.65221738697426,125.00000061309647,0.08585882544762001,0.042647560768712546,0.0473783053457737,0.0,2931,5.0
TB,Callinectes sapidus_R,,176.02725057972282,69.00000092967004,0.06005706263381877,0.023541453746049143,0.0382270589470863,0.0,2931,6.0
TB,Callinectes sapidus_R,,200.3576045530134,58.0000005788284,0.06835810458990563,0.019788468297109656,0.0438936837017536,0.0,2931,7.0
TB,Callinectes sapidus_R,,209.12900480846463,96.00000053399214,0.07135073517859591,0.03275332669191134,0.0458354875445365,0.0,2931,8.0
TB,Callinectes sapidus_R,,315.2375060796147,176.0000011192261,0.10755288504933971,0.06004776564968479,0.0637701824307441,0.0,2931,9.0
TB,Callinectes sapidus_R,,407.57350264681725,257.00000091600316,0.13905612509273874,0.08768338482292841,0.0757426247000694,0.0,2931,10.0
TB,Callinectes sapidus_R,,596.7890677126707,373.0000001955369,0.2036127832523612,0.12726032077636878,0.1094976514577865,0.0,2931,11.0
TB,Callinectes sapidus_R,,849.9590690656332,506.0000047298002,0.28998944696882745,0.17263732675871724,0.1244724839925766,0.0,2931,12.0
TB,Centropomus undecimalis_A,2010.0,468.5737034267004,292.0000081015196,0.20232025191135594,0.12607945082103608,0.0554638691246509,0.0,2316,
TB,Centropomus undecimalis_A,2011.0,430.3383095887948,276.00000075475316,0.18581101450293386,0.11917098478184505,0.04675712808966635,0.0,2316,
TB,Centropomus undecimalis_A,2012.0,416.3711287294882,480.0000105244418,0.17978028010772373,0.2072538905545949,0.0522824507206678,0.0,2316,
TB,Centropomus undecimalis_A,2013.0,519.3666522073509,904.0000239574674,0.22425157694617912,0.3903281623305127,0.04923591390252105,0.0,2316,
TB,Centropomus undecimalis_A,2014.0,787.5091620931362,931.0000315486825,0.34002986273451474,0.4019861966963223,0.119096752256155,0.0,2316,
TB,Centropomus undecimalis_A,2015.0,1201.6977388337473,1355.0000395462705,0.5188677628815834,0.5850604661253327,0.22908309847116465,0.0,2316,
TB,Centropomus undecimalis_A,2016.0,1765.0521986204258,1242.0000333408975,0.7466379858800447,0.5253807247634931,0.30040794610977173,0.0,2364,
TB,Centropomus undecimalis_A,2017.0,2477.5777455448697,1221.0000293319122,1.048044731617965,0.5164974743366803,0.4442301541566849,0.0,2364,
TB,Centropomus undecimalis_A,2018.0,1953.887584404918,1371.000036524812,0.8265175906958198,0.5799492540291082,0.32250848412513733,0.0,2364,
TB,Centropomus undecimalis_A,2019.0,1766.4572988672153,1460.000036951254,0.7472323599269101,0.6175973083550144,0.31035126745700836,0.0,2364,
TB,Centropomus undecimalis_A,2020.0,1844.2869423970697,1214.0000335834943,0.7801552209801479,0.5135363932248284,0.3566289097070694,0.0,2364,
TB,Centropomus undecimalis_A,2021.0,2255.6105976961553,740.0000104771913,0.9541499990254464,0.31302876923739054,0.3483406752347946,0.0,2364,
TB,Centropomus undecimalis_A,2022.0,1098.886809124786,460.000003817776,0.46484213583958794,0.19458545000751948,0.12467325851321215,0.0,2364,
TB,Centropomus undecimalis_A,2023.0,958.764863598055,756.0000228584533,0.4055688932309877,0.31979696398411733,0.1507722288370132,0.0,2364,
TB,Centropomus undecimalis_A,2024.0,1091.553206909448,463.0000101982463,0.4617399352408832,0.1958544882395289,0.2508987784385681,0.0,2364,
TB,Centropomus undecimalis_A,,716.8293201508204,653.0000215040948,0.24456817473586503,0.2227908636997935,0.063958540558815,0.0,2931,1.0
TB,Centropomus undecimalis_A,,836.3894735828035,711.0000196091612,0.28535976580784833,0.24257933115290387,0.1068172082304954,0.0,2931,2.0
TB,Centropomus undecimalis_A,,1561.5095374901339,1013.000030032764,0.5327565805152282,0.3456158410210727,0.1946203559637069,0.0,2931,3.0
TB,Centropomus undecimalis_A,,1667.8029338806955,1173.0000386694794,0.5690218129923902,0.40020472148395747,0.2436308860778808,0.0,2931,4.0
TB,Centropomus undecimalis_A,,1615.4574726363062,1113.0000277015276,0.5511625631648946,0.37973388867332913,0.2168469727039337,0.0,2931,5.0
TB,Centropomus undecimalis_A,,1608.6280645747029,1146.0000193786527,0.5488325024137506,0.3909928418214441,0.2085385173559188,0.0,2931,6.0
TB,Centropomus undecimalis_A,,2041.4514333213592,1072.0000309720997,0.6965033890553938,0.36574548992565664,0.1985238641500473,0.0,2931,7.0
TB,Centropomus undecimalis_A,,1852.4398858178101,1169.0000303748827,0.63201633770652,0.3988399967160978,0.2158815860748291,0.0,2931,8.0
TB,Centropomus undecimalis_A,,2240.665057015838,1452.0000268273247,0.764471189701753,0.49539407261252977,0.2617608308792114,0.0,2931,9.0
TB,Centropomus undecimalis_A,,2076.453068828583,1319.0000267074645,0.7084452640152109,0.4500170681362895,0.270071268081665,0.0,2931,10.0
TB,Centropomus undecimalis_A,,1612.812347473784,1193.0000350607095,0.550260098080445,0.40702832994224136,0.1940920352935791,0.0,2931,11.0
TB,Centropomus undecimalis_A,,1205.4953472693232,1151.0000246790107,0.4112914866152587,0.3926987460522043,0.1072892174124717,0.0,2931,12.0
TB,Centropomus undecimalis_SA,2010.0,22.92636007648428,78.00000089362021,0.009899119204008756,0.033678756862530315,0.0013148709549568,0.0,2316,
TB,Centropomus undecimalis_SA,2011.0,49.353576822312604,104.20000214375885,0.02130983455194845,0.04499136534704613,0.00256282149348405,0.0,2316,
TB,Centropomus undecimalis_SA,2012.0,110.96389099356009,111.8000021643715,0.04791187003176169,0.048272885217776985,0.00762712885625655,0.0,2316,
TB,Centropomus undecimalis_SA,2013.0,134.29655006486416,143.6000046273623,0.05798642058068401,0.06200345622943104,0.01110122632235285,0.0,2316,
TB,Centropomus undecimalis_SA,2014.0,102.5749688122886,133.40000141640755,0.04428971019528869,0.05759930976528823,0.006437004776671499,0.0,2316,
TB,Centropomus undecimalis_SA,2015.0,124.77975524369131,86.40000093838722,0.05387726910349366,0.03730569988704111,0.0014232159010134499,0.0,2316,
TB,Centropomus undecimalis_SA,2016.0,122.00351902677625,145.20000260446625,0.05160893359846711,0.061421320898674386,0.00098474725382395,0.0,2364,
TB,Centropomus undecimalis_SA,2017.0,130.01588702724246,149.4000028098188,0.05499826016380815,0.06319797073173385,0.0042712481226772,0.0,2364,
TB,Centropomus undecimalis_SA,2018.0,126.80018505274707,155.6000034532696,0.05363798014075595,0.06582064443877733,0.0,0.0,2364,
TB,Centropomus undecimalis_SA,2019.0,137.6495681310479,142.0000013948759,0.05822739768656848,0.06006768248514209,0.00542827928438775,0.0,2364,
TB,Centropomus undecimalis_SA,2020.0,180.61489014234382,121.80000490457587,0.07640223779286964,0.05152284471428759,0.00368510175030675,0.0,2364,
TB,Centropomus undecimalis_SA,2021.0,106.95438409689804,77.40000154600725,0.045242971276183604,0.03274111740524841,0.0087651796638965,0.0,2364,
TB,Centropomus undecimalis_SA,2022.0,81.26917873322952,0.0,0.03437782518326122,0.0,0.01056497031822795,0.0,2364,
TB,Centropomus undecimalis_SA,2023.0,33.75871349755606,0.0,0.01428033565886466,0.0,0.00042792063322845,0.0,2364,
TB,Centropomus undecimalis_SA,2024.0,11.646522357201206,0.0,0.004926616902369376,0.0,0.002046457841061,0.0,2364,
TB,Centropomus undecimalis_SA,,119.64066226283774,144.2000034989161,0.04081905911389892,0.04919822705524261,0.0057086623273789,0.0,2931,1.0
TB,Centropomus undecimalis_SA,,129.29524080923773,153.4000048635035,0.04411301289977405,0.05233708797799506,0.0047174892388284,0.0,2931,2.0
TB,Centropomus undecimalis_SA,,91.02919730100427,83.8000023537669,0.03105738563664424,0.02859092540217226,0.0047072083689272,0.0,2931,3.0
TB,Centropomus undecimalis_SA,,98.24131012910982,104.40000173503462,0.03351801778543494,0.03561924317128441,0.004664082545787,0.0,2931,4.0
TB,Centropomus undecimalis_SA,,97.82727629124554,95.00000059434284,0.03337675752004283,0.03241214622802553,0.0047014229930937,0.0,2931,5.0
TB,Centropomus undecimalis_SA,,98.22749321292844,92.40000170630137,0.03351330372327821,0.03152507734776573,0.0046904911287128,0.0,2931,6.0
TB,Centropomus undecimalis_SA,,137.29840134674032,124.40000151195964,0.04684353508930069,0.04244285278470135,0.0049680932424962,0.0,2931,7.0
TB,Centropomus undecimalis_SA,,163.41488764314647,157.8000047926797,0.05575397053672688,0.05383828208552702,0.005011954344809,0.0,2931,8.0
TB,Centropomus undecimalis_SA,,116.62756996001497,113.80000244005174,0.039791050822250075,0.038826339965899605,0.0051880092360079,0.0,2931,9.0
TB,Centropomus undecimalis_SA,,122.23614161650471,121.400001175202,0.04170458601723122,0.04141931121637734,0.0049955579452216,0.0,2931,10.0
TB,Centropomus undecimalis_SA,,142.12180653514906,122.80000161416943,0.048489186808307425,0.04189696404441127,0.0049918214790523,0.0,2931,11.0
TB,Centropomus undecimalis_SA,,159.64796297032433,135.40000261099345,0.05446876935186774,0.0461958384889094,0.0055284765549004,0.0,2931,12.0
TB,Cynoscion nebulosus_A,2010.0,130.39090817160462,118.00000375761454,0.05630004670621961,0.050949915266672946,0.0130047854036092,0.0,2316,
TB,Cynoscion nebulosus_A,2011.0,301.90199609844956,77.00000224212211,0.13035492059518547,0.03324697851559676,0.018236854113638352,0.0,2316,
TB,Cynoscion nebulosus_A,2012.0,172.37123437313124,94.00000415644419,0.07442626700048845,0.04058722113836105,0.00929818674921985,0.0,2316,
TB,Cynoscion nebulosus_A,2013.0,215.2206065609702,75.00000219404777,0.09292772304014257,0.03238342063646277,0.02008055523037905,0.0,2316,
TB,Cynoscion nebulosus_A,2014.0,138.7312307829087,81.00000302884551,0.05990122227241309,0.03497409457204038,0.01731816027313465,0.0,2316,
TB,Cynoscion nebulosus_A,2015.0,95.78541918218106,48.000001270452714,0.04135812572633034,0.020725389149590982,0.0129853058606386,0.0,2316,
TB,Cynoscion nebulosus_A,2016.0,194.94031835582422,58.00000171389584,0.08246206360229451,0.024534687696233435,0.029257483780384,0.0,2364,
TB,Cynoscion nebulosus_A,2017.0,60.26404479608837,45.00000152623631,0.02549240473607799,0.019035533640539896,0.006537900073453749,0.0,2364,
TB,Cynoscion nebulosus_A,2018.0,95.63559544378575,74.00000337107485,0.04045498961243052,0.031302877906546046,0.01532328873872755,0.0,2364,
TB,Cynoscion nebulosus_A,2019.0,174.08205517381418,35.00000108479026,0.07363877122411767,0.014805415010486574,0.0296478765085339,0.0,2364,
TB,Cynoscion nebulosus_A,2020.0,113.01157109498115,55.00000108326151,0.04780523311970438,0.02326565189647272,0.01240211632102725,0.0,2364,
TB,Cynoscion nebulosus_A,2021.0,187.39987002495207,86.00000328311656,0.07927236464676483,0.03637902000131834,0.019370243884623,0.0,2364,
TB,Cynoscion nebulosus_A,2022.0,165.95160801656303,31.000000550891237,0.07019949577688792,0.013113367407314398,0.011518681421875902,0.0,2364,
TB,Cynoscion nebulosus_A,2023.0,151.85555109291442,43.00000204088796,0.06423669673981151,0.018189510169580356,0.0103782606311142,0.0,2364,
TB,Cynoscion nebulosus_A,2024.0,92.1978730119298,37.0000010057785,0.03900079230623088,0.015651438665726946,0.013283660169690799,0.0,2364,
TB,Cynoscion nebulosus_A,,338.2486194965676,159.00000693073036,0.11540382787327451,0.054247699396359726,0.0239554345607757,0.0,2931,1.0
TB,Cynoscion nebulosus_A,,339.12509903202215,159.00000517626563,0.11570286558581445,0.054247698797770603,0.0211650840938091,0.0,2931,2.0
TB,Cynoscion nebulosus_A,,225.90476006612508,101.00000479341024,0.07707429548486014,0.03445923056752311,0.0150940027087926,0.0,2931,3.0
TB,Cynoscion nebulosus_A,,208.80336462921912,77.00000329084746,0.07123963310447598,0.026270898427447103,0.0157624743878841,0.0,2931,4.0
TB,Cynoscion nebulosus_A,,119.5511505658759,37.000000720991935,0.04078851946976319,0.012623678171611032,0.0139810424298048,0.0,2931,5.0
TB,Cynoscion nebulosus_A,,76.53839446051448,28.000000297470272,0.026113406503075566,0.009553053666827115,0.0119664156809449,0.0,2931,6.0
TB,Cynoscion nebulosus_A,,181.24814839666567,50.000000868282974,0.06183833108040453,0.017059024520055605,0.0135397147387266,0.0,2931,7.0
TB,Cynoscion nebulosus_A,,100.81830434336723,46.00000026286712,0.03439723791994788,0.015694302375594375,0.0108457878232002,0.0,2931,8.0
TB,Cynoscion nebulosus_A,,71.5626216719496,14.000000260864905,0.02441576993242907,0.004776526871670046,0.0115370629355311,0.0,2931,9.0
TB,Cynoscion nebulosus_A,,137.45530517283248,45.000000056820255,0.04689706761270299,0.01535312182081892,0.0155922453850507,0.0,2931,10.0
TB,Cynoscion nebulosus_A,,269.9023169741921,104.00000424071192,0.0920854032665275,0.0354827718323821,0.018331404775381,0.0,2931,11.0
TB,Cynoscion nebulosus_A,,220.58179737076705,137.00000541019676,0.07525820449360868,0.046741728219105,0.0193284284323453,0.0,2931,12.0
TB,Cynoscion nebulosus_R,2010.0,480.3667576574953,389.9999962950171,0.20741224423898763,0.16839378078368616,0.0573001634329557,0.0,2316,
TB,Cynoscion nebulosus_R,2011.0,500.7692524697286,496.00000806176047,0.21622161160178263,0.21416235235827308,0.0590742696076631,0.0,2316,
TB,Cynoscion nebulosus_R,2012.0,570.8259315495707,357.0000065451585,0.24647060947736213,0.15414508054626877,0.0615962520241737,0.0,2316,
TB,Cynoscion nebulosus_R,2013.0,550.4673931600191,293.00000210968074,0.23768022157168356,0.12651122716307459,0.062367098405957194,0.0,2316,
TB,Cynoscion nebulosus_R,2014.0,565.5125521975133,420.0000059300942,0.2441764042303598,0.18134715281955707,0.05204850807785985,0.0,2316,
TB,Cynoscion nebulosus_R,2015.0,735.2746883044019,485.99999964725674,0.3174761175753031,0.2098445594331851,0.1017796210944652,0.0,2316,
TB,Cynoscion nebulosus_R,2016.0,669.1729369601217,360.0000047692384,0.2830680782403222,0.1522842659768352,0.06575102731585496,0.0,2364,
TB,Cynoscion nebulosus_R,2017.0,627.8546391423461,363.99999813336,0.2655899488757809,0.15397631054710662,0.0552709680050611,0.0,2364,
TB,Cynoscion nebulosus_R,2018.0,605.0134750579819,369.0000031327777,0.25592786592977235,0.15609137188357772,0.06491624191403385,0.0,2364,
TB,Cynoscion nebulosus_R,2019.0,489.0976109059011,312.9999971174528,0.20689408244750468,0.1324027060564521,0.0327388420701026,0.0,2364,
TB,Cynoscion nebulosus_R,2020.0,799.1249667410375,334.0000031369659,0.3380393260325878,0.14128595733374194,0.06549024954438205,0.0,2364,
TB,Cynoscion nebulosus_R,2021.0,388.8963582312381,279.00000414355105,0.1645077657492547,0.11802030632129909,0.044686691835522596,0.0,2364,
TB,Cynoscion nebulosus_R,2022.0,438.0557073910986,265.0000021560079,0.1853027527035104,0.11209813965990181,0.07098178192973134,0.0,2364,
TB,Cynoscion nebulosus_R,2023.0,517.248333656491,342.0000034103046,0.21880217159750043,0.14467005220402057,0.07047015056014055,0.0,2364,
TB,Cynoscion nebulosus_R,2024.0,827.4835933684371,283.0000013577827,0.35003536098495647,0.11971235252021264,0.1064255945384502,0.0,2364,
TB,Cynoscion nebulosus_R,,67.68359125280392,25.00000059646931,0.023092320454726686,0.008529512315410886,0.0147855412214994,0.0,2931,1.0
TB,Cynoscion nebulosus_R,,45.71394018899434,7.000000082358115,0.01559670426100114,0.0023882634194329973,0.0111704161390662,0.0,2931,2.0
TB,Cynoscion nebulosus_R,,52.48809078213423,1.0000000038093086,0.01790791224228394,0.00034118048577594975,0.0144512150436639,0.0,2931,3.0
TB,Cynoscion nebulosus_R,,127.16520413831302,49.00000050998251,0.04338628595643569,0.01671784391333419,0.0270957928150892,0.0,2931,4.0
TB,Cynoscion nebulosus_R,,480.5536466800695,404.0000013965904,0.163955525991153,0.13783691620490973,0.0826937407255172,0.0,2931,5.0
TB,Cynoscion nebulosus_R,,1228.2693071079993,796.0000088461784,0.41906151726646174,0.27157966866126865,0.2718349695205688,0.0,2931,6.0
TB,Cynoscion nebulosus_R,,1785.0179893163731,1027.0000040299126,0.6090133023938495,0.35039235893207527,0.3040041923522949,0.0,2931,7.0
TB,Cynoscion nebulosus_R,,1585.0384105701232,985.0000046447481,0.5407841728318401,0.33606277879384105,0.2924674451351166,0.0,2931,8.0
TB,Cynoscion nebulosus_R,,1489.6147925948608,947.0000026583136,0.5082274966205598,0.32309791970600943,0.325035959482193,0.0,2931,9.0
TB,Cynoscion nebulosus_R,,1271.298095106029,764.0000062646593,0.433742100002057,0.2606618922772635,0.209841251373291,0.0,2931,10.0
TB,Cynoscion nebulosus_R,,477.5672941787125,281.0000056035446,0.16293664079792305,0.09587171804965698,0.0862315967679023,0.0,2931,11.0
TB,Cynoscion nebulosus_R,,154.75383487696843,65.00000130984263,0.05279898835788756,0.02217673193785146,0.0310821458697319,0.0,2931,12.0
TB,Lutjanus griseus_R,2010.0,7.13128874419178,0.0,0.003079140217699387,0.0,0.0,0.0,2316,
TB,Lutjanus griseus_R,2011.0,2.162975143969537,0.0,0.0009339270915239798,0.0,0.0,0.0,2316,
TB,Lutjanus griseus_R,2012.0,22.194509804619777,0.0,0.009583121677296969,0.0,0.009559144731611,0.0,2316,
TB,Lutjanus griseus_R,2013.0,9.91418748720788,0.0,0.004280737256998221,0.0,0.003818922676146,0.0,2316,
TB,Lutjanus griseus_R,2014.0,2.2929431065976407,0.0,0.0009900445192563216,0.0,0.00021720987569999998,0.0,2316,
TB,Lutjanus griseus_R,2015.0,6.168369443605941,0.0,0.002663371953197729,0.0,0.0020721089094876497,0.0,2316,
TB,Lutjanus griseus_R,2016.0,15.240042370260088,0.0,0.006446718430736078,0.0,0.00659828493371605,0.0,2364,
TB,Lutjanus griseus_R,2017.0,10.093856129665179,0.0,0.00426982069782791,0.0,0.0038963981205597,0.0,2364,
TB,Lutjanus griseus_R,2018.0,10.807410379506905,0.0,0.004571662597084139,0.0,0.0045650606043636,0.0,2364,
TB,Lutjanus griseus_R,2019.0,6.2973944677724045,0.0,0.0026638724482962793,0.0,0.0006057349091861,0.0,2364,
TB,Lutjanus griseus_R,2020.0,7.252840047954926,0.0,0.003068037245327803,0.0,0.0021228119730949003,0.0,2364,
TB,Lutjanus griseus_R,2021.0,19.277084916364284,0.0,0.008154435243808919,0.0,0.00787511700764295,0.0,2364,
TB,Lutjanus griseus_R,2022.0,12.772339241879191,0.0,0.005402850779136713,0.0,0.0043035761918872005,0.0,2364,
TB,Lutjanus griseus_R,2023.0,9.366307555224802,0.0,0.00396205903351303,0.0,0.003787639318034,0.0,2364,
TB,Lutjanus griseus_R,2024.0,14.668434853199752,0.0,0.006204921680710555,0.0,0.0048726224340498,0.0,2364,
TB,Lutjanus griseus_R,,12.87861786142582,0.0,0.004393933081346237,0.0,0.0040320726111531,0.0,2931,1.0
TB,Lutjanus griseus_R,,10.794952714364513,0.0,0.003683027196985504,0.0,0.0034081973135471,0.0,2931,2.0
TB,Lutjanus griseus_R,,11.289651875411778,0.0,0.003851808896421623,0.0,0.0034400979056954,0.0,2931,3.0
TB,Lutjanus griseus_R,,11.431781629313662,0.0,0.0039003007947163637,0.0,0.0036149928346276,0.0,2931,4.0
TB,Lutjanus griseus_R,,10.118390892020816,0.0,0.0034521975066601216,0.0,0.0030087123159319,0.0,2931,5.0
TB,Lutjanus griseus_R,,9.940450101768768,0.0,0.0033914875816338343,0.0,0.0027690201532095,0.0,2931,6.0
TB,Lutjanus griseus_R,,12.945733795249343,0.0,0.004416831728164225,0.0,0.0033327527344226,0.0,2931,7.0
TB,Lutjanus griseus_R,,14.791678087974017,0.0,0.0050466318962722675,0.0,0.0040219738148152,0.0,2931,8.0
TB,Lutjanus griseus_R,,17.1563241680086,0.0,0.005853402991473421,0.0,0.0046248002909123,0.0,2931,9.0
TB,Lutjanus griseus_R,,17.75767331283452,0.0,0.006058571584044531,0.0,0.0044314730912446,0.0,2931,10.0
TB,Lutjanus griseus_R,,13.50169173277879,0.0,0.0046065137266389595,0.0,0.0038962392136454,0.0,2931,11.0
TB,Lutjanus griseus_R,,13.033037520869467,0.0,0.004446618055567884,0.0,0.0037725863512605,0.0,2931,12.0
TB,Lutjanus griseus_SA,2010.0,198.4354953740803,21.00000033030738,0.08568026570556143,0.009067357655573134,0.00833130907267325,0.0,2316,
TB,Lutjanus griseus_SA,2011.0,65.45106093849422,26.00000029278605,0.0282603890062583,0.011226252285313494,0.0,0.0,2316,
TB,Lutjanus griseus_SA,2012.0,68.2472718578664,139.00000379333872,0.029467733962809325,0.060017272795051264,0.0100598917342722,0.0,2316,
TB,Lutjanus griseus_SA,2013.0,198.4579400204736,287.00000717398666,0.08568995683094714,0.12392055577460565,0.00771740032359955,0.0,2316,
TB,Lutjanus griseus_SA,2014.0,411.4755063109203,196.0000051712025,0.17766645350212448,0.08462867235371438,0.00667120120488105,0.0,2316,
TB,Lutjanus griseus_SA,2015.0,446.3230129955373,263.0000040591732,0.19271287262328898,0.11355786012917668,0.0097373728640377,0.0,2316,
TB,Lutjanus griseus_SA,2016.0,493.1094862790487,110.00000234293792,0.20859115324832855,0.04653130386757103,0.014975165016949149,0.0,2364,
TB,Lutjanus griseus_SA,2017.0,468.41468003976615,202.0000043303908,0.19814495771563712,0.08544839438679813,0.01089841872453685,0.0,2364,
TB,Lutjanus griseus_SA,2018.0,400.6140789586424,140.0000024872011,0.16946450040551708,0.059221659258545306,0.013499045278876999,0.0,2364,
TB,Lutjanus griseus_SA,2019.0,349.8133249344646,242.00000594671093,0.1479751797523116,0.10236886884378635,0.0113145350478589,0.0,2364,
TB,Lutjanus griseus_SA,2020.0,342.55020892075845,158.0000037529869,0.14490279565175906,0.06683587299195724,0.0,0.0,2364,
TB,Lutjanus griseus_SA,2021.0,402.51425621710945,122.00000350618846,0.1702682978921783,0.05160744649161948,0.01616143994033335,0.0,2364,
TB,Lutjanus griseus_SA,2022.0,275.5840208719782,87.9999981458369,0.11657530493738504,0.03722504151685148,0.0111756953410804,0.0,2364,
TB,Lutjanus griseus_SA,2023.0,191.94276854419138,52.000001180856856,0.08119406452799974,0.021996616404761783,0.0164137706160545,0.0,2364,
TB,Lutjanus griseus_SA,2024.0,106.38025961792337,20.000000402725284,0.04500010982145659,0.00846023705699039,0.0059733728412538,0.0,2364,
TB,Lutjanus griseus_SA,,32.960208476422736,8.000000217474796,0.011245379896425363,0.0027294439500084597,0.0066923671402037,0.0,2931,1.0
TB,Lutjanus griseus_SA,,19.774618441158854,0.0,0.006746713900088316,0.0,0.005264276638627,0.0,2931,2.0
TB,Lutjanus griseus_SA,,41.9994012475164,12.000000236521338,0.014329376065341659,0.00409416589441192,0.0061596655286848,0.0,2931,3.0
TB,Lutjanus griseus_SA,,54.817991787371625,16.0000002280278,0.018702828996032626,0.005458887829419243,0.0079821133986115,0.0,2931,4.0
TB,Lutjanus griseus_SA,,131.79795279691723,57.00000099770688,0.04496688938823515,0.019447287955546528,0.0106683745980262,0.0,2931,5.0
TB,Lutjanus griseus_SA,,418.48638891330114,217.0000054649234,0.14277938891617234,0.0740361669958797,0.0146877709776163,0.0,2931,6.0
TB,Lutjanus griseus_SA,,786.5551827815725,393.00001026756,0.2683572783287521,0.13408393390227227,0.0266934521496295,0.0,2931,7.0
TB,Lutjanus griseus_SA,,948.6335724809942,471.00001143844236,0.3236552618495374,0.16069601209090492,0.041510634124279,0.0,2931,8.0
TB,Lutjanus griseus_SA,,986.348431009872,424.0000027725782,0.3365228355543746,0.14466052636389568,0.0413750447332859,0.0,2931,9.0
TB,Lutjanus griseus_SA,,721.9744449613972,328.0000086685959,0.2463235909114286,0.1119072018657782,0.0243240222334861,0.0,2931,10.0
TB,Lutjanus griseus_SA,,222.55897533999078,123.0000016505723,0.07593277903104428,0.04196520015372648,0.0130659714341163,0.0,2931,11.0
TB,Lutjanus griseus_SA,,53.40620364474,17.000000974226655,0.01822115443355169,0.005800068568484017,0.0085936207324266,0.0,2931,12.0
TB,Mycteroperca microlepis_SA,2010.0,27.016095824606982,0.0,0.011664980925996106,0.0,0.008654134813696101,0.0,2316,
TB,Mycteroperca microlepis_SA,2011.0,8.64560132434788,0.0,0.0037329884820154918,0.0,0.00388785405084485,0.0,2316,
TB,Mycteroperca microlepis_SA,2012.0,0.2752640278758842,0.0,0.00011885320720029544,0.0,0.0,0.0,2316,
TB,Mycteroperca microlepis_SA,2013.0,1.032373523943526,0.0,0.0004457571346906417,0.0,0.0,0.0,2316,
TB,Mycteroperca microlepis_SA,2014.0,16.293679178226625,0.0,0.007035267348111669,0.0,0.0067573438864200995,0.0,2316,
TB,Mycteroperca microlepis_SA,2015.0,1.039590891434418,0.0,0.0004488734418974171,0.0,0.0,0.0,2316,
TB,Mycteroperca microlepis_SA,2016.0,5.0889514390704855,0.0,0.002152686733955366,0.0,0.0018054795800708,0.0,2364,
TB,Mycteroperca microlepis_SA,2017.0,4.543798593256386,0.0,0.001922080623204901,0.0,0.00172069505788385,0.0,2364,
TB,Mycteroperca microlepis_SA,2018.0,4.262754343326381,0.0,0.0018031955767032067,0.0,0.0017626817570999,0.0,2364,
TB,Mycteroperca microlepis_SA,2019.0,0.6764440333492777,0.0,0.00028614383813421225,0.0,0.0,0.0,2364,
TB,Mycteroperca microlepis_SA,2020.0,0.07730825058910934,0.0,3.270230566375184e-05,0.0,0.0,0.0,2364,
TB,Mycteroperca microlepis_SA,2021.0,5.002157857981614,0.0,0.0021159720211428147,0.0,0.0019317934638820502,0.0,2364,
TB,Mycteroperca microlepis_SA,2022.0,9.980484023093478,0.0,0.0042218629539312515,0.0,0.0040972759015858,0.0,2364,
TB,Mycteroperca microlepis_SA,2023.0,0.060250109505885885,0.0,2.548650994326814e-05,0.0,0.0,0.0,2364,
TB,Mycteroperca microlepis_SA,2024.0,3.4804405109315417,0.0,0.0014722675596157114,0.0,0.0009057868446688501,0.0,2364,
TB,Mycteroperca microlepis_SA,,7.409306438972548,0.0,0.002527910760481934,0.0,0.0009263432002626,0.0,2931,1.0
TB,Mycteroperca microlepis_SA,,7.250599498257458,0.0,0.00247376304955901,0.0,0.0007971450104378,0.0,2931,2.0
TB,Mycteroperca microlepis_SA,,6.945586113798838,0.0,0.002369698435277666,0.0,0.0010082119842991,0.0,2931,3.0
TB,Mycteroperca microlepis_SA,,6.534509949150021,0.0,0.002229447270266128,0.0,0.000970474735368,0.0,2931,4.0
TB,Mycteroperca microlepis_SA,,5.969887596766201,0.0,0.0020368091425336746,0.0,0.0009428094490431,0.0,2931,5.0
TB,Mycteroperca microlepis_SA,,6.762563216440099,0.0,0.002307254594486557,0.0,0.0010233697248622,0.0,2931,6.0
TB,Mycteroperca microlepis_SA,,6.791547655616707,0.0,0.002317143519487106,0.0,0.0010473043657839,0.0,2931,7.0
TB,Mycteroperca microlepis_SA,,11.594390787962515,0.0,0.003955779866244461,0.0,0.0012014707317575,0.0,2931,8.0
TB,Mycteroperca microlepis_SA,,8.305412568345584,0.0,0.0028336446838435974,0.0,0.001062071067281,0.0,2931,9.0
TB,Mycteroperca microlepis_SA,,7.922668648781634,0.0,0.0027030599279364155,0.0,0.0011321163037791,0.0,2931,10.0
TB,Mycteroperca microlepis_SA,,6.022392705404769,0.0,0.0020547228609364616,0.0,0.0009049618965946,0.0,2931,11.0
TB,Mycteroperca microlepis_SA,,5.966328752043096,0.0,0.00203559493416687,0.0,0.0007819366292096,0.0,2931,12.0
TB,Sciaenops ocellatus_R,2010.0,101.48076284677148,112.00000246387077,0.043817255115186304,0.048359241132932114,0.0025335105601698,0.0,2316,
TB,Sciaenops ocellatus_R,2011.0,101.9181958731296,254.50000370383256,0.044006129478898794,0.10988773907764791,0.00404315884225065,0.0,2316,
TB,Sciaenops ocellatus_R,2012.0,161.6412906745245,80.00000269217261,0.06979330340005375,0.03454231549748386,0.0,0.0,2316,
TB,Sciaenops ocellatus_R,2013.0,98.29794014724385,309.0000031189204,0.04244297933818819,0.13341969046585508,0.0052578914910554,0.0,2316,
TB,Sciaenops ocellatus_R,2014.0,109.55076592198736,496.49999545826927,0.04730171240154895,0.21437823638094528,0.012533200904726951,0.0,2316,
TB,Sciaenops ocellatus_R,2015.0,189.97438466343726,302.9999965682131,0.08202693638317671,0.13082901406226816,0.00734034855850035,0.0,2316,
TB,Sciaenops ocellatus_R,2016.0,343.26760998100684,305.5000063573876,0.14520626479738022,0.12923012113256666,0.00733010494150215,0.0,2364,
TB,Sciaenops ocellatus_R,2017.0,228.72172463433532,359.9999964653856,0.09675199857628397,0.15228426246420712,0.0033411681652069,0.0,2364,
TB,Sciaenops ocellatus_R,2018.0,126.57988367105877,157.00000023765583,0.05354479004697917,0.06641285966059891,0.0,0.0,2364,
TB,Sciaenops ocellatus_R,2019.0,86.19357028334872,235.49999913790975,0.03646090113508829,0.09961928897542714,0.00030308897839855,0.0,2364,
TB,Sciaenops ocellatus_R,2020.0,133.24977838096663,549.5000080139694,0.05636623450971516,0.23244501185024086,0.009857857134193099,0.0,2364,
TB,Sciaenops ocellatus_R,2021.0,228.8096945339238,150.00000148356742,0.09678921088575457,0.06345177727731278,0.0041346538346260005,0.0,2364,
TB,Sciaenops ocellatus_R,2022.0,134.02276819269161,0.0,0.05669321835562251,0.0,0.00366112275514745,0.0,2364,
TB,Sciaenops ocellatus_R,2023.0,82.83180179505132,0.0,0.03503883324663761,0.0,0.00457987259142095,0.0,2364,
TB,Sciaenops ocellatus_R,2024.0,45.276639065705126,0.0,0.019152554596321966,0.0,0.01248111715540285,0.0,2364,
TB,Sciaenops ocellatus_R,,251.76083116930465,393.49999749769034,0.0858958823504963,0.13425451978768008,0.0067945094779133,0.0,2931,1.0
TB,Sciaenops ocellatus_R,,95.55001119000224,101.00000140268028,0.0325997991095197,0.03445922941067222,0.0059696403332054,0.0,2931,2.0
TB,Sciaenops ocellatus_R,,24.92718165638575,4.000000015237235,0.008504667914154128,0.001364721943103799,0.0053491508588194,0.0,2931,3.0
TB,Sciaenops ocellatus_R,,17.008028763876496,0.0,0.0058028074936460235,0.0,0.004426094237715,0.0,2931,4.0
TB,Sciaenops ocellatus_R,,16.084983305375268,0.0,0.0054878823969209374,0.0,0.0040123164653778,0.0,2931,5.0
TB,Sciaenops ocellatus_R,,14.325726188196214,0.0,0.00488765820136343,0.0,0.003644153708592,0.0,2931,6.0
TB,Sciaenops ocellatus_R,,15.584429387625256,0.0,0.005317103168756485,0.0,0.0038334890268743,0.0,2931,7.0
TB,Sciaenops ocellatus_R,,19.254713750087717,0.0,0.006569332565707171,0.0,0.0045902743004262,0.0,2931,8.0
TB,Sciaenops ocellatus_R,,31.232779711706712,3.000000011427926,0.010656014913581273,0.0010235414573278492,0.0049701128154993,0.0,2931,9.0
TB,Sciaenops ocellatus_R,,244.73399142245756,313.00000535159967,0.08349846176132977,0.1067894934669395,0.0068723186850547,0.0,2931,10.0
TB,Sciaenops ocellatus_R,,613.7084880480852,1114.0000139600722,0.2093853592794559,0.38007506446948897,0.008681989274919,0.0,2931,11.0
TB,Sciaenops ocellatus_R,,827.6456460720792,1383.9999974624466,0.28237654250156236,0.4721937896494188,0.008560168556869,0.0,2931,12.0
TB,Sciaenops ocellatus_SA,2010.0,320.0000433337881,116.00000299168883,0.1381692760508584,0.05008635707758585,0.08471621572971341,0.0,2316,
TB,Sciaenops ocellatus_SA,2011.0,244.92836637712014,129.00000142348313,0.10575490776214168,0.05569948247991499,0.0332660656422376,0.0,2316,
TB,Sciaenops ocellatus_SA,2012.0,319.913059289487,127.00000269823407,0.13813171817335362,0.05483592517194908,0.05099989473819725,0.0,2316,
TB,Sciaenops ocellatus_SA,2013.0,316.5812105387158,208.00000314001022,0.13669309608752842,0.08981001862694742,0.0543336663395166,0.0,2316,
TB,Sciaenops ocellatus_SA,2014.0,341.4118185775732,178.0000033434831,0.14741442943763955,0.07685665083915505,0.07152557745575899,0.0,2316,
TB,Sciaenops ocellatus_SA,2015.0,349.0868835642322,139.00000223030267,0.15072836077902946,0.06001727212016523,0.0668801628053188,0.0,2316,
TB,Sciaenops ocellatus_SA,2016.0,322.9892771441955,131.00000277945514,0.13662828982410977,0.05541455278318746,0.0489394329488277,0.0,2364,
TB,Sciaenops ocellatus_SA,2017.0,308.1980176881833,83.00000164776861,0.13037141188163423,0.03510998377655187,0.06234996952116485,0.0,2364,
TB,Sciaenops ocellatus_SA,2018.0,311.7295558497643,149.00000229131422,0.13186529435269218,0.06302876577466761,0.05619081668555735,0.0,2364,
TB,Sciaenops ocellatus_SA,2019.0,242.62629796317918,105.00000196874859,0.10263379778476277,0.04441624448762631,0.042149746790528256,0.0,2364,
TB,Sciaenops ocellatus_SA,2020.0,259.64618345232145,130.0000023197951,0.10983341093583818,0.054991540744414175,0.0417446326464414,0.0,2364,
TB,Sciaenops ocellatus_SA,2021.0,219.5630571019982,178.00000353090533,0.09287777373180973,0.07529610978464693,0.04208033531904215,0.0,2364,
TB,Sciaenops ocellatus_SA,2022.0,230.90082504523514,137.00000241419394,0.09767378386008255,0.05795262369466749,0.03765338659286495,0.0,2364,
TB,Sciaenops ocellatus_SA,2023.0,328.3886928111314,100.00000132156397,0.1389123066036935,0.04230118499220134,0.06042610667645925,0.0,2364,
TB,Sciaenops ocellatus_SA,2024.0,323.7594710513948,168.00000103363132,0.13695409096928715,0.07106599028495403,0.082855362445116,0.0,2364,
TB,Sciaenops ocellatus_SA,,298.6058688544334,175.00000403404164,0.1018784950032185,0.05970658615968667,0.0452662780880928,0.0,2931,1.0
TB,Sciaenops ocellatus_SA,,362.2900357881043,170.00000382843288,0.12360628993111714,0.058000683667155536,0.0513230003416538,0.0,2931,2.0
TB,Sciaenops ocellatus_SA,,364.01354412327044,145.00000315306406,0.12419431733990803,0.049471171324825675,0.0536782518029212,0.0,2931,3.0
TB,Sciaenops ocellatus_SA,,387.274836950004,150.000001533556,0.1321306164960778,0.051177073194662574,0.0578534118831157,0.0,2931,4.0
TB,Sciaenops ocellatus_SA,,289.05440402034753,139.00000117845207,0.09861972160366685,0.04742408774426887,0.0469501316547393,0.0,2931,5.0
TB,Sciaenops ocellatus_SA,,291.2885315479897,164.00000159258045,0.0993819623159296,0.055953599997468594,0.0444745048880577,0.0,2931,6.0
TB,Sciaenops ocellatus_SA,,328.9764345736329,132.0000025537489,0.11224033932911393,0.0450358248221593,0.0517226606607437,0.0,2931,7.0
TB,Sciaenops ocellatus_SA,,423.16446415643435,170.0000028038913,0.14437545689404105,0.05800068331760195,0.0528463311493396,0.0,2931,8.0
TB,Sciaenops ocellatus_SA,,405.9515338877335,216.000005259745,0.13850274100570914,0.07369498644140055,0.0673120319843292,0.0,2931,9.0
TB,Sciaenops ocellatus_SA,,371.38731546317274,171.0000023268322,0.12671010421807327,0.05834186363931498,0.0608998835086822,0.0,2931,10.0
TB,Sciaenops ocellatus_SA,,444.745073760132,212.00000257054052,0.15173833973392425,0.0723302635859913,0.0687979608774185,0.0,2931,11.0
TB,Sciaenops ocellatus_SA,,472.9707166630651,234.0000042996933,0.16136837825420167,0.07983623483442283,0.0561681203544139,0.0,2931,12.0
